Arrival_Date,Commodity,Commodity_Code,District,Grade,Market,Max_Price,Min_Price,Modal_Price,State,Variety,Year,Month,DayOfWeek
2024-12-02,Potato,24,Warangal,FAQ,Warangal,3500,3000,3250,Telangana,Potato,2024,12,0
2024-12-06,Potato,24,Warangal,FAQ,Warangal,3500,3000,3250,Telangana,Potato,2024,12,4
2024-12-07,Potato,24,Warangal,FAQ,Warangal,3400,3000,3200,Telangana,Potato,2024,12,5
2024-12-08,Potato,24,Warangal,FAQ,Warangal,3500,3000,3250,Telangana,Potato,2024,12,6
2024-12-09,Potato,24,Warangal,FAQ,Warangal,3500,3000,3250,Telangana,Potato,2024,12,0
2024-12-19,Potato,24,Warangal,FAQ,Warangal,3600,3200,3400,Telangana,Potato,2024,12,3
2024-12-23,Potato,24,Warangal,FAQ,Warangal,3400,3000,3200,Telangana,Potato,2024,12,0
2024-12-26,Potato,24,Warangal,FAQ,Warangal,3500,3000,3250,Telangana,Potato,2024,12,3
2024-12-27,Potato,24,Warangal,FAQ,Warangal,3500,3000,3250,Telangana,Potato,2024,12,4
2024-12-30,Potato,24,Warangal,FAQ,Warangal,2800,2500,2650,Telangana,Potato,2024,12,0
2024-12-06,Carrot,153,Warangal,FAQ,Warangal,4000,3500,3750,Telangana,Carrot,2024,12,4
2024-12-10,Carrot,153,Warangal,FAQ,Warangal,4500,4000,4250,Telangana,Carrot,2024,12,1
2024-12-13,Carrot,153,Warangal,FAQ,Warangal,4000,3500,3750,Telangana,Carrot,2024,12,4
2024-12-27,Carrot,153,Warangal,FAQ,Warangal,4500,4000,4250,Telangana,Carrot,2024,12,4
2024-12-17,Tomato,78,Warangal,FAQ,Warangal,1600,1200,1400,Telangana,Tomato,2024,12,1
2024-12-19,Tomato,78,Warangal,FAQ,Warangal,2000,1600,1800,Telangana,Tomato,2024,12,3
2024-12-27,Tomato,78,Warangal,FAQ,Warangal,1400,1000,1200,Telangana,Tomato,2024,12,4
2024-12-31,Tomato,78,Warangal,FAQ,Warangal,1200,1000,1100,Telangana,Tomato,2024,12,1
2024-12-03,Brinjal,35,Warangal,FAQ,Warangal,3000,2500,2750,Telangana,Brinjal,2024,12,1
2024-12-17,Brinjal,35,Warangal,FAQ,Warangal,2000,1600,1800,Telangana,Brinjal,2024,12,1
2024-12-25,Brinjal,35,Warangal,FAQ,Warangal,2000,1600,1800,Telangana,Brinjal,2024,12,2
2024-12-28,Brinjal,35,Warangal,FAQ,Warangal,1500,1000,1250,Telangana,Brinjal,2024,12,5
2024-12-31,Brinjal,35,Warangal,FAQ,Warangal,1500,1000,1250,Telangana,Brinjal,2024,12,1
2024-12-30,Maize,4,Warangal,FAQ,Jangaon,2225,2225,2225,Telangana,Local,2024,12,0
2024-12-17,Maize,4,Warangal,FAQ,Kesamudram,2451,2431,2451,Telangana,Local,2024,12,1
2024-12-18,Cabbage,154,Warangal,FAQ,Warangal,2600,2200,2400,Telangana,Cabbage,2024,12,2
2024-12-27,Cabbage,154,Warangal,FAQ,Warangal,1400,1000,1200,Telangana,Cabbage,2024,12,4
2024-12-30,Cabbage,154,Warangal,FAQ,Warangal,1000,800,900,Telangana,Cabbage,2024,12,0
2024-12-07,Banana,19,Warangal,Medium,Warangal,3000,3000,3000,Telangana,Banana - Ripe,2024,12,5
2024-12-10,Banana,19,Warangal,Medium,Warangal,2800,2800,2800,Telangana,Banana - Ripe,2024,12,1
2024-12-17,Cabbage,154,Warangal,FAQ,Warangal,1600,1200,1400,Telangana,Cabbage,2024,12,1
2024-12-24,Cabbage,154,Warangal,FAQ,Warangal,2600,2200,2400,Telangana,Cabbage,2024,12,1
2024-10-06,Tomato,78,Warangal,FAQ,Warangal,5000,4500,4750,Telangana,Tomato,2024,10,6
2024-10-13,Tomato,78,Warangal,FAQ,Hanmarkonda(Rythu Bazar),5600,5200,5600,Telangana,Deshi,2024,10,6
2024-10-21,Tomato,78,Warangal,FAQ,Hanmarkonda(Rythu Bazar),5000,4800,5000,Telangana,Deshi,2024,10,0
2024-10-01,Potato,24,Warangal,FAQ,Warangal,3200,3000,3100,Telangana,Potato,2024,10,1
2024-10-31,Tomato,78,Warangal,FAQ,Warangal,3000,2500,2750,Telangana,Tomato,2024,10,3
2024-10-31,Carrot,153,Warangal,FAQ,Hanmarkonda(Rythu Bazar),6800,6000,6400,Telangana,Carrot,2024,10,3
2024-10-31,Cabbage,154,Warangal,FAQ,Hanmarkonda(Rythu Bazar),4800,4400,4600,Telangana,Cabbage,2024,10,3
2024-10-23,Cabbage,154,Warangal,FAQ,Warangal,2500,2200,2350,Telangana,Cabbage,2024,10,2
2024-10-06,Carrot,153,Warangal,FAQ,Warangal,4500,4000,4250,Telangana,Carrot,2024,10,6
2024-10-25,Cabbage,154,Warangal,FAQ,Hanmarkonda(Rythu Bazar),4800,4400,4600,Telangana,Cabbage,2024,10,4
2024-10-27,Tomato,78,Warangal,FAQ,Warangal,3000,2500,2750,Telangana,Tomato,2024,10,6
2024-10-10,Tomato,78,Warangal,FAQ,Warangal,4000,3500,3750,Telangana,Tomato,2024,10,3
2024-09-09,Cabbage,154,Warangal,FAQ,Warangal,2000,1600,1800,Telangana,Cabbage,2024,9,0
2024-09-13,Cabbage,154,Warangal,FAQ,Warangal,1600,1400,1500,Telangana,Cabbage,2024,9,4
2024-09-23,Cabbage,154,Warangal,FAQ,Warangal,1600,1200,1400,Telangana,Cabbage,2024,9,0
2024-09-26,Cabbage,154,Warangal,FAQ,Warangal,2000,1600,1800,Telangana,Cabbage,2024,9,3
2024-09-27,Cabbage,154,Warangal,FAQ,Warangal,2000,1600,1800,Telangana,Cabbage,2024,9,4
2024-10-24,Onion,23,Warangal,FAQ,Hanmarkonda(Rythu Bazar),6000,5600,6000,Telangana,Big,2024,10,3
2024-10-14,Potato,24,Warangal,FAQ,Warangal,3000,2600,2800,Telangana,Potato,2024,10,0
2024-10-24,Tomato,78,Warangal,FAQ,Hanmarkonda(Rythu Bazar),5600,5200,5600,Telangana,Deshi,2024,10,3
2024-11-01,Tomato,78,Warangal,FAQ,Hanmarkonda(Rythu Bazar),4400,4000,4000,Telangana,Deshi,2024,11,4
2024-11-03,Tomato,78,Warangal,FAQ,Hanmarkonda(Rythu Bazar),4400,3600,4000,Telangana,Deshi,2024,11,6
2024-11-07,Tomato,78,Warangal,FAQ,Hanmarkonda(Rythu Bazar),4000,3600,4000,Telangana,Deshi,2024,11,3
2024-11-21,Tomato,78,Warangal,FAQ,Hanmarkonda(Rythu Bazar),4400,3600,4000,Telangana,Deshi,2024,11,3
2024-11-22,Tomato,78,Warangal,FAQ,Hanmarkonda(Rythu Bazar),4400,4000,4400,Telangana,Deshi,2024,11,4
2024-11-03,Tomato,78,Warangal,FAQ,Warangal,3000,2500,2750,Telangana,Tomato,2024,11,6
2024-11-11,Tomato,78,Warangal,FAQ,Warangal,2500,2000,2250,Telangana,Tomato,2024,11,0
2024-11-12,Tomato,78,Warangal,FAQ,Warangal,3000,2500,2750,Telangana,Tomato,2024,11,1
2024-11-19,Tomato,78,Warangal,FAQ,Warangal,4000,3600,3800,Telangana,Tomato,2024,11,1
2024-11-20,Tomato,78,Warangal,FAQ,Warangal,3000,2500,2750,Telangana,Tomato,2024,11,2
2024-11-24,Tomato,78,Warangal,FAQ,Warangal,3500,3000,3250,Telangana,Tomato,2024,11,6
2024-11-25,Tomato,78,Warangal,FAQ,Warangal,3000,2500,2750,Telangana,Tomato,2024,11,0
2024-11-01,Carrot,153,Warangal,FAQ,Hanmarkonda(Rythu Bazar),6800,6000,6400,Telangana,Carrot,2024,11,4
2024-11-08,Carrot,153,Warangal,FAQ,Hanmarkonda(Rythu Bazar),8400,7600,8000,Telangana,Carrot,2024,11,4
2024-11-09,Carrot,153,Warangal,FAQ,Hanmarkonda(Rythu Bazar),8000,7600,8000,Telangana,Carrot,2024,11,5
2024-11-22,Carrot,153,Warangal,FAQ,Hanmarkonda(Rythu Bazar),8000,7600,8000,Telangana,Carrot,2024,11,4
2024-11-23,Carrot,153,Warangal,FAQ,Hanmarkonda(Rythu Bazar),8000,7600,8000,Telangana,Carrot,2024,11,5
2024-11-09,Carrot,153,Warangal,FAQ,Warangal,4000,3500,3750,Telangana,Carrot,2024,11,5
2024-11-11,Carrot,153,Warangal,FAQ,Warangal,5000,4500,4750,Telangana,Carrot,2024,11,0
2024-11-12,Carrot,153,Warangal,FAQ,Warangal,5000,4500,4750,Telangana,Carrot,2024,11,1
2024-11-13,Carrot,153,Warangal,FAQ,Warangal,5000,4500,4750,Telangana,Carrot,2024,11,2
2024-11-22,Carrot,153,Warangal,FAQ,Warangal,4500,4000,4250,Telangana,Carrot,2024,11,4
2024-11-27,Carrot,153,Warangal,FAQ,Warangal,5000,4500,4750,Telangana,Carrot,2024,11,2
2024-11-29,Carrot,153,Warangal,FAQ,Warangal,4500,4000,4250,Telangana,Carrot,2024,11,4
2024-10-09,Maize,4,Nizamabad,FAQ,Nizamabad,2403,1820,2258,Telangana,Hybrid,2024,10,2
2024-11-07,Maize,4,Nizamabad,FAQ,Nizamabad,2380,2150,2350,Telangana,Hybrid,2024,11,3
2024-11-28,Maize,4,Nizamabad,FAQ,Nizamabad,2178,1359,2178,Telangana,Hybrid,2024,11,3
2024-10-08,Maize,4,Nizamabad,FAQ,Nizamabad,2358,1770,2270,Telangana,Hybrid,2024,10,1
2026-04-07,Maize,4,Bengaluru,FAQ,Bengaluru APMC,2400,2200,2300,Karnataka,Hybrid/Local,2026,4,1
2026-04-16,Maize,4,Bengaluru,FAQ,Bengaluru APMC,2400,2200,2300,Karnataka,Hybrid/Local,2026,4,3
2026-04-15,Maize,4,Bengaluru,FAQ,Bengaluru APMC,2400,2200,2300,Karnataka,Hybrid/Local,2026,4,2
2026-04-04,Maize,4,Bengaluru,FAQ,Bengaluru APMC,4000,3800,3900,Karnataka,Pro Agro 4212,2026,4,5
2026-04-27,Rice,3,Bengaluru,Medium,Bengaluru APMC,4000,3700,3850,Karnataka,Dappa,2026,4,0
2026-04-20,Rice,3,Bengaluru,Medium,Bengaluru APMC,5800,5500,5650,Karnataka,Fine,2026,4,0
2026-04-21,Rice,3,Bengaluru,Medium,Bengaluru APMC,5800,5500,5650,Karnataka,Fine,2026,4,1
2026-04-24,Rice,3,Bengaluru,Medium,Bengaluru APMC,5800,5500,5650,Karnataka,Fine,2026,4,4
2026-04-29,Rice,3,Bengaluru,Medium,Bengaluru APMC,7700,5500,6600,Karnataka,Fine,2026,4,2
2026-04-24,Rice,3,Bengaluru,Medium,Bengaluru APMC,5500,5300,5400,Karnataka,Medium,2026,4,4
2026-04-28,Rice,3,Bengaluru,Medium,Bengaluru APMC,5500,5300,5400,Karnataka,Medium,2026,4,1
2026-04-02,Tomato,78,Bengaluru,Local,"Binny Mill (F&V), Bengaluru APMC",1500,1300,1400,Karnataka,Tomato,2026,4,3
2026-04-04,Tomato,78,Bengaluru,Local,"Binny Mill (F&V), Bengaluru APMC",1500,1300,1400,Karnataka,Tomato,2026,4,5
2026-04-06,Tomato,78,Bengaluru,Local,"Binny Mill (F&V), Bengaluru APMC",1500,1300,1400,Karnataka,Tomato,2026,4,0
2026-04-10,Tomato,78,Bengaluru,Local,"Binny Mill (F&V), Bengaluru APMC",1500,1200,1300,Karnataka,Tomato,2026,4,4
2026-04-16,Tomato,78,Bengaluru,Local,"Binny Mill (F&V), Bengaluru APMC",2100,1700,1900,Karnataka,Tomato,2026,4,3
2026-04-17,Tomato,78,Bengaluru,Local,"Binny Mill (F&V), Bengaluru APMC",2200,1800,2000,Karnataka,Tomato,2026,4,4
2026-04-24,Tomato,78,Bengaluru,Local,"Binny Mill (F&V), Bengaluru APMC",2200,1800,2000,Karnataka,Tomato,2026,4,4
2026-04-01,Onion,23,Bengaluru,Medium,Bengaluru APMC,800,500,600,Karnataka,Local,2026,4,2
2026-04-06,Onion,23,Bengaluru,Medium,Bengaluru APMC,800,500,600,Karnataka,Local,2026,4,0
2026-04-09,Onion,23,Bengaluru,Medium,Bengaluru APMC,800,500,600,Karnataka,Local,2026,4,3
2026-04-16,Onion,23,Bengaluru,Medium,Bengaluru APMC,800,500,600,Karnataka,Local,2026,4,3
2026-04-22,Onion,23,Bengaluru,Medium,Bengaluru APMC,1000,600,800,Karnataka,Local,2026,4,2
2026-04-21,Onion,23,Bengaluru,Medium,Bengaluru APMC,1000,600,800,Karnataka,Local,2026,4,1
2026-04-24,Onion,23,Bengaluru,Medium,Bengaluru APMC,1000,600,800,Karnataka,Local,2026,4,4
2026-04-18,Cabbage,154,Bengaluru,Local,"Binny Mill (F&V), Bengaluru APMC",1200,1000,1100,Karnataka,Cabbage,2026,4,5
2026-04-01,Cabbage,154,Bengaluru,Local,"Binny Mill (F&V), Bengaluru APMC",1000,800,900,Karnataka,Cabbage,2026,4,2
2026-04-02,Cabbage,154,Bengaluru,Local,"Binny Mill (F&V), Bengaluru APMC",1000,800,900,Karnataka,Cabbage,2026,4,3
2026-04-01,Onion,23,Bengaluru,Small,Bengaluru APMC,500,200,300,Karnataka,Bangalore-Samall,2026,4,2
2026-04-11,Onion,23,Bengaluru,Small,Bengaluru APMC,500,200,300,Karnataka,Bangalore-Samall,2026,4,5
2026-04-13,Onion,23,Bengaluru,Small,Bengaluru APMC,500,200,300,Karnataka,Bangalore-Samall,2026,4,0
2026-04-21,Onion,23,Bengaluru,Small,Bengaluru APMC,600,300,400,Karnataka,Bangalore-Samall,2026,4,1
2026-04-27,Onion,23,Bengaluru,Small,Bengaluru APMC,600,300,400,Karnataka,Bangalore-Samall,2026,4,0
2026-04-30,Onion,23,Bengaluru,Small,Bengaluru APMC,1000,300,500,Karnataka,Bangalore-Samall,2026,4,3
2026-04-29,Onion,23,Bengaluru,Small,Bengaluru APMC,1000,300,500,Karnataka,Bangalore-Samall,2026,4,2
2026-04-30,Onion,23,Bengaluru,Medium,Bengaluru APMC,1400,1000,1200,Karnataka,Local,2026,4,3
2026-04-29,Onion,23,Bengaluru,Medium,Bengaluru APMC,1400,1000,1200,Karnataka,Local,2026,4,2
2026-04-04,Potato,24,Bengaluru,Medium,Bengaluru APMC,1100,800,1000,Karnataka,Local,2026,4,5
2026-04-20,Onion,23,Bengaluru,Large,Bengaluru APMC,1300,1000,1100,Karnataka,Onion,2026,4,0
2026-04-21,Onion,23,Bengaluru,Medium,Bengaluru APMC,1300,1000,1100,Karnataka,Onion,2026,4,1
2026-04-24,Potato,24,Bengaluru,Medium,Bengaluru APMC,1200,800,1000,Karnataka,Local,2026,4,4
2026-04-07,Brinjal,35,Bengaluru,Local,"Binny Mill (F&V), Bengaluru APMC",2200,2000,2100,Karnataka,Brinjal,2026,4,1
2026-04-15,Brinjal,35,Bengaluru,Local,"Binny Mill (F&V), Bengaluru APMC",2600,2200,2400,Karnataka,Brinjal,2026,4,2
2026-04-29,Brinjal,35,Bengaluru,Local,"Binny Mill (F&V), Bengaluru APMC",3000,2500,2800,Karnataka,Brinjal,2026,4,2
2026-04-03,Potato,24,Bengaluru,Medium,Bengaluru APMC,1800,600,1400,Karnataka,Potato,2026,4,4
2026-04-10,Potato,24,Bengaluru,Medium,Bengaluru APMC,1800,600,1400,Karnataka,Potato,2026,4,4
2026-04-15,Potato,24,Bengaluru,Medium,Bengaluru APMC,1800,800,1300,Karnataka,Potato,2026,4,2
2026-04-21,Potato,24,Bengaluru,Medium,Bengaluru APMC,1800,800,1300,Karnataka,Potato,2026,4,1
2026-04-22,Potato,24,Bengaluru,Medium,Bengaluru APMC,1800,800,1300,Karnataka,Potato,2026,4,2
2026-04-28,Potato,24,Bengaluru,Medium,Bengaluru APMC,1900,1500,1600,Karnataka,Potato,2026,4,1
2026-04-07,Banana,19,Bengaluru,Local,"Binny Mill (F&V), Bengaluru APMC",1800,600,1200,Karnataka,Pachha Bale,2026,4,1
2026-04-09,Banana,19,Bengaluru,Local,"Binny Mill (F&V), Bengaluru APMC",1800,600,1200,Karnataka,Pachha Bale,2026,4,3
2026-04-15,Banana,19,Bengaluru,Local,"Binny Mill (F&V), Bengaluru APMC",1900,600,1250,Karnataka,Pachha Bale,2026,4,2
2026-04-22,Banana,19,Bengaluru,Local,"Binny Mill (F&V), Bengaluru APMC",2000,600,1300,Karnataka,Pachha Bale,2026,4,2
2026-04-17,Onion,23,Bengaluru,Large,Bengaluru APMC,1300,1000,1100,Karnataka,Onion,2026,4,4
2026-04-10,Potato,24,Bengaluru,Medium,Bengaluru APMC,1100,800,1000,Karnataka,Local,2026,4,4
2026-04-11,Potato,24,Bengaluru,Medium,Bengaluru APMC,1100,800,1000,Karnataka,Local,2026,4,5
2026-04-22,Onion,23,Bengaluru,Large,Bengaluru APMC,1300,1000,1100,Karnataka,Onion,2026,4,2
2026-04-06,Banana,19,Bengaluru,Local,"Binny Mill (F&V), Bengaluru APMC",2100,1000,1550,Karnataka,Nendra Bale,2026,4,0
2026-04-08,Banana,19,Bengaluru,Local,"Binny Mill (F&V), Bengaluru APMC",2100,1000,1550,Karnataka,Nendra Bale,2026,4,2
2026-04-09,Banana,19,Bengaluru,Local,"Binny Mill (F&V), Bengaluru APMC",2200,1000,1600,Karnataka,Nendra Bale,2026,4,3
2026-04-13,Banana,19,Bengaluru,Local,"Binny Mill (F&V), Bengaluru APMC",2200,1000,1600,Karnataka,Nendra Bale,2026,4,0
2026-04-27,Banana,19,Bengaluru,Local,"Binny Mill (F&V), Bengaluru APMC",2600,1000,1800,Karnataka,Nendra Bale,2026,4,0
2026-04-30,Mango,20,Bengaluru,Local,"Binny Mill (F&V), Bengaluru APMC",2800,2000,2400,Karnataka,Other,2026,4,3
2026-04-15,Mango,20,Bengaluru,Local,"Binny Mill (F&V), Bengaluru APMC",6000,5000,5500,Karnataka,Badami,2026,4,2
2026-04-15,Mango,20,Bengaluru,Local,"Binny Mill (F&V), Bengaluru APMC",4500,2500,3500,Karnataka,Keshar,2026,4,2
2026-04-17,Mango,20,Bengaluru,Local,"Binny Mill (F&V), Bengaluru APMC",3500,2000,3000,Karnataka,Keshar,2026,4,4
2026-04-24,Mango,20,Bengaluru,Local,"Binny Mill (F&V), Bengaluru APMC",4000,2500,3000,Karnataka,Keshar,2026,4,4
2026-04-28,Mango,20,Bengaluru,Local,"Binny Mill (F&V), Bengaluru APMC",3000,2000,2500,Karnataka,Keshar,2026,4,1
2026-04-24,Mango,20,Bengaluru,Local,"Binny Mill (F&V), Bengaluru APMC",3000,2000,2500,Karnataka,Totapuri,2026,4,4
2026-04-15,Banana,19,Bengaluru,Local,"Binny Mill (F&V), Bengaluru APMC",4200,1000,2600,Karnataka,Elakki Bale,2026,4,2
2026-04-09,Banana,19,Bengaluru,Local,"Binny Mill (F&V), Bengaluru APMC",1800,700,1250,Karnataka,Nauti Bale,2026,4,3
2026-04-16,Banana,19,Bengaluru,Local,"Binny Mill (F&V), Bengaluru APMC",2100,700,1400,Karnataka,Nauti Bale,2026,4,3
2026-04-30,Banana,19,Bengaluru,Local,"Binny Mill (F&V), Bengaluru APMC",2100,700,1400,Karnataka,Nauti Bale,2026,4,3
2026-04-15,Mango,20,Bengaluru,Local,"Binny Mill (F&V), Bengaluru APMC",5000,3000,4000,Karnataka,Raspuri,2026,4,2
2026-04-24,Mango,20,Bengaluru,Local,"Binny Mill (F&V), Bengaluru APMC",5000,3000,4000,Karnataka,Raspuri,2026,4,4
2026-04-10,Onion,23,Bengaluru,Local,Bengaluru APMC,1500,800,1200,Karnataka,Puna,2026,4,4
2026-04-11,Onion,23,Bengaluru,Local,Bengaluru APMC,1500,800,1200,Karnataka,Puna,2026,4,5
2026-04-07,Carrot,153,Bengaluru,Local,"Binny Mill (F&V), Bengaluru APMC",2500,2000,2400,Karnataka,Carrot,2026,4,1
2026-04-08,Carrot,153,Bengaluru,Local,"Binny Mill (F&V), Bengaluru APMC",2500,2000,2400,Karnataka,Carrot,2026,4,2
2026-04-09,Carrot,153,Bengaluru,Local,"Binny Mill (F&V), Bengaluru APMC",2500,2000,2400,Karnataka,Carrot,2026,4,3
2026-04-09,Cabbage,154,Bengaluru,Local,"Binny Mill (F&V), Bengaluru APMC",1100,900,1000,Karnataka,Cabbage,2026,4,3
2026-04-16,Carrot,153,Bengaluru,Local,"Binny Mill (F&V), Bengaluru APMC",2600,2200,2400,Karnataka,Carrot,2026,4,3
2026-04-15,Carrot,153,Bengaluru,Local,"Binny Mill (F&V), Bengaluru APMC",2600,2200,2400,Karnataka,Carrot,2026,4,2
2026-04-18,Carrot,153,Bengaluru,Local,"Binny Mill (F&V), Bengaluru APMC",2600,2200,2400,Karnataka,Carrot,2026,4,5
2026-04-27,Carrot,153,Bengaluru,Local,"Binny Mill (F&V), Bengaluru APMC",2600,2000,2400,Karnataka,Carrot,2026,4,0
2026-04-13,Cabbage,154,Bengaluru,Local,"Binny Mill (F&V), Bengaluru APMC",1200,1000,1100,Karnataka,Cabbage,2026,4,0
2026-04-16,Cabbage,154,Bengaluru,Local,"Binny Mill (F&V), Bengaluru APMC",1200,1000,1100,Karnataka,Cabbage,2026,4,3
2026-05-02,Potato,24,Bengaluru,Medium,Bengaluru APMC,1900,1500,1600,Karnataka,Potato,2026,5,5
2026-05-06,Potato,24,Bengaluru,Medium,Bengaluru APMC,2000,1000,1500,Karnataka,Potato,2026,5,2
2026-05-02,Onion,23,Bengaluru,Local,Bengaluru APMC,1800,1000,1400,Karnataka,Puna,2026,5,5
2026-05-05,Onion,23,Bengaluru,Local,Bengaluru APMC,1500,800,1000,Karnataka,Puna,2026,5,1
2026-05-13,Onion,23,Bengaluru,Local,Bengaluru APMC,1800,1000,1400,Karnataka,Puna,2026,5,2
2026-05-25,Onion,23,Bengaluru,Local,Bengaluru APMC,1600,800,1200,Karnataka,Puna,2026,5,0
2026-05-28,Onion,23,Bengaluru,Local,Bengaluru APMC,1600,800,1200,Karnataka,Puna,2026,5,3
2026-05-15,Potato,24,Bengaluru,Medium,Bengaluru APMC,2000,800,1500,Karnataka,Potato,2026,5,4
2026-05-16,Potato,24,Bengaluru,Medium,Bengaluru APMC,2000,800,1500,Karnataka,Potato,2026,5,5
2026-05-18,Potato,24,Bengaluru,Medium,Bengaluru APMC,2000,800,1500,Karnataka,Potato,2026,5,0
2026-05-20,Potato,24,Bengaluru,Medium,Bengaluru APMC,2000,1000,1500,Karnataka,Potato,2026,5,2
2026-05-27,Potato,24,Bengaluru,Medium,Bengaluru APMC,2000,1000,1500,Karnataka,Potato,2026,5,2
2026-05-22,Onion,23,Bengaluru,Large,Bengaluru APMC,1000,600,800,Karnataka,Onion,2026,5,4
2026-05-23,Onion,23,Bengaluru,Large,Bengaluru APMC,1400,1000,1200,Karnataka,Onion,2026,5,5
2026-05-30,Onion,23,Bengaluru,Large,Bengaluru APMC,1400,1000,1200,Karnataka,Onion,2026,5,5
2026-05-27,Mango,20,Bengaluru,Local,"Binny Mill (F&V), Bengaluru APMC",3000,2000,2500,Karnataka,Keshar,2026,5,2
2026-05-25,Mango,20,Bengaluru,Local,"Binny Mill (F&V), Bengaluru APMC",2800,1800,2400,Karnataka,Keshar,2026,5,0
2026-05-06,Mango,20,Bengaluru,Local,"Binny Mill (F&V), Bengaluru APMC",6000,3000,4000,Karnataka,Other,2026,5,2
2026-05-13,Mango,20,Bengaluru,Local,"Binny Mill (F&V), Bengaluru APMC",6000,3000,4000,Karnataka,Other,2026,5,2
2026-05-11,Mango,20,Bengaluru,Local,"Binny Mill (F&V), Bengaluru APMC",4500,2500,3500,Karnataka,Raspuri,2026,5,0
2026-05-12,Mango,20,Bengaluru,Local,"Binny Mill (F&V), Bengaluru APMC",4000,2000,3000,Karnataka,Raspuri,2026,5,1
2026-05-14,Mango,20,Bengaluru,Local,"Binny Mill (F&V), Bengaluru APMC",3000,2000,2500,Karnataka,Raspuri,2026,5,3
2026-05-26,Mango,20,Bengaluru,Local,"Binny Mill (F&V), Bengaluru APMC",3500,2500,3000,Karnataka,Raspuri,2026,5,1
2026-05-29,Mango,20,Bengaluru,Local,"Binny Mill (F&V), Bengaluru APMC",3500,2500,3000,Karnataka,Raspuri,2026,5,4
2026-05-02,Mango,20,Bengaluru,Local,"Binny Mill (F&V), Bengaluru APMC",1200,800,1000,Karnataka,Totapuri,2026,5,5
2026-05-08,Mango,20,Bengaluru,Local,"Binny Mill (F&V), Bengaluru APMC",1500,1000,1200,Karnataka,Totapuri,2026,5,4
2026-05-14,Mango,20,Bengaluru,Local,"Binny Mill (F&V), Bengaluru APMC",1600,1000,1200,Karnataka,Totapuri,2026,5,3
2026-05-29,Mango,20,Bengaluru,Local,"Binny Mill (F&V), Bengaluru APMC",1200,800,1000,Karnataka,Totapuri,2026,5,4
2026-05-05,Mango,20,Bengaluru,Local,"Binny Mill (F&V), Bengaluru APMC",6000,3000,4000,Karnataka,Badami,2026,5,1
2026-05-26,Mango,20,Bengaluru,Local,"Binny Mill (F&V), Bengaluru APMC",4000,3000,3500,Karnataka,Badami,2026,5,1
2026-05-27,Mango,20,Bengaluru,Local,"Binny Mill (F&V), Bengaluru APMC",4500,3500,4000,Karnataka,Badami,2026,5,2
2026-05-22,Mango,20,Bengaluru,Local,"Binny Mill (F&V), Bengaluru APMC",5000,3000,4000,Karnataka,Mango,2026,5,4
2026-05-14,Maize,4,Bengaluru,FAQ,Bengaluru APMC,6000,4000,5000,Karnataka,Pro Agro 4212,2026,5,3
2026-05-23,Maize,4,Bengaluru,FAQ,Bengaluru APMC,6000,4000,5000,Karnataka,Pro Agro 4212,2026,5,5
2026-05-02,Potato,24,Bengaluru,Medium,Bengaluru APMC,1600,1300,1400,Karnataka,Local,2026,5,5
2026-05-14,Onion,23,Bengaluru,Medium,Bengaluru APMC,1200,800,1000,Karnataka,Local,2026,5,3
2026-05-18,Onion,23,Bengaluru,Medium,Bengaluru APMC,1200,800,1000,Karnataka,Local,2026,5,0
2026-05-20,Onion,23,Bengaluru,Medium,Bengaluru APMC,1000,600,800,Karnataka,Local,2026,5,2
2026-05-27,Onion,23,Bengaluru,Medium,Bengaluru APMC,1000,600,800,Karnataka,Local,2026,5,2
2026-05-29,Onion,23,Bengaluru,Medium,Bengaluru APMC,1000,600,800,Karnataka,Local,2026,5,4
2026-05-28,Onion,23,Bengaluru,Medium,Bengaluru APMC,1000,600,800,Karnataka,Local,2026,5,3
2026-05-25,Potato,24,Bengaluru,Medium,Bengaluru APMC,1200,400,900,Karnataka,Local,2026,5,0
2026-05-12,Onion,23,Bengaluru,Large,Bengaluru APMC,1600,1200,1300,Karnataka,Onion,2026,5,1
2026-05-02,Onion,23,Bengaluru,Small,Bengaluru APMC,1000,300,500,Karnataka,Bangalore-Samall,2026,5,5
2026-05-12,Onion,23,Bengaluru,Small,Bengaluru APMC,600,200,400,Karnataka,Bangalore-Samall,2026,5,1
2026-05-23,Onion,23,Bengaluru,Small,Bengaluru APMC,600,200,300,Karnataka,Bangalore-Samall,2026,5,5
2026-05-27,Onion,23,Bengaluru,Small,Bengaluru APMC,600,200,300,Karnataka,Bangalore-Samall,2026,5,2
2026-05-15,Onion,23,Bengaluru,Large,Bengaluru APMC,1600,1200,1300,Karnataka,Onion,2026,5,4
2026-05-16,Onion,23,Bengaluru,Large,Bengaluru APMC,1600,1200,1300,Karnataka,Onion,2026,5,5
2026-05-12,Banana,19,Bengaluru,Local,"Binny Mill (F&V), Bengaluru APMC",4600,1000,2800,Karnataka,Elakki Bale,2026,5,1
2026-05-19,Banana,19,Bengaluru,Local,"Binny Mill (F&V), Bengaluru APMC",4500,1000,2700,Karnataka,Elakki Bale,2026,5,1
2026-05-20,Banana,19,Bengaluru,Local,"Binny Mill (F&V), Bengaluru APMC",4400,1000,2700,Karnataka,Elakki Bale,2026,5,2
2026-05-27,Banana,19,Bengaluru,Local,"Binny Mill (F&V), Bengaluru APMC",4600,1000,2800,Karnataka,Elakki Bale,2026,5,2
2026-05-06,Banana,19,Bengaluru,Local,"Binny Mill (F&V), Bengaluru APMC",2000,700,1350,Karnataka,Nauti Bale,2026,5,2
2026-05-27,Banana,19,Bengaluru,Local,"Binny Mill (F&V), Bengaluru APMC",2700,700,1700,Karnataka,Nauti Bale,2026,5,2
2026-05-29,Banana,19,Bengaluru,Local,"Binny Mill (F&V), Bengaluru APMC",2500,700,1600,Karnataka,Nauti Bale,2026,5,4
2026-05-11,Banana,19,Bengaluru,Local,"Binny Mill (F&V), Bengaluru APMC",2000,1000,1500,Karnataka,Nendra Bale,2026,5,0
2026-05-13,Banana,19,Bengaluru,Local,"Binny Mill (F&V), Bengaluru APMC",2000,1000,1500,Karnataka,Nendra Bale,2026,5,2
2026-05-14,Banana,19,Bengaluru,Local,"Binny Mill (F&V), Bengaluru APMC",2000,1000,1500,Karnataka,Nendra Bale,2026,5,3
2026-05-11,Banana,19,Bengaluru,Local,"Binny Mill (F&V), Bengaluru APMC",2000,600,1300,Karnataka,Pachha Bale,2026,5,0
2026-05-12,Banana,19,Bengaluru,Local,"Binny Mill (F&V), Bengaluru APMC",2000,600,1800,Karnataka,Pachha Bale,2026,5,1
2026-05-16,Banana,19,Bengaluru,Local,"Binny Mill (F&V), Bengaluru APMC",2200,600,1400,Karnataka,Pachha Bale,2026,5,5
2026-05-18,Banana,19,Bengaluru,Local,"Binny Mill (F&V), Bengaluru APMC",2300,600,1450,Karnataka,Pachha Bale,2026,5,0
2026-05-20,Banana,19,Bengaluru,Local,"Binny Mill (F&V), Bengaluru APMC",2500,1000,1750,Karnataka,Nendra Bale,2026,5,2
2026-05-22,Banana,19,Bengaluru,Local,"Binny Mill (F&V), Bengaluru APMC",2600,1000,2100,Karnataka,Nendra Bale,2026,5,4
2026-05-29,Banana,19,Bengaluru,Local,"Binny Mill (F&V), Bengaluru APMC",2500,1000,1750,Karnataka,Nendra Bale,2026,5,4
2026-05-14,Maize,4,Bengaluru,FAQ,Bengaluru APMC,2500,2300,2400,Karnataka,Hybrid/Local,2026,5,3
2026-05-16,Maize,4,Bengaluru,FAQ,Bengaluru APMC,2500,2300,2400,Karnataka,Hybrid/Local,2026,5,5
2026-05-21,Maize,4,Bengaluru,FAQ,Bengaluru APMC,2500,2300,2400,Karnataka,Hybrid/Local,2026,5,3
2026-05-25,Maize,4,Bengaluru,FAQ,Bengaluru APMC,2500,2300,2400,Karnataka,Hybrid/Local,2026,5,0
2026-05-15,Rice,3,Bengaluru,Medium,Bengaluru APMC,4300,3800,4050,Karnataka,Dappa,2026,5,4
2026-05-18,Rice,3,Bengaluru,Medium,Bengaluru APMC,4300,3800,4050,Karnataka,Dappa,2026,5,0
2026-05-27,Rice,3,Bengaluru,Medium,Bengaluru APMC,4300,3800,4050,Karnataka,Dappa,2026,5,2
2026-05-29,Rice,3,Bengaluru,Medium,Bengaluru APMC,4300,3800,4050,Karnataka,Dappa,2026,5,4
2026-05-12,Rice,3,Bengaluru,Medium,Bengaluru APMC,6600,6000,6300,Karnataka,Fine,2026,5,1
2026-05-30,Rice,3,Bengaluru,Medium,Bengaluru APMC,6600,6000,6300,Karnataka,Fine,2026,5,5
2026-05-08,Rice,3,Bengaluru,Medium,Bengaluru APMC,4200,3800,4000,Karnataka,Dappa,2026,5,4
2026-04-04,Banana,19,Bengaluru,Local,"Binny Mill (F&V), Bengaluru APMC",1600,700,1150,Karnataka,Nauti Bale,2026,4,5
2026-04-18,Banana,19,Bengaluru,Local,"Binny Mill (F&V), Bengaluru APMC",2100,700,1400,Karnataka,Nauti Bale,2026,4,5
2026-04-07,Banana,19,Bengaluru,Local,"Binny Mill (F&V), Bengaluru APMC",2200,1000,1600,Karnataka,Nendra Bale,2026,4,1
2026-04-10,Banana,19,Bengaluru,Local,"Binny Mill (F&V), Bengaluru APMC",2100,1000,1550,Karnataka,Nendra Bale,2026,4,4
2026-04-22,Banana,19,Bengaluru,Local,"Binny Mill (F&V), Bengaluru APMC",2000,1000,1500,Karnataka,Nendra Bale,2026,4,2
2026-04-28,Banana,19,Bengaluru,Local,"Binny Mill (F&V), Bengaluru APMC",2500,1000,1750,Karnataka,Nendra Bale,2026,4,1
2026-04-17,Mango,20,Bengaluru,Local,"Binny Mill (F&V), Bengaluru APMC",5000,3000,4000,Karnataka,Raspuri,2026,4,4
2026-04-29,Mango,20,Bengaluru,Local,"Binny Mill (F&V), Bengaluru APMC",3000,2000,2500,Karnataka,Totapuri,2026,4,2
2026-04-06,Banana,19,Bengaluru,Local,"Binny Mill (F&V), Bengaluru APMC",3900,1000,2450,Karnataka,Elakki Bale,2026,4,0
2026-04-09,Banana,19,Bengaluru,Local,"Binny Mill (F&V), Bengaluru APMC",4100,1000,2500,Karnataka,Elakki Bale,2026,4,3
2026-04-16,Banana,19,Bengaluru,Local,"Binny Mill (F&V), Bengaluru APMC",4300,1000,2650,Karnataka,Elakki Bale,2026,4,3
2026-04-18,Banana,19,Bengaluru,Local,"Binny Mill (F&V), Bengaluru APMC",4500,1000,2700,Karnataka,Elakki Bale,2026,4,5
2026-04-17,Banana,19,Bengaluru,Local,"Binny Mill (F&V), Bengaluru APMC",4400,1000,2700,Karnataka,Elakki Bale,2026,4,4
2026-04-21,Banana,19,Bengaluru,Local,"Binny Mill (F&V), Bengaluru APMC",4500,1000,2750,Karnataka,Elakki Bale,2026,4,1
2026-04-23,Banana,19,Bengaluru,Local,"Binny Mill (F&V), Bengaluru APMC",4400,1000,2700,Karnataka,Elakki Bale,2026,4,3
2026-04-18,Mango,20,Bengaluru,Local,"Binny Mill (F&V), Bengaluru APMC",5000,3000,4000,Karnataka,Badami,2026,4,5
2026-04-29,Mango,20,Bengaluru,Local,"Binny Mill (F&V), Bengaluru APMC",4000,3000,3500,Karnataka,Badami,2026,4,2
2026-04-30,Mango,20,Bengaluru,Local,"Binny Mill (F&V), Bengaluru APMC",5000,3000,4000,Karnataka,Badami,2026,4,3
2026-04-21,Mango,20,Bengaluru,Local,"Binny Mill (F&V), Bengaluru APMC",4000,3000,3500,Karnataka,Keshar,2026,4,1
2026-04-18,Mango,20,Bengaluru,Local,"Binny Mill (F&V), Bengaluru APMC",2500,1500,2000,Karnataka,Totapuri,2026,4,5
2026-04-01,Banana,19,Bengaluru,Local,"Binny Mill (F&V), Bengaluru APMC",1800,600,1200,Karnataka,Pachha Bale,2026,4,2
2026-04-04,Banana,19,Bengaluru,Local,"Binny Mill (F&V), Bengaluru APMC",1800,600,1200,Karnataka,Pachha Bale,2026,4,5
2026-04-13,Banana,19,Bengaluru,Local,"Binny Mill (F&V), Bengaluru APMC",1800,600,1200,Karnataka,Pachha Bale,2026,4,0
2026-04-21,Banana,19,Bengaluru,Local,"Binny Mill (F&V), Bengaluru APMC",2000,600,1300,Karnataka,Pachha Bale,2026,4,1
2026-04-23,Banana,19,Bengaluru,Local,"Binny Mill (F&V), Bengaluru APMC",1900,600,1250,Karnataka,Pachha Bale,2026,4,3
2026-04-28,Banana,19,Bengaluru,Local,"Binny Mill (F&V), Bengaluru APMC",1900,600,1250,Karnataka,Pachha Bale,2026,4,1
2026-04-30,Banana,19,Bengaluru,Local,"Binny Mill (F&V), Bengaluru APMC",1900,600,1250,Karnataka,Pachha Bale,2026,4,3
2026-04-08,Onion,23,Bengaluru,Small,Bengaluru APMC,500,200,300,Karnataka,Bangalore-Samall,2026,4,2
2026-04-25,Onion,23,Bengaluru,Small,Bengaluru APMC,600,300,400,Karnataka,Bangalore-Samall,2026,4,5
2026-04-18,Onion,23,Bengaluru,Medium,Bengaluru APMC,800,500,600,Karnataka,Local,2026,4,5
2026-04-23,Onion,23,Bengaluru,Medium,Bengaluru APMC,1000,600,800,Karnataka,Local,2026,4,3
2026-04-27,Onion,23,Bengaluru,Medium,Bengaluru APMC,1000,600,800,Karnataka,Local,2026,4,0
2026-04-30,Potato,24,Bengaluru,Medium,Bengaluru APMC,1900,1500,1600,Karnataka,Potato,2026,4,3
2026-04-29,Potato,24,Bengaluru,Medium,Bengaluru APMC,1900,1500,1600,Karnataka,Potato,2026,4,2
2026-04-28,Cabbage,154,Bengaluru,Local,"Binny Mill (F&V), Bengaluru APMC",1200,1000,1100,Karnataka,Cabbage,2026,4,1
2026-04-07,Tomato,78,Bengaluru,Local,"Binny Mill (F&V), Bengaluru APMC",1600,1400,1500,Karnataka,Tomato,2026,4,1
2026-04-13,Tomato,78,Bengaluru,Local,"Binny Mill (F&V), Bengaluru APMC",1600,1300,1400,Karnataka,Tomato,2026,4,0
2026-04-22,Brinjal,35,Bengaluru,Local,"Binny Mill (F&V), Bengaluru APMC",2500,2000,2300,Karnataka,Brinjal,2026,4,2
2026-04-27,Brinjal,35,Bengaluru,Local,"Binny Mill (F&V), Bengaluru APMC",2600,2400,2500,Karnataka,Brinjal,2026,4,0
2026-04-01,Maize,4,Bengaluru,FAQ,Bengaluru APMC,2300,2100,2200,Karnataka,Hybrid/Local,2026,4,2
2026-04-18,Maize,4,Bengaluru,FAQ,Bengaluru APMC,2400,2200,2300,Karnataka,Hybrid/Local,2026,4,5
2026-04-21,Maize,4,Bengaluru,FAQ,Bengaluru APMC,2400,2200,2300,Karnataka,Hybrid/Local,2026,4,1
2026-04-29,Maize,4,Bengaluru,FAQ,Bengaluru APMC,2300,2100,2200,Karnataka,Hybrid/Local,2026,4,2
2026-06-04,Tomato,78,Bengaluru,Local,"Binny Mill (F&V), Bengaluru APMC",3500,3200,3400,Karnataka,Tomato,2026,6,3
2026-06-10,Tomato,78,Bengaluru,Local,"Binny Mill (F&V), Bengaluru APMC",3500,3000,3300,Karnataka,Tomato,2026,6,2
2026-06-15,Tomato,78,Bengaluru,Local,"Binny Mill (F&V), Bengaluru APMC",3900,3500,3700,Karnataka,Tomato,2026,6,0
2026-06-23,Tomato,78,Bengaluru,Local,"Binny Mill (F&V), Bengaluru APMC",2600,2300,2500,Karnataka,Tomato,2026,6,1
2026-06-29,Tomato,78,Bengaluru,Local,"Binny Mill (F&V), Bengaluru APMC",2700,2400,2600,Karnataka,Tomato,2026,6,0
2026-07-01,Tomato,78,Bengaluru,Local,"Binny Mill (F&V), Bengaluru APMC",2400,2000,2200,Karnataka,Tomato,2026,7,2
2026-07-07,Tomato,78,Bengaluru,Local,"Binny Mill (F&V), Bengaluru APMC",2000,1500,1800,Karnataka,Tomato,2026,7,1
2026-07-02,Cabbage,154,Bengaluru,Local,"Binny Mill (F&V), Bengaluru APMC",2000,1800,1900,Karnataka,Cabbage,2026,7,3
2026-07-03,Cabbage,154,Bengaluru,Local,"Binny Mill (F&V), Bengaluru APMC",2100,1900,2000,Karnataka,Cabbage,2026,7,4
2026-07-07,Cabbage,154,Bengaluru,Local,"Binny Mill (F&V), Bengaluru APMC",2000,1700,1800,Karnataka,Cabbage,2026,7,1
2026-06-09,Cabbage,154,Bengaluru,Local,"Binny Mill (F&V), Bengaluru APMC",2000,1600,1800,Karnataka,Cabbage,2026,6,1
2026-06-10,Cabbage,154,Bengaluru,Local,"Binny Mill (F&V), Bengaluru APMC",2000,1600,1800,Karnataka,Cabbage,2026,6,2
2026-06-19,Cabbage,154,Bengaluru,Local,"Binny Mill (F&V), Bengaluru APMC",2000,1800,1900,Karnataka,Cabbage,2026,6,4
2026-06-23,Cabbage,154,Bengaluru,Local,"Binny Mill (F&V), Bengaluru APMC",2000,1800,1900,Karnataka,Cabbage,2026,6,1
2026-07-17,Cabbage,154,Bengaluru,Local,"Binny Mill (F&V), Bengaluru APMC",1800,1600,1700,Karnataka,Cabbage,2026,7,4
2026-07-20,Cabbage,154,Bengaluru,Local,"Binny Mill (F&V), Bengaluru APMC",1800,1600,1700,Karnataka,Cabbage,2026,7,0
2026-06-05,Cabbage,154,Bengaluru,Local,"Binny Mill (F&V), Bengaluru APMC",1900,1700,1800,Karnataka,Cabbage,2026,6,4
2026-06-06,Cabbage,154,Bengaluru,Local,"Binny Mill (F&V), Bengaluru APMC",1800,1600,1700,Karnataka,Cabbage,2026,6,5
2026-07-08,Carrot,153,Bengaluru,Local,"Binny Mill (F&V), Bengaluru APMC",6000,5500,5800,Karnataka,Carrot,2026,7,2
2026-07-14,Carrot,153,Bengaluru,Local,"Binny Mill (F&V), Bengaluru APMC",6500,5500,6000,Karnataka,Carrot,2026,7,1
2026-06-24,Banana,19,Bengaluru,Local,"Binny Mill (F&V), Bengaluru APMC",2500,1000,1750,Karnataka,Nendra Bale,2026,6,2
2026-06-29,Banana,19,Bengaluru,Local,"Binny Mill (F&V), Bengaluru APMC",3000,1000,2000,Karnataka,Nendra Bale,2026,6,0
2026-06-02,Brinjal,35,Bengaluru,Local,"Binny Mill (F&V), Bengaluru APMC",3500,3000,3300,Karnataka,Brinjal,2026,6,1
2026-06-17,Brinjal,35,Bengaluru,Local,"Binny Mill (F&V), Bengaluru APMC",3000,2800,2900,Karnataka,Brinjal,2026,6,2
2026-06-22,Brinjal,35,Bengaluru,Local,"Binny Mill (F&V), Bengaluru APMC",3700,3300,3500,Karnataka,Brinjal,2026,6,0
2026-07-04,Brinjal,35,Bengaluru,Local,"Binny Mill (F&V), Bengaluru APMC",4000,3200,3600,Karnataka,Brinjal,2026,7,5
2026-06-01,Tomato,78,Bengaluru,Local,"Binny Mill (F&V), Bengaluru APMC",3800,3600,3700,Karnataka,Tomato,2026,6,0
2026-06-20,Carrot,153,Bengaluru,Local,"Binny Mill (F&V), Bengaluru APMC",6000,5000,5500,Karnataka,Carrot,2026,6,5
2026-07-02,Carrot,153,Bengaluru,Local,"Binny Mill (F&V), Bengaluru APMC",6000,5000,5500,Karnataka,Carrot,2026,7,3
2026-07-03,Carrot,153,Bengaluru,Local,"Binny Mill (F&V), Bengaluru APMC",6000,5000,5500,Karnataka,Carrot,2026,7,4
2026-06-03,Banana,19,Bengaluru,Local,"Binny Mill (F&V), Bengaluru APMC",4500,1000,2750,Karnataka,Elakki Bale,2026,6,2
2026-06-11,Banana,19,Bengaluru,Local,"Binny Mill (F&V), Bengaluru APMC",44000,1000,2700,Karnataka,Elakki Bale,2026,6,3
2026-06-18,Banana,19,Bengaluru,Local,"Binny Mill (F&V), Bengaluru APMC",5000,1000,3000,Karnataka,Elakki Bale,2026,6,3
2026-06-29,Banana,19,Bengaluru,Local,"Binny Mill (F&V), Bengaluru APMC",6200,1000,3600,Karnataka,Elakki Bale,2026,6,0
2026-07-04,Banana,19,Bengaluru,Local,"Binny Mill (F&V), Bengaluru APMC",6600,1000,3800,Karnataka,Elakki Bale,2026,7,5
2026-07-09,Banana,19,Bengaluru,Local,"Binny Mill (F&V), Bengaluru APMC",6700,1000,3850,Karnataka,Elakki Bale,2026,7,3
2026-07-15,Banana,19,Bengaluru,Local,"Binny Mill (F&V), Bengaluru APMC",6500,1000,3750,Karnataka,Elakki Bale,2026,7,2
2026-07-18,Banana,19,Bengaluru,Local,"Binny Mill (F&V), Bengaluru APMC",7000,1000,4000,Karnataka,Elakki Bale,2026,7,5
2026-06-04,Mango,20,Bengaluru,Local,"Binny Mill (F&V), Bengaluru APMC",3500,2500,3000,Karnataka,Raspuri,2026,6,3
2026-06-24,Mango,20,Bengaluru,Local,"Binny Mill (F&V), Bengaluru APMC",3000,2000,2500,Karnataka,Raspuri,2026,6,2
2026-06-06,Banana,19,Bengaluru,Local,"Binny Mill (F&V), Bengaluru APMC",2600,600,1600,Karnataka,Pachha Bale,2026,6,5
2026-06-12,Banana,19,Bengaluru,Local,"Binny Mill (F&V), Bengaluru APMC",2500,600,1550,Karnataka,Pachha Bale,2026,6,4
2026-06-15,Banana,19,Bengaluru,Local,"Binny Mill (F&V), Bengaluru APMC",2600,600,1600,Karnataka,Pachha Bale,2026,6,0
2026-06-25,Banana,19,Bengaluru,Local,"Binny Mill (F&V), Bengaluru APMC",2600,600,1600,Karnataka,Pachha Bale,2026,6,3
2026-07-07,Banana,19,Bengaluru,Local,"Binny Mill (F&V), Bengaluru APMC",2700,600,1650,Karnataka,Pachha Bale,2026,7,1
2026-07-15,Banana,19,Bengaluru,Local,"Binny Mill (F&V), Bengaluru APMC",3000,600,1800,Karnataka,Pachha Bale,2026,7,2
2026-07-17,Banana,19,Bengaluru,Local,"Binny Mill (F&V), Bengaluru APMC",3100,600,2050,Karnataka,Pachha Bale,2026,7,4
2026-06-01,Banana,19,Bengaluru,Local,"Binny Mill (F&V), Bengaluru APMC",2600,1000,1800,Karnataka,Nendra Bale,2026,6,0
2026-06-16,Tomato,78,Bengaluru,Local,"Binny Mill (F&V), Bengaluru APMC",3700,3300,3500,Karnataka,Tomato,2026,6,1
2026-06-22,Tomato,78,Bengaluru,Local,"Binny Mill (F&V), Bengaluru APMC",2500,2200,2400,Karnataka,Tomato,2026,6,0
2026-06-24,Tomato,78,Bengaluru,Local,"Binny Mill (F&V), Bengaluru APMC",2800,2500,2700,Karnataka,Tomato,2026,6,2
2026-06-11,Tomato,78,Bengaluru,Local,"Binny Mill (F&V), Bengaluru APMC",3500,3200,3400,Karnataka,Tomato,2026,6,3
2026-07-16,Tomato,78,Bengaluru,Local,"Binny Mill (F&V), Bengaluru APMC",1700,1500,1600,Karnataka,Tomato,2026,7,3
2026-07-17,Tomato,78,Bengaluru,Local,"Binny Mill (F&V), Bengaluru APMC",1800,1600,1700,Karnataka,Tomato,2026,7,4
2026-06-12,Cabbage,154,Bengaluru,Local,"Binny Mill (F&V), Bengaluru APMC",2000,1800,1900,Karnataka,Cabbage,2026,6,4
2026-06-16,Cabbage,154,Bengaluru,Local,"Binny Mill (F&V), Bengaluru APMC",1900,1700,1800,Karnataka,Cabbage,2026,6,1
2026-06-18,Cabbage,154,Bengaluru,Local,"Binny Mill (F&V), Bengaluru APMC",2000,1800,1900,Karnataka,Cabbage,2026,6,3
2026-06-25,Cabbage,154,Bengaluru,Local,"Binny Mill (F&V), Bengaluru APMC",2000,1800,1900,Karnataka,Cabbage,2026,6,3
2026-06-30,Cabbage,154,Bengaluru,Local,"Binny Mill (F&V), Bengaluru APMC",1900,1700,1800,Karnataka,Cabbage,2026,6,1
2026-07-04,Banana,19,Bengaluru,Local,"Binny Mill (F&V), Bengaluru APMC",2700,1000,1850,Karnataka,Nendra Bale,2026,7,5
2026-07-07,Banana,19,Bengaluru,Local,"Binny Mill (F&V), Bengaluru APMC",2500,1000,1750,Karnataka,Nendra Bale,2026,7,1
2026-07-13,Banana,19,Bengaluru,Local,"Binny Mill (F&V), Bengaluru APMC",2400,1000,1700,Karnataka,Nendra Bale,2026,7,0
2026-07-16,Banana,19,Bengaluru,Local,"Binny Mill (F&V), Bengaluru APMC",2900,1000,1950,Karnataka,Nendra Bale,2026,7,3
2026-07-21,Banana,19,Bengaluru,Local,"Binny Mill (F&V), Bengaluru APMC",2800,1000,1900,Karnataka,Nendra Bale,2026,7,1
2026-06-01,Mango,20,Bengaluru,Local,"Binny Mill (F&V), Bengaluru APMC",3000,2000,2500,Karnataka,Raspuri,2026,6,0
2026-06-05,Mango,20,Bengaluru,Local,"Binny Mill (F&V), Bengaluru APMC",3500,2500,3000,Karnataka,Raspuri,2026,6,4
2026-06-22,Mango,20,Bengaluru,Local,"Binny Mill (F&V), Bengaluru APMC",3000,2000,2500,Karnataka,Raspuri,2026,6,0
2026-07-17,Banana,19,Bengaluru,Local,"Binny Mill (F&V), Bengaluru APMC",2600,700,1650,Karnataka,Nauti Bale,2026,7,4
2026-07-13,Mango,20,Bengaluru,Local,"Binny Mill (F&V), Bengaluru APMC",3000,2000,2500,Karnataka,Neelam,2026,7,0
2026-07-02,Banana,19,Bengaluru,Local,"Binny Mill (F&V), Bengaluru APMC",2700,1000,1850,Karnataka,Nendra Bale,2026,7,3
2026-06-04,Banana,19,Bengaluru,Local,"Binny Mill (F&V), Bengaluru APMC",2500,1000,1750,Karnataka,Nendra Bale,2026,6,3
2026-06-12,Banana,19,Bengaluru,Local,"Binny Mill (F&V), Bengaluru APMC",2600,1000,1800,Karnataka,Nendra Bale,2026,6,4
2026-06-23,Banana,19,Bengaluru,Local,"Binny Mill (F&V), Bengaluru APMC",2600,1000,1800,Karnataka,Nendra Bale,2026,6,1
2026-06-30,Banana,19,Bengaluru,Local,"Binny Mill (F&V), Bengaluru APMC",2500,1000,1750,Karnataka,Nendra Bale,2026,6,1
2026-07-04,Carrot,153,Bengaluru,Local,"Binny Mill (F&V), Bengaluru APMC",6000,5000,5500,Karnataka,Carrot,2026,7,5
2026-07-13,Carrot,153,Bengaluru,Local,"Binny Mill (F&V), Bengaluru APMC",6500,5500,6000,Karnataka,Carrot,2026,7,0
2026-06-04,Banana,19,Bengaluru,Local,"Binny Mill (F&V), Bengaluru APMC",4500,1000,2750,Karnataka,Elakki Bale,2026,6,3
2026-07-07,Banana,19,Bengaluru,Local,"Binny Mill (F&V), Bengaluru APMC",6600,1000,3800,Karnataka,Elakki Bale,2026,7,1
2026-07-10,Banana,19,Bengaluru,Local,"Binny Mill (F&V), Bengaluru APMC",6800,1000,3900,Karnataka,Elakki Bale,2026,7,4
2026-07-20,Banana,19,Bengaluru,Local,"Binny Mill (F&V), Bengaluru APMC",7100,1000,1650,Karnataka,Elakki Bale,2026,7,0
2026-06-02,Mango,20,Bengaluru,Local,"Binny Mill (F&V), Bengaluru APMC",4000,2500,3000,Karnataka,Badami,2026,6,1
2026-06-03,Mango,20,Bengaluru,Local,"Binny Mill (F&V), Bengaluru APMC",4000,3000,3500,Karnataka,Badami,2026,6,2
2026-06-09,Mango,20,Bengaluru,Local,"Binny Mill (F&V), Bengaluru APMC",4000,3000,3500,Karnataka,Badami,2026,6,1
2026-06-24,Mango,20,Bengaluru,Local,"Binny Mill (F&V), Bengaluru APMC",4000,3000,3500,Karnataka,Badami,2026,6,2
2026-07-08,Mango,20,Bengaluru,Local,"Binny Mill (F&V), Bengaluru APMC",5000,3000,4000,Karnataka,Badami,2026,7,2
2026-07-18,Brinjal,35,Bengaluru,Local,"Binny Mill (F&V), Bengaluru APMC",2800,2500,2700,Karnataka,Brinjal,2026,7,5
2026-06-15,Brinjal,35,Bengaluru,Local,"Binny Mill (F&V), Bengaluru APMC",3000,2800,2900,Karnataka,Brinjal,2026,6,0
2026-06-23,Brinjal,35,Bengaluru,Local,"Binny Mill (F&V), Bengaluru APMC",3800,3400,3600,Karnataka,Brinjal,2026,6,1
2026-06-24,Brinjal,35,Bengaluru,Local,"Binny Mill (F&V), Bengaluru APMC",4000,3500,3700,Karnataka,Brinjal,2026,6,2
2026-06-29,Brinjal,35,Bengaluru,Local,"Binny Mill (F&V), Bengaluru APMC",4000,3500,3700,Karnataka,Brinjal,2026,6,0
2026-06-01,Brinjal,35,Bengaluru,Local,"Binny Mill (F&V), Bengaluru APMC",3500,3300,3400,Karnataka,Brinjal,2026,6,0
2026-06-03,Carrot,153,Bengaluru,Local,"Binny Mill (F&V), Bengaluru APMC",5000,4200,4700,Karnataka,Carrot,2026,6,2
2026-06-11,Carrot,153,Bengaluru,Local,"Binny Mill (F&V), Bengaluru APMC",5000,4500,4700,Karnataka,Carrot,2026,6,3
2026-06-19,Carrot,153,Bengaluru,Local,"Binny Mill (F&V), Bengaluru APMC",6000,5200,5500,Karnataka,Carrot,2026,6,4
2026-06-22,Carrot,153,Bengaluru,Local,"Binny Mill (F&V), Bengaluru APMC",6000,5000,5500,Karnataka,Carrot,2026,6,0
2026-06-23,Carrot,153,Bengaluru,Local,"Binny Mill (F&V), Bengaluru APMC",6000,5000,5500,Karnataka,Carrot,2026,6,1
2026-06-30,Carrot,153,Bengaluru,Local,"Binny Mill (F&V), Bengaluru APMC",6000,5000,5500,Karnataka,Carrot,2026,6,1
2026-06-02,Banana,19,Bengaluru,Local,"Binny Mill (F&V), Bengaluru APMC",2500,600,1550,Karnataka,Pachha Bale,2026,6,1
2026-06-03,Banana,19,Bengaluru,Local,"Binny Mill (F&V), Bengaluru APMC",2500,600,1550,Karnataka,Pachha Bale,2026,6,2
2026-06-08,Banana,19,Bengaluru,Local,"Binny Mill (F&V), Bengaluru APMC",2700,600,1650,Karnataka,Pachha Bale,2026,6,0
2026-06-10,Banana,19,Bengaluru,Local,"Binny Mill (F&V), Bengaluru APMC",2500,600,1550,Karnataka,Pachha Bale,2026,6,2
2026-06-19,Banana,19,Bengaluru,Local,"Binny Mill (F&V), Bengaluru APMC",2700,600,1650,Karnataka,Pachha Bale,2026,6,4
2026-06-22,Banana,19,Bengaluru,Local,"Binny Mill (F&V), Bengaluru APMC",2500,600,1550,Karnataka,Pachha Bale,2026,6,0
2026-07-08,Banana,19,Bengaluru,Local,"Binny Mill (F&V), Bengaluru APMC",2600,600,1600,Karnataka,Pachha Bale,2026,7,2
2026-07-13,Banana,19,Bengaluru,Local,"Binny Mill (F&V), Bengaluru APMC",3000,600,1800,Karnataka,Pachha Bale,2026,7,0
2026-07-18,Banana,19,Bengaluru,Local,"Binny Mill (F&V), Bengaluru APMC",3000,600,1800,Karnataka,Pachha Bale,2026,7,5
2026-06-04,Mango,20,Bengaluru,Local,"Binny Mill (F&V), Bengaluru APMC",1200,800,1000,Karnataka,Totapuri,2026,6,3
2026-06-09,Mango,20,Bengaluru,Local,"Binny Mill (F&V), Bengaluru APMC",1400,800,1000,Karnataka,Totapuri,2026,6,1
2026-06-11,Mango,20,Bengaluru,Local,"Binny Mill (F&V), Bengaluru APMC",1400,800,1000,Karnataka,Totapuri,2026,6,3
2026-06-16,Mango,20,Bengaluru,Local,"Binny Mill (F&V), Bengaluru APMC",1200,800,1000,Karnataka,Totapuri,2026,6,1
2026-06-24,Mango,20,Bengaluru,Local,"Binny Mill (F&V), Bengaluru APMC",1000,800,900,Karnataka,Totapuri,2026,6,2
2026-07-04,Mango,20,Bengaluru,Local,"Binny Mill (F&V), Bengaluru APMC",1200,800,1000,Karnataka,Totapuri,2026,7,5
2026-06-04,Banana,19,Bengaluru,Local,Binny Mill (FF&V) Bengaluru APMC,2200,700,1450,Karnataka,Nauti Bale,2026,6,3
2026-06-22,Banana,19,Bengaluru,Local,Binny Mill (FF&V) Bengaluru APMC,2500,700,1550,Karnataka,Nauti Bale,2026,6,0
2026-06-20,Banana,19,Bengaluru,Local,Binny Mill (FF&V) Bengaluru APMC,2400,1000,1700,Karnataka,Nendra Bale,2026,6,5
2026-06-30,Banana,19,Bengaluru,Local,Binny Mill (FF&V) Bengaluru APMC,2500,1000,1750,Karnataka,Nendra Bale,2026,6,1
2026-06-19,Cabbage,154,Bengaluru,Local,Binny Mill (FF&V) Bengaluru APMC,2000,1800,1900,Karnataka,Cabbage,2026,6,4
2026-06-20,Cabbage,154,Bengaluru,Local,Binny Mill (FF&V) Bengaluru APMC,6000,5000,5500,Karnataka,Cabbage,2026,6,5
2026-06-03,Tomato,78,Bengaluru,Local,Binny Mill (FF&V) Bengaluru APMC,3500,3200,3400,Karnataka,Tomato,2026,6,2
2026-06-04,Tomato,78,Bengaluru,Local,Binny Mill (FF&V) Bengaluru APMC,3500,3200,3400,Karnataka,Tomato,2026,6,3
2026-06-01,Mango,20,Bengaluru,Local,Binny Mill (FF&V) Bengaluru APMC,4000,2000,3000,Karnataka,Badami,2026,6,0
2026-06-06,Mango,20,Bengaluru,Local,Binny Mill (FF&V) Bengaluru APMC,4000,3000,3500,Karnataka,Badami,2026,6,5
2026-06-08,Mango,20,Bengaluru,Local,Binny Mill (FF&V) Bengaluru APMC,4000,3000,3500,Karnataka,Badami,2026,6,0
2026-06-09,Banana,19,Bengaluru,Local,Binny Mill (FF&V) Bengaluru APMC,4500,1000,2750,Karnataka,Elakki Bale,2026,6,1
2026-06-10,Banana,19,Bengaluru,Local,Binny Mill (FF&V) Bengaluru APMC,4600,1000,2800,Karnataka,Elakki Bale,2026,6,2
2026-06-15,Banana,19,Bengaluru,Local,Binny Mill (FF&V) Bengaluru APMC,4600,1000,2800,Karnataka,Elakki Bale,2026,6,0
2026-06-30,Banana,19,Bengaluru,Local,Binny Mill (FF&V) Bengaluru APMC,6200,1000,1750,Karnataka,Elakki Bale,2026,6,1
2026-06-09,Brinjal,35,Bengaluru,Local,Binny Mill (FF&V) Bengaluru APMC,3200,2800,3000,Karnataka,Brinjal,2026,6,1
2026-06-15,Mango,20,Bengaluru,Local,Binny Mill (FF&V) Bengaluru APMC,3000,2000,2500,Karnataka,Raspuri,2026,6,0
2026-06-23,Mango,20,Bengaluru,Local,Binny Mill (FF&V) Bengaluru APMC,3000,2000,2500,Karnataka,Raspuri,2026,6,1
2026-06-24,Mango,20,Bengaluru,Local,Binny Mill (FF&V) Bengaluru APMC,3000,2000,2500,Karnataka,Raspuri,2026,6,2
2026-06-04,Carrot,153,Bengaluru,Local,Binny Mill (FF&V) Bengaluru APMC,5100,4300,4800,Karnataka,Carrot,2026,6,3
2026-06-08,Carrot,153,Bengaluru,Local,Binny Mill (FF&V) Bengaluru APMC,5000,4500,4700,Karnataka,Carrot,2026,6,0
2026-06-03,Banana,19,Bengaluru,Local,Binny Mill (FF&V) Bengaluru APMC,2500,600,1550,Karnataka,Pachha Bale,2026,6,2
2026-06-04,Banana,19,Bengaluru,Local,Binny Mill (FF&V) Bengaluru APMC,2600,600,1600,Karnataka,Pachha Bale,2026,6,3
2026-06-06,Banana,19,Bengaluru,Local,Binny Mill (FF&V) Bengaluru APMC,2600,600,1600,Karnataka,Pachha Bale,2026,6,5
2026-06-11,Banana,19,Bengaluru,Local,Binny Mill (FF&V) Bengaluru APMC,2500,600,1550,Karnataka,Pachha Bale,2026,6,3
2026-06-23,Banana,19,Bengaluru,Local,Binny Mill (FF&V) Bengaluru APMC,2500,600,1550,Karnataka,Pachha Bale,2026,6,1
2026-06-25,Banana,19,Bengaluru,Local,Binny Mill (FF&V) Bengaluru APMC,2600,600,1600,Karnataka,Pachha Bale,2026,6,3
2026-06-29,Banana,19,Bengaluru,Local,Binny Mill (FF&V) Bengaluru APMC,3000,600,1800,Karnataka,Pachha Bale,2026,6,0
2026-06-09,Mango,20,Bengaluru,Local,Binny Mill (FF&V) Bengaluru APMC,1400,800,1000,Karnataka,Totapuri,2026,6,1
2026-06-22,Mango,20,Bengaluru,Local,Binny Mill (FF&V) Bengaluru APMC,1200,800,1000,Karnataka,Totapuri,2026,6,0
2026-06-20,Mango,20,Bengaluru,Local,Binny Mill (FF&V) Bengaluru APMC,1200,800,1000,Karnataka,Totapuri,2026,6,5
2026-06-29,Mango,20,Bengaluru,Local,Binny Mill (FF&V) Bengaluru APMC,1000,700,800,Karnataka,Totapuri,2026,6,0
2026-06-20,Brinjal,35,Bengaluru,Local,Binny Mill (FF&V) Bengaluru APMC,3900,3500,3700,Karnataka,Brinjal,2026,6,5
2026-06-29,Brinjal,35,Bengaluru,Local,Binny Mill (FF&V) Bengaluru APMC,4000,3500,3700,Karnataka,Brinjal,2026,6,0
2026-06-01,Carrot,153,Bengaluru,Local,Binny Mill (FF&V) Bengaluru APMC,4500,3500,4000,Karnataka,Carrot,2026,6,0
2026-06-11,Carrot,153,Bengaluru,Local,Binny Mill (FF&V) Bengaluru APMC,5000,4500,4700,Karnataka,Carrot,2026,6,3
2026-06-29,Carrot,153,Bengaluru,Local,Binny Mill (FF&V) Bengaluru APMC,6000,5000,5500,Karnataka,Carrot,2026,6,0
2026-07-04,Tomato,78,Bengaluru,Local,Binny Mill (FF&V) Bengaluru APMC,2400,2000,2200,Karnataka,Tomato,2026,7,5
2026-07-15,Tomato,78,Bengaluru,Local,Binny Mill (FF&V) Bengaluru APMC,1600,1400,1500,Karnataka,Tomato,2026,7,2
2026-07-15,Brinjal,35,Bengaluru,Local,Binny Mill (FF&V) Bengaluru APMC,2600,2300,2400,Karnataka,Brinjal,2026,7,2
2026-07-17,Brinjal,35,Bengaluru,Local,Binny Mill (FF&V) Bengaluru APMC,2600,2300,2400,Karnataka,Brinjal,2026,7,4
2026-07-03,Brinjal,35,Bengaluru,Local,Binny Mill (FF&V) Bengaluru APMC,4000,3500,3700,Karnataka,Brinjal,2026,7,4
2026-07-22,Onion,23,Bengaluru,Local,Bengaluru APMC,3200,2000,2600,Karnataka,Puna,2026,7,2
2026-07-29,Onion,23,Bengaluru,Local,Bengaluru APMC,3200,2000,2600,Karnataka,Puna,2026,7,2
2026-08-05,Onion,23,Bengaluru,Local,Bengaluru APMC,3400,2000,2800,Karnataka,Puna,2026,8,2
2026-07-01,Onion,23,Bengaluru,Large,Bengaluru APMC,2600,1800,2200,Karnataka,Onion,2026,7,2
2026-07-03,Onion,23,Bengaluru,Large,Bengaluru APMC,2600,1800,2200,Karnataka,Onion,2026,7,4
2026-07-07,Onion,23,Bengaluru,Large,Bengaluru APMC,2800,1800,2400,Karnataka,Onion,2026,7,1
2026-07-15,Onion,23,Bengaluru,Large,Bengaluru APMC,2800,1800,2400,Karnataka,Onion,2026,7,2
2026-07-17,Onion,23,Bengaluru,Large,Bengaluru APMC,2800,1800,2400,Karnataka,Onion,2026,7,4
2026-07-21,Onion,23,Bengaluru,Large,Bengaluru APMC,2800,2400,2500,Karnataka,Onion,2026,7,1
2026-07-31,Onion,23,Bengaluru,Large,Bengaluru APMC,2800,2400,2500,Karnataka,Onion,2026,7,4
2026-07-29,Onion,23,Bengaluru,Large,Bengaluru APMC,2800,2400,2500,Karnataka,Onion,2026,7,2
2026-07-07,Onion,23,Bengaluru,Medium,Bengaluru APMC,2200,1500,1800,Karnataka,Local,2026,7,1
2026-07-08,Onion,23,Bengaluru,Medium,Bengaluru APMC,2200,1500,1800,Karnataka,Local,2026,7,2
2026-07-15,Onion,23,Bengaluru,Medium,Bengaluru APMC,2200,1500,1800,Karnataka,Local,2026,7,2
2026-07-18,Onion,23,Bengaluru,Medium,Bengaluru APMC,2200,1500,1800,Karnataka,Local,2026,7,5
2026-07-22,Onion,23,Bengaluru,Medium,Bengaluru APMC,2200,1400,2000,Karnataka,Local,2026,7,2
2026-07-23,Onion,23,Bengaluru,Medium,Bengaluru APMC,2200,1400,2000,Karnataka,Local,2026,7,3
2026-07-28,Onion,23,Bengaluru,Medium,Bengaluru APMC,2200,1400,2000,Karnataka,Local,2026,7,1
2026-07-09,Brinjal,35,Bengaluru,Local,Binny Mill (FF&V) Bengaluru APMC,2500,2000,2400,Karnataka,Brinjal,2026,7,3
2026-07-03,Banana,19,Bengaluru,Local,Binny Mill (FF&V) Bengaluru APMC,2600,600,1600,Karnataka,Pachha Bale,2026,7,4
2026-07-06,Banana,19,Bengaluru,Local,Binny Mill (FF&V) Bengaluru APMC,2600,600,1600,Karnataka,Pachha Bale,2026,7,0
2026-07-18,Banana,19,Bengaluru,Local,Binny Mill (FF&V) Bengaluru APMC,3000,600,1800,Karnataka,Pachha Bale,2026,7,5
2026-07-23,Banana,19,Bengaluru,Local,Binny Mill (FF&V) Bengaluru APMC,2800,600,1700,Karnataka,Pachha Bale,2026,7,3
2026-07-29,Banana,19,Bengaluru,Local,Binny Mill (FF&V) Bengaluru APMC,2500,600,1550,Karnataka,Pachha Bale,2026,7,2
2026-08-01,Banana,19,Bengaluru,Local,Binny Mill (FF&V) Bengaluru APMC,3000,600,1800,Karnataka,Pachha Bale,2026,8,5
2026-08-07,Banana,19,Bengaluru,Local,Binny Mill (FF&V) Bengaluru APMC,2800,600,1700,Karnataka,Pachha Bale,2026,8,4
2026-07-04,Mango,20,Bengaluru,Local,Binny Mill (FF&V) Bengaluru APMC,5500,2500,4500,Karnataka,Badami,2026,7,5
2026-07-01,Mango,20,Bengaluru,Local,Binny Mill (FF&V) Bengaluru APMC,3000,1500,2000,Karnataka,Neelam,2026,7,2
2026-07-02,Mango,20,Bengaluru,Local,Binny Mill (FF&V) Bengaluru APMC,2500,1500,2000,Karnataka,Neelam,2026,7,3
2026-07-09,Mango,20,Bengaluru,Local,Binny Mill (FF&V) Bengaluru APMC,3500,1500,2500,Karnataka,Neelam,2026,7,3
2026-07-10,Mango,20,Bengaluru,Local,Binny Mill (FF&V) Bengaluru APMC,2500,1500,2000,Karnataka,Neelam,2026,7,4
2026-07-15,Mango,20,Bengaluru,Local,Binny Mill (FF&V) Bengaluru APMC,3000,2000,2500,Karnataka,Neelam,2026,7,2
2026-07-21,Mango,20,Bengaluru,Local,Binny Mill (FF&V) Bengaluru APMC,3500,1500,2500,Karnataka,Neelam,2026,7,1
2026-07-06,Banana,19,Bengaluru,Local,Binny Mill (FF&V) Bengaluru APMC,2600,1000,1800,Karnataka,Nendra Bale,2026,7,0
2026-07-08,Banana,19,Bengaluru,Local,Binny Mill (FF&V) Bengaluru APMC,2600,1000,1800,Karnataka,Nendra Bale,2026,7,2
2026-07-09,Banana,19,Bengaluru,Local,Binny Mill (FF&V) Bengaluru APMC,2700,1000,1850,Karnataka,Nendra Bale,2026,7,3
2026-07-14,Banana,19,Bengaluru,Local,Binny Mill (FF&V) Bengaluru APMC,2400,1000,1700,Karnataka,Nendra Bale,2026,7,1
2026-07-15,Banana,19,Bengaluru,Local,Binny Mill (FF&V) Bengaluru APMC,2800,1000,1900,Karnataka,Nendra Bale,2026,7,2
2026-07-16,Banana,19,Bengaluru,Local,Binny Mill (FF&V) Bengaluru APMC,2900,1000,1950,Karnataka,Nendra Bale,2026,7,3
2026-07-24,Banana,19,Bengaluru,Local,Binny Mill (FF&V) Bengaluru APMC,2900,1000,1950,Karnataka,Nendra Bale,2026,7,4
2026-07-28,Banana,19,Bengaluru,Local,Binny Mill (FF&V) Bengaluru APMC,3000,1000,2000,Karnataka,Nendra Bale,2026,7,1
2026-08-03,Banana,19,Bengaluru,Local,Binny Mill (FF&V) Bengaluru APMC,2900,1000,1950,Karnataka,Nendra Bale,2026,8,0
2026-08-05,Banana,19,Bengaluru,Local,Binny Mill (FF&V) Bengaluru APMC,2900,1000,1950,Karnataka,Nendra Bale,2026,8,2
2026-07-03,Banana,19,Bengaluru,Local,Binny Mill (FF&V) Bengaluru APMC,6500,1000,3750,Karnataka,Elakki Bale,2026,7,4
2026-07-04,Banana,19,Bengaluru,Local,Binny Mill (FF&V) Bengaluru APMC,6600,1000,3800,Karnataka,Elakki Bale,2026,7,5
2026-07-06,Banana,19,Bengaluru,Local,Binny Mill (FF&V) Bengaluru APMC,6500,1000,3750,Karnataka,Elakki Bale,2026,7,0
2026-07-07,Banana,19,Bengaluru,Local,Binny Mill (FF&V) Bengaluru APMC,6600,1000,3800,Karnataka,Elakki Bale,2026,7,1
2026-07-22,Banana,19,Bengaluru,Local,Binny Mill (FF&V) Bengaluru APMC,7100,1000,1050,Karnataka,Elakki Bale,2026,7,2
2026-07-30,Banana,19,Bengaluru,Local,Binny Mill (FF&V) Bengaluru APMC,7100,1000,4050,Karnataka,Elakki Bale,2026,7,3
2026-08-04,Banana,19,Bengaluru,Local,Binny Mill (FF&V) Bengaluru APMC,7100,1000,4050,Karnataka,Elakki Bale,2026,8,1
2026-07-28,Banana,19,Bengaluru,Local,Binny Mill (FF&V) Bengaluru APMC,2900,700,1800,Karnataka,Nauti Bale,2026,7,1
2026-07-30,Banana,19,Bengaluru,Local,Binny Mill (FF&V) Bengaluru APMC,2800,700,1750,Karnataka,Nauti Bale,2026,7,3
2026-08-01,Banana,19,Bengaluru,Local,Binny Mill (FF&V) Bengaluru APMC,2500,1000,1750,Karnataka,Nauti Bale,2026,8,5
2026-08-04,Banana,19,Bengaluru,Local,Binny Mill (FF&V) Bengaluru APMC,3000,700,1850,Karnataka,Nauti Bale,2026,8,1
2026-08-07,Banana,19,Bengaluru,Local,Binny Mill (FF&V) Bengaluru APMC,2800,700,1750,Karnataka,Nauti Bale,2026,8,4
2026-07-01,Banana,19,Bengaluru,Local,Binny Mill (FF&V) Bengaluru APMC,2600,1000,1800,Karnataka,Nendra Bale,2026,7,2
2026-07-16,Onion,23,Bengaluru,Small,Bengaluru APMC,1500,1000,1200,Karnataka,Bangalore-Samall,2026,7,3
2026-07-31,Onion,23,Bengaluru,Small,Bengaluru APMC,1500,1000,1200,Karnataka,Bangalore-Samall,2026,7,4
2026-07-28,Onion,23,Bengaluru,Small,Bengaluru APMC,1500,1000,1200,Karnataka,Bangalore-Samall,2026,7,1
2026-07-03,Mango,20,Bengaluru,Local,Binny Mill (FF&V) Bengaluru APMC,1000,700,900,Karnataka,Totapuri,2026,7,4
2026-07-04,Mango,20,Bengaluru,Local,Binny Mill (FF&V) Bengaluru APMC,1200,800,1000,Karnataka,Totapuri,2026,7,5
2026-07-13,Mango,20,Bengaluru,Local,Binny Mill (FF&V) Bengaluru APMC,1200,800,1000,Karnataka,Totapuri,2026,7,0
2026-07-14,Mango,20,Bengaluru,Local,Binny Mill (FF&V) Bengaluru APMC,1200,800,1000,Karnataka,Totapuri,2026,7,1
2026-07-30,Mango,20,Bengaluru,Local,Binny Mill (FF&V) Bengaluru APMC,1200,800,1000,Karnataka,Totapuri,2026,7,3
2026-07-04,Potato,24,Bengaluru,Medium,Bengaluru APMC,2000,1600,1700,Karnataka,Local,2026,7,5
2026-07-07,Potato,24,Bengaluru,Medium,Bengaluru APMC,2000,1600,1700,Karnataka,Local,2026,7,1
2026-07-11,Potato,24,Bengaluru,Medium,Bengaluru APMC,2000,1600,1700,Karnataka,Local,2026,7,5
2026-08-01,Potato,24,Bengaluru,Medium,Bengaluru APMC,2100,1800,1900,Karnataka,Local,2026,8,5
2026-08-03,Potato,24,Bengaluru,Medium,Bengaluru APMC,2800,1200,2000,Karnataka,Local,2026,8,0
2026-08-06,Potato,24,Bengaluru,Medium,Bengaluru APMC,2800,1200,2000,Karnataka,Local,2026,8,3
2026-08-05,Potato,24,Bengaluru,Medium,Bengaluru APMC,2800,1200,2000,Karnataka,Local,2026,8,2
2026-08-07,Potato,24,Bengaluru,Medium,Bengaluru APMC,2800,1200,2000,Karnataka,Local,2026,8,4
2026-07-21,Tomato,78,Bengaluru,Local,Binny Mill (FF&V) Bengaluru APMC,1700,1500,1600,Karnataka,Tomato,2026,7,1
2026-07-23,Tomato,78,Bengaluru,Local,Binny Mill (FF&V) Bengaluru APMC,1800,1600,1700,Karnataka,Tomato,2026,7,3
2026-08-01,Tomato,78,Bengaluru,Local,Binny Mill (FF&V) Bengaluru APMC,2100,1900,2000,Karnataka,Tomato,2026,8,5
2026-08-03,Tomato,78,Bengaluru,Local,Binny Mill (FF&V) Bengaluru APMC,2100,1900,2000,Karnataka,Tomato,2026,8,0
2026-08-07,Tomato,78,Bengaluru,Local,Binny Mill (FF&V) Bengaluru APMC,2000,1800,1900,Karnataka,Tomato,2026,8,4
2026-07-01,Potato,24,Bengaluru,Medium,Bengaluru APMC,2200,800,1500,Karnataka,Potato,2026,7,2
2026-07-11,Potato,24,Bengaluru,Medium,Bengaluru APMC,2000,1000,1600,Karnataka,Potato,2026,7,5
2026-07-15,Potato,24,Bengaluru,Medium,Bengaluru APMC,2000,800,1600,Karnataka,Potato,2026,7,2
2026-07-23,Potato,24,Bengaluru,Medium,Bengaluru APMC,2400,1000,2000,Karnataka,Potato,2026,7,3
2026-08-01,Potato,24,Bengaluru,Medium,Bengaluru APMC,2400,1000,2000,Karnataka,Potato,2026,8,5
2026-07-09,Carrot,153,Bengaluru,Local,Binny Mill (FF&V) Bengaluru APMC,5500,4500,5000,Karnataka,Carrot,2026,7,3
2026-07-02,Rice,3,Bengaluru,Medium,Bengaluru APMC,3300,3100,3200,Karnataka,Dappa,2026,7,3
2026-07-03,Rice,3,Bengaluru,Medium,Bengaluru APMC,3300,3100,3200,Karnataka,Dappa,2026,7,4
2026-07-10,Rice,3,Bengaluru,Medium,Bengaluru APMC,4300,3800,4050,Karnataka,Dappa,2026,7,4
2026-07-14,Rice,3,Bengaluru,Medium,Bengaluru APMC,4300,3800,4050,Karnataka,Dappa,2026,7,1
2026-07-15,Rice,3,Bengaluru,Medium,Bengaluru APMC,4300,3800,4050,Karnataka,Dappa,2026,7,2
2026-07-16,Rice,3,Bengaluru,Medium,Bengaluru APMC,4300,3800,4050,Karnataka,Dappa,2026,7,3
2026-07-20,Rice,3,Bengaluru,Medium,Bengaluru APMC,4300,3800,4050,Karnataka,Dappa,2026,7,0
2026-07-21,Rice,3,Bengaluru,Medium,Bengaluru APMC,3300,3100,3200,Karnataka,Dappa,2026,7,1
2026-07-22,Rice,3,Bengaluru,Medium,Bengaluru APMC,3300,3100,3200,Karnataka,Dappa,2026,7,2
2026-07-28,Rice,3,Bengaluru,Medium,Bengaluru APMC,3300,3100,3200,Karnataka,Dappa,2026,7,1
2026-07-30,Rice,3,Bengaluru,Medium,Bengaluru APMC,3300,3100,3200,Karnataka,Dappa,2026,7,3
2026-07-31,Rice,3,Bengaluru,Medium,Bengaluru APMC,3300,3100,3200,Karnataka,Dappa,2026,7,4
2026-08-04,Rice,3,Bengaluru,Medium,Bengaluru APMC,3100,3000,3050,Karnataka,Dappa,2026,8,1
2026-07-02,Rice,3,Bengaluru,Medium,Bengaluru APMC,6000,5200,5600,Karnataka,Fine,2026,7,3
2026-07-04,Rice,3,Bengaluru,Medium,Bengaluru APMC,6000,5200,5600,Karnataka,Fine,2026,7,5
2026-07-13,Rice,3,Bengaluru,Medium,Bengaluru APMC,6200,5800,6000,Karnataka,Fine,2026,7,0
2026-07-17,Rice,3,Bengaluru,Medium,Bengaluru APMC,6200,5800,6000,Karnataka,Fine,2026,7,4
2026-07-21,Rice,3,Bengaluru,Medium,Bengaluru APMC,6500,5800,6150,Karnataka,Fine,2026,7,1
2026-07-06,Maize,4,Bengaluru,FAQ,Bengaluru APMC,2800,2400,2600,Karnataka,Hybrid/Local,2026,7,0
2026-07-28,Maize,4,Bengaluru,FAQ,Bengaluru APMC,3000,2700,2850,Karnataka,Hybrid/Local,2026,7,1
2026-08-06,Maize,4,Bengaluru,FAQ,Bengaluru APMC,3000,2900,2950,Karnataka,Hybrid/Local,2026,8,3
2026-07-31,Rice,3,Bengaluru,Medium,Bengaluru APMC,6500,5800,6150,Karnataka,Fine,2026,7,4
2026-07-21,Rice,3,Bengaluru,Medium,Bengaluru APMC,5600,5400,5500,Karnataka,Medium,2026,7,1
2026-07-29,Rice,3,Bengaluru,Medium,Bengaluru APMC,5600,5400,5500,Karnataka,Medium,2026,7,2
2026-08-06,Rice,3,Bengaluru,Medium,Bengaluru APMC,6000,5000,5500,Karnataka,Medium,2026,8,3
2026-07-29,Brinjal,35,Bengaluru,Local,Binny Mill (FF&V) Bengaluru APMC,3100,2600,2900,Karnataka,Brinjal,2026,7,2
2026-08-06,Brinjal,35,Bengaluru,Local,Binny Mill (FF&V) Bengaluru APMC,2800,2200,2400,Karnataka,Brinjal,2026,8,3
2026-07-10,Carrot,153,Bengaluru,Local,Binny Mill (FF&V) Bengaluru APMC,5500,4500,5000,Karnataka,Carrot,2026,7,4
2026-07-17,Carrot,153,Bengaluru,Local,Binny Mill (FF&V) Bengaluru APMC,5500,4500,5000,Karnataka,Carrot,2026,7,4
2026-07-04,Cabbage,154,Bengaluru,Local,Binny Mill (FF&V) Bengaluru APMC,2000,1800,1900,Karnataka,Cabbage,2026,7,5
2026-07-22,Carrot,153,Bengaluru,Local,Binny Mill (FF&V) Bengaluru APMC,6500,5500,6000,Karnataka,Carrot,2026,7,2
2026-07-27,Carrot,153,Bengaluru,Local,Binny Mill (FF&V) Bengaluru APMC,7000,6000,6500,Karnataka,Carrot,2026,7,0
2026-07-14,Cabbage,154,Bengaluru,Local,Binny Mill (FF&V) Bengaluru APMC,2100,1900,2000,Karnataka,Cabbage,2026,7,1
2026-07-27,Cabbage,154,Bengaluru,Local,Binny Mill (FF&V) Bengaluru APMC,1800,1600,1700,Karnataka,Cabbage,2026,7,0
2026-07-28,Cabbage,154,Bengaluru,Local,Binny Mill (FF&V) Bengaluru APMC,1800,1600,1700,Karnataka,Cabbage,2026,7,1
2026-07-29,Cabbage,154,Bengaluru,Local,Binny Mill (FF&V) Bengaluru APMC,1800,1600,1700,Karnataka,Cabbage,2026,7,2
2026-08-03,Carrot,153,Bengaluru,Local,Binny Mill (FF&V) Bengaluru APMC,7000,6000,6500,Karnataka,Carrot,2026,8,0
2026-08-05,Carrot,153,Bengaluru,Local,Binny Mill (FF&V) Bengaluru APMC,7000,6000,6500,Karnataka,Carrot,2026,8,2
2026-07-15,Cabbage,154,Bengaluru,Local,Binny Mill (FF&V) Bengaluru APMC,1600,1400,1500,Karnataka,Cabbage,2026,7,2
2026-07-22,Cabbage,154,Bengaluru,Local,Binny Mill (FF&V) Bengaluru APMC,1800,1600,1700,Karnataka,Cabbage,2026,7,2
2026-04-27,Mango,20,Bengaluru,Local,"Binny Mill (F&V), Bengaluru APMC",3000,2000,2500,Karnataka,Keshar,2026,4,0
2026-04-29,Mango,20,Bengaluru,Local,"Binny Mill (F&V), Bengaluru APMC",3000,2000,2500,Karnataka,Keshar,2026,4,2
2026-04-30,Mango,20,Bengaluru,Local,"Binny Mill (F&V), Bengaluru APMC",3000,2000,2500,Karnataka,Keshar,2026,4,3
2026-04-13,Brinjal,35,Bengaluru,Local,"Binny Mill (F&V), Bengaluru APMC",2400,2000,2200,Karnataka,Brinjal,2026,4,0
2026-04-16,Brinjal,35,Bengaluru,Local,"Binny Mill (F&V), Bengaluru APMC",2700,2300,2500,Karnataka,Brinjal,2026,4,3
2026-04-02,Onion,23,Bengaluru,Medium,Bengaluru APMC,800,500,600,Karnataka,Local,2026,4,3
2026-04-03,Onion,23,Bengaluru,Medium,Bengaluru APMC,800,500,600,Karnataka,Local,2026,4,4
2026-04-04,Onion,23,Bengaluru,Medium,Bengaluru APMC,800,500,600,Karnataka,Local,2026,4,5
2026-04-08,Onion,23,Bengaluru,Medium,Bengaluru APMC,800,500,600,Karnataka,Local,2026,4,2
2026-04-17,Onion,23,Bengaluru,Medium,Bengaluru APMC,800,500,600,Karnataka,Local,2026,4,4
2026-04-28,Onion,23,Bengaluru,Medium,Bengaluru APMC,1000,600,800,Karnataka,Local,2026,4,1
2026-04-09,Onion,23,Bengaluru,Small,Bengaluru APMC,500,200,300,Karnataka,Bangalore-Samall,2026,4,3
2026-04-24,Onion,23,Bengaluru,Small,Bengaluru APMC,600,300,400,Karnataka,Bangalore-Samall,2026,4,4
2026-04-21,Mango,20,Bengaluru,Local,"Binny Mill (F&V), Bengaluru APMC",4000,3000,3500,Karnataka,Raspuri,2026,4,1
2026-04-22,Mango,20,Bengaluru,Local,"Binny Mill (F&V), Bengaluru APMC",4000,3000,3500,Karnataka,Raspuri,2026,4,2
2026-04-30,Mango,20,Bengaluru,Local,"Binny Mill (F&V), Bengaluru APMC",4000,2000,3000,Karnataka,Raspuri,2026,4,3
2026-04-22,Mango,20,Bengaluru,Local,"Binny Mill (F&V), Bengaluru APMC",3000,2000,2500,Karnataka,Totapuri,2026,4,2
2026-04-23,Mango,20,Bengaluru,Local,"Binny Mill (F&V), Bengaluru APMC",3000,2000,2500,Karnataka,Totapuri,2026,4,3
2026-04-01,Banana,19,Bengaluru,Local,"Binny Mill (F&V), Bengaluru APMC",1600,700,1150,Karnataka,Nauti Bale,2026,4,2
2026-04-08,Banana,19,Bengaluru,Local,"Binny Mill (F&V), Bengaluru APMC",1700,700,1200,Karnataka,Nauti Bale,2026,4,2
2026-04-21,Banana,19,Bengaluru,Local,"Binny Mill (F&V), Bengaluru APMC",2100,700,1400,Karnataka,Nauti Bale,2026,4,1
2026-04-01,Banana,19,Bengaluru,Local,"Binny Mill (F&V), Bengaluru APMC",2000,1000,1500,Karnataka,Nendra Bale,2026,4,2
2026-04-16,Banana,19,Bengaluru,Local,"Binny Mill (F&V), Bengaluru APMC",2000,1000,1500,Karnataka,Nendra Bale,2026,4,3
2026-04-08,Banana,19,Bengaluru,Local,"Binny Mill (F&V), Bengaluru APMC",4200,1000,2600,Karnataka,Elakki Bale,2026,4,2
2026-04-13,Banana,19,Bengaluru,Local,"Binny Mill (F&V), Bengaluru APMC",4100,1000,2550,Karnataka,Elakki Bale,2026,4,0
2026-04-22,Banana,19,Bengaluru,Local,"Binny Mill (F&V), Bengaluru APMC",4500,1000,2750,Karnataka,Elakki Bale,2026,4,2
2026-04-24,Banana,19,Bengaluru,Local,"Binny Mill (F&V), Bengaluru APMC",4500,1000,2750,Karnataka,Elakki Bale,2026,4,4
2026-04-28,Banana,19,Bengaluru,Local,"Binny Mill (F&V), Bengaluru APMC",4400,1000,2700,Karnataka,Elakki Bale,2026,4,1
2026-04-29,Banana,19,Bengaluru,Local,"Binny Mill (F&V), Bengaluru APMC",4500,1000,2750,Karnataka,Elakki Bale,2026,4,2
2026-04-06,Banana,19,Bengaluru,Local,"Binny Mill (F&V), Bengaluru APMC",1900,600,1250,Karnataka,Pachha Bale,2026,4,0
2026-04-10,Banana,19,Bengaluru,Local,"Binny Mill (F&V), Bengaluru APMC",1900,600,1250,Karnataka,Pachha Bale,2026,4,4
2026-04-16,Banana,19,Bengaluru,Local,"Binny Mill (F&V), Bengaluru APMC",2000,600,1300,Karnataka,Pachha Bale,2026,4,3
2026-04-18,Banana,19,Bengaluru,Local,"Binny Mill (F&V), Bengaluru APMC",2000,600,1300,Karnataka,Pachha Bale,2026,4,5
2026-04-27,Banana,19,Bengaluru,Local,"Binny Mill (F&V), Bengaluru APMC",1800,600,1200,Karnataka,Pachha Bale,2026,4,0
2026-04-09,Onion,23,Bengaluru,Large,Bengaluru APMC,1300,800,1000,Karnataka,Onion,2026,4,3
2026-04-16,Onion,23,Bengaluru,Large,Bengaluru APMC,1300,1000,1100,Karnataka,Onion,2026,4,3
2026-04-22,Potato,24,Bengaluru,Medium,Bengaluru APMC,1200,800,1000,Karnataka,Local,2026,4,2
2026-04-21,Potato,24,Bengaluru,Medium,Bengaluru APMC,1200,800,1000,Karnataka,Local,2026,4,1
2026-04-27,Potato,24,Bengaluru,Medium,Bengaluru APMC,1600,1300,1400,Karnataka,Local,2026,4,0
2026-04-30,Potato,24,Bengaluru,Medium,Bengaluru APMC,1600,1300,1400,Karnataka,Local,2026,4,3
2026-04-07,Onion,23,Bengaluru,Local,Bengaluru APMC,1500,800,1200,Karnataka,Puna,2026,4,1
2026-04-16,Onion,23,Bengaluru,Local,Bengaluru APMC,1300,800,1100,Karnataka,Puna,2026,4,3
2026-04-15,Onion,23,Bengaluru,Local,Bengaluru APMC,1300,800,1100,Karnataka,Puna,2026,4,2
2026-04-18,Onion,23,Bengaluru,Local,Bengaluru APMC,1300,800,1100,Karnataka,Puna,2026,4,5
2026-04-17,Onion,23,Bengaluru,Local,Bengaluru APMC,1300,800,1100,Karnataka,Puna,2026,4,4
2026-04-27,Onion,23,Bengaluru,Local,Bengaluru APMC,1400,800,1000,Karnataka,Puna,2026,4,0
2026-04-28,Onion,23,Bengaluru,Medium,Bengaluru APMC,1400,800,1000,Karnataka,Puna,2026,4,1
2026-04-07,Onion,23,Bengaluru,Large,Bengaluru APMC,1300,800,1000,Karnataka,Onion,2026,4,1
2026-04-24,Onion,23,Bengaluru,Large,Bengaluru APMC,1300,1000,1100,Karnataka,Onion,2026,4,4
2026-04-18,Tomato,78,Bengaluru,Local,"Binny Mill (F&V), Bengaluru APMC",2300,1900,2100,Karnataka,Tomato,2026,4,5
2026-04-28,Tomato,78,Bengaluru,Local,"Binny Mill (F&V), Bengaluru APMC",2600,2000,2400,Karnataka,Tomato,2026,4,1
2026-04-27,Tomato,78,Bengaluru,Local,"Binny Mill (F&V), Bengaluru APMC",2600,2000,2400,Karnataka,Tomato,2026,4,0
2026-04-08,Brinjal,35,Bengaluru,Local,"Binny Mill (F&V), Bengaluru APMC",2200,2000,2100,Karnataka,Brinjal,2026,4,2
2026-04-17,Potato,24,Bengaluru,Medium,Bengaluru APMC,1800,800,1300,Karnataka,Potato,2026,4,4
2026-04-23,Potato,24,Bengaluru,Medium,Bengaluru APMC,1800,800,1300,Karnataka,Potato,2026,4,3
2026-04-24,Potato,24,Bengaluru,Medium,Bengaluru APMC,1800,800,1300,Karnataka,Potato,2026,4,4
2026-04-30,Carrot,153,Bengaluru,Local,"Binny Mill (F&V), Bengaluru APMC",2600,2000,2400,Karnataka,Carrot,2026,4,3
2026-04-29,Cabbage,154,Bengaluru,Local,"Binny Mill (F&V), Bengaluru APMC",1100,900,1000,Karnataka,Cabbage,2026,4,2
2026-04-21,Cabbage,154,Bengaluru,Local,"Binny Mill (F&V), Bengaluru APMC",1100,900,1000,Karnataka,Cabbage,2026,4,1
2026-04-27,Cabbage,154,Bengaluru,Local,"Binny Mill (F&V), Bengaluru APMC",1200,1000,1100,Karnataka,Cabbage,2026,4,0
2026-04-23,Cabbage,154,Bengaluru,Local,"Binny Mill (F&V), Bengaluru APMC",900,700,800,Karnataka,Cabbage,2026,4,3
2026-04-02,Maize,4,Bengaluru,FAQ,Bengaluru APMC,2300,2100,2200,Karnataka,Hybrid/Local,2026,4,3
2026-04-03,Maize,4,Bengaluru,FAQ,Bengaluru APMC,2300,2100,2200,Karnataka,Hybrid/Local,2026,4,4
2026-04-08,Maize,4,Bengaluru,FAQ,Bengaluru APMC,2400,2200,2300,Karnataka,Hybrid/Local,2026,4,2
2026-04-10,Maize,4,Bengaluru,FAQ,Bengaluru APMC,2400,2200,2300,Karnataka,Hybrid/Local,2026,4,4
2026-04-11,Maize,4,Bengaluru,FAQ,Bengaluru APMC,2400,2200,2300,Karnataka,Hybrid/Local,2026,4,5
2026-04-22,Maize,4,Bengaluru,FAQ,Bengaluru APMC,2400,2200,2300,Karnataka,Hybrid/Local,2026,4,2
2026-04-30,Maize,4,Bengaluru,FAQ,Bengaluru APMC,2300,2100,2200,Karnataka,Hybrid/Local,2026,4,3
2026-04-15,Maize,4,Bengaluru,FAQ,Bengaluru APMC,4000,3800,3900,Karnataka,Pro Agro 4212,2026,4,2
2026-04-17,Rice,3,Bengaluru,Medium,Bengaluru APMC,5800,5500,5650,Karnataka,Fine,2026,4,4
2026-04-23,Rice,3,Bengaluru,Medium,Bengaluru APMC,5800,5500,5650,Karnataka,Fine,2026,4,3
2026-04-25,Rice,3,Bengaluru,Medium,Bengaluru APMC,5800,5500,5650,Karnataka,Fine,2026,4,5
2026-04-17,Rice,3,Bengaluru,Medium,Bengaluru APMC,5500,5300,5400,Karnataka,Medium,2026,4,4
2026-04-20,Rice,3,Bengaluru,Medium,Bengaluru APMC,5500,5300,5400,Karnataka,Medium,2026,4,0
2026-04-23,Rice,3,Bengaluru,Medium,Bengaluru APMC,5500,5300,5400,Karnataka,Medium,2026,4,3
2026-04-30,Rice,3,Bengaluru,Medium,Bengaluru APMC,6000,5300,5650,Karnataka,Medium,2026,4,3
2026-05-30,Brinjal,35,Bengaluru,Local,"Binny Mill (F&V), Bengaluru APMC",3500,3300,3400,Karnataka,Brinjal,2026,5,5
2026-05-25,Onion,23,Bengaluru,Large,Bengaluru APMC,1400,1000,1200,Karnataka,Onion,2026,5,0
2026-05-02,Rice,3,Bengaluru,Medium,Bengaluru APMC,6000,5300,5650,Karnataka,Medium,2026,5,5
2026-05-08,Rice,3,Bengaluru,Medium,Bengaluru APMC,6000,5300,5650,Karnataka,Medium,2026,5,4
2026-05-16,Rice,3,Bengaluru,Medium,Bengaluru APMC,6000,5300,5650,Karnataka,Medium,2026,5,5
2026-05-19,Rice,3,Bengaluru,Medium,Bengaluru APMC,6000,5300,5650,Karnataka,Medium,2026,5,1
2026-05-18,Rice,3,Bengaluru,Medium,Bengaluru APMC,6000,5300,5650,Karnataka,Medium,2026,5,0
2026-05-20,Rice,3,Bengaluru,Medium,Bengaluru APMC,6000,5300,5650,Karnataka,Medium,2026,5,2
2026-05-27,Rice,3,Bengaluru,Medium,Bengaluru APMC,6000,5300,5650,Karnataka,Medium,2026,5,2
2026-05-15,Maize,4,Bengaluru,FAQ,Bengaluru APMC,2500,2300,2400,Karnataka,Hybrid/Local,2026,5,4
2026-05-21,Brinjal,35,Bengaluru,Local,"Binny Mill (F&V), Bengaluru APMC",3000,2800,2900,Karnataka,Brinjal,2026,5,3
2026-05-02,Brinjal,35,Bengaluru,Local,"Binny Mill (F&V), Bengaluru APMC",3100,2600,2900,Karnataka,Brinjal,2026,5,5
2026-05-07,Brinjal,35,Bengaluru,Local,"Binny Mill (F&V), Bengaluru APMC",3200,3000,3100,Karnataka,Brinjal,2026,5,3
2026-05-12,Brinjal,35,Bengaluru,Local,"Binny Mill (F&V), Bengaluru APMC",3300,2900,3100,Karnataka,Brinjal,2026,5,1
2026-05-15,Brinjal,35,Bengaluru,Local,"Binny Mill (F&V), Bengaluru APMC",3300,3000,3200,Karnataka,Brinjal,2026,5,4
2026-05-16,Brinjal,35,Bengaluru,Local,"Binny Mill (F&V), Bengaluru APMC",3300,3000,3200,Karnataka,Brinjal,2026,5,5
2026-05-19,Brinjal,35,Bengaluru,Local,"Binny Mill (F&V), Bengaluru APMC",3300,3000,3200,Karnataka,Brinjal,2026,5,1
2026-05-05,Onion,23,Bengaluru,Medium,Bengaluru APMC,1000,600,800,Karnataka,Local,2026,5,1
2026-05-09,Onion,23,Bengaluru,Medium,Bengaluru APMC,1000,600,800,Karnataka,Local,2026,5,5
2026-05-11,Onion,23,Bengaluru,Medium,Bengaluru APMC,1000,600,800,Karnataka,Local,2026,5,0
2026-05-06,Potato,24,Bengaluru,Medium,Bengaluru APMC,1400,1200,1300,Karnataka,Local,2026,5,2
2026-05-05,Potato,24,Bengaluru,Medium,Bengaluru APMC,1400,1200,1300,Karnataka,Local,2026,5,1
2026-05-09,Potato,24,Bengaluru,Medium,Bengaluru APMC,1400,1200,1300,Karnataka,Local,2026,5,5
2026-05-07,Potato,24,Bengaluru,Medium,Bengaluru APMC,1400,1200,1300,Karnataka,Local,2026,5,3
2026-05-18,Potato,24,Bengaluru,Medium,Bengaluru APMC,1600,800,1300,Karnataka,Local,2026,5,0
2026-05-16,Onion,23,Bengaluru,Medium,Bengaluru APMC,1200,800,1000,Karnataka,Local,2026,5,5
2026-05-26,Onion,23,Bengaluru,Medium,Bengaluru APMC,1000,600,800,Karnataka,Local,2026,5,1
2026-05-11,Onion,23,Bengaluru,Large,Bengaluru APMC,1400,1000,1200,Karnataka,Onion,2026,5,0
2026-05-13,Onion,23,Bengaluru,Large,Bengaluru APMC,1600,1200,1300,Karnataka,Onion,2026,5,2
2026-05-05,Onion,23,Bengaluru,Small,Bengaluru APMC,600,200,400,Karnataka,Bangalore-Samall,2026,5,1
2026-05-09,Onion,23,Bengaluru,Small,Bengaluru APMC,600,200,400,Karnataka,Bangalore-Samall,2026,5,5
2026-05-11,Onion,23,Bengaluru,Small,Bengaluru APMC,600,200,400,Karnataka,Bangalore-Samall,2026,5,0
2026-05-07,Onion,23,Bengaluru,Small,Bengaluru APMC,600,200,400,Karnataka,Bangalore-Samall,2026,5,3
2026-05-13,Onion,23,Bengaluru,Small,Bengaluru APMC,600,200,400,Karnataka,Bangalore-Samall,2026,5,2
2026-05-15,Onion,23,Bengaluru,Small,Bengaluru APMC,600,200,400,Karnataka,Bangalore-Samall,2026,5,4
2026-05-19,Onion,23,Bengaluru,Small,Bengaluru APMC,600,200,400,Karnataka,Bangalore-Samall,2026,5,1
2026-05-07,Onion,23,Bengaluru,Large,Bengaluru APMC,1400,100,1200,Karnataka,Onion,2026,5,3
2026-05-23,Potato,24,Bengaluru,Medium,Bengaluru APMC,1200,400,900,Karnataka,Local,2026,5,5
2026-05-26,Potato,24,Bengaluru,Medium,Bengaluru APMC,1200,400,900,Karnataka,Local,2026,5,1
2026-05-29,Potato,24,Bengaluru,Medium,Bengaluru APMC,1200,400,900,Karnataka,Local,2026,5,4
2026-05-12,Rice,3,Bengaluru,Medium,Bengaluru APMC,4300,3800,4050,Karnataka,Dappa,2026,5,1
2026-05-23,Rice,3,Bengaluru,Medium,Bengaluru APMC,4300,3800,4050,Karnataka,Dappa,2026,5,5
2026-05-26,Rice,3,Bengaluru,Medium,Bengaluru APMC,4300,3800,4050,Karnataka,Dappa,2026,5,1
2026-05-23,Rice,3,Bengaluru,Medium,Bengaluru APMC,6600,6000,6300,Karnataka,Fine,2026,5,5
2026-05-21,Cabbage,154,Bengaluru,Local,"Binny Mill (F&V), Bengaluru APMC",1500,1300,1400,Karnataka,Cabbage,2026,5,3
2026-05-08,Cabbage,154,Bengaluru,Local,"Binny Mill (F&V), Bengaluru APMC",1100,1000,1000,Karnataka,Cabbage,2026,5,4
2026-05-12,Cabbage,154,Bengaluru,Local,"Binny Mill (F&V), Bengaluru APMC",1200,1000,1100,Karnataka,Cabbage,2026,5,1
2026-05-18,Cabbage,154,Bengaluru,Local,"Binny Mill (F&V), Bengaluru APMC",1500,1300,1400,Karnataka,Cabbage,2026,5,0
2026-05-22,Cabbage,154,Bengaluru,Local,"Binny Mill (F&V), Bengaluru APMC",1600,1400,1500,Karnataka,Cabbage,2026,5,4
2026-05-05,Tomato,78,Bengaluru,Local,"Binny Mill (F&V), Bengaluru APMC",3500,3000,3300,Karnataka,Tomato,2026,5,1
2026-05-15,Tomato,78,Bengaluru,Local,"Binny Mill (F&V), Bengaluru APMC",3400,3100,3300,Karnataka,Tomato,2026,5,4
2026-05-14,Tomato,78,Bengaluru,Local,"Binny Mill (F&V), Bengaluru APMC",3600,3200,3400,Karnataka,Tomato,2026,5,3
2026-05-21,Tomato,78,Bengaluru,Local,"Binny Mill (F&V), Bengaluru APMC",3400,3200,3300,Karnataka,Tomato,2026,5,3
2026-05-20,Tomato,78,Bengaluru,Local,"Binny Mill (F&V), Bengaluru APMC",3300,3000,3200,Karnataka,Tomato,2026,5,2
2026-05-30,Tomato,78,Bengaluru,Local,"Binny Mill (F&V), Bengaluru APMC",3800,3500,3700,Karnataka,Tomato,2026,5,5
2026-05-21,Maize,4,Bengaluru,FAQ,Bengaluru APMC,6000,4000,5000,Karnataka,Pro Agro 4212,2026,5,3
2026-05-25,Maize,4,Bengaluru,FAQ,Bengaluru APMC,6000,4000,5000,Karnataka,Pro Agro 4212,2026,5,0
2026-05-11,Potato,24,Bengaluru,Medium,Bengaluru APMC,2000,1000,1500,Karnataka,Potato,2026,5,0
2026-05-08,Potato,24,Bengaluru,Medium,Bengaluru APMC,2000,1000,1500,Karnataka,Potato,2026,5,4
2026-05-12,Potato,24,Bengaluru,Medium,Bengaluru APMC,2000,800,1500,Karnataka,Potato,2026,5,1
2026-05-21,Onion,23,Bengaluru,Local,Bengaluru APMC,1800,800,1400,Karnataka,Puna,2026,5,3
2026-05-04,Onion,23,Bengaluru,Local,Bengaluru APMC,1800,1000,1400,Karnataka,Puna,2026,5,0
2026-05-09,Onion,23,Bengaluru,Local,Bengaluru APMC,1500,800,1000,Karnataka,Puna,2026,5,5
2026-05-22,Onion,23,Bengaluru,Local,Bengaluru APMC,1600,800,1200,Karnataka,Puna,2026,5,4
2026-05-27,Onion,23,Bengaluru,Local,Bengaluru APMC,1600,800,1200,Karnataka,Puna,2026,5,2
2026-05-30,Onion,23,Bengaluru,Local,Bengaluru APMC,1600,800,1200,Karnataka,Puna,2026,5,5
2026-05-28,Potato,24,Bengaluru,Medium,Bengaluru APMC,2000,1000,1500,Karnataka,Potato,2026,5,3
2026-05-30,Potato,24,Bengaluru,Medium,Bengaluru APMC,2000,1000,1500,Karnataka,Potato,2026,5,5
2026-05-27,Banana,19,Bengaluru,Local,"Binny Mill (F&V), Bengaluru APMC",2400,1000,1700,Karnataka,Nendra Bale,2026,5,2
2026-05-15,Banana,19,Bengaluru,Local,"Binny Mill (F&V), Bengaluru APMC",4600,1000,2800,Karnataka,Elakki Bale,2026,5,4
2026-05-30,Banana,19,Bengaluru,Local,"Binny Mill (F&V), Bengaluru APMC",4500,1000,2750,Karnataka,Elakki Bale,2026,5,5
2026-05-04,Banana,19,Bengaluru,Local,"Binny Mill (F&V), Bengaluru APMC",2300,1000,1650,Karnataka,Nauti Bale,2026,5,0
2026-05-06,Banana,19,Bengaluru,Local,"Binny Mill (F&V), Bengaluru APMC",1800,600,1200,Karnataka,Pachha Bale,2026,5,2
2026-05-08,Banana,19,Bengaluru,Local,"Binny Mill (F&V), Bengaluru APMC",1900,600,1250,Karnataka,Pachha Bale,2026,5,4
2026-05-15,Banana,19,Bengaluru,Local,"Binny Mill (F&V), Bengaluru APMC",2200,600,1400,Karnataka,Pachha Bale,2026,5,4
2026-05-21,Banana,19,Bengaluru,Local,"Binny Mill (F&V), Bengaluru APMC",2500,600,1550,Karnataka,Pachha Bale,2026,5,3
2026-05-22,Banana,19,Bengaluru,Local,"Binny Mill (F&V), Bengaluru APMC",2600,600,1600,Karnataka,Pachha Bale,2026,5,4
2026-05-04,Carrot,153,Bengaluru,Local,"Binny Mill (F&V), Bengaluru APMC",2900,2600,2800,Karnataka,Carrot,2026,5,0
2026-05-21,Carrot,153,Bengaluru,Local,"Binny Mill (F&V), Bengaluru APMC",4500,3500,4000,Karnataka,Carrot,2026,5,3
2026-05-11,Carrot,153,Bengaluru,Local,"Binny Mill (F&V), Bengaluru APMC",4000,3000,3500,Karnataka,Carrot,2026,5,0
2026-05-07,Carrot,153,Bengaluru,Local,"Binny Mill (F&V), Bengaluru APMC",4000,3000,3500,Karnataka,Carrot,2026,5,3
2026-05-18,Carrot,153,Bengaluru,Local,"Binny Mill (F&V), Bengaluru APMC",3400,3000,3200,Karnataka,Carrot,2026,5,0
2026-05-25,Rice,3,Bengaluru,Medium,Bengaluru APMC,6600,6000,6300,Karnataka,Fine,2026,5,0
2026-05-02,Mango,20,Bengaluru,Local,"Binny Mill (F&V), Bengaluru APMC",4000,3000,3500,Karnataka,Badami,2026,5,5
2026-05-07,Mango,20,Bengaluru,Local,"Binny Mill (F&V), Bengaluru APMC",5500,3500,4500,Karnataka,Badami,2026,5,3
2026-05-12,Mango,20,Bengaluru,Local,"Binny Mill (F&V), Bengaluru APMC",5500,3500,4500,Karnataka,Badami,2026,5,1
2026-05-13,Mango,20,Bengaluru,Local,"Binny Mill (F&V), Bengaluru APMC",5000,3000,4000,Karnataka,Badami,2026,5,2
2026-05-05,Mango,20,Bengaluru,Local,"Binny Mill (F&V), Bengaluru APMC",3000,2000,2500,Karnataka,Keshar,2026,5,1
2026-05-07,Mango,20,Bengaluru,Local,"Binny Mill (F&V), Bengaluru APMC",3500,2500,3000,Karnataka,Keshar,2026,5,3
2026-05-13,Mango,20,Bengaluru,Local,"Binny Mill (F&V), Bengaluru APMC",3500,2500,3000,Karnataka,Keshar,2026,5,2
2026-05-16,Mango,20,Bengaluru,Local,"Binny Mill (F&V), Bengaluru APMC",3000,2000,2500,Karnataka,Keshar,2026,5,5
2026-05-19,Mango,20,Bengaluru,Local,"Binny Mill (F&V), Bengaluru APMC",4500,2500,3500,Karnataka,Keshar,2026,5,1
2026-05-18,Mango,20,Bengaluru,Local,"Binny Mill (F&V), Bengaluru APMC",3000,2000,2500,Karnataka,Keshar,2026,5,0
2026-05-02,Mango,20,Bengaluru,Local,"Binny Mill (F&V), Bengaluru APMC",3500,2500,3000,Karnataka,Raspuri,2026,5,5
2026-05-07,Mango,20,Bengaluru,Local,"Binny Mill (F&V), Bengaluru APMC",4500,2500,3500,Karnataka,Raspuri,2026,5,3
2026-05-27,Mango,20,Bengaluru,Local,"Binny Mill (F&V), Bengaluru APMC",3000,2000,2500,Karnataka,Raspuri,2026,5,2
2026-05-26,Mango,20,Bengaluru,Local,"Binny Mill (F&V), Bengaluru APMC",4500,2500,3500,Karnataka,Mango,2026,5,1
2026-05-25,Mango,20,Bengaluru,Local,"Binny Mill (F&V), Bengaluru APMC",3000,2000,2500,Karnataka,Mango,2026,5,0
2026-05-16,Mango,20,Bengaluru,Local,"Binny Mill (F&V), Bengaluru APMC",5500,3500,4500,Karnataka,Other,2026,5,5
2026-05-22,Mango,20,Bengaluru,Local,"Binny Mill (F&V), Bengaluru APMC",3500,2000,3000,Karnataka,Other,2026,5,4
2026-05-25,Mango,20,Bengaluru,Local,"Binny Mill (F&V), Bengaluru APMC",4200,3000,3500,Karnataka,Other,2026,5,0
2026-05-07,Mango,20,Bengaluru,Local,"Binny Mill (F&V), Bengaluru APMC",1500,1000,1200,Karnataka,Totapuri,2026,5,3
2026-05-13,Mango,20,Bengaluru,Local,"Binny Mill (F&V), Bengaluru APMC",1800,1000,1400,Karnataka,Totapuri,2026,5,2
2026-05-26,Mango,20,Bengaluru,Local,"Binny Mill (F&V), Bengaluru APMC",1600,800,1200,Karnataka,Totapuri,2026,5,1
2026-05-27,Mango,20,Bengaluru,Local,"Binny Mill (F&V), Bengaluru APMC",4000,2000,3000,Karnataka,Mango,2026,5,2
2026-06-19,Maize,4,Bengaluru,FAQ,Bengaluru APMC,6000,4000,5000,Karnataka,Popcorn,2026,6,4
2026-07-15,Cabbage,154,Bengaluru,Local,"Binny Mill (F&V), Bengaluru APMC",1600,1400,1500,Karnataka,Cabbage,2026,7,2
2026-07-18,Cabbage,154,Bengaluru,Local,"Binny Mill (F&V), Bengaluru APMC",1600,1400,1500,Karnataka,Cabbage,2026,7,5
2026-06-05,Tomato,78,Bengaluru,Local,"Binny Mill (F&V), Bengaluru APMC",3700,3000,3500,Karnataka,Tomato,2026,6,4
2026-06-06,Tomato,78,Bengaluru,Local,"Binny Mill (F&V), Bengaluru APMC",3500,3200,3400,Karnataka,Tomato,2026,6,5
2026-06-30,Tomato,78,Bengaluru,Local,"Binny Mill (F&V), Bengaluru APMC",2600,2200,2400,Karnataka,Tomato,2026,6,1
2026-07-03,Tomato,78,Bengaluru,Local,"Binny Mill (F&V), Bengaluru APMC",2400,2000,2300,Karnataka,Tomato,2026,7,4
2026-07-04,Tomato,78,Bengaluru,Local,"Binny Mill (F&V), Bengaluru APMC",2400,2000,2200,Karnataka,Tomato,2026,7,5
2026-07-06,Tomato,78,Bengaluru,Local,"Binny Mill (F&V), Bengaluru APMC",2200,2000,2100,Karnataka,Tomato,2026,7,0
2026-07-15,Tomato,78,Bengaluru,Local,"Binny Mill (F&V), Bengaluru APMC",1600,1400,1500,Karnataka,Tomato,2026,7,2
2026-06-02,Banana,19,Bengaluru,Local,"Binny Mill (F&V), Bengaluru APMC",4500,1000,2750,Karnataka,Elakki Bale,2026,6,1
2026-06-12,Banana,19,Bengaluru,Local,"Binny Mill (F&V), Bengaluru APMC",4400,1000,2700,Karnataka,Elakki Bale,2026,6,4
2026-06-19,Banana,19,Bengaluru,Local,"Binny Mill (F&V), Bengaluru APMC",5100,1000,3350,Karnataka,Elakki Bale,2026,6,4
2026-06-25,Banana,19,Bengaluru,Local,"Binny Mill (F&V), Bengaluru APMC",5500,1000,3250,Karnataka,Elakki Bale,2026,6,3
2026-06-24,Banana,19,Bengaluru,Local,"Binny Mill (F&V), Bengaluru APMC",5500,1000,3250,Karnataka,Elakki Bale,2026,6,2
2026-07-01,Banana,19,Bengaluru,Local,"Binny Mill (F&V), Bengaluru APMC",6500,1000,3750,Karnataka,Elakki Bale,2026,7,2
2026-07-08,Banana,19,Bengaluru,Local,"Binny Mill (F&V), Bengaluru APMC",6500,1000,3750,Karnataka,Elakki Bale,2026,7,2
2026-07-17,Banana,19,Bengaluru,Local,"Binny Mill (F&V), Bengaluru APMC",7000,1000,4000,Karnataka,Elakki Bale,2026,7,4
2026-06-01,Mango,20,Bengaluru,Local,"Binny Mill (F&V), Bengaluru APMC",4000,2000,3000,Karnataka,Badami,2026,6,0
2026-06-05,Mango,20,Bengaluru,Local,"Binny Mill (F&V), Bengaluru APMC",4000,3000,3500,Karnataka,Badami,2026,6,4
2026-06-11,Mango,20,Bengaluru,Local,"Binny Mill (F&V), Bengaluru APMC",4000,3000,3500,Karnataka,Badami,2026,6,3
2026-06-18,Mango,20,Bengaluru,Local,"Binny Mill (F&V), Bengaluru APMC",3000,2000,2500,Karnataka,Badami,2026,6,3
2026-06-30,Mango,20,Bengaluru,Local,"Binny Mill (F&V), Bengaluru APMC",5000,3000,4000,Karnataka,Badami,2026,6,1
2026-07-03,Mango,20,Bengaluru,Local,"Binny Mill (F&V), Bengaluru APMC",5000,3000,4000,Karnataka,Badami,2026,7,4
2026-07-09,Mango,20,Bengaluru,Local,"Binny Mill (F&V), Bengaluru APMC",4500,2500,3500,Karnataka,Badami,2026,7,3
2026-07-16,Brinjal,35,Bengaluru,Local,"Binny Mill (F&V), Bengaluru APMC",2600,2300,2400,Karnataka,Brinjal,2026,7,3
2026-06-03,Mango,20,Bengaluru,Local,"Binny Mill (F&V), Bengaluru APMC",3000,2000,2500,Karnataka,Raspuri,2026,6,2
2026-06-11,Mango,20,Bengaluru,Local,"Binny Mill (F&V), Bengaluru APMC",3000,2000,2500,Karnataka,Raspuri,2026,6,3
2026-06-17,Mango,20,Bengaluru,Local,"Binny Mill (F&V), Bengaluru APMC",2500,1500,2000,Karnataka,Raspuri,2026,6,2
2026-06-22,Banana,19,Bengaluru,Local,"Binny Mill (F&V), Bengaluru APMC",2500,700,1550,Karnataka,Nauti Bale,2026,6,0
2026-07-08,Mango,20,Bengaluru,Local,"Binny Mill (F&V), Bengaluru APMC",3500,1500,2500,Karnataka,Neelam,2026,7,2
2026-06-16,Banana,19,Bengaluru,Local,"Binny Mill (F&V), Bengaluru APMC",2500,1000,1750,Karnataka,Nendra Bale,2026,6,1
2026-06-03,Brinjal,35,Bengaluru,Local,"Binny Mill (F&V), Bengaluru APMC",3300,3000,3200,Karnataka,Brinjal,2026,6,2
2026-06-05,Brinjal,35,Bengaluru,Local,"Binny Mill (F&V), Bengaluru APMC",3100,2800,3000,Karnataka,Brinjal,2026,6,4
2026-06-06,Brinjal,35,Bengaluru,Local,"Binny Mill (F&V), Bengaluru APMC",3000,2700,2900,Karnataka,Brinjal,2026,6,5
2026-06-10,Brinjal,35,Bengaluru,Local,"Binny Mill (F&V), Bengaluru APMC",3200,2800,3000,Karnataka,Brinjal,2026,6,2
2026-06-12,Brinjal,35,Bengaluru,Local,"Binny Mill (F&V), Bengaluru APMC",3200,3000,3100,Karnataka,Brinjal,2026,6,4
2026-06-29,Carrot,153,Bengaluru,Local,"Binny Mill (F&V), Bengaluru APMC",6000,5000,5500,Karnataka,Carrot,2026,6,0
2026-07-06,Carrot,153,Bengaluru,Local,"Binny Mill (F&V), Bengaluru APMC",6000,5000,5500,Karnataka,Carrot,2026,7,0
2026-07-09,Carrot,153,Bengaluru,Local,"Binny Mill (F&V), Bengaluru APMC",5500,4500,5000,Karnataka,Carrot,2026,7,3
2026-07-21,Carrot,153,Bengaluru,Local,"Binny Mill (F&V), Bengaluru APMC",5500,4500,5000,Karnataka,Carrot,2026,7,1
2026-06-02,Carrot,153,Bengaluru,Local,"Binny Mill (F&V), Bengaluru APMC",4500,4000,4300,Karnataka,Carrot,2026,6,1
2026-06-12,Carrot,153,Bengaluru,Local,"Binny Mill (F&V), Bengaluru APMC",4800,4400,4600,Karnataka,Carrot,2026,6,4
2026-06-17,Carrot,153,Bengaluru,Local,"Binny Mill (F&V), Bengaluru APMC",5000,4600,4800,Karnataka,Carrot,2026,6,2
2026-07-01,Cabbage,154,Bengaluru,Local,"Binny Mill (F&V), Bengaluru APMC",2000,1800,1900,Karnataka,Cabbage,2026,7,2
2026-07-04,Cabbage,154,Bengaluru,Local,"Binny Mill (F&V), Bengaluru APMC",2000,1800,1900,Karnataka,Cabbage,2026,7,5
2026-06-15,Cabbage,154,Bengaluru,Local,"Binny Mill (F&V), Bengaluru APMC",2000,1800,1900,Karnataka,Cabbage,2026,6,0
2026-06-24,Cabbage,154,Bengaluru,Local,"Binny Mill (F&V), Bengaluru APMC",2000,1800,1900,Karnataka,Cabbage,2026,6,2
2026-06-16,Banana,19,Bengaluru,Local,"Binny Mill (F&V), Bengaluru APMC",2600,600,1600,Karnataka,Pachha Bale,2026,6,1
2026-06-17,Banana,19,Bengaluru,Local,"Binny Mill (F&V), Bengaluru APMC",2500,600,1550,Karnataka,Pachha Bale,2026,6,2
2026-06-23,Banana,19,Bengaluru,Local,"Binny Mill (F&V), Bengaluru APMC",2500,600,1550,Karnataka,Pachha Bale,2026,6,1
2026-06-18,Banana,19,Bengaluru,Local,"Binny Mill (F&V), Bengaluru APMC",2500,600,1550,Karnataka,Pachha Bale,2026,6,3
2026-06-30,Banana,19,Bengaluru,Local,"Binny Mill (F&V), Bengaluru APMC",2700,600,1750,Karnataka,Pachha Bale,2026,6,1
2026-07-04,Banana,19,Bengaluru,Local,"Binny Mill (F&V), Bengaluru APMC",2700,600,1650,Karnataka,Pachha Bale,2026,7,5
2026-07-06,Banana,19,Bengaluru,Local,"Binny Mill (F&V), Bengaluru APMC",2600,600,1600,Karnataka,Pachha Bale,2026,7,0
2026-07-21,Banana,19,Bengaluru,Local,"Binny Mill (F&V), Bengaluru APMC",2600,600,1600,Karnataka,Pachha Bale,2026,7,1
2026-06-01,Mango,20,Bengaluru,Local,"Binny Mill (F&V), Bengaluru APMC",1000,600,800,Karnataka,Totapuri,2026,6,0
2026-06-08,Mango,20,Bengaluru,Local,"Binny Mill (F&V), Bengaluru APMC",1200,800,1000,Karnataka,Totapuri,2026,6,0
2026-06-10,Mango,20,Bengaluru,Local,"Binny Mill (F&V), Bengaluru APMC",1300,800,1100,Karnataka,Totapuri,2026,6,2
2026-06-23,Mango,20,Bengaluru,Local,"Binny Mill (F&V), Bengaluru APMC",1200,800,1000,Karnataka,Totapuri,2026,6,1
2026-06-19,Mango,20,Bengaluru,Local,"Binny Mill (F&V), Bengaluru APMC",1000,800,900,Karnataka,Totapuri,2026,6,4
2026-06-30,Mango,20,Bengaluru,Local,"Binny Mill (F&V), Bengaluru APMC",1200,800,1000,Karnataka,Totapuri,2026,6,1
2026-07-09,Mango,20,Bengaluru,Local,"Binny Mill (F&V), Bengaluru APMC",1200,800,1000,Karnataka,Totapuri,2026,7,3
2026-07-14,Mango,20,Bengaluru,Local,"Binny Mill (F&V), Bengaluru APMC",1200,800,1000,Karnataka,Totapuri,2026,7,1
2026-06-20,Brinjal,35,Bengaluru,Local,"Binny Mill (F&V), Bengaluru APMC",3900,3500,3700,Karnataka,Brinjal,2026,6,5
2026-06-25,Brinjal,35,Bengaluru,Local,"Binny Mill (F&V), Bengaluru APMC",4000,3500,3700,Karnataka,Brinjal,2026,6,3
2026-06-30,Brinjal,35,Bengaluru,Local,"Binny Mill (F&V), Bengaluru APMC",4000,3500,3700,Karnataka,Brinjal,2026,6,1
2026-07-06,Brinjal,35,Bengaluru,Local,"Binny Mill (F&V), Bengaluru APMC",3000,2500,2700,Karnataka,Brinjal,2026,7,0
2026-07-10,Mango,20,Bengaluru,Local,"Binny Mill (F&V), Bengaluru APMC",2500,1500,2000,Karnataka,Neelam,2026,7,4
2026-06-03,Banana,19,Bengaluru,Local,"Binny Mill (F&V), Bengaluru APMC",2500,1000,1700,Karnataka,Nendra Bale,2026,6,2
2026-06-11,Banana,19,Bengaluru,Local,"Binny Mill (F&V), Bengaluru APMC",2500,1000,1750,Karnataka,Nendra Bale,2026,6,3
2026-06-25,Banana,19,Bengaluru,Local,"Binny Mill (F&V), Bengaluru APMC",2600,1000,1800,Karnataka,Nendra Bale,2026,6,3
2026-07-06,Banana,19,Bengaluru,Local,"Binny Mill (F&V), Bengaluru APMC",2600,1000,1800,Karnataka,Nendra Bale,2026,7,0
2026-06-12,Mango,20,Bengaluru,Local,"Binny Mill (F&V), Bengaluru APMC",3000,2000,2500,Karnataka,Raspuri,2026,6,4
2026-06-19,Mango,20,Bengaluru,Local,"Binny Mill (F&V), Bengaluru APMC",3000,2000,2500,Karnataka,Raspuri,2026,6,4
2026-06-16,Cabbage,154,Bengaluru,Local,Binny Mill (FF&V) Bengaluru APMC,1900,1700,1800,Karnataka,Cabbage,2026,6,1
2026-06-23,Cabbage,154,Bengaluru,Local,Binny Mill (FF&V) Bengaluru APMC,2000,1800,1900,Karnataka,Cabbage,2026,6,1
2026-06-01,Cabbage,154,Bengaluru,Local,Binny Mill (FF&V) Bengaluru APMC,1800,1600,1700,Karnataka,Cabbage,2026,6,0
2026-06-04,Cabbage,154,Bengaluru,Local,Binny Mill (FF&V) Bengaluru APMC,1800,1600,1700,Karnataka,Cabbage,2026,6,3
2026-06-13,Onion,23,Bengaluru,Large,Bengaluru APMC,2200,1600,1800,Karnataka,Onion,2026,6,5
2026-06-15,Onion,23,Bengaluru,Large,Bengaluru APMC,2200,1600,1800,Karnataka,Onion,2026,6,0
2026-06-16,Onion,23,Bengaluru,Large,Bengaluru APMC,2200,1600,1800,Karnataka,Onion,2026,6,1
2026-06-23,Onion,23,Bengaluru,Large,Bengaluru APMC,2200,1600,2000,Karnataka,Onion,2026,6,1
2026-06-22,Onion,23,Bengaluru,Large,Bengaluru APMC,2200,1600,2000,Karnataka,Onion,2026,6,0
2026-06-19,Onion,23,Bengaluru,Large,Bengaluru APMC,2200,1600,1800,Karnataka,Onion,2026,6,4
2026-06-30,Onion,23,Bengaluru,Large,Bengaluru APMC,2600,1800,2200,Karnataka,Onion,2026,6,1
2026-06-29,Onion,23,Bengaluru,Large,Bengaluru APMC,2600,1800,2200,Karnataka,Onion,2026,6,0
2026-06-02,Onion,23,Bengaluru,Medium,Bengaluru APMC,1200,800,1000,Karnataka,Local,2026,6,1
2026-06-08,Onion,23,Bengaluru,Medium,Bengaluru APMC,1400,1000,1100,Karnataka,Local,2026,6,0
2026-06-13,Onion,23,Bengaluru,Medium,Bengaluru APMC,1400,1000,1100,Karnataka,Local,2026,6,5
2026-06-24,Onion,23,Bengaluru,Medium,Bengaluru APMC,1600,1000,1200,Karnataka,Local,2026,6,2
2026-06-26,Potato,24,Bengaluru,Medium,Bengaluru APMC,2200,1000,1500,Karnataka,Potato,2026,6,4
2026-06-27,Potato,24,Bengaluru,Medium,Bengaluru APMC,2200,1000,1500,Karnataka,Potato,2026,6,5
2026-06-09,Onion,23,Bengaluru,Local,Bengaluru APMC,2400,1000,1500,Karnataka,Puna,2026,6,1
2026-06-10,Onion,23,Bengaluru,Local,Bengaluru APMC,2400,1000,1500,Karnataka,Puna,2026,6,2
2026-06-16,Onion,23,Bengaluru,Local,Bengaluru APMC,2400,1000,1400,Karnataka,Puna,2026,6,1
2026-06-23,Onion,23,Bengaluru,Local,Bengaluru APMC,2500,1000,2200,Karnataka,Puna,2026,6,1
2026-06-03,Onion,23,Bengaluru,Small,Bengaluru APMC,800,400,600,Karnataka,Bangalore-Samall,2026,6,2
2026-06-09,Onion,23,Bengaluru,Small,Bengaluru APMC,1000,400,800,Karnataka,Bangalore-Samall,2026,6,1
2026-06-10,Onion,23,Bengaluru,Small,Bengaluru APMC,1000,400,800,Karnataka,Bangalore-Samall,2026,6,2
2026-06-16,Onion,23,Bengaluru,Small,Bengaluru APMC,1000,500,800,Karnataka,Bangalore-Samall,2026,6,1
2026-06-22,Onion,23,Bengaluru,Small,Bengaluru APMC,1000,500,800,Karnataka,Bangalore-Samall,2026,6,0
2026-06-04,Rice,3,Bengaluru,Medium,Bengaluru APMC,4300,3800,4050,Karnataka,Dappa,2026,6,3
2026-06-06,Rice,3,Bengaluru,Medium,Bengaluru APMC,4300,3800,4050,Karnataka,Dappa,2026,6,5
2026-06-15,Rice,3,Bengaluru,Medium,Bengaluru APMC,3300,3100,3200,Karnataka,Dappa,2026,6,0
2026-06-06,Rice,3,Bengaluru,Medium,Bengaluru APMC,6600,6000,6300,Karnataka,Fine,2026,6,5
2026-06-10,Rice,3,Bengaluru,Medium,Bengaluru APMC,6000,5200,5600,Karnataka,Fine,2026,6,2
2026-06-22,Rice,3,Bengaluru,Medium,Bengaluru APMC,6000,5200,5600,Karnataka,Fine,2026,6,0
2026-06-29,Rice,3,Bengaluru,Medium,Bengaluru APMC,6000,5200,5600,Karnataka,Fine,2026,6,0
2026-06-08,Banana,19,Bengaluru,Local,Binny Mill (FF&V) Bengaluru APMC,2700,600,1650,Karnataka,Pachha Bale,2026,6,0
2026-06-10,Banana,19,Bengaluru,Local,Binny Mill (FF&V) Bengaluru APMC,2500,600,1550,Karnataka,Pachha Bale,2026,6,2
2026-06-22,Banana,19,Bengaluru,Local,Binny Mill (FF&V) Bengaluru APMC,2500,600,1550,Karnataka,Pachha Bale,2026,6,0
2026-06-24,Banana,19,Bengaluru,Local,Binny Mill (FF&V) Bengaluru APMC,2500,600,1550,Karnataka,Pachha Bale,2026,6,2
2026-06-12,Brinjal,35,Bengaluru,Local,Binny Mill (FF&V) Bengaluru APMC,3200,3000,3100,Karnataka,Brinjal,2026,6,4
2026-06-22,Brinjal,35,Bengaluru,Local,Binny Mill (FF&V) Bengaluru APMC,3700,3300,3500,Karnataka,Brinjal,2026,6,0
2026-06-25,Brinjal,35,Bengaluru,Local,Binny Mill (FF&V) Bengaluru APMC,4000,3500,3700,Karnataka,Brinjal,2026,6,3
2026-06-02,Mango,20,Bengaluru,Local,Binny Mill (FF&V) Bengaluru APMC,1200,800,1000,Karnataka,Totapuri,2026,6,1
2026-06-06,Mango,20,Bengaluru,Local,Binny Mill (FF&V) Bengaluru APMC,1200,800,1000,Karnataka,Totapuri,2026,6,5
2026-06-08,Mango,20,Bengaluru,Local,Binny Mill (FF&V) Bengaluru APMC,1200,800,1000,Karnataka,Totapuri,2026,6,0
2026-06-10,Mango,20,Bengaluru,Local,Binny Mill (FF&V) Bengaluru APMC,1300,800,1100,Karnataka,Totapuri,2026,6,2
2026-06-11,Mango,20,Bengaluru,Local,Binny Mill (FF&V) Bengaluru APMC,1400,800,1000,Karnataka,Totapuri,2026,6,3
2026-06-16,Mango,20,Bengaluru,Local,Binny Mill (FF&V) Bengaluru APMC,1200,800,1000,Karnataka,Totapuri,2026,6,1
2026-06-25,Mango,20,Bengaluru,Local,Binny Mill (FF&V) Bengaluru APMC,1100,800,900,Karnataka,Totapuri,2026,6,3
2026-06-01,Banana,19,Bengaluru,Local,Binny Mill (FF&V) Bengaluru APMC,4500,1000,2750,Karnataka,Elakki Bale,2026,6,0
2026-06-03,Banana,19,Bengaluru,Local,Binny Mill (FF&V) Bengaluru APMC,4500,1000,2750,Karnataka,Elakki Bale,2026,6,2
2026-06-05,Banana,19,Bengaluru,Local,Binny Mill (FF&V) Bengaluru APMC,4500,1000,2750,Karnataka,Elakki Bale,2026,6,4
2026-06-22,Banana,19,Bengaluru,Local,Binny Mill (FF&V) Bengaluru APMC,5000,1000,3000,Karnataka,Elakki Bale,2026,6,0
2026-06-29,Banana,19,Bengaluru,Local,Binny Mill (FF&V) Bengaluru APMC,6200,1000,3600,Karnataka,Elakki Bale,2026,6,0
2026-06-30,Mango,20,Bengaluru,Local,Binny Mill (FF&V) Bengaluru APMC,3000,2000,2500,Karnataka,Neelam,2026,6,1
2026-06-03,Rice,3,Bengaluru,Medium,Bengaluru APMC,4300,3800,4050,Karnataka,Dappa,2026,6,2
2026-06-09,Rice,3,Bengaluru,Medium,Bengaluru APMC,3300,3100,3200,Karnataka,Dappa,2026,6,1
2026-06-23,Rice,3,Bengaluru,Medium,Bengaluru APMC,3300,3100,3200,Karnataka,Dappa,2026,6,1
2026-06-17,Rice,3,Bengaluru,Medium,Bengaluru APMC,3300,3100,3200,Karnataka,Dappa,2026,6,2
2026-06-04,Rice,3,Bengaluru,Medium,Bengaluru APMC,6600,6000,6300,Karnataka,Fine,2026,6,3
2026-06-02,Rice,3,Bengaluru,Medium,Bengaluru APMC,6000,5300,5650,Karnataka,Medium,2026,6,1
2026-06-05,Rice,3,Bengaluru,Medium,Bengaluru APMC,6000,5300,5650,Karnataka,Medium,2026,6,4
2026-06-09,Rice,3,Bengaluru,Medium,Bengaluru APMC,5000,4800,4900,Karnataka,Medium,2026,6,1
2026-06-23,Rice,3,Bengaluru,Medium,Bengaluru APMC,5000,4800,4900,Karnataka,Medium,2026,6,1
2026-06-19,Rice,3,Bengaluru,Medium,Bengaluru APMC,5000,4800,4900,Karnataka,Medium,2026,6,4
2026-06-10,Carrot,153,Bengaluru,Local,Binny Mill (FF&V) Bengaluru APMC,5000,4500,4700,Karnataka,Carrot,2026,6,2
2026-06-12,Carrot,153,Bengaluru,Local,Binny Mill (FF&V) Bengaluru APMC,4800,4400,4600,Karnataka,Carrot,2026,6,4
2026-06-15,Carrot,153,Bengaluru,Local,Binny Mill (FF&V) Bengaluru APMC,5000,4600,4800,Karnataka,Carrot,2026,6,0
2026-06-19,Carrot,153,Bengaluru,Local,Binny Mill (FF&V) Bengaluru APMC,6000,5200,5500,Karnataka,Carrot,2026,6,4
2026-06-22,Carrot,153,Bengaluru,Local,Binny Mill (FF&V) Bengaluru APMC,6000,5000,5500,Karnataka,Carrot,2026,6,0
2026-06-23,Carrot,153,Bengaluru,Local,Binny Mill (FF&V) Bengaluru APMC,6000,5000,5500,Karnataka,Carrot,2026,6,1
2026-06-24,Carrot,153,Bengaluru,Local,Binny Mill (FF&V) Bengaluru APMC,6000,5000,5500,Karnataka,Carrot,2026,6,2
2026-06-03,Carrot,153,Bengaluru,Local,Binny Mill (FF&V) Bengaluru APMC,5000,4200,4700,Karnataka,Carrot,2026,6,2
2026-06-06,Carrot,153,Bengaluru,Local,Binny Mill (FF&V) Bengaluru APMC,5000,4500,4700,Karnataka,Carrot,2026,6,5
2026-06-12,Maize,4,Bengaluru,FAQ,Bengaluru APMC,6000,4000,5000,Karnataka,Popcorn,2026,6,4
2026-06-03,Mango,20,Bengaluru,Local,Binny Mill (FF&V) Bengaluru APMC,4000,3000,3500,Karnataka,Badami,2026,6,2
2026-06-04,Mango,20,Bengaluru,Local,Binny Mill (FF&V) Bengaluru APMC,3500,2500,3000,Karnataka,Raspuri,2026,6,3
2026-06-06,Mango,20,Bengaluru,Local,Binny Mill (FF&V) Bengaluru APMC,3500,2500,3000,Karnataka,Raspuri,2026,6,5
2026-06-16,Mango,20,Bengaluru,Local,Binny Mill (FF&V) Bengaluru APMC,3000,2000,2500,Karnataka,Raspuri,2026,6,1
2026-06-18,Mango,20,Bengaluru,Local,Binny Mill (FF&V) Bengaluru APMC,3000,2000,2500,Karnataka,Raspuri,2026,6,3
2026-06-01,Maize,4,Bengaluru,FAQ,Bengaluru APMC,2500,2300,2400,Karnataka,Hybrid/Local,2026,6,0
2026-06-13,Maize,4,Bengaluru,FAQ,Bengaluru APMC,2500,2400,2450,Karnataka,Hybrid/Local,2026,6,5
2026-06-22,Maize,4,Bengaluru,FAQ,Bengaluru APMC,2500,2400,2450,Karnataka,Hybrid/Local,2026,6,0
2026-06-06,Potato,24,Bengaluru,Medium,Bengaluru APMC,1600,1000,1300,Karnataka,Local,2026,6,5
2026-06-16,Potato,24,Bengaluru,Medium,Bengaluru APMC,1600,1000,1300,Karnataka,Local,2026,6,1
2026-06-18,Potato,24,Bengaluru,Medium,Bengaluru APMC,1600,1000,1300,Karnataka,Local,2026,6,3
2026-06-25,Potato,24,Bengaluru,Medium,Bengaluru APMC,2000,1500,1600,Karnataka,Local,2026,6,3
2026-06-24,Potato,24,Bengaluru,Medium,Bengaluru APMC,2000,1500,1600,Karnataka,Local,2026,6,2
2026-06-15,Potato,24,Bengaluru,Medium,Bengaluru APMC,2200,1000,1500,Karnataka,Potato,2026,6,0
2026-06-22,Potato,24,Bengaluru,Medium,Bengaluru APMC,2200,1000,1500,Karnataka,Potato,2026,6,0
2026-06-03,Onion,23,Bengaluru,Large,Bengaluru APMC,2000,1200,1400,Karnataka,Onion,2026,6,2
2026-06-10,Potato,24,Bengaluru,Medium,Bengaluru APMC,2200,1000,1500,Karnataka,Potato,2026,6,2
2026-06-03,Banana,19,Bengaluru,Local,Binny Mill (FF&V) Bengaluru APMC,2200,700,1450,Karnataka,Nauti Bale,2026,6,2
2026-06-23,Banana,19,Bengaluru,Local,Binny Mill (FF&V) Bengaluru APMC,2500,700,1600,Karnataka,Nauti Bale,2026,6,1
2026-06-24,Banana,19,Bengaluru,Local,Binny Mill (FF&V) Bengaluru APMC,2500,700,1600,Karnataka,Nauti Bale,2026,6,2
2026-06-03,Banana,19,Bengaluru,Local,Binny Mill (FF&V) Bengaluru APMC,2500,1000,1700,Karnataka,Nendra Bale,2026,6,2
2026-06-09,Banana,19,Bengaluru,Local,Binny Mill (FF&V) Bengaluru APMC,2500,1000,1750,Karnataka,Nendra Bale,2026,6,1
2026-06-15,Banana,19,Bengaluru,Local,Binny Mill (FF&V) Bengaluru APMC,2500,1000,1750,Karnataka,Nendra Bale,2026,6,0
2026-06-05,Tomato,78,Bengaluru,Local,Binny Mill (FF&V) Bengaluru APMC,3700,3000,3500,Karnataka,Tomato,2026,6,4
2026-06-22,Tomato,78,Bengaluru,Local,Binny Mill (FF&V) Bengaluru APMC,2500,2200,2400,Karnataka,Tomato,2026,6,0
2026-06-19,Tomato,78,Bengaluru,Local,Binny Mill (FF&V) Bengaluru APMC,3600,3400,3500,Karnataka,Tomato,2026,6,4
2026-06-25,Tomato,78,Bengaluru,Local,Binny Mill (FF&V) Bengaluru APMC,2800,2500,2700,Karnataka,Tomato,2026,6,3
2026-06-01,Tomato,78,Bengaluru,Local,Binny Mill (FF&V) Bengaluru APMC,3800,3600,3700,Karnataka,Tomato,2026,6,0
2026-06-02,Tomato,78,Bengaluru,Local,Binny Mill (FF&V) Bengaluru APMC,3600,3000,3400,Karnataka,Tomato,2026,6,1
2026-07-10,Tomato,78,Bengaluru,Local,Binny Mill (FF&V) Bengaluru APMC,1800,1500,1700,Karnataka,Tomato,2026,7,4
2026-07-13,Tomato,78,Bengaluru,Local,Binny Mill (FF&V) Bengaluru APMC,2000,1700,1900,Karnataka,Tomato,2026,7,0
2026-07-06,Tomato,78,Bengaluru,Local,Binny Mill (FF&V) Bengaluru APMC,2200,2000,2100,Karnataka,Tomato,2026,7,0
2026-07-09,Tomato,78,Bengaluru,Local,Binny Mill (FF&V) Bengaluru APMC,1800,1500,1700,Karnataka,Tomato,2026,7,3
2026-07-09,Potato,24,Bengaluru,Medium,Bengaluru APMC,2000,1000,1600,Karnataka,Potato,2026,7,3
2026-07-18,Potato,24,Bengaluru,Medium,Bengaluru APMC,2000,800,1600,Karnataka,Potato,2026,7,5
2026-07-21,Potato,24,Bengaluru,Medium,Bengaluru APMC,2400,1000,2000,Karnataka,Potato,2026,7,1
2026-07-24,Potato,24,Bengaluru,Medium,Bengaluru APMC,2400,1000,2000,Karnataka,Potato,2026,7,4
2026-07-28,Potato,24,Bengaluru,Medium,Bengaluru APMC,2400,1000,2000,Karnataka,Potato,2026,7,1
2026-07-08,Rice,3,Bengaluru,Medium,Bengaluru APMC,4300,3800,4050,Karnataka,Dappa,2026,7,2
2026-07-11,Rice,3,Bengaluru,Medium,Bengaluru APMC,4300,3800,4050,Karnataka,Dappa,2026,7,5
2026-07-01,Rice,3,Bengaluru,Medium,Bengaluru APMC,6000,5200,5600,Karnataka,Fine,2026,7,2
2026-07-03,Rice,3,Bengaluru,Medium,Bengaluru APMC,6000,5200,5600,Karnataka,Fine,2026,7,4
2026-07-06,Rice,3,Bengaluru,Medium,Bengaluru APMC,6200,5800,6000,Karnataka,Fine,2026,7,0
2026-07-08,Rice,3,Bengaluru,Medium,Bengaluru APMC,6200,5800,6000,Karnataka,Fine,2026,7,2
2026-07-11,Rice,3,Bengaluru,Medium,Bengaluru APMC,6200,5800,6000,Karnataka,Fine,2026,7,5
2026-07-18,Rice,3,Bengaluru,Medium,Bengaluru APMC,6200,5800,6000,Karnataka,Fine,2026,7,5
2026-07-04,Maize,4,Bengaluru,FAQ,Bengaluru APMC,2500,2400,2450,Karnataka,Hybrid/Local,2026,7,5
2026-07-07,Maize,4,Bengaluru,FAQ,Bengaluru APMC,2800,2400,2600,Karnataka,Hybrid/Local,2026,7,1
2026-07-08,Maize,4,Bengaluru,FAQ,Bengaluru APMC,2800,2400,2600,Karnataka,Hybrid/Local,2026,7,2
2026-07-11,Maize,4,Bengaluru,FAQ,Bengaluru APMC,2800,2400,2600,Karnataka,Hybrid/Local,2026,7,5
2026-07-18,Maize,4,Bengaluru,FAQ,Bengaluru APMC,2800,2400,2600,Karnataka,Hybrid/Local,2026,7,5
2026-07-30,Rice,3,Bengaluru,Medium,Bengaluru APMC,6500,5800,6150,Karnataka,Fine,2026,7,3
2026-07-03,Rice,3,Bengaluru,Medium,Bengaluru APMC,5000,4800,4900,Karnataka,Medium,2026,7,4
2026-07-08,Rice,3,Bengaluru,Medium,Bengaluru APMC,6300,6000,6150,Karnataka,Medium,2026,7,2
2026-07-09,Rice,3,Bengaluru,Medium,Bengaluru APMC,6300,6000,6150,Karnataka,Medium,2026,7,3
2026-07-11,Rice,3,Bengaluru,Medium,Bengaluru APMC,6300,6000,6150,Karnataka,Medium,2026,7,5
2026-07-18,Rice,3,Bengaluru,Medium,Bengaluru APMC,6300,6000,6150,Karnataka,Medium,2026,7,5
2026-07-20,Rice,3,Bengaluru,Medium,Bengaluru APMC,6300,6000,6150,Karnataka,Medium,2026,7,0
2026-07-23,Rice,3,Bengaluru,Medium,Bengaluru APMC,5600,5400,5500,Karnataka,Medium,2026,7,3
2026-07-27,Rice,3,Bengaluru,Medium,Bengaluru APMC,5600,5400,5500,Karnataka,Medium,2026,7,0
2026-07-30,Rice,3,Bengaluru,Medium,Bengaluru APMC,5600,5400,5500,Karnataka,Medium,2026,7,3
2026-07-31,Rice,3,Bengaluru,Medium,Bengaluru APMC,5600,5400,5500,Karnataka,Medium,2026,7,4
2026-08-01,Rice,3,Bengaluru,Medium,Bengaluru APMC,5600,5400,5500,Karnataka,Medium,2026,8,5
2026-08-04,Rice,3,Bengaluru,Medium,Bengaluru APMC,6000,5000,5500,Karnataka,Medium,2026,8,1
2026-08-03,Rice,3,Bengaluru,Medium,Bengaluru APMC,5600,5400,5500,Karnataka,Medium,2026,8,0
2026-08-05,Rice,3,Bengaluru,Medium,Bengaluru APMC,6000,5000,5500,Karnataka,Medium,2026,8,2
2026-08-07,Rice,3,Bengaluru,Medium,Bengaluru APMC,6000,5000,5500,Karnataka,Medium,2026,8,4
2026-08-01,Maize,4,Bengaluru,FAQ,Bengaluru APMC,7000,5000,6000,Karnataka,Popcorn,2026,8,5
2026-07-02,Potato,24,Bengaluru,Medium,Bengaluru APMC,2200,800,1500,Karnataka,Potato,2026,7,3
2026-07-06,Potato,24,Bengaluru,Medium,Bengaluru APMC,2000,1000,1600,Karnataka,Potato,2026,7,0
2026-07-08,Potato,24,Bengaluru,Medium,Bengaluru APMC,2000,1600,1700,Karnataka,Local,2026,7,2
2026-07-13,Potato,24,Bengaluru,Medium,Bengaluru APMC,2000,1600,1700,Karnataka,Local,2026,7,0
2026-07-23,Potato,24,Bengaluru,Medium,Bengaluru APMC,2100,1800,1900,Karnataka,Local,2026,7,3
2026-07-24,Potato,24,Bengaluru,Medium,Bengaluru APMC,2100,1800,1900,Karnataka,Local,2026,7,4
2026-07-30,Potato,24,Bengaluru,Medium,Bengaluru APMC,2100,1800,1900,Karnataka,Local,2026,7,3
2026-08-04,Potato,24,Bengaluru,Medium,Bengaluru APMC,2800,1200,2000,Karnataka,Local,2026,8,1
2026-07-23,Maize,4,Bengaluru,FAQ,Bengaluru APMC,7000,5000,6000,Karnataka,Popcorn,2026,7,3
2026-08-05,Maize,4,Bengaluru,FAQ,Bengaluru APMC,6000,5000,5500,Karnataka,Popcorn,2026,8,2
2026-07-02,Cabbage,154,Bengaluru,Local,Binny Mill (FF&V) Bengaluru APMC,2000,1800,1900,Karnataka,Cabbage,2026,7,3
2026-07-03,Carrot,153,Bengaluru,Local,Binny Mill (FF&V) Bengaluru APMC,6000,5000,5500,Karnataka,Carrot,2026,7,4
2026-07-07,Cabbage,154,Bengaluru,Local,Binny Mill (FF&V) Bengaluru APMC,2000,1700,1800,Karnataka,Cabbage,2026,7,1
2026-07-06,Cabbage,154,Bengaluru,Local,Binny Mill (FF&V) Bengaluru APMC,2000,1800,1900,Karnataka,Cabbage,2026,7,0
2026-07-17,Cabbage,154,Bengaluru,Local,Binny Mill (FF&V) Bengaluru APMC,1800,1600,1700,Karnataka,Cabbage,2026,7,4
2026-07-20,Cabbage,154,Bengaluru,Local,Binny Mill (FF&V) Bengaluru APMC,1800,1600,1700,Karnataka,Cabbage,2026,7,0
2026-07-30,Cabbage,154,Bengaluru,Local,Binny Mill (FF&V) Bengaluru APMC,1900,1700,1800,Karnataka,Cabbage,2026,7,3
2026-08-04,Cabbage,154,Bengaluru,Local,Binny Mill (FF&V) Bengaluru APMC,2200,2000,2100,Karnataka,Cabbage,2026,8,1
2026-08-05,Cabbage,154,Bengaluru,Local,Binny Mill (FF&V) Bengaluru APMC,2200,2000,2100,Karnataka,Cabbage,2026,8,2
2026-07-21,Carrot,153,Bengaluru,Local,Binny Mill (FF&V) Bengaluru APMC,5500,4500,5000,Karnataka,Carrot,2026,7,1
2026-07-29,Carrot,153,Bengaluru,Local,Binny Mill (FF&V) Bengaluru APMC,7000,6000,6500,Karnataka,Carrot,2026,7,2
2026-08-06,Carrot,153,Bengaluru,Local,Binny Mill (FF&V) Bengaluru APMC,8500,6500,7500,Karnataka,Carrot,2026,8,3
2026-07-13,Mango,20,Bengaluru,Local,Binny Mill (FF&V) Bengaluru APMC,3000,2000,2500,Karnataka,Neelam,2026,7,0
2026-07-17,Mango,20,Bengaluru,Local,Binny Mill (FF&V) Bengaluru APMC,4000,2000,3000,Karnataka,Neelam,2026,7,4
2026-07-18,Mango,20,Bengaluru,Local,Binny Mill (FF&V) Bengaluru APMC,2500,1500,2000,Karnataka,Neelam,2026,7,5
2026-07-29,Mango,20,Bengaluru,Local,Binny Mill (FF&V) Bengaluru APMC,3000,2000,2500,Karnataka,Neelam,2026,7,2
2026-07-20,Onion,23,Bengaluru,Large,Bengaluru APMC,2800,1800,2400,Karnataka,Onion,2026,7,0
2026-07-28,Onion,23,Bengaluru,Large,Bengaluru APMC,2800,2400,2500,Karnataka,Onion,2026,7,1
2026-07-30,Onion,23,Bengaluru,Large,Bengaluru APMC,2800,2400,2500,Karnataka,Onion,2026,7,3
2026-08-03,Onion,23,Bengaluru,Large,Bengaluru APMC,2800,2000,2400,Karnataka,Onion,2026,8,0
2026-08-05,Onion,23,Bengaluru,Large,Bengaluru APMC,2800,2000,2400,Karnataka,Onion,2026,8,2
2026-08-07,Onion,23,Bengaluru,Large,Bengaluru APMC,2800,2000,2400,Karnataka,Onion,2026,8,4
2026-08-05,Brinjal,35,Bengaluru,Local,Binny Mill (FF&V) Bengaluru APMC,3000,2600,2800,Karnataka,Brinjal,2026,8,2
2026-07-20,Brinjal,35,Bengaluru,Local,Binny Mill (FF&V) Bengaluru APMC,2800,2400,2700,Karnataka,Brinjal,2026,7,0
2026-07-27,Brinjal,35,Bengaluru,Local,Binny Mill (FF&V) Bengaluru APMC,2800,2500,2700,Karnataka,Brinjal,2026,7,0
2026-08-01,Brinjal,35,Bengaluru,Local,Binny Mill (FF&V) Bengaluru APMC,3100,2700,2900,Karnataka,Brinjal,2026,8,5
2026-07-08,Banana,19,Bengaluru,Local,Binny Mill (FF&V) Bengaluru APMC,6500,1000,3750,Karnataka,Elakki Bale,2026,7,2
2026-07-24,Banana,19,Bengaluru,Local,Binny Mill (FF&V) Bengaluru APMC,7100,1000,4050,Karnataka,Elakki Bale,2026,7,4
2026-08-01,Banana,19,Bengaluru,Local,Binny Mill (FF&V) Bengaluru APMC,7000,1000,4000,Karnataka,Elakki Bale,2026,8,5
2026-08-06,Banana,19,Bengaluru,Local,Binny Mill (FF&V) Bengaluru APMC,7200,1000,4100,Karnataka,Elakki Bale,2026,8,3
2026-08-07,Banana,19,Bengaluru,Local,Binny Mill (FF&V) Bengaluru APMC,7000,1000,4000,Karnataka,Elakki Bale,2026,8,4
2026-07-02,Banana,19,Bengaluru,Local,Binny Mill (FF&V) Bengaluru APMC,2500,700,1600,Karnataka,Nauti Bale,2026,7,3
2026-07-21,Banana,19,Bengaluru,Local,Binny Mill (FF&V) Bengaluru APMC,2900,700,1800,Karnataka,Nauti Bale,2026,7,1
2026-07-27,Banana,19,Bengaluru,Local,Binny Mill (FF&V) Bengaluru APMC,3000,700,1850,Karnataka,Nauti Bale,2026,7,0
2026-08-03,Banana,19,Bengaluru,Local,Binny Mill (FF&V) Bengaluru APMC,3000,700,1850,Karnataka,Nauti Bale,2026,8,0
2026-08-05,Banana,19,Bengaluru,Local,Binny Mill (FF&V) Bengaluru APMC,3000,700,1850,Karnataka,Nauti Bale,2026,8,2
2026-07-02,Banana,19,Bengaluru,Local,Binny Mill (FF&V) Bengaluru APMC,2700,1000,1850,Karnataka,Nendra Bale,2026,7,3
2026-07-04,Banana,19,Bengaluru,Local,Binny Mill (FF&V) Bengaluru APMC,2700,1000,1850,Karnataka,Nendra Bale,2026,7,5
2026-07-07,Banana,19,Bengaluru,Local,Binny Mill (FF&V) Bengaluru APMC,2500,1000,1750,Karnataka,Nendra Bale,2026,7,1
2026-07-18,Banana,19,Bengaluru,Local,Binny Mill (FF&V) Bengaluru APMC,2900,1000,1950,Karnataka,Nendra Bale,2026,7,5
2026-08-04,Banana,19,Bengaluru,Local,Binny Mill (FF&V) Bengaluru APMC,2900,1000,1950,Karnataka,Nendra Bale,2026,8,1
2026-07-01,Mango,20,Bengaluru,Local,Binny Mill (FF&V) Bengaluru APMC,1400,800,1200,Karnataka,Totapuri,2026,7,2
2026-07-08,Mango,20,Bengaluru,Local,Binny Mill (FF&V) Bengaluru APMC,1200,800,1000,Karnataka,Totapuri,2026,7,2
2026-07-17,Mango,20,Bengaluru,Local,Binny Mill (FF&V) Bengaluru APMC,1400,1000,1200,Karnataka,Totapuri,2026,7,4
2026-07-20,Mango,20,Bengaluru,Local,Binny Mill (FF&V) Bengaluru APMC,1200,800,1000,Karnataka,Totapuri,2026,7,0
2026-07-21,Mango,20,Bengaluru,Local,Binny Mill (FF&V) Bengaluru APMC,1200,800,1000,Karnataka,Totapuri,2026,7,1
2026-07-27,Mango,20,Bengaluru,Local,Binny Mill (FF&V) Bengaluru APMC,1400,800,1200,Karnataka,Totapuri,2026,7,0
2026-07-28,Mango,20,Bengaluru,Local,Binny Mill (FF&V) Bengaluru APMC,1200,800,1000,Karnataka,Totapuri,2026,7,1
2026-08-03,Mango,20,Bengaluru,Local,Binny Mill (FF&V) Bengaluru APMC,3000,2000,2500,Karnataka,Mango,2026,8,0
2026-08-05,Mango,20,Bengaluru,Local,Binny Mill (FF&V) Bengaluru APMC,3000,1500,2500,Karnataka,Mango,2026,8,2
2026-07-04,Banana,19,Bengaluru,Local,Binny Mill (FF&V) Bengaluru APMC,2700,600,1650,Karnataka,Pachha Bale,2026,7,5
2026-07-10,Banana,19,Bengaluru,Local,Binny Mill (FF&V) Bengaluru APMC,2600,600,1600,Karnataka,Pachha Bale,2026,7,4
2026-07-16,Banana,19,Bengaluru,Local,Binny Mill (FF&V) Bengaluru APMC,3000,600,1800,Karnataka,Pachha Bale,2026,7,3
2026-07-22,Banana,19,Bengaluru,Local,Binny Mill (FF&V) Bengaluru APMC,2700,600,1650,Karnataka,Pachha Bale,2026,7,2
2026-07-24,Banana,19,Bengaluru,Local,Binny Mill (FF&V) Bengaluru APMC,2700,600,1650,Karnataka,Pachha Bale,2026,7,4
2026-07-27,Banana,19,Bengaluru,Local,Binny Mill (FF&V) Bengaluru APMC,2700,600,1650,Karnataka,Pachha Bale,2026,7,0
2026-08-03,Banana,19,Bengaluru,Local,Binny Mill (FF&V) Bengaluru APMC,2800,600,1700,Karnataka,Pachha Bale,2026,8,0
2026-08-04,Banana,19,Bengaluru,Local,Binny Mill (FF&V) Bengaluru APMC,2800,600,1700,Karnataka,Pachha Bale,2026,8,1
2026-07-08,Mango,20,Bengaluru,Local,Binny Mill (FF&V) Bengaluru APMC,5000,3000,4000,Karnataka,Badami,2026,7,2
2026-07-10,Mango,20,Bengaluru,Local,Binny Mill (FF&V) Bengaluru APMC,4000,2000,3000,Karnataka,Badami,2026,7,4
2026-07-02,Onion,23,Bengaluru,Large,Bengaluru APMC,2600,1800,2200,Karnataka,Onion,2026,7,3
2026-07-06,Onion,23,Bengaluru,Large,Bengaluru APMC,2800,1800,2400,Karnataka,Onion,2026,7,0
2026-07-08,Onion,23,Bengaluru,Large,Bengaluru APMC,2800,1800,2400,Karnataka,Onion,2026,7,2
2026-07-11,Onion,23,Bengaluru,Large,Bengaluru APMC,2800,1800,2400,Karnataka,Onion,2026,7,5
2026-07-15,Onion,23,Bengaluru,Local,Bengaluru APMC,3200,1500,2500,Karnataka,Puna,2026,7,2
2026-07-18,Onion,23,Bengaluru,Local,Bengaluru APMC,3200,1500,2500,Karnataka,Puna,2026,7,5
2026-08-01,Onion,23,Bengaluru,Local,Bengaluru APMC,3200,2000,2600,Karnataka,Puna,2026,8,5
2026-08-06,Onion,23,Bengaluru,Local,Bengaluru APMC,3400,2000,2800,Karnataka,Puna,2026,8,3
2026-07-02,Onion,23,Bengaluru,Medium,Bengaluru APMC,1800,1200,1400,Karnataka,Local,2026,7,3
2026-07-04,Onion,23,Bengaluru,Medium,Bengaluru APMC,1800,1200,1400,Karnataka,Local,2026,7,5
2026-07-09,Onion,23,Bengaluru,Medium,Bengaluru APMC,2200,1500,1800,Karnataka,Local,2026,7,3
2026-07-14,Onion,23,Bengaluru,Medium,Bengaluru APMC,2200,1500,1800,Karnataka,Local,2026,7,1
2026-07-17,Onion,23,Bengaluru,Medium,Bengaluru APMC,2200,1500,1800,Karnataka,Local,2026,7,4
2026-08-03,Onion,23,Bengaluru,Medium,Bengaluru APMC,2000,1500,1800,Karnataka,Local,2026,8,0
2026-07-01,Onion,23,Bengaluru,Small,Bengaluru APMC,1200,600,1000,Karnataka,Bangalore-Samall,2026,7,2
2026-07-18,Onion,23,Bengaluru,Small,Bengaluru APMC,1500,1000,1200,Karnataka,Bangalore-Samall,2026,7,5
2026-07-22,Onion,23,Bengaluru,Small,Bengaluru APMC,1500,1000,1200,Karnataka,Bangalore-Samall,2026,7,2
2026-08-04,Onion,23,Bengaluru,Small,Bengaluru APMC,1500,1000,1200,Karnataka,Bangalore-Samall,2026,8,1
2026-08-07,Onion,23,Bengaluru,Small,Bengaluru APMC,1500,1000,1200,Karnataka,Bangalore-Samall,2026,8,4
2026-04-25,Onion,23,Bengaluru,Medium,Bengaluru APMC,1000,600,800,Karnataka,Local,2026,4,5
2026-04-01,Brinjal,35,Bengaluru,Local,"Binny Mill (F&V), Bengaluru APMC",2200,1800,2000,Karnataka,Brinjal,2026,4,2
2026-04-02,Brinjal,35,Bengaluru,Local,"Binny Mill (F&V), Bengaluru APMC",2000,1600,1800,Karnataka,Brinjal,2026,4,3
2026-04-06,Potato,24,Bengaluru,Medium,Bengaluru APMC,1800,600,1400,Karnataka,Potato,2026,4,0
2026-04-13,Potato,24,Bengaluru,Medium,Bengaluru APMC,1800,600,1400,Karnataka,Potato,2026,4,0
2026-06-29,Cabbage,154,Bengaluru,Local,"Binny Mill (F&V), Bengaluru APMC",1900,1700,1800,Karnataka,Cabbage,2026,6,0
2026-07-10,Cabbage,154,Bengaluru,Local,"Binny Mill (F&V), Bengaluru APMC",1900,1700,1800,Karnataka,Cabbage,2026,7,4
2026-07-14,Cabbage,154,Bengaluru,Local,"Binny Mill (F&V), Bengaluru APMC",2100,1900,2000,Karnataka,Cabbage,2026,7,1
2026-06-01,Cabbage,154,Bengaluru,Local,"Binny Mill (F&V), Bengaluru APMC",1800,1600,1700,Karnataka,Cabbage,2026,6,0
2026-06-03,Tomato,78,Bengaluru,Local,"Binny Mill (F&V), Bengaluru APMC",3500,3200,3400,Karnataka,Tomato,2026,6,2
2026-06-08,Tomato,78,Bengaluru,Local,"Binny Mill (F&V), Bengaluru APMC",3500,3200,3400,Karnataka,Tomato,2026,6,0
2026-06-20,Tomato,78,Bengaluru,Local,"Binny Mill (F&V), Bengaluru APMC",3600,3400,3500,Karnataka,Tomato,2026,6,5
2026-06-25,Tomato,78,Bengaluru,Local,"Binny Mill (F&V), Bengaluru APMC",2800,2500,2700,Karnataka,Tomato,2026,6,3
2026-07-02,Tomato,78,Bengaluru,Local,"Binny Mill (F&V), Bengaluru APMC",2400,2000,2200,Karnataka,Tomato,2026,7,3
2026-07-08,Tomato,78,Bengaluru,Local,"Binny Mill (F&V), Bengaluru APMC",2100,1600,1900,Karnataka,Tomato,2026,7,2
2026-07-09,Tomato,78,Bengaluru,Local,"Binny Mill (F&V), Bengaluru APMC",1800,1500,1700,Karnataka,Tomato,2026,7,3
2026-07-10,Tomato,78,Bengaluru,Local,"Binny Mill (F&V), Bengaluru APMC",1800,1500,1700,Karnataka,Tomato,2026,7,4
2026-07-13,Tomato,78,Bengaluru,Local,"Binny Mill (F&V), Bengaluru APMC",2000,1700,1900,Karnataka,Tomato,2026,7,0
2026-07-14,Tomato,78,Bengaluru,Local,"Binny Mill (F&V), Bengaluru APMC",2000,1500,1800,Karnataka,Tomato,2026,7,1
2026-07-20,Tomato,78,Bengaluru,Local,"Binny Mill (F&V), Bengaluru APMC",1700,1500,1600,Karnataka,Tomato,2026,7,0
2026-06-04,Onion,23,Bengaluru,Medium,Bengaluru APMC,1400,1000,1100,Karnataka,Local,2026,6,3
2026-06-10,Onion,23,Bengaluru,Medium,Bengaluru APMC,1400,1000,1100,Karnataka,Local,2026,6,2
2026-06-11,Onion,23,Bengaluru,Medium,Bengaluru APMC,1400,1000,1100,Karnataka,Local,2026,6,3
2026-06-25,Onion,23,Bengaluru,Medium,Bengaluru APMC,1600,1000,1200,Karnataka,Local,2026,6,3
2026-06-13,Onion,23,Bengaluru,Small,Bengaluru APMC,1000,400,800,Karnataka,Bangalore-Samall,2026,6,5
2026-06-26,Onion,23,Bengaluru,Small,Bengaluru APMC,1000,500,800,Karnataka,Bangalore-Samall,2026,6,4
2026-06-02,Onion,23,Bengaluru,Large,Bengaluru APMC,2000,1200,1400,Karnataka,Onion,2026,6,1
2026-06-05,Onion,23,Bengaluru,Large,Bengaluru APMC,2200,1600,1800,Karnataka,Onion,2026,6,4
2026-06-25,Onion,23,Bengaluru,Large,Bengaluru APMC,2200,1600,2000,Karnataka,Onion,2026,6,3
2026-06-09,Potato,24,Bengaluru,Medium,Bengaluru APMC,2200,1000,1500,Karnataka,Potato,2026,6,1
2026-06-09,Potato,24,Bengaluru,Medium,Bengaluru APMC,1600,1000,1300,Karnataka,Local,2026,6,1
2026-06-13,Potato,24,Bengaluru,Medium,Bengaluru APMC,1600,1000,1300,Karnataka,Local,2026,6,5
2026-06-23,Potato,24,Bengaluru,Medium,Bengaluru APMC,2000,1500,1600,Karnataka,Local,2026,6,1
2026-06-03,Maize,4,Bengaluru,FAQ,Bengaluru APMC,6000,4000,5000,Karnataka,Popcorn,2026,6,2
2026-06-13,Maize,4,Bengaluru,FAQ,Bengaluru APMC,6000,4000,5000,Karnataka,Popcorn,2026,6,5
2026-06-11,Maize,4,Bengaluru,FAQ,Bengaluru APMC,6000,4000,5000,Karnataka,Popcorn,2026,6,3
2026-06-17,Maize,4,Bengaluru,FAQ,Bengaluru APMC,6000,4000,5000,Karnataka,Popcorn,2026,6,2
2026-06-02,Maize,4,Bengaluru,FAQ,Bengaluru APMC,2500,2300,2400,Karnataka,Hybrid/Local,2026,6,1
2026-06-05,Maize,4,Bengaluru,FAQ,Bengaluru APMC,2500,2300,2400,Karnataka,Hybrid/Local,2026,6,4
2026-06-10,Maize,4,Bengaluru,FAQ,Bengaluru APMC,2500,2400,2450,Karnataka,Hybrid/Local,2026,6,2
2026-06-12,Maize,4,Bengaluru,FAQ,Bengaluru APMC,2500,2400,2450,Karnataka,Hybrid/Local,2026,6,4
2026-06-24,Maize,4,Bengaluru,FAQ,Bengaluru APMC,2500,2400,2450,Karnataka,Hybrid/Local,2026,6,2
2026-06-30,Rice,3,Bengaluru,Medium,Bengaluru APMC,3300,3100,3200,Karnataka,Dappa,2026,6,1
2026-06-10,Rice,3,Bengaluru,Medium,Bengaluru APMC,3300,3100,3200,Karnataka,Dappa,2026,6,2
2026-06-11,Rice,3,Bengaluru,Medium,Bengaluru APMC,3300,3100,3200,Karnataka,Dappa,2026,6,3
2026-06-12,Rice,3,Bengaluru,Medium,Bengaluru APMC,3300,3100,3200,Karnataka,Dappa,2026,6,4
2026-06-29,Rice,3,Bengaluru,Medium,Bengaluru APMC,3300,3100,3200,Karnataka,Dappa,2026,6,0
2026-06-01,Rice,3,Bengaluru,Medium,Bengaluru APMC,6000,5300,5650,Karnataka,Medium,2026,6,0
2026-06-06,Rice,3,Bengaluru,Medium,Bengaluru APMC,6000,5300,5650,Karnataka,Medium,2026,6,5
2026-06-11,Rice,3,Bengaluru,Medium,Bengaluru APMC,5000,4800,4900,Karnataka,Medium,2026,6,3
2026-06-12,Rice,3,Bengaluru,Medium,Bengaluru APMC,5000,4800,4900,Karnataka,Medium,2026,6,4
2026-06-13,Rice,3,Bengaluru,Medium,Bengaluru APMC,5000,4800,4900,Karnataka,Medium,2026,6,5
2026-06-17,Rice,3,Bengaluru,Medium,Bengaluru APMC,5000,4800,4900,Karnataka,Medium,2026,6,2
2026-06-27,Rice,3,Bengaluru,Medium,Bengaluru APMC,5000,4800,4900,Karnataka,Medium,2026,6,5
2026-06-29,Rice,3,Bengaluru,Medium,Bengaluru APMC,5000,4800,4900,Karnataka,Medium,2026,6,0
2026-06-18,Rice,3,Bengaluru,Medium,Bengaluru APMC,3300,3100,3200,Karnataka,Dappa,2026,6,3
2026-06-20,Rice,3,Bengaluru,Medium,Bengaluru APMC,3300,3100,3200,Karnataka,Dappa,2026,6,5
2026-06-03,Rice,3,Bengaluru,Medium,Bengaluru APMC,6600,6000,6300,Karnataka,Fine,2026,6,2
2026-06-12,Rice,3,Bengaluru,Medium,Bengaluru APMC,6000,5200,5600,Karnataka,Fine,2026,6,4
2026-06-15,Rice,3,Bengaluru,Medium,Bengaluru APMC,6000,5200,5600,Karnataka,Fine,2026,6,0
2026-06-20,Potato,24,Bengaluru,Medium,Bengaluru APMC,2200,1000,1500,Karnataka,Potato,2026,6,5
2026-06-11,Onion,23,Bengaluru,Local,Bengaluru APMC,2400,1000,1500,Karnataka,Puna,2026,6,3
2026-06-13,Onion,23,Bengaluru,Local,Bengaluru APMC,2400,1000,1500,Karnataka,Puna,2026,6,5
2026-06-17,Onion,23,Bengaluru,Local,Bengaluru APMC,2400,1000,1400,Karnataka,Puna,2026,6,2
2026-06-18,Onion,23,Bengaluru,Local,Bengaluru APMC,2400,1000,1400,Karnataka,Puna,2026,6,3
2026-06-22,Onion,23,Bengaluru,Local,Bengaluru APMC,2500,1000,2200,Karnataka,Puna,2026,6,0
2026-06-25,Onion,23,Bengaluru,Local,Bengaluru APMC,2500,1000,2200,Karnataka,Puna,2026,6,3
2026-06-22,Potato,24,Bengaluru,Medium,Bengaluru APMC,2000,1500,1600,Karnataka,Local,2026,6,0
2026-06-12,Potato,24,Bengaluru,Medium,Bengaluru APMC,2200,1000,1500,Karnataka,Potato,2026,6,4
2026-06-13,Potato,24,Bengaluru,Medium,Bengaluru APMC,2200,1000,1500,Karnataka,Potato,2026,6,5
2026-06-12,Cabbage,154,Bengaluru,Local,Binny Mill (FF&V) Bengaluru APMC,2000,1800,1900,Karnataka,Cabbage,2026,6,4
2026-06-17,Cabbage,154,Bengaluru,Local,Binny Mill (FF&V) Bengaluru APMC,2200,2000,2100,Karnataka,Cabbage,2026,6,2
2026-06-22,Cabbage,154,Bengaluru,Local,Binny Mill (FF&V) Bengaluru APMC,2000,1800,1900,Karnataka,Cabbage,2026,6,0
2026-06-03,Cabbage,154,Bengaluru,Local,Binny Mill (FF&V) Bengaluru APMC,1700,1500,1600,Karnataka,Cabbage,2026,6,2
2026-06-06,Cabbage,154,Bengaluru,Local,Binny Mill (FF&V) Bengaluru APMC,1800,1600,1700,Karnataka,Cabbage,2026,6,5
2026-06-11,Cabbage,154,Bengaluru,Local,Binny Mill (FF&V) Bengaluru APMC,2000,1600,1800,Karnataka,Cabbage,2026,6,3
2026-06-04,Mango,20,Bengaluru,Local,Binny Mill (FF&V) Bengaluru APMC,1400,800,1200,Karnataka,Badami,2026,6,3
2026-06-09,Mango,20,Bengaluru,Local,Binny Mill (FF&V) Bengaluru APMC,4000,3000,3500,Karnataka,Badami,2026,6,1
2026-06-18,Mango,20,Bengaluru,Local,Binny Mill (FF&V) Bengaluru APMC,3000,2000,2500,Karnataka,Badami,2026,6,3
2026-06-19,Mango,20,Bengaluru,Local,Binny Mill (FF&V) Bengaluru APMC,3500,2500,3000,Karnataka,Badami,2026,6,4
2026-06-20,Mango,20,Bengaluru,Local,Binny Mill (FF&V) Bengaluru APMC,4000,3000,3500,Karnataka,Badami,2026,6,5
2026-06-02,Banana,19,Bengaluru,Local,Binny Mill (FF&V) Bengaluru APMC,4500,1000,2750,Karnataka,Elakki Bale,2026,6,1
2026-06-11,Banana,19,Bengaluru,Local,Binny Mill (FF&V) Bengaluru APMC,44000,1000,2700,Karnataka,Elakki Bale,2026,6,3
2026-06-16,Banana,19,Bengaluru,Local,Binny Mill (FF&V) Bengaluru APMC,4600,1000,2800,Karnataka,Elakki Bale,2026,6,1
2026-06-17,Banana,19,Bengaluru,Local,Binny Mill (FF&V) Bengaluru APMC,4700,1000,2850,Karnataka,Elakki Bale,2026,6,2
2026-06-23,Banana,19,Bengaluru,Local,Binny Mill (FF&V) Bengaluru APMC,5500,1000,3250,Karnataka,Elakki Bale,2026,6,1
2026-06-11,Brinjal,35,Bengaluru,Local,Binny Mill (FF&V) Bengaluru APMC,3000,2700,2900,Karnataka,Brinjal,2026,6,3
2026-06-09,Banana,19,Bengaluru,Local,Binny Mill (FF&V) Bengaluru APMC,2600,600,1600,Karnataka,Pachha Bale,2026,6,1
2026-06-12,Banana,19,Bengaluru,Local,Binny Mill (FF&V) Bengaluru APMC,2500,600,1550,Karnataka,Pachha Bale,2026,6,4
2026-06-17,Banana,19,Bengaluru,Local,Binny Mill (FF&V) Bengaluru APMC,2500,600,1550,Karnataka,Pachha Bale,2026,6,2
2026-06-19,Banana,19,Bengaluru,Local,Binny Mill (FF&V) Bengaluru APMC,2700,600,1650,Karnataka,Pachha Bale,2026,6,4
2026-06-01,Mango,20,Bengaluru,Local,Binny Mill (FF&V) Bengaluru APMC,3000,2000,2500,Karnataka,Raspuri,2026,6,0
2026-06-02,Mango,20,Bengaluru,Local,Binny Mill (FF&V) Bengaluru APMC,3500,2000,3000,Karnataka,Raspuri,2026,6,1
2026-06-03,Mango,20,Bengaluru,Local,Binny Mill (FF&V) Bengaluru APMC,3000,2000,2500,Karnataka,Raspuri,2026,6,2
2026-06-08,Mango,20,Bengaluru,Local,Binny Mill (FF&V) Bengaluru APMC,3000,2000,2500,Karnataka,Raspuri,2026,6,0
2026-06-10,Mango,20,Bengaluru,Local,Binny Mill (FF&V) Bengaluru APMC,3500,2500,3000,Karnataka,Raspuri,2026,6,2
2026-06-12,Mango,20,Bengaluru,Local,Binny Mill (FF&V) Bengaluru APMC,3000,2000,2500,Karnataka,Raspuri,2026,6,4
2026-06-17,Mango,20,Bengaluru,Local,Binny Mill (FF&V) Bengaluru APMC,2500,1500,2000,Karnataka,Raspuri,2026,6,2
2026-06-19,Mango,20,Bengaluru,Local,Binny Mill (FF&V) Bengaluru APMC,3000,2000,2500,Karnataka,Raspuri,2026,6,4
2026-06-22,Mango,20,Bengaluru,Local,Binny Mill (FF&V) Bengaluru APMC,3000,2000,2500,Karnataka,Raspuri,2026,6,0
2026-06-20,Mango,20,Bengaluru,Local,Binny Mill (FF&V) Bengaluru APMC,3000,2000,2500,Karnataka,Raspuri,2026,6,5
2026-06-25,Mango,20,Bengaluru,Local,Binny Mill (FF&V) Bengaluru APMC,3000,2000,2500,Karnataka,Raspuri,2026,6,3
2026-06-10,Tomato,78,Bengaluru,Local,Binny Mill (FF&V) Bengaluru APMC,3500,3000,3300,Karnataka,Tomato,2026,6,2
2026-06-20,Tomato,78,Bengaluru,Local,Binny Mill (FF&V) Bengaluru APMC,3600,3400,3500,Karnataka,Tomato,2026,6,5
2026-06-29,Tomato,78,Bengaluru,Local,Binny Mill (FF&V) Bengaluru APMC,2700,2400,2600,Karnataka,Tomato,2026,6,0
2026-06-01,Brinjal,35,Bengaluru,Local,Binny Mill (FF&V) Bengaluru APMC,3500,3300,3400,Karnataka,Brinjal,2026,6,0
2026-06-04,Mango,20,Bengaluru,Local,Binny Mill (FF&V) Bengaluru APMC,1200,800,1000,Karnataka,Totapuri,2026,6,3
2026-06-15,Mango,20,Bengaluru,Local,Binny Mill (FF&V) Bengaluru APMC,1000,800,900,Karnataka,Totapuri,2026,6,0
2026-06-18,Mango,20,Bengaluru,Local,Binny Mill (FF&V) Bengaluru APMC,1200,800,1000,Karnataka,Totapuri,2026,6,3
2026-06-19,Mango,20,Bengaluru,Local,Binny Mill (FF&V) Bengaluru APMC,1000,800,900,Karnataka,Totapuri,2026,6,4
2026-06-19,Brinjal,35,Bengaluru,Local,Binny Mill (FF&V) Bengaluru APMC,4000,3600,3800,Karnataka,Brinjal,2026,6,4
2026-06-02,Carrot,153,Bengaluru,Local,Binny Mill (FF&V) Bengaluru APMC,4500,4000,4300,Karnataka,Carrot,2026,6,1
2026-06-05,Carrot,153,Bengaluru,Local,Binny Mill (FF&V) Bengaluru APMC,5000,4000,4500,Karnataka,Carrot,2026,6,4
2026-06-09,Carrot,153,Bengaluru,Local,Binny Mill (FF&V) Bengaluru APMC,5000,4500,4700,Karnataka,Carrot,2026,6,1
2026-06-16,Carrot,153,Bengaluru,Local,Binny Mill (FF&V) Bengaluru APMC,5500,4500,5000,Karnataka,Carrot,2026,6,1
2026-06-17,Carrot,153,Bengaluru,Local,Binny Mill (FF&V) Bengaluru APMC,5000,4600,4800,Karnataka,Carrot,2026,6,2
2026-06-18,Carrot,153,Bengaluru,Local,Binny Mill (FF&V) Bengaluru APMC,6000,5000,5500,Karnataka,Carrot,2026,6,3
2026-06-30,Carrot,153,Bengaluru,Local,Binny Mill (FF&V) Bengaluru APMC,6000,5000,5500,Karnataka,Carrot,2026,6,1
2026-06-05,Banana,19,Bengaluru,Local,Binny Mill (FF&V) Bengaluru APMC,2500,700,1600,Karnataka,Nendra Bale,2026,6,4
2026-06-06,Banana,19,Bengaluru,Local,Binny Mill (FF&V) Bengaluru APMC,2500,1000,1750,Karnataka,Nendra Bale,2026,6,5
2026-06-12,Banana,19,Bengaluru,Local,Binny Mill (FF&V) Bengaluru APMC,2600,1000,1800,Karnataka,Nendra Bale,2026,6,4
2026-04-06,Brinjal,35,Bengaluru,Local,"Binny Mill (F&V), Bengaluru APMC",2200,2000,2100,Karnataka,Brinjal,2026,4,0
2026-04-17,Brinjal,35,Bengaluru,Local,"Binny Mill (F&V), Bengaluru APMC",2800,2400,2600,Karnataka,Brinjal,2026,4,4
2026-04-21,Brinjal,35,Bengaluru,Local,"Binny Mill (F&V), Bengaluru APMC",2600,2200,2400,Karnataka,Brinjal,2026,4,1
2026-04-28,Brinjal,35,Bengaluru,Local,"Binny Mill (F&V), Bengaluru APMC",2600,2400,2500,Karnataka,Brinjal,2026,4,1
2026-04-30,Brinjal,35,Bengaluru,Local,"Binny Mill (F&V), Bengaluru APMC",2700,2500,2600,Karnataka,Brinjal,2026,4,3
2026-04-15,Onion,23,Bengaluru,Large,Bengaluru APMC,1300,1000,1100,Karnataka,Onion,2026,4,2
2026-04-01,Onion,23,Bengaluru,Local,Bengaluru APMC,1500,800,1200,Karnataka,Puna,2026,4,2
2026-04-04,Potato,24,Bengaluru,Medium,Bengaluru APMC,1800,600,1400,Karnataka,Potato,2026,4,5
2026-04-07,Potato,24,Bengaluru,Medium,Bengaluru APMC,1800,600,1400,Karnataka,Potato,2026,4,1
2026-04-08,Potato,24,Bengaluru,Medium,Bengaluru APMC,1800,600,1400,Karnataka,Potato,2026,4,2
2026-04-27,Potato,24,Bengaluru,Medium,Bengaluru APMC,1900,1500,1600,Karnataka,Potato,2026,4,0
2026-04-28,Potato,24,Bengaluru,Medium,Bengaluru APMC,1600,1300,1400,Karnataka,Local,2026,4,1
2026-04-16,Mango,20,Bengaluru,Local,"Binny Mill (F&V), Bengaluru APMC",6000,5000,5500,Karnataka,Badami,2026,4,3
2026-04-22,Mango,20,Bengaluru,Local,"Binny Mill (F&V), Bengaluru APMC",5000,3000,4000,Karnataka,Badami,2026,4,2
2026-04-24,Mango,20,Bengaluru,Local,"Binny Mill (F&V), Bengaluru APMC",6000,4000,5000,Karnataka,Badami,2026,4,4
2026-04-13,Mango,20,Bengaluru,Local,"Binny Mill (F&V), Bengaluru APMC",3500,1500,2500,Karnataka,Keshar,2026,4,0
2026-04-16,Mango,20,Bengaluru,Local,"Binny Mill (F&V), Bengaluru APMC",4000,2500,3000,Karnataka,Keshar,2026,4,3
2026-04-07,Mango,20,Bengaluru,Local,"Binny Mill (F&V), Bengaluru APMC",3600,3000,3300,Karnataka,Other,2026,4,1
2026-04-13,Mango,20,Bengaluru,Local,"Binny Mill (F&V), Bengaluru APMC",3800,3000,3400,Karnataka,Other,2026,4,0
2026-04-15,Mango,20,Bengaluru,Local,"Binny Mill (F&V), Bengaluru APMC",5500,4500,5000,Karnataka,Other,2026,4,2
2026-04-01,Banana,19,Bengaluru,Local,"Binny Mill (F&V), Bengaluru APMC",3800,1000,2400,Karnataka,Elakki Bale,2026,4,2
2026-04-27,Banana,19,Bengaluru,Local,"Binny Mill (F&V), Bengaluru APMC",4600,1000,2800,Karnataka,Elakki Bale,2026,4,0
2026-04-17,Banana,19,Bengaluru,Local,"Binny Mill (F&V), Bengaluru APMC",2000,700,1350,Karnataka,Nauti Bale,2026,4,4
2026-04-02,Banana,19,Bengaluru,Local,"Binny Mill (F&V), Bengaluru APMC",1800,600,1200,Karnataka,Pachha Bale,2026,4,3
2026-04-17,Banana,19,Bengaluru,Local,"Binny Mill (F&V), Bengaluru APMC",2100,600,1350,Karnataka,Pachha Bale,2026,4,4
2026-04-15,Banana,19,Bengaluru,Local,"Binny Mill (F&V), Bengaluru APMC",2000,1000,1500,Karnataka,Nendra Bale,2026,4,2
2026-04-23,Banana,19,Bengaluru,Local,"Binny Mill (F&V), Bengaluru APMC",2100,1000,1550,Karnataka,Nendra Bale,2026,4,3
2026-04-24,Banana,19,Bengaluru,Local,"Binny Mill (F&V), Bengaluru APMC",2000,1000,1500,Karnataka,Nendra Bale,2026,4,4
2026-04-30,Banana,19,Bengaluru,Local,"Binny Mill (F&V), Bengaluru APMC",2500,1000,1750,Karnataka,Nendra Bale,2026,4,3
2026-04-28,Mango,20,Bengaluru,Local,"Binny Mill (F&V), Bengaluru APMC",4000,3000,3500,Karnataka,Raspuri,2026,4,1
2026-04-16,Mango,20,Bengaluru,Local,"Binny Mill (F&V), Bengaluru APMC",2500,1500,2000,Karnataka,Totapuri,2026,4,3
2026-04-15,Mango,20,Bengaluru,Local,"Binny Mill (F&V), Bengaluru APMC",3500,1500,2500,Karnataka,Totapuri,2026,4,2
2026-04-28,Mango,20,Bengaluru,Local,"Binny Mill (F&V), Bengaluru APMC",2500,1500,2000,Karnataka,Totapuri,2026,4,1
2026-04-30,Mango,20,Bengaluru,Local,"Binny Mill (F&V), Bengaluru APMC",1500,800,1200,Karnataka,Totapuri,2026,4,3
2026-04-23,Mango,20,Bengaluru,Local,"Binny Mill (F&V), Bengaluru APMC",5000,3000,4000,Karnataka,Raspuri,2026,4,3
2026-04-04,Maize,4,Bengaluru,FAQ,Bengaluru APMC,2400,2200,2300,Karnataka,Hybrid/Local,2026,4,5
2026-04-23,Maize,4,Bengaluru,FAQ,Bengaluru APMC,2400,2200,2300,Karnataka,Hybrid/Local,2026,4,3
2026-04-24,Maize,4,Bengaluru,FAQ,Bengaluru APMC,2400,2200,2300,Karnataka,Hybrid/Local,2026,4,4
2026-04-17,Rice,3,Bengaluru,Medium,Bengaluru APMC,4000,3700,3850,Karnataka,Dappa,2026,4,4
2026-04-21,Rice,3,Bengaluru,Medium,Bengaluru APMC,4000,3700,3850,Karnataka,Dappa,2026,4,1
2026-04-28,Rice,3,Bengaluru,Medium,Bengaluru APMC,4000,3700,3850,Karnataka,Dappa,2026,4,1
2026-04-18,Rice,3,Bengaluru,Medium,Bengaluru APMC,5800,5500,5650,Karnataka,Fine,2026,4,5
2026-04-27,Rice,3,Bengaluru,Medium,Bengaluru APMC,5800,5500,5650,Karnataka,Fine,2026,4,0
2026-04-28,Rice,3,Bengaluru,Medium,Bengaluru APMC,5800,5500,5650,Karnataka,Fine,2026,4,1
2026-04-25,Rice,3,Bengaluru,Medium,Bengaluru APMC,5500,5300,5400,Karnataka,Medium,2026,4,5
2026-04-27,Rice,3,Bengaluru,Medium,Bengaluru APMC,5500,5300,5400,Karnataka,Medium,2026,4,0
2026-04-01,Onion,23,Bengaluru,Large,Bengaluru APMC,1300,800,1000,Karnataka,Onion,2026,4,2
2026-04-06,Onion,23,Bengaluru,Large,Bengaluru APMC,1300,800,1000,Karnataka,Onion,2026,4,0
2026-04-07,Potato,24,Bengaluru,Medium,Bengaluru APMC,1100,800,1000,Karnataka,Local,2026,4,1
2026-04-09,Potato,24,Bengaluru,Medium,Bengaluru APMC,1100,800,1000,Karnataka,Local,2026,4,3
2026-04-25,Potato,24,Bengaluru,Medium,Bengaluru APMC,1200,800,1000,Karnataka,Local,2026,4,5
2026-04-02,Onion,23,Bengaluru,Small,Bengaluru APMC,500,200,300,Karnataka,Bangalore-Samall,2026,4,3
2026-04-07,Onion,23,Bengaluru,Small,Bengaluru APMC,500,200,300,Karnataka,Bangalore-Samall,2026,4,1
2026-04-16,Onion,23,Bengaluru,Small,Bengaluru APMC,500,200,300,Karnataka,Bangalore-Samall,2026,4,3
2026-04-15,Onion,23,Bengaluru,Small,Bengaluru APMC,500,200,300,Karnataka,Bangalore-Samall,2026,4,2
2026-04-18,Onion,23,Bengaluru,Small,Bengaluru APMC,500,200,300,Karnataka,Bangalore-Samall,2026,4,5
2026-04-20,Onion,23,Bengaluru,Small,Bengaluru APMC,500,200,300,Karnataka,Bangalore-Samall,2026,4,0
2026-04-23,Onion,23,Bengaluru,Small,Bengaluru APMC,600,300,400,Karnataka,Bangalore-Samall,2026,4,3
2026-04-28,Onion,23,Bengaluru,Small,Bengaluru APMC,600,300,400,Karnataka,Bangalore-Samall,2026,4,1
2026-04-02,Onion,23,Bengaluru,Local,Bengaluru APMC,1500,800,1200,Karnataka,Puna,2026,4,3
2026-04-25,Onion,23,Bengaluru,Local,Bengaluru APMC,1400,800,1000,Karnataka,Puna,2026,4,5
2026-04-04,Cabbage,154,Bengaluru,Local,"Binny Mill (F&V), Bengaluru APMC",1100,900,1000,Karnataka,Cabbage,2026,4,5
2026-04-06,Cabbage,154,Bengaluru,Local,"Binny Mill (F&V), Bengaluru APMC",1100,900,1000,Karnataka,Cabbage,2026,4,0
2026-04-02,Carrot,153,Bengaluru,Local,"Binny Mill (F&V), Bengaluru APMC",2500,2000,2300,Karnataka,Carrot,2026,4,3
2026-04-06,Carrot,153,Bengaluru,Local,"Binny Mill (F&V), Bengaluru APMC",2500,2000,2400,Karnataka,Carrot,2026,4,0
2026-04-29,Carrot,153,Bengaluru,Local,"Binny Mill (F&V), Bengaluru APMC",2700,2400,2600,Karnataka,Carrot,2026,4,2
2026-04-21,Carrot,153,Bengaluru,Local,"Binny Mill (F&V), Bengaluru APMC",2800,2400,2600,Karnataka,Carrot,2026,4,1
2026-04-22,Carrot,153,Bengaluru,Local,"Binny Mill (F&V), Bengaluru APMC",3000,2500,2800,Karnataka,Carrot,2026,4,2
2026-04-24,Carrot,153,Bengaluru,Local,"Binny Mill (F&V), Bengaluru APMC",2600,2200,2400,Karnataka,Carrot,2026,4,4
2026-04-28,Carrot,153,Bengaluru,Local,"Binny Mill (F&V), Bengaluru APMC",2600,2000,2400,Karnataka,Carrot,2026,4,1
2026-04-15,Cabbage,154,Bengaluru,Local,"Binny Mill (F&V), Bengaluru APMC",1200,1000,1100,Karnataka,Cabbage,2026,4,2
2026-04-22,Cabbage,154,Bengaluru,Local,"Binny Mill (F&V), Bengaluru APMC",1000,800,900,Karnataka,Cabbage,2026,4,2
2026-04-24,Cabbage,154,Bengaluru,Local,"Binny Mill (F&V), Bengaluru APMC",1200,1000,1100,Karnataka,Cabbage,2026,4,4
2026-04-08,Tomato,78,Bengaluru,Local,"Binny Mill (F&V), Bengaluru APMC",1600,1400,1500,Karnataka,Tomato,2026,4,2
2026-04-09,Tomato,78,Bengaluru,Local,"Binny Mill (F&V), Bengaluru APMC",1600,1400,1500,Karnataka,Tomato,2026,4,3
2026-04-22,Tomato,78,Bengaluru,Local,"Binny Mill (F&V), Bengaluru APMC",2000,1700,1900,Karnataka,Tomato,2026,4,2
2026-04-29,Tomato,78,Bengaluru,Local,"Binny Mill (F&V), Bengaluru APMC",3000,2700,2800,Karnataka,Tomato,2026,4,2
2026-05-27,Maize,4,Bengaluru,FAQ,Bengaluru APMC,6000,4000,5000,Karnataka,Popcorn,2026,5,2
2026-05-30,Maize,4,Bengaluru,FAQ,Bengaluru APMC,6000,4000,5000,Karnataka,Popcorn,2026,5,5
2026-05-09,Maize,4,Bengaluru,FAQ,Bengaluru APMC,6000,4000,5000,Karnataka,Pro Agro 4212,2026,5,5
2026-05-21,Rice,3,Bengaluru,Medium,Bengaluru APMC,4300,3800,4050,Karnataka,Dappa,2026,5,3
2026-05-02,Rice,3,Bengaluru,Medium,Bengaluru APMC,4200,3800,4000,Karnataka,Dappa,2026,5,5
2026-05-05,Rice,3,Bengaluru,Medium,Bengaluru APMC,4200,3800,4000,Karnataka,Dappa,2026,5,1
2026-05-13,Rice,3,Bengaluru,Medium,Bengaluru APMC,4300,3800,4050,Karnataka,Dappa,2026,5,2
2026-05-05,Rice,3,Bengaluru,Medium,Bengaluru APMC,7700,5500,6600,Karnataka,Fine,2026,5,1
2026-05-27,Maize,4,Bengaluru,FAQ,Bengaluru APMC,2500,2300,2400,Karnataka,Hybrid/Local,2026,5,2
2026-05-02,Maize,4,Bengaluru,FAQ,Bengaluru APMC,2300,2100,2200,Karnataka,Hybrid/Local,2026,5,5
2026-05-22,Maize,4,Bengaluru,FAQ,Bengaluru APMC,2500,2300,2400,Karnataka,Hybrid/Local,2026,5,4
2026-05-28,Maize,4,Bengaluru,FAQ,Bengaluru APMC,2500,2300,2400,Karnataka,Hybrid/Local,2026,5,3
2026-05-11,Rice,3,Bengaluru,Medium,Bengaluru APMC,4200,3800,4000,Karnataka,Dappa,2026,5,0
2026-05-20,Rice,3,Bengaluru,Medium,Bengaluru APMC,4300,3800,4050,Karnataka,Dappa,2026,5,2
2026-05-25,Rice,3,Bengaluru,Medium,Bengaluru APMC,4300,3800,4050,Karnataka,Dappa,2026,5,0
2026-05-05,Rice,3,Bengaluru,Medium,Bengaluru APMC,6000,5300,5650,Karnataka,Medium,2026,5,1
2026-05-11,Rice,3,Bengaluru,Medium,Bengaluru APMC,6000,5300,5650,Karnataka,Medium,2026,5,0
2026-05-07,Rice,3,Bengaluru,Medium,Bengaluru APMC,6000,5300,5650,Karnataka,Medium,2026,5,3
2026-05-15,Rice,3,Bengaluru,Medium,Bengaluru APMC,6000,5300,5650,Karnataka,Medium,2026,5,4
2026-05-14,Rice,3,Bengaluru,Medium,Bengaluru APMC,6000,5300,5650,Karnataka,Medium,2026,5,3
2026-05-08,Mango,20,Bengaluru,Local,"Binny Mill (F&V), Bengaluru APMC",4000,2000,3000,Karnataka,Raspuri,2026,5,4
2026-05-13,Mango,20,Bengaluru,Local,"Binny Mill (F&V), Bengaluru APMC",1800,1000,1400,Karnataka,Raspuri,2026,5,2
2026-05-18,Mango,20,Bengaluru,Local,"Binny Mill (F&V), Bengaluru APMC",3000,2000,2500,Karnataka,Raspuri,2026,5,0
2026-05-06,Mango,20,Bengaluru,Local,"Binny Mill (F&V), Bengaluru APMC",1400,800,1200,Karnataka,Totapuri,2026,5,2
2026-05-04,Mango,20,Bengaluru,Local,"Binny Mill (F&V), Bengaluru APMC",1200,800,1000,Karnataka,Totapuri,2026,5,0
2026-05-05,Mango,20,Bengaluru,Local,"Binny Mill (F&V), Bengaluru APMC",1500,1000,1200,Karnataka,Totapuri,2026,5,1
2026-05-12,Mango,20,Bengaluru,Local,"Binny Mill (F&V), Bengaluru APMC",1800,1000,1400,Karnataka,Totapuri,2026,5,1
2026-05-16,Mango,20,Bengaluru,Local,"Binny Mill (F&V), Bengaluru APMC",1600,1000,1200,Karnataka,Totapuri,2026,5,5
2026-05-19,Mango,20,Bengaluru,Local,"Binny Mill (F&V), Bengaluru APMC",1800,800,1400,Karnataka,Totapuri,2026,5,1
2026-05-21,Mango,20,Bengaluru,Local,"Binny Mill (F&V), Bengaluru APMC",1800,800,1400,Karnataka,Totapuri,2026,5,3
2026-05-25,Mango,20,Bengaluru,Local,"Binny Mill (F&V), Bengaluru APMC",1500,800,1200,Karnataka,Totapuri,2026,5,0
2026-05-02,Banana,19,Bengaluru,Local,"Binny Mill (F&V), Bengaluru APMC",1800,600,1200,Karnataka,Pachha Bale,2026,5,5
2026-05-04,Banana,19,Bengaluru,Local,"Binny Mill (F&V), Bengaluru APMC",1700,600,1150,Karnataka,Pachha Bale,2026,5,0
2026-05-07,Banana,19,Bengaluru,Local,"Binny Mill (F&V), Bengaluru APMC",1700,600,1150,Karnataka,Pachha Bale,2026,5,3
2026-05-13,Banana,19,Bengaluru,Local,"Binny Mill (F&V), Bengaluru APMC",2000,600,1300,Karnataka,Pachha Bale,2026,5,2
2026-05-14,Banana,19,Bengaluru,Local,"Binny Mill (F&V), Bengaluru APMC",2000,700,1350,Karnataka,Pachha Bale,2026,5,3
2026-05-19,Banana,19,Bengaluru,Local,"Binny Mill (F&V), Bengaluru APMC",2200,600,1400,Karnataka,Pachha Bale,2026,5,1
2026-05-26,Banana,19,Bengaluru,Local,"Binny Mill (F&V), Bengaluru APMC",2400,600,1500,Karnataka,Pachha Bale,2026,5,1
2026-05-15,Mango,20,Bengaluru,Local,"Binny Mill (F&V), Bengaluru APMC",5000,3000,4000,Karnataka,Other,2026,5,4
2026-05-14,Mango,20,Bengaluru,Local,"Binny Mill (F&V), Bengaluru APMC",5000,3000,4000,Karnataka,Other,2026,5,3
2026-05-19,Mango,20,Bengaluru,Local,"Binny Mill (F&V), Bengaluru APMC",5000,3000,4000,Karnataka,Other,2026,5,1
2026-05-21,Mango,20,Bengaluru,Local,"Binny Mill (F&V), Bengaluru APMC",6000,3000,5000,Karnataka,Other,2026,5,3
2026-05-21,Mango,20,Bengaluru,Local,"Binny Mill (F&V), Bengaluru APMC",4500,2500,3500,Karnataka,Badami,2026,5,3
2026-05-04,Mango,20,Bengaluru,Local,"Binny Mill (F&V), Bengaluru APMC",4000,3000,3500,Karnataka,Badami,2026,5,0
2026-05-11,Mango,20,Bengaluru,Local,"Binny Mill (F&V), Bengaluru APMC",6000,4000,5000,Karnataka,Badami,2026,5,0
2026-05-08,Mango,20,Bengaluru,Local,"Binny Mill (F&V), Bengaluru APMC",5000,3000,4000,Karnataka,Badami,2026,5,4
2026-05-18,Mango,20,Bengaluru,Local,"Binny Mill (F&V), Bengaluru APMC",4000,3000,3500,Karnataka,Badami,2026,5,0
2026-05-19,Mango,20,Bengaluru,Local,"Binny Mill (F&V), Bengaluru APMC",4000,3000,3500,Karnataka,Mango,2026,5,1
2026-05-08,Onion,23,Bengaluru,Local,Bengaluru APMC,1500,800,1000,Karnataka,Puna,2026,5,4
2026-05-12,Onion,23,Bengaluru,Local,Bengaluru APMC,1800,1000,1400,Karnataka,Puna,2026,5,1
2026-05-15,Onion,23,Bengaluru,Local,Bengaluru APMC,2000,1000,1400,Karnataka,Puna,2026,5,4
2026-05-19,Onion,23,Bengaluru,Local,Bengaluru APMC,2000,1000,1400,Karnataka,Puna,2026,5,1
2026-05-26,Onion,23,Bengaluru,Local,Bengaluru APMC,1600,800,1200,Karnataka,Puna,2026,5,1
2026-05-04,Potato,24,Bengaluru,Medium,Bengaluru APMC,1900,1500,1600,Karnataka,Potato,2026,5,0
2026-05-05,Potato,24,Bengaluru,Medium,Bengaluru APMC,2000,1000,1500,Karnataka,Potato,2026,5,1
2026-05-07,Potato,24,Bengaluru,Medium,Bengaluru APMC,2000,1000,1500,Karnataka,Potato,2026,5,3
2026-05-19,Potato,24,Bengaluru,Medium,Bengaluru APMC,2000,800,1500,Karnataka,Potato,2026,5,1
2026-05-25,Potato,24,Bengaluru,Medium,Bengaluru APMC,2000,1000,1500,Karnataka,Potato,2026,5,0
2026-05-26,Potato,24,Bengaluru,Medium,Bengaluru APMC,2000,1000,1500,Karnataka,Potato,2026,5,1
2026-05-29,Potato,24,Bengaluru,Medium,Bengaluru APMC,2000,1000,1500,Karnataka,Potato,2026,5,4
2026-05-18,Onion,23,Bengaluru,Large,Bengaluru APMC,1600,1200,1300,Karnataka,Onion,2026,5,0
2026-05-20,Onion,23,Bengaluru,Large,Bengaluru APMC,1600,1000,1200,Karnataka,Onion,2026,5,2
2026-05-28,Onion,23,Bengaluru,Large,Bengaluru APMC,1400,1000,1200,Karnataka,Onion,2026,5,3
2026-05-21,Potato,24,Bengaluru,Medium,Bengaluru APMC,2000,1000,1500,Karnataka,Potato,2026,5,3
2026-05-08,Brinjal,35,Bengaluru,Local,"Binny Mill (F&V), Bengaluru APMC",3200,2800,3000,Karnataka,Brinjal,2026,5,4
2026-05-26,Brinjal,35,Bengaluru,Local,"Binny Mill (F&V), Bengaluru APMC",3200,300,3100,Karnataka,Brinjal,2026,5,1
2026-05-02,Mango,20,Bengaluru,Local,"Binny Mill (F&V), Bengaluru APMC",3000,2000,2500,Karnataka,Keshar,2026,5,5
2026-05-08,Mango,20,Bengaluru,Local,"Binny Mill (F&V), Bengaluru APMC",3000,2000,2500,Karnataka,Keshar,2026,5,4
2026-05-12,Mango,20,Bengaluru,Local,"Binny Mill (F&V), Bengaluru APMC",3000,2000,2500,Karnataka,Keshar,2026,5,1
2026-05-15,Mango,20,Bengaluru,Local,"Binny Mill (F&V), Bengaluru APMC",3500,2500,3000,Karnataka,Keshar,2026,5,4
2026-05-20,Mango,20,Bengaluru,Local,"Binny Mill (F&V), Bengaluru APMC",6000,4000,5000,Karnataka,Other,2026,5,2
2026-05-26,Mango,20,Bengaluru,Local,"Binny Mill (F&V), Bengaluru APMC",5000,3000,4000,Karnataka,Other,2026,5,1
2026-05-21,Onion,23,Bengaluru,Small,Bengaluru APMC,600,200,300,Karnataka,Bangalore-Samall,2026,5,3
2026-05-14,Onion,23,Bengaluru,Small,Bengaluru APMC,600,200,400,Karnataka,Bangalore-Samall,2026,5,3
2026-05-22,Onion,23,Bengaluru,Small,Bengaluru APMC,600,200,300,Karnataka,Bangalore-Samall,2026,5,4
2026-05-29,Onion,23,Bengaluru,Small,Bengaluru APMC,600,200,300,Karnataka,Bangalore-Samall,2026,5,4
2026-05-28,Onion,23,Bengaluru,Small,Bengaluru APMC,600,200,300,Karnataka,Bangalore-Samall,2026,5,3
2026-05-21,Onion,23,Bengaluru,Medium,Bengaluru APMC,1000,600,800,Karnataka,Local,2026,5,3
2026-05-08,Onion,23,Bengaluru,Medium,Bengaluru APMC,1000,600,800,Karnataka,Local,2026,5,4
2026-05-12,Onion,23,Bengaluru,Medium,Bengaluru APMC,1200,800,1000,Karnataka,Local,2026,5,1
2026-05-08,Potato,24,Bengaluru,Medium,Bengaluru APMC,1400,1200,1300,Karnataka,Local,2026,5,4
2026-05-12,Potato,24,Bengaluru,Medium,Bengaluru APMC,1600,800,1300,Karnataka,Local,2026,5,1
2026-05-16,Potato,24,Bengaluru,Medium,Bengaluru APMC,1600,800,1300,Karnataka,Local,2026,5,5
2026-05-19,Potato,24,Bengaluru,Medium,Bengaluru APMC,1600,800,1300,Karnataka,Local,2026,5,1
2026-05-20,Potato,24,Bengaluru,Medium,Bengaluru APMC,1200,400,900,Karnataka,Local,2026,5,2
2026-05-22,Onion,23,Bengaluru,Medium,Bengaluru APMC,600,200,300,Karnataka,Local,2026,5,4
2026-05-30,Onion,23,Bengaluru,Medium,Bengaluru APMC,1000,600,800,Karnataka,Local,2026,5,5
2026-05-30,Potato,24,Bengaluru,Medium,Bengaluru APMC,1200,400,900,Karnataka,Local,2026,5,5
2026-05-21,Onion,23,Bengaluru,Large,Bengaluru APMC,1600,1000,1200,Karnataka,Onion,2026,5,3
2026-05-02,Onion,23,Bengaluru,Large,Bengaluru APMC,1800,1400,1500,Karnataka,Onion,2026,5,5
2026-05-08,Onion,23,Bengaluru,Large,Bengaluru APMC,1400,1000,1200,Karnataka,Onion,2026,5,4
2026-05-21,Banana,19,Bengaluru,Local,"Binny Mill (F&V), Bengaluru APMC",4500,1000,2750,Karnataka,Elakki Bale,2026,5,3
2026-05-11,Banana,19,Bengaluru,Local,"Binny Mill (F&V), Bengaluru APMC",4700,1000,2800,Karnataka,Elakki Bale,2026,5,0
2026-05-16,Banana,19,Bengaluru,Local,"Binny Mill (F&V), Bengaluru APMC",4600,1000,2800,Karnataka,Elakki Bale,2026,5,5
2026-05-18,Banana,19,Bengaluru,Local,"Binny Mill (F&V), Bengaluru APMC",4400,1000,2700,Karnataka,Elakki Bale,2026,5,0
2026-05-22,Banana,19,Bengaluru,Local,"Binny Mill (F&V), Bengaluru APMC",4400,1000,2700,Karnataka,Elakki Bale,2026,5,4
2026-05-25,Banana,19,Bengaluru,Local,"Binny Mill (F&V), Bengaluru APMC",4400,1000,2700,Karnataka,Elakki Bale,2026,5,0
2026-05-05,Banana,19,Bengaluru,Local,"Binny Mill (F&V), Bengaluru APMC",2100,700,1400,Karnataka,Nauti Bale,2026,5,1
2026-05-06,Banana,19,Bengaluru,Local,"Binny Mill (F&V), Bengaluru APMC",2100,1000,1550,Karnataka,Nendra Bale,2026,5,2
2026-05-30,Banana,19,Bengaluru,Local,"Binny Mill (F&V), Bengaluru APMC",2600,1000,1800,Karnataka,Nendra Bale,2026,5,5
2026-05-13,Carrot,153,Bengaluru,Local,"Binny Mill (F&V), Bengaluru APMC",3400,3000,3200,Karnataka,Carrot,2026,5,2
2026-05-14,Carrot,153,Bengaluru,Local,"Binny Mill (F&V), Bengaluru APMC",3400,3000,3200,Karnataka,Carrot,2026,5,3
2026-05-30,Carrot,153,Bengaluru,Local,"Binny Mill (F&V), Bengaluru APMC",4600,3600,4100,Karnataka,Carrot,2026,5,5
2026-05-25,Cabbage,154,Bengaluru,Local,"Binny Mill (F&V), Bengaluru APMC",1600,1400,1500,Karnataka,Cabbage,2026,5,0
2026-05-27,Cabbage,154,Bengaluru,Local,"Binny Mill (F&V), Bengaluru APMC",4600,3600,4100,Karnataka,Cabbage,2026,5,2
2026-05-11,Cabbage,154,Bengaluru,Local,"Binny Mill (F&V), Bengaluru APMC",1100,900,1000,Karnataka,Cabbage,2026,5,0
2026-06-02,Banana,19,Bengaluru,Local,"Binny Mill (F&V), Bengaluru APMC",2200,700,1450,Karnataka,Nauti Bale,2026,6,1
2026-06-03,Banana,19,Bengaluru,Local,"Binny Mill (F&V), Bengaluru APMC",2200,700,1450,Karnataka,Nauti Bale,2026,6,2
2026-06-23,Banana,19,Bengaluru,Local,"Binny Mill (F&V), Bengaluru APMC",2500,700,1600,Karnataka,Nauti Bale,2026,6,1
2026-07-15,Banana,19,Bengaluru,Local,"Binny Mill (F&V), Bengaluru APMC",2500,700,1600,Karnataka,Nauti Bale,2026,7,2
2026-07-09,Mango,20,Bengaluru,Local,"Binny Mill (F&V), Bengaluru APMC",3500,1500,2500,Karnataka,Neelam,2026,7,3
2026-07-20,Mango,20,Bengaluru,Local,"Binny Mill (F&V), Bengaluru APMC",4000,2000,3000,Karnataka,Neelam,2026,7,0
2026-06-09,Banana,19,Bengaluru,Local,"Binny Mill (F&V), Bengaluru APMC",2500,1000,1750,Karnataka,Nendra Bale,2026,6,1
2026-06-19,Banana,19,Bengaluru,Local,"Binny Mill (F&V), Bengaluru APMC",2500,1000,1750,Karnataka,Nendra Bale,2026,6,4
2026-06-05,Banana,19,Bengaluru,Local,"Binny Mill (F&V), Bengaluru APMC",2600,600,1600,Karnataka,Pachha Bale,2026,6,4
2026-06-11,Banana,19,Bengaluru,Local,"Binny Mill (F&V), Bengaluru APMC",2500,600,1550,Karnataka,Pachha Bale,2026,6,3
2026-06-20,Banana,19,Bengaluru,Local,"Binny Mill (F&V), Bengaluru APMC",2500,600,1550,Karnataka,Pachha Bale,2026,6,5
2026-07-02,Banana,19,Bengaluru,Local,"Binny Mill (F&V), Bengaluru APMC",2700,600,1650,Karnataka,Pachha Bale,2026,7,3
2026-07-09,Banana,19,Bengaluru,Local,"Binny Mill (F&V), Bengaluru APMC",2800,600,1700,Karnataka,Pachha Bale,2026,7,3
2026-07-10,Banana,19,Bengaluru,Local,"Binny Mill (F&V), Bengaluru APMC",2600,600,1600,Karnataka,Pachha Bale,2026,7,4
2026-07-20,Banana,19,Bengaluru,Local,"Binny Mill (F&V), Bengaluru APMC",2700,600,1650,Karnataka,Pachha Bale,2026,7,0
2026-06-02,Mango,20,Bengaluru,Local,"Binny Mill (F&V), Bengaluru APMC",1200,800,1000,Karnataka,Totapuri,2026,6,1
2026-06-18,Mango,20,Bengaluru,Local,"Binny Mill (F&V), Bengaluru APMC",1200,800,1000,Karnataka,Totapuri,2026,6,3
2026-06-22,Mango,20,Bengaluru,Local,"Binny Mill (F&V), Bengaluru APMC",1200,800,1000,Karnataka,Totapuri,2026,6,0
2026-07-03,Mango,20,Bengaluru,Local,"Binny Mill (F&V), Bengaluru APMC",1000,700,900,Karnataka,Totapuri,2026,7,4
2026-07-18,Mango,20,Bengaluru,Local,"Binny Mill (F&V), Bengaluru APMC",1200,800,1000,Karnataka,Totapuri,2026,7,5
2026-07-02,Brinjal,35,Bengaluru,Local,"Binny Mill (F&V), Bengaluru APMC",4000,3500,3700,Karnataka,Brinjal,2026,7,3
2026-07-07,Brinjal,35,Bengaluru,Local,"Binny Mill (F&V), Bengaluru APMC",2500,2300,2400,Karnataka,Brinjal,2026,7,1
2026-07-08,Brinjal,35,Bengaluru,Local,"Binny Mill (F&V), Bengaluru APMC",2500,2300,2400,Karnataka,Brinjal,2026,7,2
2026-07-09,Brinjal,35,Bengaluru,Local,"Binny Mill (F&V), Bengaluru APMC",2500,2000,2400,Karnataka,Brinjal,2026,7,3
2026-06-04,Brinjal,35,Bengaluru,Local,"Binny Mill (F&V), Bengaluru APMC",3300,3000,3200,Karnataka,Brinjal,2026,6,3
2026-06-08,Brinjal,35,Bengaluru,Local,"Binny Mill (F&V), Bengaluru APMC",3000,2700,2900,Karnataka,Brinjal,2026,6,0
2026-07-13,Brinjal,35,Bengaluru,Local,"Binny Mill (F&V), Bengaluru APMC",2600,2200,2400,Karnataka,Brinjal,2026,7,0
2026-07-15,Brinjal,35,Bengaluru,Local,"Binny Mill (F&V), Bengaluru APMC",2600,2300,2400,Karnataka,Brinjal,2026,7,2
2026-07-20,Brinjal,35,Bengaluru,Local,"Binny Mill (F&V), Bengaluru APMC",2800,2400,2700,Karnataka,Brinjal,2026,7,0
2026-07-08,Banana,19,Bengaluru,Local,"Binny Mill (F&V), Bengaluru APMC",2600,1000,1800,Karnataka,Nendra Bale,2026,7,2
2026-07-09,Banana,19,Bengaluru,Local,"Binny Mill (F&V), Bengaluru APMC",2700,1000,1850,Karnataka,Nendra Bale,2026,7,3
2026-07-14,Banana,19,Bengaluru,Local,"Binny Mill (F&V), Bengaluru APMC",2400,1000,1700,Karnataka,Nendra Bale,2026,7,1
2026-07-18,Banana,19,Bengaluru,Local,"Binny Mill (F&V), Bengaluru APMC",2900,1000,1950,Karnataka,Nendra Bale,2026,7,5
2026-06-16,Mango,20,Bengaluru,Local,"Binny Mill (F&V), Bengaluru APMC",3000,2000,2500,Karnataka,Raspuri,2026,6,1
2026-06-18,Mango,20,Bengaluru,Local,"Binny Mill (F&V), Bengaluru APMC",3000,2000,2500,Karnataka,Raspuri,2026,6,3
2026-06-25,Mango,20,Bengaluru,Local,"Binny Mill (F&V), Bengaluru APMC",3000,2000,2500,Karnataka,Raspuri,2026,6,3
2026-06-23,Mango,20,Bengaluru,Local,"Binny Mill (F&V), Bengaluru APMC",3000,2000,2500,Karnataka,Raspuri,2026,6,1
2026-07-14,Mango,20,Bengaluru,Local,"Binny Mill (F&V), Bengaluru APMC",3000,2000,2500,Karnataka,Neelam,2026,7,1
2026-06-22,Banana,19,Bengaluru,Local,"Binny Mill (F&V), Bengaluru APMC",2400,1000,1700,Karnataka,Nendra Bale,2026,6,0
2026-07-01,Banana,19,Bengaluru,Local,"Binny Mill (F&V), Bengaluru APMC",2600,1000,1800,Karnataka,Nendra Bale,2026,7,2
2026-06-04,Carrot,153,Bengaluru,Local,"Binny Mill (F&V), Bengaluru APMC",5100,4300,4800,Karnataka,Carrot,2026,6,3
2026-06-05,Carrot,153,Bengaluru,Local,"Binny Mill (F&V), Bengaluru APMC",5000,4000,4500,Karnataka,Carrot,2026,6,4
2026-06-08,Carrot,153,Bengaluru,Local,"Binny Mill (F&V), Bengaluru APMC",5000,4500,4700,Karnataka,Carrot,2026,6,0
2026-06-09,Carrot,153,Bengaluru,Local,"Binny Mill (F&V), Bengaluru APMC",5000,4500,4700,Karnataka,Carrot,2026,6,1
2026-06-10,Carrot,153,Bengaluru,Local,"Binny Mill (F&V), Bengaluru APMC",5000,4500,4700,Karnataka,Carrot,2026,6,2
2026-06-15,Carrot,153,Bengaluru,Local,"Binny Mill (F&V), Bengaluru APMC",5000,4600,4800,Karnataka,Carrot,2026,6,0
2026-06-18,Carrot,153,Bengaluru,Local,"Binny Mill (F&V), Bengaluru APMC",6000,5000,5500,Karnataka,Carrot,2026,6,3
2026-06-24,Carrot,153,Bengaluru,Local,"Binny Mill (F&V), Bengaluru APMC",6000,5000,5500,Karnataka,Carrot,2026,6,2
2026-06-01,Banana,19,Bengaluru,Local,"Binny Mill (F&V), Bengaluru APMC",4500,1000,2750,Karnataka,Elakki Bale,2026,6,0
2026-06-09,Banana,19,Bengaluru,Local,"Binny Mill (F&V), Bengaluru APMC",4500,1000,2750,Karnataka,Elakki Bale,2026,6,1
2026-06-15,Banana,19,Bengaluru,Local,"Binny Mill (F&V), Bengaluru APMC",4600,1000,2800,Karnataka,Elakki Bale,2026,6,0
2026-06-22,Banana,19,Bengaluru,Local,"Binny Mill (F&V), Bengaluru APMC",5000,1000,3000,Karnataka,Elakki Bale,2026,6,0
2026-06-20,Banana,19,Bengaluru,Local,"Binny Mill (F&V), Bengaluru APMC",5000,1000,3000,Karnataka,Elakki Bale,2026,6,5
2026-06-30,Banana,19,Bengaluru,Local,"Binny Mill (F&V), Bengaluru APMC",6200,1000,1750,Karnataka,Elakki Bale,2026,6,1
2026-07-02,Banana,19,Bengaluru,Local,"Binny Mill (F&V), Bengaluru APMC",6600,1000,3800,Karnataka,Elakki Bale,2026,7,3
2026-07-13,Banana,19,Bengaluru,Local,"Binny Mill (F&V), Bengaluru APMC",6500,1000,3750,Karnataka,Elakki Bale,2026,7,0
2026-06-06,Mango,20,Bengaluru,Local,"Binny Mill (F&V), Bengaluru APMC",4000,3000,3500,Karnataka,Badami,2026,6,5
2026-06-12,Mango,20,Bengaluru,Local,"Binny Mill (F&V), Bengaluru APMC",4000,3000,3500,Karnataka,Badami,2026,6,4
2026-06-17,Mango,20,Bengaluru,Local,"Binny Mill (F&V), Bengaluru APMC",3000,2000,2500,Karnataka,Badami,2026,6,2
2026-06-23,Mango,20,Bengaluru,Local,"Binny Mill (F&V), Bengaluru APMC",4500,3500,4000,Karnataka,Badami,2026,6,1
2026-07-01,Mango,20,Bengaluru,Local,"Binny Mill (F&V), Bengaluru APMC",5000,3000,4000,Karnataka,Badami,2026,7,2
2026-07-06,Mango,20,Bengaluru,Local,"Binny Mill (F&V), Bengaluru APMC",5000,2000,4000,Karnataka,Badami,2026,7,0
2026-07-10,Mango,20,Bengaluru,Local,"Binny Mill (F&V), Bengaluru APMC",4000,2000,3000,Karnataka,Badami,2026,7,4
2026-06-30,Mango,20,Bengaluru,Local,"Binny Mill (F&V), Bengaluru APMC",3000,2000,2500,Karnataka,Neelam,2026,6,1
2026-07-01,Mango,20,Bengaluru,Local,"Binny Mill (F&V), Bengaluru APMC",3000,1500,2000,Karnataka,Neelam,2026,7,2
2026-07-04,Mango,20,Bengaluru,Local,"Binny Mill (F&V), Bengaluru APMC",3000,1500,2500,Karnataka,Neelam,2026,7,5
2026-07-18,Carrot,153,Bengaluru,Local,"Binny Mill (F&V), Bengaluru APMC",5000,4000,4500,Karnataka,Carrot,2026,7,5
2026-06-01,Banana,19,Bengaluru,Local,Binny Mill (FF&V) Bengaluru APMC,2500,600,1550,Karnataka,Pachha Bale,2026,6,0
2026-06-02,Banana,19,Bengaluru,Local,Binny Mill (FF&V) Bengaluru APMC,2500,600,1550,Karnataka,Pachha Bale,2026,6,1
2026-06-05,Banana,19,Bengaluru,Local,Binny Mill (FF&V) Bengaluru APMC,2600,600,1600,Karnataka,Pachha Bale,2026,6,4
2026-06-15,Banana,19,Bengaluru,Local,Binny Mill (FF&V) Bengaluru APMC,2600,600,1600,Karnataka,Pachha Bale,2026,6,0
2026-06-16,Banana,19,Bengaluru,Local,Binny Mill (FF&V) Bengaluru APMC,2600,600,1600,Karnataka,Pachha Bale,2026,6,1
2026-06-18,Banana,19,Bengaluru,Local,Binny Mill (FF&V) Bengaluru APMC,2500,600,1550,Karnataka,Pachha Bale,2026,6,3
2026-06-15,Brinjal,35,Bengaluru,Local,Binny Mill (FF&V) Bengaluru APMC,3000,2800,2900,Karnataka,Brinjal,2026,6,0
2026-06-17,Brinjal,35,Bengaluru,Local,Binny Mill (FF&V) Bengaluru APMC,3000,2800,2900,Karnataka,Brinjal,2026,6,2
2026-06-23,Brinjal,35,Bengaluru,Local,Binny Mill (FF&V) Bengaluru APMC,3800,3400,3600,Karnataka,Brinjal,2026,6,1
2026-07-03,Potato,24,Bengaluru,Medium,Bengaluru APMC,2000,1600,1700,Karnataka,Local,2026,7,4
2026-07-09,Potato,24,Bengaluru,Medium,Bengaluru APMC,2000,1600,1700,Karnataka,Local,2026,7,3
2026-07-14,Potato,24,Bengaluru,Medium,Bengaluru APMC,2000,1700,1800,Karnataka,Local,2026,7,1
2026-07-15,Potato,24,Bengaluru,Medium,Bengaluru APMC,2000,1700,1800,Karnataka,Local,2026,7,2
2026-07-17,Potato,24,Bengaluru,Medium,Bengaluru APMC,2000,1700,1800,Karnataka,Local,2026,7,4
2026-07-08,Potato,24,Bengaluru,Medium,Bengaluru APMC,2000,1000,1600,Karnataka,Potato,2026,7,2
2026-07-16,Potato,24,Bengaluru,Medium,Bengaluru APMC,2000,800,1600,Karnataka,Potato,2026,7,3
2026-07-17,Potato,24,Bengaluru,Medium,Bengaluru APMC,2000,800,1600,Karnataka,Potato,2026,7,4
2026-07-20,Potato,24,Bengaluru,Medium,Bengaluru APMC,2000,800,1600,Karnataka,Potato,2026,7,0
2026-07-27,Potato,24,Bengaluru,Medium,Bengaluru APMC,2400,1000,2000,Karnataka,Potato,2026,7,0
2026-08-03,Potato,24,Bengaluru,Medium,Bengaluru APMC,2000,1000,1500,Karnataka,Potato,2026,8,0
2026-08-05,Potato,24,Bengaluru,Medium,Bengaluru APMC,2000,1000,1500,Karnataka,Potato,2026,8,2
2026-07-04,Mango,20,Bengaluru,Local,Binny Mill (FF&V) Bengaluru APMC,3000,1500,2500,Karnataka,Neelam,2026,7,5
2026-07-06,Mango,20,Bengaluru,Local,Binny Mill (FF&V) Bengaluru APMC,3500,1500,2500,Karnataka,Neelam,2026,7,0
2026-07-08,Mango,20,Bengaluru,Local,Binny Mill (FF&V) Bengaluru APMC,3500,1500,2500,Karnataka,Neelam,2026,7,2
2026-07-14,Mango,20,Bengaluru,Local,Binny Mill (FF&V) Bengaluru APMC,3000,2000,2500,Karnataka,Neelam,2026,7,1
2026-07-16,Mango,20,Bengaluru,Local,Binny Mill (FF&V) Bengaluru APMC,4500,2500,3500,Karnataka,Neelam,2026,7,3
2026-07-20,Mango,20,Bengaluru,Local,Binny Mill (FF&V) Bengaluru APMC,4000,2000,3000,Karnataka,Neelam,2026,7,0
2026-07-22,Mango,20,Bengaluru,Local,Binny Mill (FF&V) Bengaluru APMC,2500,1500,2000,Karnataka,Neelam,2026,7,2
2026-07-24,Mango,20,Bengaluru,Local,Binny Mill (FF&V) Bengaluru APMC,3000,2000,2500,Karnataka,Neelam,2026,7,4
2026-07-31,Mango,20,Bengaluru,Local,Binny Mill (FF&V) Bengaluru APMC,3000,2000,2500,Karnataka,Neelam,2026,7,4
2026-08-07,Mango,20,Bengaluru,Local,Binny Mill (FF&V) Bengaluru APMC,3500,1500,2500,Karnataka,Neelam,2026,8,4
2026-07-04,Onion,23,Bengaluru,Local,Bengaluru APMC,2800,1500,2200,Karnataka,Puna,2026,7,5
2026-07-20,Onion,23,Bengaluru,Local,Bengaluru APMC,3200,1500,2500,Karnataka,Puna,2026,7,0
2026-07-23,Onion,23,Bengaluru,Local,Bengaluru APMC,3200,2000,2600,Karnataka,Puna,2026,7,3
2026-07-24,Onion,23,Bengaluru,Local,Bengaluru APMC,3200,2000,2600,Karnataka,Puna,2026,7,4
2026-08-01,Onion,23,Bengaluru,Large,Bengaluru APMC,2800,2400,2500,Karnataka,Onion,2026,8,5
2026-07-04,Onion,23,Bengaluru,Large,Bengaluru APMC,2600,1800,2300,Karnataka,Onion,2026,7,5
2026-07-09,Onion,23,Bengaluru,Large,Bengaluru APMC,2800,1800,2400,Karnataka,Onion,2026,7,3
2026-07-14,Onion,23,Bengaluru,Medium,Bengaluru APMC,2800,1800,2400,Karnataka,Onion,2026,7,1
2026-07-18,Onion,23,Bengaluru,Large,Bengaluru APMC,2800,1800,2400,Karnataka,Onion,2026,7,5
2026-07-23,Onion,23,Bengaluru,Large,Bengaluru APMC,2800,2400,2500,Karnataka,Onion,2026,7,3
2026-07-03,Onion,23,Bengaluru,Medium,Bengaluru APMC,1800,1200,1400,Karnataka,Local,2026,7,4
2026-07-10,Onion,23,Bengaluru,Medium,Bengaluru APMC,2200,1500,1800,Karnataka,Local,2026,7,4
2026-07-11,Onion,23,Bengaluru,Medium,Bengaluru APMC,2200,1500,1800,Karnataka,Local,2026,7,5
2026-07-13,Onion,23,Bengaluru,Medium,Bengaluru APMC,2200,1500,1800,Karnataka,Local,2026,7,0
2026-07-16,Onion,23,Bengaluru,Medium,Bengaluru APMC,2200,1500,1800,Karnataka,Local,2026,7,3
2026-07-20,Onion,23,Bengaluru,Medium,Bengaluru APMC,2200,1500,1800,Karnataka,Local,2026,7,0
2026-07-24,Onion,23,Bengaluru,Medium,Bengaluru APMC,2200,1400,2000,Karnataka,Local,2026,7,4
2026-07-27,Onion,23,Bengaluru,Medium,Bengaluru APMC,2200,1400,2000,Karnataka,Local,2026,7,0
2026-07-29,Onion,23,Bengaluru,Medium,Bengaluru APMC,2200,1400,2000,Karnataka,Local,2026,7,2
2026-07-02,Onion,23,Bengaluru,Small,Bengaluru APMC,1200,600,1000,Karnataka,Bangalore-Samall,2026,7,3
2026-07-04,Onion,23,Bengaluru,Small,Bengaluru APMC,1200,600,1000,Karnataka,Bangalore-Samall,2026,7,5
2026-07-07,Onion,23,Bengaluru,Small,Bengaluru APMC,1500,1000,1200,Karnataka,Bangalore-Samall,2026,7,1
2026-07-08,Onion,23,Bengaluru,Small,Bengaluru APMC,1500,1000,1200,Karnataka,Bangalore-Samall,2026,7,2
2026-07-15,Onion,23,Bengaluru,Small,Bengaluru APMC,1500,1000,1200,Karnataka,Bangalore-Samall,2026,7,2
2026-07-24,Onion,23,Bengaluru,Small,Bengaluru APMC,1500,1000,1200,Karnataka,Bangalore-Samall,2026,7,4
2026-07-30,Onion,23,Bengaluru,Small,Bengaluru APMC,1500,1000,1200,Karnataka,Bangalore-Samall,2026,7,3
2026-08-01,Onion,23,Bengaluru,Small,Bengaluru APMC,1500,1000,1200,Karnataka,Bangalore-Samall,2026,8,5
2026-07-09,Mango,20,Bengaluru,Local,Binny Mill (FF&V) Bengaluru APMC,1200,800,1000,Karnataka,Totapuri,2026,7,3
2026-07-18,Mango,20,Bengaluru,Local,Binny Mill (FF&V) Bengaluru APMC,1200,800,1000,Karnataka,Totapuri,2026,7,5
2026-07-22,Mango,20,Bengaluru,Local,Binny Mill (FF&V) Bengaluru APMC,1200,800,1000,Karnataka,Totapuri,2026,7,2
2026-07-24,Mango,20,Bengaluru,Local,Binny Mill (FF&V) Bengaluru APMC,1400,800,1000,Karnataka,Totapuri,2026,7,4
2026-07-21,Banana,19,Bengaluru,Local,Binny Mill (FF&V) Bengaluru APMC,2800,1000,1900,Karnataka,Nendra Bale,2026,7,1
2026-07-22,Banana,19,Bengaluru,Local,Binny Mill (FF&V) Bengaluru APMC,2900,1000,1950,Karnataka,Nendra Bale,2026,7,2
2026-07-29,Banana,19,Bengaluru,Local,Binny Mill (FF&V) Bengaluru APMC,2800,1000,1900,Karnataka,Nendra Bale,2026,7,2
2026-07-31,Banana,19,Bengaluru,Local,Binny Mill (FF&V) Bengaluru APMC,2900,1000,1950,Karnataka,Nendra Bale,2026,7,4
2026-07-16,Banana,19,Bengaluru,Local,Binny Mill (FF&V) Bengaluru APMC,7000,1000,4000,Karnataka,Elakki Bale,2026,7,3
2026-07-27,Banana,19,Bengaluru,Local,Binny Mill (FF&V) Bengaluru APMC,7100,1000,4050,Karnataka,Elakki Bale,2026,7,0
2026-07-31,Banana,19,Bengaluru,Local,Binny Mill (FF&V) Bengaluru APMC,7200,1000,4100,Karnataka,Elakki Bale,2026,7,4
2026-07-08,Banana,19,Bengaluru,Local,Binny Mill (FF&V) Bengaluru APMC,2700,700,1700,Karnataka,Nauti Bale,2026,7,2
2026-07-15,Banana,19,Bengaluru,Local,Binny Mill (FF&V) Bengaluru APMC,2500,700,1600,Karnataka,Nauti Bale,2026,7,2
2026-07-16,Banana,19,Bengaluru,Local,Binny Mill (FF&V) Bengaluru APMC,2500,700,1600,Karnataka,Nauti Bale,2026,7,3
2026-07-23,Banana,19,Bengaluru,Local,Binny Mill (FF&V) Bengaluru APMC,2900,700,1800,Karnataka,Nauti Bale,2026,7,3
2026-07-24,Banana,19,Bengaluru,Local,Binny Mill (FF&V) Bengaluru APMC,2800,700,1750,Karnataka,Nauti Bale,2026,7,4
2026-07-29,Banana,19,Bengaluru,Local,Binny Mill (FF&V) Bengaluru APMC,2700,700,1700,Karnataka,Nauti Bale,2026,7,2
2026-08-06,Banana,19,Bengaluru,Local,Binny Mill (FF&V) Bengaluru APMC,3000,700,1850,Karnataka,Nauti Bale,2026,8,3
2026-07-01,Banana,19,Bengaluru,Local,Binny Mill (FF&V) Bengaluru APMC,2800,600,1700,Karnataka,Pachha Bale,2026,7,2
2026-07-07,Banana,19,Bengaluru,Local,Binny Mill (FF&V) Bengaluru APMC,2700,600,1650,Karnataka,Pachha Bale,2026,7,1
2026-07-17,Banana,19,Bengaluru,Local,Binny Mill (FF&V) Bengaluru APMC,3100,600,2050,Karnataka,Pachha Bale,2026,7,4
2026-07-30,Banana,19,Bengaluru,Local,Binny Mill (FF&V) Bengaluru APMC,2800,600,1700,Karnataka,Pachha Bale,2026,7,3
2026-07-31,Banana,19,Bengaluru,Local,Binny Mill (FF&V) Bengaluru APMC,2900,600,1950,Karnataka,Pachha Bale,2026,7,4
2026-07-01,Mango,20,Bengaluru,Local,Binny Mill (FF&V) Bengaluru APMC,5000,3000,4000,Karnataka,Badami,2026,7,2
2026-07-03,Mango,20,Bengaluru,Local,Binny Mill (FF&V) Bengaluru APMC,5000,3000,4000,Karnataka,Badami,2026,7,4
2026-07-06,Mango,20,Bengaluru,Local,Binny Mill (FF&V) Bengaluru APMC,5000,2000,4000,Karnataka,Badami,2026,7,0
2026-07-07,Mango,20,Bengaluru,Local,Binny Mill (FF&V) Bengaluru APMC,4500,2500,3500,Karnataka,Badami,2026,7,1
2026-07-01,Brinjal,35,Bengaluru,Local,Binny Mill (FF&V) Bengaluru APMC,4000,3500,3700,Karnataka,Brinjal,2026,7,2
2026-08-04,Brinjal,35,Bengaluru,Local,Binny Mill (FF&V) Bengaluru APMC,3000,2600,2800,Karnataka,Brinjal,2026,8,1
2026-07-21,Brinjal,35,Bengaluru,Local,Binny Mill (FF&V) Bengaluru APMC,2800,2500,2700,Karnataka,Brinjal,2026,7,1
2026-07-23,Brinjal,35,Bengaluru,Local,Binny Mill (FF&V) Bengaluru APMC,2800,2500,2700,Karnataka,Brinjal,2026,7,3
2026-07-24,Brinjal,35,Bengaluru,Local,Binny Mill (FF&V) Bengaluru APMC,2800,2500,2700,Karnataka,Brinjal,2026,7,4
2026-07-28,Brinjal,35,Bengaluru,Local,Binny Mill (FF&V) Bengaluru APMC,3100,2600,2900,Karnataka,Brinjal,2026,7,1
2026-07-30,Brinjal,35,Bengaluru,Local,Binny Mill (FF&V) Bengaluru APMC,3100,2600,2900,Karnataka,Brinjal,2026,7,3
2026-07-13,Brinjal,35,Bengaluru,Local,Binny Mill (FF&V) Bengaluru APMC,2600,2200,2400,Karnataka,Brinjal,2026,7,0
2026-07-23,Cabbage,154,Bengaluru,Local,Binny Mill (FF&V) Bengaluru APMC,1900,1700,1800,Karnataka,Cabbage,2026,7,3
2026-07-31,Cabbage,154,Bengaluru,Local,Binny Mill (FF&V) Bengaluru APMC,2000,1800,1900,Karnataka,Cabbage,2026,7,4
2026-08-03,Cabbage,154,Bengaluru,Local,Binny Mill (FF&V) Bengaluru APMC,2000,1800,1900,Karnataka,Cabbage,2026,8,0
2026-07-20,Carrot,153,Bengaluru,Local,Binny Mill (FF&V) Bengaluru APMC,5500,4500,5000,Karnataka,Carrot,2026,7,0
2026-07-28,Carrot,153,Bengaluru,Local,Binny Mill (FF&V) Bengaluru APMC,7000,6000,6500,Karnataka,Carrot,2026,7,1
2026-07-30,Carrot,153,Bengaluru,Local,Binny Mill (FF&V) Bengaluru APMC,7000,6000,6500,Karnataka,Carrot,2026,7,3
2026-07-10,Cabbage,154,Bengaluru,Local,Binny Mill (FF&V) Bengaluru APMC,1900,1700,1800,Karnataka,Cabbage,2026,7,4
2026-08-07,Cabbage,154,Bengaluru,Local,Binny Mill (FF&V) Bengaluru APMC,1700,1500,1600,Karnataka,Cabbage,2026,8,4
2026-07-13,Cabbage,154,Bengaluru,Local,Binny Mill (FF&V) Bengaluru APMC,2100,1900,2000,Karnataka,Cabbage,2026,7,0
2026-07-18,Cabbage,154,Bengaluru,Local,Binny Mill (FF&V) Bengaluru APMC,1600,1400,1500,Karnataka,Cabbage,2026,7,5
2026-07-21,Cabbage,154,Bengaluru,Local,Binny Mill (FF&V) Bengaluru APMC,1800,1600,1700,Karnataka,Cabbage,2026,7,1
2026-07-01,Carrot,153,Bengaluru,Local,Binny Mill (FF&V) Bengaluru APMC,6000,5000,5500,Karnataka,Carrot,2026,7,2
2026-07-04,Carrot,153,Bengaluru,Local,Binny Mill (FF&V) Bengaluru APMC,6000,5000,5500,Karnataka,Carrot,2026,7,5
2026-07-08,Carrot,153,Bengaluru,Local,Binny Mill (FF&V) Bengaluru APMC,6000,5500,5800,Karnataka,Carrot,2026,7,2
2026-07-13,Carrot,153,Bengaluru,Local,Binny Mill (FF&V) Bengaluru APMC,6500,5500,6000,Karnataka,Carrot,2026,7,0
2026-07-02,Tomato,78,Bengaluru,Local,Binny Mill (FF&V) Bengaluru APMC,2400,2000,2200,Karnataka,Tomato,2026,7,3
2026-07-16,Tomato,78,Bengaluru,Local,Binny Mill (FF&V) Bengaluru APMC,1700,1500,1600,Karnataka,Tomato,2026,7,3
2026-07-18,Tomato,78,Bengaluru,Local,Binny Mill (FF&V) Bengaluru APMC,1700,1400,1600,Karnataka,Tomato,2026,7,5
2026-07-20,Tomato,78,Bengaluru,Local,Binny Mill (FF&V) Bengaluru APMC,1700,1500,1600,Karnataka,Tomato,2026,7,0
2026-08-05,Tomato,78,Bengaluru,Local,Binny Mill (FF&V) Bengaluru APMC,2200,2000,2100,Karnataka,Tomato,2026,8,2
2026-07-23,Rice,3,Bengaluru,Medium,Bengaluru APMC,3300,3100,3200,Karnataka,Dappa,2026,7,3
2026-07-24,Rice,3,Bengaluru,Medium,Bengaluru APMC,3300,3100,3200,Karnataka,Dappa,2026,7,4
2026-07-27,Rice,3,Bengaluru,Medium,Bengaluru APMC,3300,3100,3200,Karnataka,Dappa,2026,7,0
2026-08-01,Rice,3,Bengaluru,Medium,Bengaluru APMC,3300,3100,3200,Karnataka,Dappa,2026,8,5
2026-08-03,Rice,3,Bengaluru,Medium,Bengaluru APMC,3300,3100,3200,Karnataka,Dappa,2026,8,0
2026-08-05,Rice,3,Bengaluru,Medium,Bengaluru APMC,3100,3000,3050,Karnataka,Dappa,2026,8,2
2026-08-07,Rice,3,Bengaluru,Medium,Bengaluru APMC,3100,3000,3050,Karnataka,Dappa,2026,8,4
2026-07-10,Rice,3,Bengaluru,Medium,Bengaluru APMC,6200,5800,6000,Karnataka,Fine,2026,7,4
2026-07-16,Rice,3,Bengaluru,Medium,Bengaluru APMC,6200,5800,6000,Karnataka,Fine,2026,7,3
2026-07-01,Maize,4,Bengaluru,FAQ,Bengaluru APMC,2500,2400,2450,Karnataka,Hybrid/Local,2026,7,2
2026-07-09,Maize,4,Bengaluru,FAQ,Bengaluru APMC,2800,2400,2600,Karnataka,Hybrid/Local,2026,7,3
2026-07-20,Maize,4,Bengaluru,FAQ,Bengaluru APMC,2800,2400,2600,Karnataka,Hybrid/Local,2026,7,0
2026-07-22,Rice,3,Bengaluru,Medium,Bengaluru APMC,6500,5800,6150,Karnataka,Fine,2026,7,2
2026-07-24,Rice,3,Bengaluru,Medium,Bengaluru APMC,6500,5800,6150,Karnataka,Fine,2026,7,4
2026-07-29,Rice,3,Bengaluru,Medium,Bengaluru APMC,6500,5800,6150,Karnataka,Fine,2026,7,2
2026-07-27,Rice,3,Bengaluru,Medium,Bengaluru APMC,6500,5800,6150,Karnataka,Fine,2026,7,0
2026-07-28,Rice,3,Bengaluru,Medium,Bengaluru APMC,6500,5800,6150,Karnataka,Fine,2026,7,1
2026-08-03,Rice,3,Bengaluru,Medium,Bengaluru APMC,6500,5800,6150,Karnataka,Fine,2026,8,0
2026-07-01,Rice,3,Bengaluru,Medium,Bengaluru APMC,5000,4800,4900,Karnataka,Medium,2026,7,2
2026-07-10,Rice,3,Bengaluru,Medium,Bengaluru APMC,6300,6000,6150,Karnataka,Medium,2026,7,4
2026-07-13,Rice,3,Bengaluru,Medium,Bengaluru APMC,6300,6000,6150,Karnataka,Medium,2026,7,0
2026-07-15,Rice,3,Bengaluru,Medium,Bengaluru APMC,6300,6000,6150,Karnataka,Medium,2026,7,2
2026-07-16,Rice,3,Bengaluru,Medium,Bengaluru APMC,6300,6000,6150,Karnataka,Medium,2026,7,3
2026-08-03,Maize,4,Bengaluru,FAQ,Bengaluru APMC,7000,5000,6000,Karnataka,Popcorn,2026,8,0
2026-07-23,Carrot,153,Bengaluru,Local,Binny Mill (FF&V) Bengaluru APMC,6600,5600,6100,Karnataka,Carrot,2026,7,3
2026-07-24,Carrot,153,Bengaluru,Local,Binny Mill (FF&V) Bengaluru APMC,6000,5500,5800,Karnataka,Carrot,2026,7,4
2026-07-31,Carrot,153,Bengaluru,Local,Binny Mill (FF&V) Bengaluru APMC,7000,6000,6500,Karnataka,Carrot,2026,7,4
2026-07-08,Cabbage,154,Bengaluru,Local,Binny Mill (FF&V) Bengaluru APMC,2100,1800,1900,Karnataka,Cabbage,2026,7,2
2026-08-04,Carrot,153,Bengaluru,Local,Binny Mill (FF&V) Bengaluru APMC,7000,6000,6500,Karnataka,Carrot,2026,8,1
2026-07-16,Cabbage,154,Bengaluru,Local,Binny Mill (FF&V) Bengaluru APMC,1600,1400,1500,Karnataka,Cabbage,2026,7,3
2026-07-07,Carrot,153,Bengaluru,Local,Binny Mill (FF&V) Bengaluru APMC,6000,5500,5800,Karnataka,Carrot,2026,7,1
2026-07-15,Carrot,153,Bengaluru,Local,Binny Mill (FF&V) Bengaluru APMC,5500,4500,5000,Karnataka,Carrot,2026,7,2
2026-07-02,Carrot,153,Bengaluru,Local,Binny Mill (FF&V) Bengaluru APMC,6000,5000,5500,Karnataka,Carrot,2026,7,3
2026-07-06,Carrot,153,Bengaluru,Local,Binny Mill (FF&V) Bengaluru APMC,6000,5000,5500,Karnataka,Carrot,2026,7,0
2026-04-16,Potato,24,Bengaluru,Medium,Bengaluru APMC,1200,800,1000,Karnataka,Local,2026,4,3
2026-04-17,Potato,24,Bengaluru,Medium,Bengaluru APMC,1200,800,1000,Karnataka,Local,2026,4,4
2026-04-23,Potato,24,Bengaluru,Medium,Bengaluru APMC,1200,800,1000,Karnataka,Local,2026,4,3
2026-04-23,Onion,23,Bengaluru,Large,Bengaluru APMC,1300,1000,1100,Karnataka,Onion,2026,4,3
2026-04-30,Onion,23,Bengaluru,Large,Bengaluru APMC,1800,1400,1500,Karnataka,Onion,2026,4,3
2026-04-29,Potato,24,Bengaluru,Medium,Bengaluru APMC,1600,1300,1400,Karnataka,Local,2026,4,2
2026-04-07,Onion,23,Bengaluru,Medium,Bengaluru APMC,800,500,600,Karnataka,Local,2026,4,1
2026-04-10,Onion,23,Bengaluru,Medium,Bengaluru APMC,800,500,600,Karnataka,Local,2026,4,4
2026-04-11,Onion,23,Bengaluru,Medium,Bengaluru APMC,800,500,600,Karnataka,Local,2026,4,5
2026-04-13,Onion,23,Bengaluru,Medium,Bengaluru APMC,800,500,600,Karnataka,Local,2026,4,0
2026-04-15,Onion,23,Bengaluru,Medium,Bengaluru APMC,800,500,600,Karnataka,Local,2026,4,2
2026-04-20,Onion,23,Bengaluru,Medium,Bengaluru APMC,800,500,600,Karnataka,Local,2026,4,0
2026-04-01,Potato,24,Bengaluru,Medium,Bengaluru APMC,1800,600,1400,Karnataka,Potato,2026,4,2
2026-04-02,Mango,20,Bengaluru,Local,"Binny Mill (F&V), Bengaluru APMC",5000,3000,4000,Karnataka,Other,2026,4,3
2026-04-08,Onion,23,Bengaluru,Local,Bengaluru APMC,1500,800,1200,Karnataka,Puna,2026,4,2
2026-04-13,Onion,23,Bengaluru,Local,Bengaluru APMC,1500,800,1200,Karnataka,Puna,2026,4,0
2026-04-20,Onion,23,Bengaluru,Local,Bengaluru APMC,1300,800,1100,Karnataka,Puna,2026,4,0
2026-04-21,Onion,23,Bengaluru,Local,Bengaluru APMC,1400,800,1000,Karnataka,Puna,2026,4,1
2026-04-23,Onion,23,Bengaluru,Local,Bengaluru APMC,1400,800,1000,Karnataka,Puna,2026,4,3
2026-04-24,Onion,23,Bengaluru,Local,Bengaluru APMC,1400,800,1000,Karnataka,Puna,2026,4,4
2026-04-18,Potato,24,Bengaluru,Medium,Bengaluru APMC,1800,800,1300,Karnataka,Potato,2026,4,5
2026-04-20,Potato,24,Bengaluru,Medium,Bengaluru APMC,1800,800,1300,Karnataka,Potato,2026,4,0
2026-04-25,Potato,24,Bengaluru,Medium,Bengaluru APMC,1800,800,1300,Karnataka,Potato,2026,4,5
2026-04-13,Maize,4,Bengaluru,FAQ,Bengaluru APMC,4000,3800,3900,Karnataka,Pro Agro 4212,2026,4,0
2026-04-24,Maize,4,Bengaluru,FAQ,Bengaluru APMC,4000,3800,3900,Karnataka,Pro Agro 4212,2026,4,4
2026-04-06,Maize,4,Bengaluru,FAQ,Bengaluru APMC,2400,2200,2300,Karnataka,Hybrid/Local,2026,4,0
2026-04-09,Maize,4,Bengaluru,FAQ,Bengaluru APMC,2400,2200,2300,Karnataka,Hybrid/Local,2026,4,3
2026-04-25,Maize,4,Bengaluru,FAQ,Bengaluru APMC,2400,2200,2300,Karnataka,Hybrid/Local,2026,4,5
2026-04-02,Banana,19,Bengaluru,Local,"Binny Mill (F&V), Bengaluru APMC",3800,1000,2400,Karnataka,Elakki Bale,2026,4,3
2026-04-04,Banana,19,Bengaluru,Local,"Binny Mill (F&V), Bengaluru APMC",4000,1000,2500,Karnataka,Elakki Bale,2026,4,5
2026-04-07,Banana,19,Bengaluru,Local,"Binny Mill (F&V), Bengaluru APMC",4100,1000,2550,Karnataka,Elakki Bale,2026,4,1
2026-04-10,Banana,19,Bengaluru,Local,"Binny Mill (F&V), Bengaluru APMC",4000,1000,2500,Karnataka,Elakki Bale,2026,4,4
2026-04-30,Banana,19,Bengaluru,Local,"Binny Mill (F&V), Bengaluru APMC",4400,1000,2700,Karnataka,Elakki Bale,2026,4,3
2026-04-02,Banana,19,Bengaluru,Local,"Binny Mill (F&V), Bengaluru APMC",2000,1000,1500,Karnataka,Nendra Bale,2026,4,3
2026-04-04,Banana,19,Bengaluru,Local,"Binny Mill (F&V), Bengaluru APMC",2000,1000,1500,Karnataka,Nendra Bale,2026,4,5
2026-04-17,Banana,19,Bengaluru,Local,"Binny Mill (F&V), Bengaluru APMC",1900,1000,1450,Karnataka,Nendra Bale,2026,4,4
2026-04-18,Banana,19,Bengaluru,Local,"Binny Mill (F&V), Bengaluru APMC",2000,1000,1500,Karnataka,Nendra Bale,2026,4,5
2026-04-21,Banana,19,Bengaluru,Local,"Binny Mill (F&V), Bengaluru APMC",2000,1000,1500,Karnataka,Nendra Bale,2026,4,1
2026-04-29,Banana,19,Bengaluru,Local,"Binny Mill (F&V), Bengaluru APMC",2600,1000,1800,Karnataka,Nendra Bale,2026,4,2
2026-04-17,Mango,20,Bengaluru,Local,"Binny Mill (F&V), Bengaluru APMC",5000,3000,4000,Karnataka,Badami,2026,4,4
2026-04-21,Mango,20,Bengaluru,Local,"Binny Mill (F&V), Bengaluru APMC",6000,4000,5000,Karnataka,Badami,2026,4,1
2026-04-23,Mango,20,Bengaluru,Local,"Binny Mill (F&V), Bengaluru APMC",6000,4000,5000,Karnataka,Badami,2026,4,3
2026-04-27,Mango,20,Bengaluru,Local,"Binny Mill (F&V), Bengaluru APMC",4000,3000,3500,Karnataka,Badami,2026,4,0
2026-04-28,Mango,20,Bengaluru,Local,"Binny Mill (F&V), Bengaluru APMC",4000,3000,3500,Karnataka,Badami,2026,4,1
2026-04-18,Mango,20,Bengaluru,Local,"Binny Mill (F&V), Bengaluru APMC",3000,2000,2500,Karnataka,Keshar,2026,4,5
2026-04-16,Mango,20,Bengaluru,Local,"Binny Mill (F&V), Bengaluru APMC",5000,3000,4000,Karnataka,Raspuri,2026,4,3
2026-04-18,Mango,20,Bengaluru,Local,"Binny Mill (F&V), Bengaluru APMC",4500,2500,3500,Karnataka,Raspuri,2026,4,5
2026-04-27,Mango,20,Bengaluru,Local,"Binny Mill (F&V), Bengaluru APMC",4000,3000,3500,Karnataka,Raspuri,2026,4,0
2026-04-17,Mango,20,Bengaluru,Local,"Binny Mill (F&V), Bengaluru APMC",2500,1500,2000,Karnataka,Totapuri,2026,4,4
2026-04-21,Mango,20,Bengaluru,Local,"Binny Mill (F&V), Bengaluru APMC",3000,2000,2500,Karnataka,Totapuri,2026,4,1
2026-04-08,Banana,19,Bengaluru,Local,"Binny Mill (F&V), Bengaluru APMC",1900,600,1250,Karnataka,Pachha Bale,2026,4,2
2026-04-24,Banana,19,Bengaluru,Local,"Binny Mill (F&V), Bengaluru APMC",1900,600,1250,Karnataka,Pachha Bale,2026,4,4
2026-04-29,Banana,19,Bengaluru,Local,"Binny Mill (F&V), Bengaluru APMC",2000,600,1300,Karnataka,Pachha Bale,2026,4,2
2026-04-03,Onion,23,Bengaluru,Small,Bengaluru APMC,500,200,300,Karnataka,Bangalore-Samall,2026,4,4
2026-04-04,Onion,23,Bengaluru,Small,Bengaluru APMC,500,200,300,Karnataka,Bangalore-Samall,2026,4,5
2026-04-06,Onion,23,Bengaluru,Small,Bengaluru APMC,500,200,300,Karnataka,Bangalore-Samall,2026,4,0
2026-04-10,Onion,23,Bengaluru,Small,Bengaluru APMC,500,200,300,Karnataka,Bangalore-Samall,2026,4,4
2026-04-17,Onion,23,Bengaluru,Small,Bengaluru APMC,500,200,300,Karnataka,Bangalore-Samall,2026,4,4
2026-04-22,Onion,23,Bengaluru,Small,Bengaluru APMC,600,300,400,Karnataka,Bangalore-Samall,2026,4,2
2026-04-18,Rice,3,Bengaluru,Medium,Bengaluru APMC,4000,3700,3850,Karnataka,Dappa,2026,4,5
2026-04-22,Rice,3,Bengaluru,Medium,Bengaluru APMC,4000,3700,3850,Karnataka,Dappa,2026,4,2
2026-04-20,Rice,3,Bengaluru,Medium,Bengaluru APMC,4000,3700,3850,Karnataka,Dappa,2026,4,0
2026-04-23,Rice,3,Bengaluru,Medium,Bengaluru APMC,4000,3700,3850,Karnataka,Dappa,2026,4,3
2026-04-24,Rice,3,Bengaluru,Medium,Bengaluru APMC,4000,3700,3850,Karnataka,Dappa,2026,4,4
2026-04-25,Rice,3,Bengaluru,Medium,Bengaluru APMC,4000,3700,3850,Karnataka,Dappa,2026,4,5
2026-04-22,Rice,3,Bengaluru,Medium,Bengaluru APMC,5800,5500,5650,Karnataka,Fine,2026,4,2
2026-04-21,Rice,3,Bengaluru,Medium,Bengaluru APMC,5500,5300,5400,Karnataka,Medium,2026,4,1
2026-04-15,Tomato,78,Bengaluru,Local,"Binny Mill (F&V), Bengaluru APMC",2100,1700,1900,Karnataka,Tomato,2026,4,2
2026-04-21,Tomato,78,Bengaluru,Local,"Binny Mill (F&V), Bengaluru APMC",2200,1800,2000,Karnataka,Tomato,2026,4,1
2026-04-23,Tomato,78,Bengaluru,Local,"Binny Mill (F&V), Bengaluru APMC",4000,3500,3700,Karnataka,Tomato,2026,4,3
2026-04-30,Tomato,78,Bengaluru,Local,"Binny Mill (F&V), Bengaluru APMC",2600,2000,2400,Karnataka,Tomato,2026,4,3
2026-04-18,Brinjal,35,Bengaluru,Local,"Binny Mill (F&V), Bengaluru APMC",2900,2500,2700,Karnataka,Brinjal,2026,4,5
2026-04-23,Brinjal,35,Bengaluru,Local,"Binny Mill (F&V), Bengaluru APMC",2500,2200,2400,Karnataka,Brinjal,2026,4,3
2026-04-24,Brinjal,35,Bengaluru,Local,"Binny Mill (F&V), Bengaluru APMC",2800,2400,2600,Karnataka,Brinjal,2026,4,4
2026-04-02,Onion,23,Bengaluru,Large,Bengaluru APMC,1300,800,1000,Karnataka,Onion,2026,4,3
2026-04-03,Onion,23,Bengaluru,Large,Bengaluru APMC,1300,800,1000,Karnataka,Onion,2026,4,4
2026-04-04,Onion,23,Bengaluru,Large,Bengaluru APMC,1300,800,1000,Karnataka,Onion,2026,4,5
2026-04-08,Onion,23,Bengaluru,Large,Bengaluru APMC,1300,800,1000,Karnataka,Onion,2026,4,2
2026-04-10,Onion,23,Bengaluru,Large,Bengaluru APMC,1300,800,1000,Karnataka,Onion,2026,4,4
2026-04-01,Carrot,153,Bengaluru,Local,"Binny Mill (F&V), Bengaluru APMC",2500,2200,2400,Karnataka,Carrot,2026,4,2
2026-04-04,Carrot,153,Bengaluru,Local,"Binny Mill (F&V), Bengaluru APMC",2400,2000,2200,Karnataka,Carrot,2026,4,5
2026-04-08,Cabbage,154,Bengaluru,Local,"Binny Mill (F&V), Bengaluru APMC",1100,900,1000,Karnataka,Cabbage,2026,4,2
2026-04-10,Carrot,153,Bengaluru,Local,"Binny Mill (F&V), Bengaluru APMC",2500,2000,2400,Karnataka,Carrot,2026,4,4
2026-04-17,Carrot,153,Bengaluru,Local,"Binny Mill (F&V), Bengaluru APMC",2600,2200,2400,Karnataka,Carrot,2026,4,4
2026-04-10,Cabbage,154,Bengaluru,Local,"Binny Mill (F&V), Bengaluru APMC",1100,900,1000,Karnataka,Cabbage,2026,4,4
2026-04-17,Cabbage,154,Bengaluru,Local,"Binny Mill (F&V), Bengaluru APMC",1200,1000,1100,Karnataka,Cabbage,2026,4,4
2026-04-30,Cabbage,154,Bengaluru,Local,"Binny Mill (F&V), Bengaluru APMC",1200,1000,1100,Karnataka,Cabbage,2026,4,3
2026-04-04,Brinjal,35,Bengaluru,Local,"Binny Mill (F&V), Bengaluru APMC",2200,1800,2000,Karnataka,Brinjal,2026,4,5
2026-04-10,Brinjal,35,Bengaluru,Local,"Binny Mill (F&V), Bengaluru APMC",2400,2000,2200,Karnataka,Brinjal,2026,4,4
2026-05-27,Maize,4,Bengaluru,FAQ,Bengaluru APMC,6000,4000,5000,Karnataka,Pro Agro 4212,2026,5,2
2026-05-06,Rice,3,Bengaluru,Medium,Bengaluru APMC,7700,5500,6600,Karnataka,Fine,2026,5,2
2026-05-12,Rice,3,Bengaluru,Medium,Bengaluru APMC,6000,5300,5650,Karnataka,Medium,2026,5,1
2026-05-23,Rice,3,Bengaluru,Medium,Bengaluru APMC,6000,5300,5650,Karnataka,Medium,2026,5,5
2026-05-25,Rice,3,Bengaluru,Medium,Bengaluru APMC,6000,5300,5650,Karnataka,Medium,2026,5,0
2026-05-26,Rice,3,Bengaluru,Medium,Bengaluru APMC,6000,5300,5650,Karnataka,Medium,2026,5,1
2026-05-28,Rice,3,Bengaluru,Medium,Bengaluru APMC,6000,5300,5650,Karnataka,Medium,2026,5,3
2026-05-08,Maize,4,Bengaluru,FAQ,Bengaluru APMC,2300,2100,2200,Karnataka,Hybrid/Local,2026,5,4
2026-05-07,Maize,4,Bengaluru,FAQ,Bengaluru APMC,2300,2100,2200,Karnataka,Hybrid/Local,2026,5,3
2026-05-20,Maize,4,Bengaluru,FAQ,Bengaluru APMC,2500,2300,2400,Karnataka,Hybrid/Local,2026,5,2
2026-05-06,Rice,3,Bengaluru,Medium,Bengaluru APMC,4200,3800,4000,Karnataka,Dappa,2026,5,2
2026-05-19,Rice,3,Bengaluru,Medium,Bengaluru APMC,4300,3800,4050,Karnataka,Dappa,2026,5,1
2026-05-09,Rice,3,Bengaluru,Medium,Bengaluru APMC,7700,5500,6600,Karnataka,Fine,2026,5,5
2026-05-07,Rice,3,Bengaluru,Medium,Bengaluru APMC,7700,5500,6600,Karnataka,Fine,2026,5,3
2026-05-13,Rice,3,Bengaluru,Medium,Bengaluru APMC,6600,6000,6300,Karnataka,Fine,2026,5,2
2026-05-15,Rice,3,Bengaluru,Medium,Bengaluru APMC,6600,6000,6300,Karnataka,Fine,2026,5,4
2026-05-14,Rice,3,Bengaluru,Medium,Bengaluru APMC,6600,6000,6300,Karnataka,Fine,2026,5,3
2026-05-19,Rice,3,Bengaluru,Medium,Bengaluru APMC,6600,6000,6300,Karnataka,Fine,2026,5,1
2026-05-27,Rice,3,Bengaluru,Medium,Bengaluru APMC,6600,6000,6300,Karnataka,Fine,2026,5,2
2026-05-26,Rice,3,Bengaluru,Medium,Bengaluru APMC,6600,6000,6300,Karnataka,Fine,2026,5,1
2026-05-08,Onion,23,Bengaluru,Small,Bengaluru APMC,600,200,400,Karnataka,Bangalore-Samall,2026,5,4
2026-05-20,Onion,23,Bengaluru,Small,Bengaluru APMC,600,200,300,Karnataka,Bangalore-Samall,2026,5,2
2026-05-26,Onion,23,Bengaluru,Small,Bengaluru APMC,600,200,300,Karnataka,Bangalore-Samall,2026,5,1
2026-05-15,Banana,19,Bengaluru,Local,"Binny Mill (F&V), Bengaluru APMC",2000,1000,1500,Karnataka,Nendra Bale,2026,5,4
2026-05-18,Banana,19,Bengaluru,Local,"Binny Mill (F&V), Bengaluru APMC",2300,1000,1650,Karnataka,Nendra Bale,2026,5,0
2026-05-25,Banana,19,Bengaluru,Local,"Binny Mill (F&V), Bengaluru APMC",2300,1000,1650,Karnataka,Nendra Bale,2026,5,0
2026-05-26,Banana,19,Bengaluru,Local,"Binny Mill (F&V), Bengaluru APMC",2500,700,1600,Karnataka,Nendra Bale,2026,5,1
2026-05-18,Mango,20,Bengaluru,Local,"Binny Mill (F&V), Bengaluru APMC",4000,3000,3500,Karnataka,Mango,2026,5,0
2026-05-02,Tomato,78,Bengaluru,Local,"Binny Mill (F&V), Bengaluru APMC",3200,2900,3000,Karnataka,Tomato,2026,5,5
2026-05-04,Tomato,78,Bengaluru,Local,"Binny Mill (F&V), Bengaluru APMC",3200,2900,3000,Karnataka,Tomato,2026,5,0
2026-05-11,Tomato,78,Bengaluru,Local,"Binny Mill (F&V), Bengaluru APMC",3600,3400,3500,Karnataka,Tomato,2026,5,0
2026-05-08,Tomato,78,Bengaluru,Local,"Binny Mill (F&V), Bengaluru APMC",3500,3300,3400,Karnataka,Tomato,2026,5,4
2026-05-12,Tomato,78,Bengaluru,Local,"Binny Mill (F&V), Bengaluru APMC",3700,3500,3600,Karnataka,Tomato,2026,5,1
2026-05-07,Onion,23,Bengaluru,Medium,Bengaluru APMC,1000,600,800,Karnataka,Local,2026,5,3
2026-05-21,Potato,24,Bengaluru,Medium,Bengaluru APMC,1200,400,900,Karnataka,Local,2026,5,3
2026-05-15,Potato,24,Bengaluru,Medium,Bengaluru APMC,1600,800,1300,Karnataka,Local,2026,5,4
2026-05-14,Potato,24,Bengaluru,Medium,Bengaluru APMC,1600,800,1300,Karnataka,Local,2026,5,3
2026-05-13,Onion,23,Bengaluru,Medium,Bengaluru APMC,1200,800,1000,Karnataka,Local,2026,5,2
2026-05-25,Onion,23,Bengaluru,Medium,Bengaluru APMC,1000,600,800,Karnataka,Local,2026,5,0
2026-05-29,Onion,23,Bengaluru,Large,Bengaluru APMC,1400,1000,1200,Karnataka,Onion,2026,5,4
2026-05-19,Onion,23,Bengaluru,Large,Bengaluru APMC,1600,1200,1300,Karnataka,Onion,2026,5,1
2026-05-06,Mango,20,Bengaluru,Local,"Binny Mill (F&V), Bengaluru APMC",4000,2000,3000,Karnataka,Raspuri,2026,5,2
2026-05-04,Mango,20,Bengaluru,Local,"Binny Mill (F&V), Bengaluru APMC",3000,2000,2500,Karnataka,Raspuri,2026,5,0
2026-05-05,Mango,20,Bengaluru,Local,"Binny Mill (F&V), Bengaluru APMC",3500,2000,3000,Karnataka,Raspuri,2026,5,1
2026-05-15,Mango,20,Bengaluru,Local,"Binny Mill (F&V), Bengaluru APMC",3500,2500,3000,Karnataka,Raspuri,2026,5,4
2026-05-16,Mango,20,Bengaluru,Local,"Binny Mill (F&V), Bengaluru APMC",4000,2000,2500,Karnataka,Raspuri,2026,5,5
2026-05-21,Mango,20,Bengaluru,Local,"Binny Mill (F&V), Bengaluru APMC",3500,250,3000,Karnataka,Raspuri,2026,5,3
2026-05-20,Mango,20,Bengaluru,Local,"Binny Mill (F&V), Bengaluru APMC",3000,2000,2500,Karnataka,Raspuri,2026,5,2
2026-05-22,Mango,20,Bengaluru,Local,"Binny Mill (F&V), Bengaluru APMC",4000,3000,3500,Karnataka,Raspuri,2026,5,4
2026-05-25,Mango,20,Bengaluru,Local,"Binny Mill (F&V), Bengaluru APMC",3000,2000,2500,Karnataka,Raspuri,2026,5,0
2026-05-27,Mango,20,Bengaluru,Local,"Binny Mill (F&V), Bengaluru APMC",1800,800,1400,Karnataka,Totapuri,2026,5,2
2026-05-20,Mango,20,Bengaluru,Local,"Binny Mill (F&V), Bengaluru APMC",3500,2500,3000,Karnataka,Mango,2026,5,2
2026-05-15,Mango,20,Bengaluru,Local,"Binny Mill (F&V), Bengaluru APMC",5000,3000,4000,Karnataka,Badami,2026,5,4
2026-05-14,Mango,20,Bengaluru,Local,"Binny Mill (F&V), Bengaluru APMC",5500,3500,4500,Karnataka,Badami,2026,5,3
2026-05-19,Mango,20,Bengaluru,Local,"Binny Mill (F&V), Bengaluru APMC",5000,3000,4000,Karnataka,Badami,2026,5,1
2026-05-22,Mango,20,Bengaluru,Local,"Binny Mill (F&V), Bengaluru APMC",3500,2500,3000,Karnataka,Badami,2026,5,4
2026-05-25,Mango,20,Bengaluru,Local,"Binny Mill (F&V), Bengaluru APMC",4000,3000,3500,Karnataka,Badami,2026,5,0
2026-05-29,Mango,20,Bengaluru,Local,"Binny Mill (F&V), Bengaluru APMC",4000,3000,3500,Karnataka,Badami,2026,5,4
2026-05-21,Mango,20,Bengaluru,Local,"Binny Mill (F&V), Bengaluru APMC",3500,2500,3000,Karnataka,Keshar,2026,5,3
2026-05-06,Mango,20,Bengaluru,Local,"Binny Mill (F&V), Bengaluru APMC",3000,2000,2500,Karnataka,Keshar,2026,5,2
2026-05-04,Mango,20,Bengaluru,Local,"Binny Mill (F&V), Bengaluru APMC",3000,2000,2500,Karnataka,Keshar,2026,5,0
2026-05-11,Mango,20,Bengaluru,Local,"Binny Mill (F&V), Bengaluru APMC",3000,2000,2500,Karnataka,Keshar,2026,5,0
2026-05-20,Mango,20,Bengaluru,Local,"Binny Mill (F&V), Bengaluru APMC",3000,2000,2500,Karnataka,Keshar,2026,5,2
2026-05-22,Mango,20,Bengaluru,Local,"Binny Mill (F&V), Bengaluru APMC",3500,2500,3000,Karnataka,Keshar,2026,5,4
2026-05-05,Mango,20,Bengaluru,Local,"Binny Mill (F&V), Bengaluru APMC",3500,2500,3000,Karnataka,Other,2026,5,1
2026-05-29,Cabbage,154,Bengaluru,Local,"Binny Mill (F&V), Bengaluru APMC",1700,1500,1600,Karnataka,Cabbage,2026,5,4
2026-05-07,Cabbage,154,Bengaluru,Local,"Binny Mill (F&V), Bengaluru APMC",1100,900,1000,Karnataka,Cabbage,2026,5,3
2026-05-14,Cabbage,154,Bengaluru,Local,"Binny Mill (F&V), Bengaluru APMC",1200,1000,1100,Karnataka,Cabbage,2026,5,3
2026-05-20,Cabbage,154,Bengaluru,Local,"Binny Mill (F&V), Bengaluru APMC",1400,1200,1300,Karnataka,Cabbage,2026,5,2
2026-05-04,Brinjal,35,Bengaluru,Local,"Binny Mill (F&V), Bengaluru APMC",3200,2700,3000,Karnataka,Brinjal,2026,5,0
2026-05-13,Brinjal,35,Bengaluru,Local,"Binny Mill (F&V), Bengaluru APMC",3400,3000,3200,Karnataka,Brinjal,2026,5,2
2026-05-18,Brinjal,35,Bengaluru,Local,"Binny Mill (F&V), Bengaluru APMC",3500,3200,3400,Karnataka,Brinjal,2026,5,0
2026-05-20,Brinjal,35,Bengaluru,Local,"Binny Mill (F&V), Bengaluru APMC",3300,3000,3200,Karnataka,Brinjal,2026,5,2
2026-05-25,Brinjal,35,Bengaluru,Local,"Binny Mill (F&V), Bengaluru APMC",3000,2800,2900,Karnataka,Brinjal,2026,5,0
2026-05-29,Brinjal,35,Bengaluru,Local,"Binny Mill (F&V), Bengaluru APMC",3500,3000,3300,Karnataka,Brinjal,2026,5,4
2026-05-15,Carrot,153,Bengaluru,Local,"Binny Mill (F&V), Bengaluru APMC",3200,2800,3000,Karnataka,Carrot,2026,5,4
2026-05-04,Banana,19,Bengaluru,Local,"Binny Mill (F&V), Bengaluru APMC",1900,700,1300,Karnataka,Elakki Bale,2026,5,0
2026-05-05,Banana,19,Bengaluru,Local,"Binny Mill (F&V), Bengaluru APMC",4700,1000,2850,Karnataka,Elakki Bale,2026,5,1
2026-05-08,Banana,19,Bengaluru,Local,"Binny Mill (F&V), Bengaluru APMC",4400,1000,2700,Karnataka,Elakki Bale,2026,5,4
2026-05-07,Banana,19,Bengaluru,Local,"Binny Mill (F&V), Bengaluru APMC",4500,1000,2750,Karnataka,Elakki Bale,2026,5,3
2026-05-13,Banana,19,Bengaluru,Local,"Binny Mill (F&V), Bengaluru APMC",4600,1000,2800,Karnataka,Elakki Bale,2026,5,2
2026-05-02,Banana,19,Bengaluru,Local,"Binny Mill (F&V), Bengaluru APMC",2000,700,1350,Karnataka,Nauti Bale,2026,5,5
2026-05-11,Banana,19,Bengaluru,Local,"Binny Mill (F&V), Bengaluru APMC",2100,700,1400,Karnataka,Nauti Bale,2026,5,0
2026-05-21,Banana,19,Bengaluru,Local,"Binny Mill (F&V), Bengaluru APMC",2000,700,1350,Karnataka,Nauti Bale,2026,5,3
2026-05-20,Banana,19,Bengaluru,Local,"Binny Mill (F&V), Bengaluru APMC",1900,700,1300,Karnataka,Nauti Bale,2026,5,2
2026-05-04,Banana,19,Bengaluru,Local,"Binny Mill (F&V), Bengaluru APMC",2300,1000,1650,Karnataka,Nendra Bale,2026,5,0
2026-05-05,Banana,19,Bengaluru,Local,"Binny Mill (F&V), Bengaluru APMC",2200,1000,1600,Karnataka,Nendra Bale,2026,5,1
2026-05-08,Banana,19,Bengaluru,Local,"Binny Mill (F&V), Bengaluru APMC",2000,1000,1500,Karnataka,Nendra Bale,2026,5,4
2026-05-07,Banana,19,Bengaluru,Local,"Binny Mill (F&V), Bengaluru APMC",2000,1000,1500,Karnataka,Nendra Bale,2026,5,3
2026-05-12,Banana,19,Bengaluru,Local,"Binny Mill (F&V), Bengaluru APMC",2000,1000,1500,Karnataka,Nendra Bale,2026,5,1
2026-05-05,Banana,19,Bengaluru,Local,"Binny Mill (F&V), Bengaluru APMC",1700,600,1150,Karnataka,Pachha Bale,2026,5,1
2026-05-25,Banana,19,Bengaluru,Local,"Binny Mill (F&V), Bengaluru APMC",2200,600,1400,Karnataka,Pachha Bale,2026,5,0
2026-05-30,Banana,19,Bengaluru,Local,"Binny Mill (F&V), Bengaluru APMC",2500,600,1550,Karnataka,Pachha Bale,2026,5,5
2026-05-27,Mango,20,Bengaluru,Local,"Binny Mill (F&V), Bengaluru APMC",5000,3000,4000,Karnataka,Other,2026,5,2
2026-05-29,Mango,20,Bengaluru,Local,"Binny Mill (F&V), Bengaluru APMC",4500,3500,4000,Karnataka,Other,2026,5,4
2026-05-07,Onion,23,Bengaluru,Local,Bengaluru APMC,1500,800,1000,Karnataka,Puna,2026,5,3
2026-05-20,Onion,23,Bengaluru,Local,Bengaluru APMC,1800,800,1400,Karnataka,Puna,2026,5,2
2026-05-23,Onion,23,Bengaluru,Local,Bengaluru APMC,1600,800,1200,Karnataka,Puna,2026,5,5
2026-05-13,Potato,24,Bengaluru,Medium,Bengaluru APMC,2000,80,1500,Karnataka,Potato,2026,5,2
2026-05-22,Potato,24,Bengaluru,Medium,Bengaluru APMC,2000,1000,1500,Karnataka,Potato,2026,5,4
2026-05-23,Potato,24,Bengaluru,Medium,Bengaluru APMC,2000,1000,1500,Karnataka,Potato,2026,5,5
2026-05-05,Onion,23,Bengaluru,Large,Bengaluru APMC,1400,1000,1200,Karnataka,Onion,2026,5,1
2026-05-09,Onion,23,Bengaluru,Large,Bengaluru APMC,1400,1000,1200,Karnataka,Onion,2026,5,5
2026-05-14,Onion,23,Bengaluru,Large,Bengaluru APMC,1600,1200,1300,Karnataka,Onion,2026,5,3
2026-05-02,Carrot,153,Bengaluru,Local,"Binny Mill (F&V), Bengaluru APMC",2900,2600,2800,Karnataka,Carrot,2026,5,5
2026-06-02,Tomato,78,Bengaluru,Local,"Binny Mill (F&V), Bengaluru APMC",3600,3000,3400,Karnataka,Tomato,2026,6,1
2026-06-09,Tomato,78,Bengaluru,Local,"Binny Mill (F&V), Bengaluru APMC",3500,3000,3300,Karnataka,Tomato,2026,6,1
2026-06-12,Tomato,78,Bengaluru,Local,"Binny Mill (F&V), Bengaluru APMC",3500,3200,3400,Karnataka,Tomato,2026,6,4
2026-06-17,Tomato,78,Bengaluru,Local,"Binny Mill (F&V), Bengaluru APMC",4000,3600,3800,Karnataka,Tomato,2026,6,2
2026-06-18,Tomato,78,Bengaluru,Local,"Binny Mill (F&V), Bengaluru APMC",3500,3200,3400,Karnataka,Tomato,2026,6,3
2026-06-19,Tomato,78,Bengaluru,Local,"Binny Mill (F&V), Bengaluru APMC",3600,3400,3500,Karnataka,Tomato,2026,6,4
2026-07-18,Tomato,78,Bengaluru,Local,"Binny Mill (F&V), Bengaluru APMC",1700,1400,1600,Karnataka,Tomato,2026,7,5
2026-07-21,Tomato,78,Bengaluru,Local,"Binny Mill (F&V), Bengaluru APMC",1700,1500,1600,Karnataka,Tomato,2026,7,1
2026-07-06,Cabbage,154,Bengaluru,Local,"Binny Mill (F&V), Bengaluru APMC",2000,1800,1900,Karnataka,Cabbage,2026,7,0
2026-07-08,Cabbage,154,Bengaluru,Local,"Binny Mill (F&V), Bengaluru APMC",2100,1800,1900,Karnataka,Cabbage,2026,7,2
2026-07-09,Cabbage,154,Bengaluru,Local,"Binny Mill (F&V), Bengaluru APMC",1900,1700,1800,Karnataka,Cabbage,2026,7,3
2026-07-16,Cabbage,154,Bengaluru,Local,"Binny Mill (F&V), Bengaluru APMC",1600,1400,1500,Karnataka,Cabbage,2026,7,3
2026-06-17,Cabbage,154,Bengaluru,Local,"Binny Mill (F&V), Bengaluru APMC",2200,2000,2100,Karnataka,Cabbage,2026,6,2
2026-06-20,Cabbage,154,Bengaluru,Local,"Binny Mill (F&V), Bengaluru APMC",6000,5000,5500,Karnataka,Cabbage,2026,6,5
2026-06-22,Cabbage,154,Bengaluru,Local,"Binny Mill (F&V), Bengaluru APMC",2000,1800,1900,Karnataka,Cabbage,2026,6,0
2026-06-02,Cabbage,154,Bengaluru,Local,"Binny Mill (F&V), Bengaluru APMC",1800,1600,1700,Karnataka,Cabbage,2026,6,1
2026-06-03,Cabbage,154,Bengaluru,Local,"Binny Mill (F&V), Bengaluru APMC",1700,1500,1600,Karnataka,Cabbage,2026,6,2
2026-06-04,Cabbage,154,Bengaluru,Local,"Binny Mill (F&V), Bengaluru APMC",1800,1600,1700,Karnataka,Cabbage,2026,6,3
2026-06-08,Cabbage,154,Bengaluru,Local,"Binny Mill (F&V), Bengaluru APMC",1900,1700,1800,Karnataka,Cabbage,2026,6,0
2026-06-11,Cabbage,154,Bengaluru,Local,"Binny Mill (F&V), Bengaluru APMC",2000,1600,1800,Karnataka,Cabbage,2026,6,3
2026-06-08,Mango,20,Bengaluru,Local,"Binny Mill (F&V), Bengaluru APMC",3000,2000,2500,Karnataka,Raspuri,2026,6,0
2026-06-09,Brinjal,35,Bengaluru,Local,"Binny Mill (F&V), Bengaluru APMC",3200,2800,3000,Karnataka,Brinjal,2026,6,1
2026-06-11,Brinjal,35,Bengaluru,Local,"Binny Mill (F&V), Bengaluru APMC",3000,2700,2900,Karnataka,Brinjal,2026,6,3
2026-07-10,Brinjal,35,Bengaluru,Local,"Binny Mill (F&V), Bengaluru APMC",2500,2000,2400,Karnataka,Brinjal,2026,7,4
2026-07-14,Brinjal,35,Bengaluru,Local,"Binny Mill (F&V), Bengaluru APMC",2400,2000,2300,Karnataka,Brinjal,2026,7,1
2026-07-17,Brinjal,35,Bengaluru,Local,"Binny Mill (F&V), Bengaluru APMC",2600,2300,2400,Karnataka,Brinjal,2026,7,4
2026-07-21,Brinjal,35,Bengaluru,Local,"Binny Mill (F&V), Bengaluru APMC",2800,2500,2700,Karnataka,Brinjal,2026,7,1
2026-06-01,Carrot,153,Bengaluru,Local,"Binny Mill (F&V), Bengaluru APMC",4500,3500,4000,Karnataka,Carrot,2026,6,0
2026-06-06,Carrot,153,Bengaluru,Local,"Binny Mill (F&V), Bengaluru APMC",5000,4500,4700,Karnataka,Carrot,2026,6,5
2026-06-16,Carrot,153,Bengaluru,Local,"Binny Mill (F&V), Bengaluru APMC",5500,4500,5000,Karnataka,Carrot,2026,6,1
2026-06-25,Carrot,153,Bengaluru,Local,"Binny Mill (F&V), Bengaluru APMC",6000,5000,5500,Karnataka,Carrot,2026,6,3
2026-07-01,Carrot,153,Bengaluru,Local,"Binny Mill (F&V), Bengaluru APMC",6000,5000,5500,Karnataka,Carrot,2026,7,2
2026-06-16,Brinjal,35,Bengaluru,Local,"Binny Mill (F&V), Bengaluru APMC",3000,2500,2800,Karnataka,Brinjal,2026,6,1
2026-06-18,Brinjal,35,Bengaluru,Local,"Binny Mill (F&V), Bengaluru APMC",3300,3000,3200,Karnataka,Brinjal,2026,6,3
2026-06-19,Brinjal,35,Bengaluru,Local,"Binny Mill (F&V), Bengaluru APMC",4000,3600,3800,Karnataka,Brinjal,2026,6,4
2026-07-01,Brinjal,35,Bengaluru,Local,"Binny Mill (F&V), Bengaluru APMC",4000,3500,3700,Karnataka,Brinjal,2026,7,2
2026-07-03,Brinjal,35,Bengaluru,Local,"Binny Mill (F&V), Bengaluru APMC",4000,3500,3700,Karnataka,Brinjal,2026,7,4
2026-07-07,Carrot,153,Bengaluru,Local,"Binny Mill (F&V), Bengaluru APMC",6000,5500,5800,Karnataka,Carrot,2026,7,1
2026-07-10,Carrot,153,Bengaluru,Local,"Binny Mill (F&V), Bengaluru APMC",5500,4500,5000,Karnataka,Carrot,2026,7,4
2026-07-15,Carrot,153,Bengaluru,Local,"Binny Mill (F&V), Bengaluru APMC",5500,4500,5000,Karnataka,Carrot,2026,7,2
2026-07-16,Carrot,153,Bengaluru,Local,"Binny Mill (F&V), Bengaluru APMC",5500,4500,5000,Karnataka,Carrot,2026,7,3
2026-07-17,Carrot,153,Bengaluru,Local,"Binny Mill (F&V), Bengaluru APMC",5500,4500,5000,Karnataka,Carrot,2026,7,4
2026-07-20,Carrot,153,Bengaluru,Local,"Binny Mill (F&V), Bengaluru APMC",5500,4500,5000,Karnataka,Carrot,2026,7,0
2026-06-05,Cabbage,154,Bengaluru,Local,Binny Mill (FF&V) Bengaluru APMC,1900,1700,1800,Karnataka,Cabbage,2026,6,4
2026-06-24,Cabbage,154,Bengaluru,Local,Binny Mill (FF&V) Bengaluru APMC,2000,1800,1900,Karnataka,Cabbage,2026,6,2
2026-06-02,Cabbage,154,Bengaluru,Local,Binny Mill (FF&V) Bengaluru APMC,1800,1600,1700,Karnataka,Cabbage,2026,6,1
2026-06-19,Rice,3,Bengaluru,Medium,Bengaluru APMC,3300,3100,3200,Karnataka,Dappa,2026,6,4
2026-06-24,Rice,3,Bengaluru,Medium,Bengaluru APMC,3300,3100,3200,Karnataka,Dappa,2026,6,2
2026-06-09,Rice,3,Bengaluru,Medium,Bengaluru APMC,6000,5200,5600,Karnataka,Fine,2026,6,1
2026-06-16,Rice,3,Bengaluru,Medium,Bengaluru APMC,6000,5200,5600,Karnataka,Fine,2026,6,1
2026-06-19,Rice,3,Bengaluru,Medium,Bengaluru APMC,6000,5200,5600,Karnataka,Fine,2026,6,4
2026-06-24,Rice,3,Bengaluru,Medium,Bengaluru APMC,6000,5200,5600,Karnataka,Fine,2026,6,2
2026-06-04,Rice,3,Bengaluru,Medium,Bengaluru APMC,6000,5300,5650,Karnataka,Medium,2026,6,3
2026-06-05,Rice,3,Bengaluru,Medium,Bengaluru APMC,4300,3800,4050,Karnataka,Dappa,2026,6,4
2026-06-22,Rice,3,Bengaluru,Medium,Bengaluru APMC,3300,3100,3200,Karnataka,Dappa,2026,6,0
2026-06-05,Rice,3,Bengaluru,Medium,Bengaluru APMC,6600,6000,6300,Karnataka,Fine,2026,6,4
2026-06-23,Rice,3,Bengaluru,Medium,Bengaluru APMC,6000,5200,5600,Karnataka,Fine,2026,6,1
2026-06-18,Rice,3,Bengaluru,Medium,Bengaluru APMC,6000,5200,5600,Karnataka,Fine,2026,6,3
2026-06-15,Rice,3,Bengaluru,Medium,Bengaluru APMC,5000,4800,4900,Karnataka,Medium,2026,6,0
2026-06-16,Rice,3,Bengaluru,Medium,Bengaluru APMC,5000,4800,4900,Karnataka,Medium,2026,6,1
2026-06-30,Rice,3,Bengaluru,Medium,Bengaluru APMC,5000,4800,4900,Karnataka,Medium,2026,6,1
2026-06-02,Potato,24,Bengaluru,Medium,Bengaluru APMC,1600,1000,1300,Karnataka,Local,2026,6,1
2026-06-20,Potato,24,Bengaluru,Medium,Bengaluru APMC,2000,1500,1600,Karnataka,Local,2026,6,5
2026-06-30,Potato,24,Bengaluru,Medium,Bengaluru APMC,2000,1600,1600,Karnataka,Local,2026,6,1
2026-06-26,Potato,24,Bengaluru,Medium,Bengaluru APMC,2000,1500,1600,Karnataka,Local,2026,6,4
2026-06-01,Onion,23,Bengaluru,Medium,Bengaluru APMC,1200,800,1000,Karnataka,Local,2026,6,0
2026-06-03,Onion,23,Bengaluru,Local,Bengaluru APMC,2400,1000,1400,Karnataka,Puna,2026,6,2
2026-06-05,Onion,23,Bengaluru,Local,Bengaluru APMC,2400,1000,1500,Karnataka,Puna,2026,6,4
2026-06-08,Onion,23,Bengaluru,Local,Bengaluru APMC,2400,1000,1500,Karnataka,Puna,2026,6,0
2026-06-24,Onion,23,Bengaluru,Local,Bengaluru APMC,2500,1000,2200,Karnataka,Puna,2026,6,2
2026-06-29,Onion,23,Bengaluru,Local,Bengaluru APMC,2800,1500,2200,Karnataka,Puna,2026,6,0
2026-06-09,Onion,23,Bengaluru,Large,Bengaluru APMC,2200,1600,1800,Karnataka,Onion,2026,6,1
2026-06-05,Potato,24,Bengaluru,Medium,Bengaluru APMC,2200,1000,1500,Karnataka,Potato,2026,6,4
2026-06-08,Potato,24,Bengaluru,Medium,Bengaluru APMC,2200,1000,1500,Karnataka,Potato,2026,6,0
2026-06-20,Carrot,153,Bengaluru,Local,Binny Mill (FF&V) Bengaluru APMC,6000,5000,5500,Karnataka,Carrot,2026,6,5
2026-06-25,Carrot,153,Bengaluru,Local,Binny Mill (FF&V) Bengaluru APMC,6000,5000,5500,Karnataka,Carrot,2026,6,3
2026-06-02,Mango,20,Bengaluru,Local,Binny Mill (FF&V) Bengaluru APMC,4000,2500,3000,Karnataka,Badami,2026,6,1
2026-06-10,Mango,20,Bengaluru,Local,Binny Mill (FF&V) Bengaluru APMC,4500,3500,4000,Karnataka,Badami,2026,6,2
2026-06-12,Mango,20,Bengaluru,Local,Binny Mill (FF&V) Bengaluru APMC,4000,3000,3500,Karnataka,Badami,2026,6,4
2026-06-15,Mango,20,Bengaluru,Local,Binny Mill (FF&V) Bengaluru APMC,4000,3000,3500,Karnataka,Badami,2026,6,0
2026-06-17,Mango,20,Bengaluru,Local,Binny Mill (FF&V) Bengaluru APMC,3000,2000,2500,Karnataka,Badami,2026,6,2
2026-06-23,Mango,20,Bengaluru,Local,Binny Mill (FF&V) Bengaluru APMC,4500,3500,4000,Karnataka,Badami,2026,6,1
2026-06-22,Mango,20,Bengaluru,Local,Binny Mill (FF&V) Bengaluru APMC,4000,3000,3500,Karnataka,Badami,2026,6,0
2026-06-29,Mango,20,Bengaluru,Local,Binny Mill (FF&V) Bengaluru APMC,4000,3000,3500,Karnataka,Badami,2026,6,0
2026-06-04,Banana,19,Bengaluru,Local,Binny Mill (FF&V) Bengaluru APMC,4500,1000,2750,Karnataka,Elakki Bale,2026,6,3
2026-06-06,Banana,19,Bengaluru,Local,Binny Mill (FF&V) Bengaluru APMC,4500,1000,2750,Karnataka,Elakki Bale,2026,6,5
2026-06-08,Banana,19,Bengaluru,Local,Binny Mill (FF&V) Bengaluru APMC,4600,1000,2600,Karnataka,Elakki Bale,2026,6,0
2026-06-12,Banana,19,Bengaluru,Local,Binny Mill (FF&V) Bengaluru APMC,4400,1000,2700,Karnataka,Elakki Bale,2026,6,4
2026-06-18,Banana,19,Bengaluru,Local,Binny Mill (FF&V) Bengaluru APMC,5000,1000,3000,Karnataka,Elakki Bale,2026,6,3
2026-06-19,Banana,19,Bengaluru,Local,Binny Mill (FF&V) Bengaluru APMC,5100,1000,3350,Karnataka,Elakki Bale,2026,6,4
2026-06-20,Banana,19,Bengaluru,Local,Binny Mill (FF&V) Bengaluru APMC,5000,1000,3000,Karnataka,Elakki Bale,2026,6,5
2026-06-06,Potato,24,Bengaluru,Medium,Bengaluru APMC,2200,1000,1500,Karnataka,Potato,2026,6,5
2026-06-17,Potato,24,Bengaluru,Medium,Bengaluru APMC,2200,1000,1500,Karnataka,Potato,2026,6,2
2026-06-25,Potato,24,Bengaluru,Medium,Bengaluru APMC,2200,1000,1500,Karnataka,Potato,2026,6,3
2026-06-29,Potato,24,Bengaluru,Medium,Bengaluru APMC,2200,800,1500,Karnataka,Potato,2026,6,0
2026-06-23,Onion,23,Bengaluru,Small,Bengaluru APMC,1000,500,800,Karnataka,Bangalore-Samall,2026,6,1
2026-06-25,Onion,23,Bengaluru,Small,Bengaluru APMC,1000,500,800,Karnataka,Bangalore-Samall,2026,6,3
2026-06-24,Onion,23,Bengaluru,Small,Bengaluru APMC,1000,500,800,Karnataka,Bangalore-Samall,2026,6,2
2026-06-29,Onion,23,Bengaluru,Small,Bengaluru APMC,1200,600,1000,Karnataka,Bangalore-Samall,2026,6,0
2026-06-04,Maize,4,Bengaluru,FAQ,Bengaluru APMC,2500,2300,2400,Karnataka,Hybrid/Local,2026,6,3
2026-06-09,Maize,4,Bengaluru,FAQ,Bengaluru APMC,2500,2400,2450,Karnataka,Hybrid/Local,2026,6,1
2026-06-15,Maize,4,Bengaluru,FAQ,Bengaluru APMC,2500,2400,2450,Karnataka,Hybrid/Local,2026,6,0
2026-06-17,Maize,4,Bengaluru,FAQ,Bengaluru APMC,2500,2400,2450,Karnataka,Hybrid/Local,2026,6,2
2026-06-01,Maize,4,Bengaluru,FAQ,Bengaluru APMC,6000,4000,5000,Karnataka,Popcorn,2026,6,0
2026-06-03,Onion,23,Bengaluru,Medium,Bengaluru APMC,1200,800,1000,Karnataka,Local,2026,6,2
2026-06-19,Onion,23,Bengaluru,Medium,Bengaluru APMC,1400,1000,1200,Karnataka,Local,2026,6,4
2026-06-29,Onion,23,Bengaluru,Medium,Bengaluru APMC,1800,1200,1400,Karnataka,Local,2026,6,0
2026-06-20,Onion,23,Bengaluru,Large,Bengaluru APMC,2200,1600,2000,Karnataka,Onion,2026,6,5
2026-06-11,Mango,20,Bengaluru,Local,Binny Mill (FF&V) Bengaluru APMC,3000,2000,2500,Karnataka,Raspuri,2026,6,3
2026-06-24,Brinjal,35,Bengaluru,Local,Binny Mill (FF&V) Bengaluru APMC,4000,3500,3700,Karnataka,Brinjal,2026,6,2
2026-06-02,Banana,19,Bengaluru,Local,Binny Mill (FF&V) Bengaluru APMC,2200,700,1450,Karnataka,Nauti Bale,2026,6,1
2026-06-01,Banana,19,Bengaluru,Local,Binny Mill (FF&V) Bengaluru APMC,2600,1000,1800,Karnataka,Nendra Bale,2026,6,0
2026-06-02,Banana,19,Bengaluru,Local,Binny Mill (FF&V) Bengaluru APMC,2500,1000,1750,Karnataka,Nendra Bale,2026,6,1
2026-06-04,Banana,19,Bengaluru,Local,Binny Mill (FF&V) Bengaluru APMC,2500,1000,1750,Karnataka,Nendra Bale,2026,6,3
2026-06-19,Banana,19,Bengaluru,Local,Binny Mill (FF&V) Bengaluru APMC,2500,1000,1750,Karnataka,Nendra Bale,2026,6,4
2026-06-24,Banana,19,Bengaluru,Local,Binny Mill (FF&V) Bengaluru APMC,2500,1000,1750,Karnataka,Nendra Bale,2026,6,2
2026-06-29,Banana,19,Bengaluru,Local,Binny Mill (FF&V) Bengaluru APMC,3000,1000,2000,Karnataka,Nendra Bale,2026,6,0
2026-06-01,Mango,20,Bengaluru,Local,Binny Mill (FF&V) Bengaluru APMC,1000,600,800,Karnataka,Totapuri,2026,6,0
2026-06-12,Mango,20,Bengaluru,Local,Binny Mill (FF&V) Bengaluru APMC,1200,800,1000,Karnataka,Totapuri,2026,6,4
2026-06-24,Mango,20,Bengaluru,Local,Binny Mill (FF&V) Bengaluru APMC,1000,800,900,Karnataka,Totapuri,2026,6,2
2026-06-30,Mango,20,Bengaluru,Local,Binny Mill (FF&V) Bengaluru APMC,1200,800,1000,Karnataka,Totapuri,2026,6,1
2026-06-05,Brinjal,35,Bengaluru,Local,Binny Mill (FF&V) Bengaluru APMC,3100,2800,3000,Karnataka,Brinjal,2026,6,4
2026-06-06,Tomato,78,Bengaluru,Local,Binny Mill (FF&V) Bengaluru APMC,3500,3200,3400,Karnataka,Tomato,2026,6,5
2026-06-11,Tomato,78,Bengaluru,Local,Binny Mill (FF&V) Bengaluru APMC,3500,3200,3400,Karnataka,Tomato,2026,6,3
2026-06-12,Tomato,78,Bengaluru,Local,Binny Mill (FF&V) Bengaluru APMC,3500,3200,3400,Karnataka,Tomato,2026,6,4
2026-06-17,Tomato,78,Bengaluru,Local,Binny Mill (FF&V) Bengaluru APMC,4000,3600,3800,Karnataka,Tomato,2026,6,2
2026-06-18,Tomato,78,Bengaluru,Local,Binny Mill (FF&V) Bengaluru APMC,3500,3200,3400,Karnataka,Tomato,2026,6,3
2026-06-24,Tomato,78,Bengaluru,Local,Binny Mill (FF&V) Bengaluru APMC,2800,2500,2700,Karnataka,Tomato,2026,6,2
2026-06-30,Tomato,78,Bengaluru,Local,Binny Mill (FF&V) Bengaluru APMC,2600,2200,2400,Karnataka,Tomato,2026,6,1
2026-05-09,Maize,4,Belagavi,FAQ,Ramdurga APMC,1949,1949,1949,Karnataka,Local,2026,5,5
2026-05-08,Maize,4,Belagavi,Local,Gokak APMC,2020,1950,1950,Karnataka,Local,2026,5,4
2026-05-11,Maize,4,Belagavi,Local,Gokak APMC,2120,1980,1980,Karnataka,Local,2026,5,0
2026-05-13,Maize,4,Belagavi,FAQ,Nippani APMC,1900,1850,1900,Karnataka,Local,2026,5,2
2026-05-15,Maize,4,Belagavi,Non-FAQ,Gokak APMC,2100,1855,1980,Karnataka,Local,2026,5,4
2026-05-18,Maize,4,Belagavi,Local,Gokak APMC,2100,2020,2020,Karnataka,Local,2026,5,0
2026-05-22,Maize,4,Belagavi,Local,Gokak APMC,2250,2000,2050,Karnataka,Local,2026,5,4
2026-05-27,Maize,4,Belagavi,Local,Gokak APMC,2100,2100,2100,Karnataka,Local,2026,5,2
2026-05-24,Rice,3,Belagavi,Small,Soundati APMC,2430,2430,2430,Karnataka,Other,2026,5,6
2026-05-26,Rice,3,Belagavi,Small,Soundati APMC,2430,2430,2430,Karnataka,Other,2026,5,1
2026-05-28,Rice,3,Belagavi,Small,Soundati APMC,2430,2430,2430,Karnataka,Other,2026,5,3
2026-05-14,Rice,3,Belagavi,Local,Gokak APMC,5740,5740,5740,Karnataka,Sona,2026,5,3
2026-05-14,Maize,4,Belagavi,Local,Athani APMC,1850,1850,1850,Karnataka,Hybrid/Local,2026,5,3
2026-05-06,Maize,4,Belagavi,Local,Kudchi APMC,1890,1780,1800,Karnataka,Hybrid/Local,2026,5,2
2026-05-05,Maize,4,Belagavi,Local,Bailahongal APMC,1600,1350,1406,Karnataka,Hybrid/Local,2026,5,1
2026-05-02,Maize,4,Belagavi,Local,Kudchi APMC,1850,1800,1830,Karnataka,Hybrid/Local,2026,5,5
2026-05-08,Maize,4,Belagavi,Local,Kudchi APMC,2100,1950,2000,Karnataka,Hybrid/Local,2026,5,4
2026-05-06,Maize,4,Belagavi,Local,Athani APMC,1900,1900,1900,Karnataka,Hybrid/Local,2026,5,2
2026-05-10,Maize,4,Belagavi,Local,Athani APMC,2000,2000,2000,Karnataka,Hybrid/Local,2026,5,6
2026-05-12,Maize,4,Belagavi,Local,Bailahongal APMC,1900,1400,1446,Karnataka,Hybrid/Local,2026,5,1
2026-05-15,Maize,4,Belagavi,Local,Kudchi APMC,2090,2000,2070,Karnataka,Hybrid/Local,2026,5,4
2026-05-23,Maize,4,Belagavi,Local,Athani APMC,1950,1950,1950,Karnataka,Hybrid/Local,2026,5,5
2026-05-27,Maize,4,Belagavi,Local,Sankeshwar APMC,2160,1950,2140,Karnataka,Hybrid/Local,2026,5,2
2026-05-02,Maize,4,Belagavi,Non-FAQ,Soundati APMC,1900,1650,1900,Karnataka,Local,2026,5,5
2026-05-03,Maize,4,Belagavi,Local,Gokak APMC,1950,1950,1950,Karnataka,Local,2026,5,6
2026-05-04,Maize,4,Belagavi,Local,Gokak APMC,2000,1770,1960,Karnataka,Local,2026,5,0
2026-05-02,Potato,24,Belagavi,Large,Belgaum APMC,1200,800,1000,Karnataka,Local,2026,5,5
2026-05-05,Potato,24,Belagavi,Large,Belgaum APMC,1200,800,1000,Karnataka,Local,2026,5,1
2026-05-09,Potato,24,Belagavi,Large,Belgaum APMC,1500,500,1200,Karnataka,Local,2026,5,5
2026-05-12,Potato,24,Belagavi,Large,Belgaum APMC,1500,500,1200,Karnataka,Local,2026,5,1
2026-05-15,Potato,24,Belagavi,Large,Belgaum APMC,1500,500,1200,Karnataka,Local,2026,5,4
2026-05-27,Potato,24,Belagavi,Large,Belgaum APMC,1500,500,1200,Karnataka,Local,2026,5,2
2026-05-30,Potato,24,Belagavi,Large,Belgaum APMC,1600,500,1300,Karnataka,Local,2026,5,5
2026-05-02,Onion,23,Belagavi,Large,Belgaum APMC,1600,500,1300,Karnataka,Pusa-Red,2026,5,5
2026-05-04,Onion,23,Belagavi,Large,Belgaum APMC,1600,500,1300,Karnataka,Pusa-Red,2026,5,0
2026-05-05,Onion,23,Belagavi,Large,Belgaum APMC,1600,500,1300,Karnataka,Pusa-Red,2026,5,1
2026-05-08,Onion,23,Belagavi,Large,Belgaum APMC,1500,500,1200,Karnataka,Pusa-Red,2026,5,4
2026-05-18,Onion,23,Belagavi,Large,Belgaum APMC,1900,500,1600,Karnataka,Pusa-Red,2026,5,0
2026-05-22,Onion,23,Belagavi,Large,Belgaum APMC,1900,500,1300,Karnataka,Pusa-Red,2026,5,4
2026-05-26,Onion,23,Belagavi,Large,Belgaum APMC,1800,500,1300,Karnataka,Pusa-Red,2026,5,1
2026-04-01,Potato,24,Belagavi,Large,Belgaum APMC,1500,1000,1200,Karnataka,Local,2026,4,2
2026-04-22,Potato,24,Belagavi,Large,Belgaum APMC,1800,800,1500,Karnataka,Local,2026,4,2
2026-04-25,Potato,24,Belagavi,Large,Belgaum APMC,1800,1000,1500,Karnataka,Local,2026,4,5
2026-04-27,Potato,24,Belagavi,Large,Belgaum APMC,1800,1000,1500,Karnataka,Local,2026,4,0
2026-04-30,Potato,24,Belagavi,Large,Belgaum APMC,1100,500,800,Karnataka,Local,2026,4,3
2026-04-02,Onion,23,Belagavi,Large,Belgaum APMC,1400,500,1000,Karnataka,Pusa-Red,2026,4,3
2026-04-09,Onion,23,Belagavi,Large,Belgaum APMC,1500,500,1200,Karnataka,Pusa-Red,2026,4,3
2026-04-17,Onion,23,Belagavi,Large,Belgaum APMC,1500,500,1300,Karnataka,Pusa-Red,2026,4,4
2026-04-21,Onion,23,Belagavi,Large,Belgaum APMC,1000,500,800,Karnataka,Pusa-Red,2026,4,1
2026-04-25,Onion,23,Belagavi,Large,Belgaum APMC,1600,500,1300,Karnataka,Pusa-Red,2026,4,5
2026-04-27,Onion,23,Belagavi,Large,Belgaum APMC,1600,500,1300,Karnataka,Pusa-Red,2026,4,0
2026-04-28,Onion,23,Belagavi,Large,Belgaum APMC,1600,500,1300,Karnataka,Pusa-Red,2026,4,1
2026-04-28,Potato,24,Belagavi,Large,Belgaum APMC,1800,1000,1500,Karnataka,Local,2026,4,1
2026-04-18,Cabbage,154,Belagavi,Large,Belgaum APMC,400,300,380,Karnataka,Cabbage,2026,4,5
2026-04-16,Rice,3,Belagavi,Local,Sankeshwar APMC,2520,2520,2520,Karnataka,Other,2026,4,3
2026-04-18,Rice,3,Belagavi,Local,Sankeshwar APMC,2550,2540,2550,Karnataka,Other,2026,4,5
2026-04-27,Rice,3,Belagavi,Local,Gokak APMC,6125,5358,5685,Karnataka,Sona,2026,4,0
2026-04-01,Maize,4,Belagavi,FAQ,Ramdurga APMC,1721,1509,1661,Karnataka,Local,2026,4,2
2026-04-04,Maize,4,Belagavi,FAQ,Ramdurga APMC,1769,1610,1652,Karnataka,Local,2026,4,5
2026-04-03,Maize,4,Belagavi,Non-FAQ,Soundati APMC,1800,1750,1750,Karnataka,Local,2026,4,4
2026-04-04,Maize,4,Belagavi,Local,Gokak APMC,1900,1660,1660,Karnataka,Local,2026,4,5
2026-04-10,Maize,4,Belagavi,FAQ,Ramdurga APMC,1759,1759,1759,Karnataka,Local,2026,4,4
2026-04-09,Maize,4,Belagavi,Non-FAQ,Soundati APMC,1800,1800,1800,Karnataka,Local,2026,4,3
2026-04-15,Maize,4,Belagavi,Local,Gokak APMC,1992,1991,1991,Karnataka,Local,2026,4,2
2026-04-14,Maize,4,Belagavi,Non-FAQ,Soundati APMC,1700,1700,1700,Karnataka,Local,2026,4,1
2026-04-20,Maize,4,Belagavi,Local,Gokak APMC,2040,1730,1880,Karnataka,Local,2026,4,0
2026-04-22,Maize,4,Belagavi,Non-FAQ,Soundati APMC,1850,1800,1850,Karnataka,Local,2026,4,2
2026-04-23,Maize,4,Belagavi,Non-FAQ,Soundati APMC,1900,1900,1900,Karnataka,Local,2026,4,3
2026-04-25,Maize,4,Belagavi,Local,Gokak APMC,1940,1850,1900,Karnataka,Local,2026,4,5
2026-04-24,Maize,4,Belagavi,Non-FAQ,Soundati APMC,2000,1650,1850,Karnataka,Local,2026,4,4
2026-04-29,Maize,4,Belagavi,Local,Gokak APMC,1812,1745,1745,Karnataka,Local,2026,4,2
2026-04-29,Maize,4,Belagavi,Non-FAQ,Soundati APMC,1820,1820,1820,Karnataka,Local,2026,4,2
2026-04-30,Maize,4,Belagavi,Local,Gokak APMC,2000,1860,1860,Karnataka,Local,2026,4,3
2026-04-15,Tomato,78,Belagavi,Large,Belgaum APMC,1250,750,1100,Karnataka,Tomato,2026,4,2
2026-04-04,Maize,4,Belagavi,Local,Kudchi APMC,2000,1900,1950,Karnataka,Hybrid/Local,2026,4,5
2026-04-03,Maize,4,Belagavi,Local,Bailahongal APMC,1800,1650,1703,Karnataka,Hybrid/Local,2026,4,4
2026-04-09,Maize,4,Belagavi,Local,Sankeshwar APMC,1930,1784,1878,Karnataka,Hybrid/Local,2026,4,3
2026-04-10,Maize,4,Belagavi,Local,Sankeshwar APMC,1950,1856,1950,Karnataka,Hybrid/Local,2026,4,4
2026-04-16,Maize,4,Belagavi,Local,Bailahongal APMC,1850,1680,1752,Karnataka,Hybrid/Local,2026,4,3
2026-04-15,Maize,4,Belagavi,Local,Sankeshwar APMC,2000,2000,2000,Karnataka,Hybrid/Local,2026,4,2
2026-04-17,Maize,4,Belagavi,Local,Sankeshwar APMC,2000,1841,2000,Karnataka,Hybrid/Local,2026,4,4
2026-04-22,Maize,4,Belagavi,Local,Sankeshwar APMC,2000,1891,2000,Karnataka,Hybrid/Local,2026,4,2
2026-04-27,Maize,4,Belagavi,Local,Kudchi APMC,1900,1790,1800,Karnataka,Hybrid/Local,2026,4,0
2026-04-28,Maize,4,Belagavi,Local,Bailahongal APMC,1900,1650,1787,Karnataka,Hybrid/Local,2026,4,1
2026-06-06,Onion,23,Belagavi,Large,Belgaum APMC,2200,500,1800,Karnataka,Pusa-Red,2026,6,5
2026-06-10,Onion,23,Belagavi,Large,Belgaum APMC,2200,500,1800,Karnataka,Pusa-Red,2026,6,2
2026-06-23,Onion,23,Belagavi,Large,Belgaum APMC,2500,500,2200,Karnataka,Pusa-Red,2026,6,1
2026-06-24,Onion,23,Belagavi,Large,Belgaum APMC,2700,1000,2400,Karnataka,Pusa-Red,2026,6,2
2026-06-01,Potato,24,Belagavi,Large,Belgaum APMC,1600,500,1300,Karnataka,Local,2026,6,0
2026-06-10,Potato,24,Belagavi,Large,Belgaum APMC,1700,1000,1400,Karnataka,Local,2026,6,2
2026-06-12,Potato,24,Belagavi,Large,Belgaum APMC,1700,1000,1400,Karnataka,Local,2026,6,4
2026-06-25,Potato,24,Belagavi,Large,Belgaum APMC,1700,1000,1500,Karnataka,Local,2026,6,3
2026-06-30,Rice,3,Belagavi,Local,Gokak APMC,7600,6200,6200,Karnataka,Sona,2026,6,1
2026-06-14,Maize,4,Belagavi,FAQ,Ramdurga APMC,2190,2150,2170,Karnataka,Local,2026,6,6
2026-06-16,Maize,4,Belagavi,Non-FAQ,Nippani APMC,2000,2000,2000,Karnataka,Local,2026,6,1
2026-06-16,Maize,4,Belagavi,Local,Gokak APMC,2250,2250,2250,Karnataka,Local,2026,6,1
2026-06-24,Maize,4,Belagavi,FAQ,Ramdurga APMC,2225,2159,2175,Karnataka,Local,2026,6,2
2026-06-22,Rice,3,Belagavi,Small,Soundati APMC,2550,2550,2550,Karnataka,Other,2026,6,0
2026-06-24,Rice,3,Belagavi,Small,Soundati APMC,2550,2550,2550,Karnataka,Other,2026,6,2
2026-06-05,Maize,4,Belagavi,Local,Kudchi APMC,2000,1900,1950,Karnataka,Hybrid/Local,2026,6,4
2026-06-08,Maize,4,Belagavi,Local,Kudchi APMC,2200,2100,2180,Karnataka,Hybrid/Local,2026,6,0
2026-06-09,Maize,4,Belagavi,Local,Bailahongal APMC,2200,1900,2127,Karnataka,Hybrid/Local,2026,6,1
2026-06-10,Maize,4,Belagavi,Local,Sankeshwar APMC,2300,2250,2300,Karnataka,Hybrid/Local,2026,6,2
2026-06-18,Maize,4,Belagavi,Local,Kudchi APMC,2260,2080,2180,Karnataka,Hybrid/Local,2026,6,3
2026-06-24,Maize,4,Belagavi,Local,Sankeshwar APMC,2400,2346,2380,Karnataka,Hybrid/Local,2026,6,2
2026-06-13,Maize,4,Belagavi,Local,Gokak APMC,2250,2250,2250,Karnataka,Local,2026,6,5
2026-06-17,Maize,4,Belagavi,Local,Gokak APMC,2250,2250,2250,Karnataka,Local,2026,6,2
2026-06-27,Maize,4,Belagavi,Non-FAQ,Soundati APMC,2550,2100,2300,Karnataka,Local,2026,6,5
2026-07-06,Onion,23,Belagavi,Large,Belgaum APMC,2800,1000,2400,Karnataka,Pusa-Red,2026,7,0
2026-07-07,Onion,23,Belagavi,Large,Belgaum APMC,2800,1000,2400,Karnataka,Pusa-Red,2026,7,1
2026-07-10,Onion,23,Belagavi,Large,Belgaum APMC,3000,1000,2400,Karnataka,Pusa-Red,2026,7,4
2026-07-18,Onion,23,Belagavi,Large,Belgaum APMC,3000,1000,2500,Karnataka,Pusa-Red,2026,7,5
2026-07-28,Onion,23,Belagavi,Large,Belgaum APMC,3000,1000,2500,Karnataka,Pusa-Red,2026,7,1
2026-08-01,Onion,23,Belagavi,Large,Belgaum APMC,3000,2000,2800,Karnataka,Pusa-Red,2026,8,5
2026-08-08,Onion,23,Belagavi,Large,Belgaum APMC,3200,1000,2700,Karnataka,Pusa-Red,2026,8,5
2026-07-01,Potato,24,Belagavi,Large,Belgaum APMC,1700,1000,1400,Karnataka,Local,2026,7,2
2026-07-14,Potato,24,Belagavi,Large,Belgaum APMC,1800,1000,1300,Karnataka,Local,2026,7,1
2026-07-17,Potato,24,Belagavi,Large,Belgaum APMC,1700,1000,1200,Karnataka,Local,2026,7,4
2026-07-30,Potato,24,Belagavi,Large,Belgaum APMC,1600,1000,1200,Karnataka,Local,2026,7,3
2026-08-01,Potato,24,Belagavi,Large,Belgaum APMC,1700,1000,1300,Karnataka,Local,2026,8,5
2026-07-31,Maize,4,Belagavi,Non-FAQ,Nippani APMC,2320,2310,2320,Karnataka,Local,2026,7,4
2026-07-03,Maize,4,Belagavi,Non-FAQ,Soundati APMC,2500,2500,2500,Karnataka,Local,2026,7,4
2026-07-03,Maize,4,Belagavi,Local,Sankeshwar APMC,2600,2600,2600,Karnataka,Hybrid/Local,2026,7,4
2026-07-13,Maize,4,Belagavi,Local,Bailahongal APMC,2500,2000,2430,Karnataka,Hybrid/Local,2026,7,0
2026-07-14,Maize,4,Belagavi,Local,Sankeshwar APMC,2100,2000,2100,Karnataka,Hybrid/Local,2026,7,1
2026-07-22,Maize,4,Belagavi,Local,Sankeshwar APMC,2100,2100,2100,Karnataka,Hybrid/Local,2026,7,2
2026-07-27,Maize,4,Belagavi,Local,Bailahongal APMC,2300,2000,2200,Karnataka,Hybrid/Local,2026,7,0
2026-07-28,Maize,4,Belagavi,Local,Bailahongal APMC,2450,2150,2377,Karnataka,Hybrid/Local,2026,7,1
2026-07-01,Rice,3,Belagavi,Small,Soundati APMC,2570,2570,2570,Karnataka,Other,2026,7,2
2026-07-11,Maize,4,Belagavi,FAQ,Ramdurga APMC,2400,2150,2300,Karnataka,Local,2026,7,5
2026-07-12,Maize,4,Belagavi,FAQ,Ramdurga APMC,2200,2200,2200,Karnataka,Local,2026,7,6
2026-07-15,Maize,4,Belagavi,FAQ,Ramdurga APMC,2150,2150,2150,Karnataka,Local,2026,7,2
2026-07-23,Maize,4,Belagavi,Local,Gokak APMC,2350,2350,2350,Karnataka,Local,2026,7,3
2026-07-06,Rice,3,Belagavi,Small,Soundati APMC,2590,2590,2590,Karnataka,Other,2026,7,0
2026-07-13,Rice,3,Belagavi,Small,Soundati APMC,2625,2625,2625,Karnataka,Other,2026,7,0
2026-07-31,Maize,4,Belagavi,FAQ,Ramdurga APMC,2000,1950,1980,Karnataka,Local,2026,7,4
2026-07-24,Rice,3,Belagavi,Small,Soundati APMC,2770,2770,2770,Karnataka,Other,2026,7,4
2026-07-26,Rice,3,Belagavi,Small,Soundati APMC,2770,2770,2770,Karnataka,Other,2026,7,6
2026-08-05,Rice,3,Belagavi,Small,Soundati APMC,2725,2725,2725,Karnataka,Other,2026,8,2
2026-04-11,Potato,24,Belagavi,Large,Belgaum APMC,1300,500,1000,Karnataka,Local,2026,4,5
2026-04-08,Onion,23,Belagavi,Large,Belgaum APMC,1500,500,1200,Karnataka,Pusa-Red,2026,4,2
2026-04-16,Onion,23,Belagavi,Large,Belgaum APMC,1500,500,1300,Karnataka,Pusa-Red,2026,4,3
2026-04-13,Onion,23,Belagavi,Large,Belgaum APMC,1600,500,1400,Karnataka,Pusa-Red,2026,4,0
2026-04-15,Onion,23,Belagavi,Large,Belgaum APMC,1500,500,1300,Karnataka,Pusa-Red,2026,4,2
2026-04-23,Onion,23,Belagavi,Large,Belgaum APMC,1500,500,1200,Karnataka,Pusa-Red,2026,4,3
2026-04-24,Onion,23,Belagavi,Large,Belgaum APMC,1500,500,1200,Karnataka,Pusa-Red,2026,4,4
2026-04-08,Potato,24,Belagavi,Large,Belgaum APMC,1200,500,1000,Karnataka,Local,2026,4,2
2026-04-15,Potato,24,Belagavi,Large,Belgaum APMC,1300,500,1000,Karnataka,Local,2026,4,2
2026-04-11,Tomato,78,Belagavi,Large,Belgaum APMC,1200,800,1000,Karnataka,Tomato,2026,4,5
2026-04-17,Tomato,78,Belagavi,Large,Belgaum APMC,1500,1200,1350,Karnataka,Tomato,2026,4,4
2026-04-11,Maize,4,Belagavi,Local,Gokak APMC,2040,2040,2040,Karnataka,Local,2026,4,5
2026-04-11,Maize,4,Belagavi,Non-FAQ,Soundati APMC,1700,1700,1700,Karnataka,Local,2026,4,5
2026-04-16,Maize,4,Belagavi,Non-FAQ,Soundati APMC,1800,1800,1800,Karnataka,Local,2026,4,3
2026-04-15,Maize,4,Belagavi,Non-FAQ,Soundati APMC,1650,1650,1650,Karnataka,Local,2026,4,2
2026-04-17,Maize,4,Belagavi,Local,Gokak APMC,1860,1730,1730,Karnataka,Local,2026,4,4
2026-04-18,Maize,4,Belagavi,Local,Gokak APMC,1860,1860,1860,Karnataka,Local,2026,4,5
2026-04-22,Maize,4,Belagavi,FAQ,Ramdurga APMC,1869,1853,1865,Karnataka,Local,2026,4,2
2026-04-22,Maize,4,Belagavi,Local,Gokak APMC,2040,1900,1900,Karnataka,Local,2026,4,2
2026-04-23,Maize,4,Belagavi,Local,Gokak APMC,1900,1735,1735,Karnataka,Local,2026,4,3
2026-04-30,Maize,4,Belagavi,Non-FAQ,Soundati APMC,1900,1900,1900,Karnataka,Local,2026,4,3
2026-04-06,Maize,4,Belagavi,Local,Kudchi APMC,1850,1760,1800,Karnataka,Hybrid/Local,2026,4,0
2026-04-13,Maize,4,Belagavi,Local,Bailahongal APMC,1880,1650,1765,Karnataka,Hybrid/Local,2026,4,0
2026-04-17,Maize,4,Belagavi,Local,Bailahongal APMC,1850,1620,1779,Karnataka,Hybrid/Local,2026,4,4
2026-04-20,Maize,4,Belagavi,Local,Bailahongal APMC,1850,1700,1750,Karnataka,Hybrid/Local,2026,4,0
2026-04-24,Maize,4,Belagavi,Local,Sankeshwar APMC,1970,1796,1970,Karnataka,Hybrid/Local,2026,4,4
2026-04-27,Maize,4,Belagavi,Local,Sankeshwar APMC,1970,1823,1970,Karnataka,Hybrid/Local,2026,4,0
2026-04-29,Maize,4,Belagavi,Local,Sankeshwar APMC,1950,1875,1950,Karnataka,Hybrid/Local,2026,4,2
2026-04-05,Maize,4,Belagavi,Local,Gokak APMC,1820,1680,1680,Karnataka,Local,2026,4,6
2026-04-11,Maize,4,Belagavi,FAQ,Ramdurga APMC,1779,1769,1779,Karnataka,Local,2026,4,5
2026-04-23,Rice,3,Belagavi,Small,Soundati APMC,2450,2450,2450,Karnataka,Other,2026,4,3
2026-04-03,Rice,3,Belagavi,Local,Bailahongal APMC,2200,1900,2000,Karnataka,Coarse,2026,4,4
2026-05-01,Maize,4,Belagavi,Local,Sankeshwar APMC,2000,1875,2000,Karnataka,Hybrid/Local,2026,5,4
2026-05-04,Maize,4,Belagavi,Local,Sankeshwar APMC,2030,1793,1865,Karnataka,Hybrid/Local,2026,5,0
2026-05-26,Maize,4,Belagavi,Local,Gokak APMC,2100,2100,2100,Karnataka,Local,2026,5,1
2026-05-06,Potato,24,Belagavi,Large,Belgaum APMC,1200,500,1000,Karnataka,Local,2026,5,2
2026-05-18,Potato,24,Belagavi,Large,Belgaum APMC,1500,500,1200,Karnataka,Local,2026,5,0
2026-05-26,Potato,24,Belagavi,Large,Belgaum APMC,1500,500,1200,Karnataka,Local,2026,5,1
2026-05-20,Maize,4,Belagavi,Non-FAQ,Soundati APMC,1900,1850,1900,Karnataka,Local,2026,5,2
2026-05-23,Maize,4,Belagavi,FAQ,Ramdurga APMC,2061,2041,2051,Karnataka,Local,2026,5,5
2026-05-28,Maize,4,Belagavi,FAQ,Ramdurga APMC,2000,1800,1900,Karnataka,Local,2026,5,3
2026-05-04,Maize,4,Belagavi,Local,Bailahongal APMC,1950,1680,1844,Karnataka,Hybrid/Local,2026,5,0
2026-05-04,Maize,4,Belagavi,Local,Kudchi APMC,1850,1790,1800,Karnataka,Hybrid/Local,2026,5,0
2026-05-07,Maize,4,Belagavi,Local,Sankeshwar APMC,2000,1867,1976,Karnataka,Hybrid/Local,2026,5,3
2026-05-11,Maize,4,Belagavi,Local,Athani APMC,2000,2000,2000,Karnataka,Hybrid/Local,2026,5,0
2026-05-16,Maize,4,Belagavi,Local,Kudchi APMC,2090,2000,2070,Karnataka,Hybrid/Local,2026,5,5
2026-05-16,Maize,4,Belagavi,Local,Sankeshwar APMC,2010,1881,1950,Karnataka,Hybrid/Local,2026,5,5
2026-05-19,Maize,4,Belagavi,Local,Athani APMC,2000,2000,2000,Karnataka,Hybrid/Local,2026,5,1
2026-05-02,Maize,4,Belagavi,Local,Gokak APMC,2000,1770,1770,Karnataka,Local,2026,5,5
2026-05-20,Rice,3,Belagavi,Small,Soundati APMC,2450,2450,2450,Karnataka,Other,2026,5,2
2026-05-25,Rice,3,Belagavi,Local,Gokak APMC,5580,3950,5425,Karnataka,Sona Mansoori Non Basmati,2026,5,0
2026-05-26,Maize,4,Belagavi,Local,Sankeshwar APMC,2120,2120,2120,Karnataka,Hybrid/Local,2026,5,1
2026-05-30,Maize,4,Belagavi,Local,Sankeshwar APMC,2190,2150,2190,Karnataka,Hybrid/Local,2026,5,5
2026-05-08,Maize,4,Belagavi,Non-FAQ,Nippani APMC,1850,1850,1850,Karnataka,Local,2026,5,4
2026-05-13,Maize,4,Belagavi,FAQ,Ramdurga APMC,1949,1949,1949,Karnataka,Local,2026,5,2
2026-05-13,Maize,4,Belagavi,Grade Range-1,Gokak APMC,2100,1970,2020,Karnataka,Local,2026,5,2
2026-05-16,Maize,4,Belagavi,FAQ,Ramdurga APMC,1949,1949,1949,Karnataka,Local,2026,5,5
2026-05-15,Maize,4,Belagavi,Non-FAQ,Nippani APMC,1950,1900,1950,Karnataka,Local,2026,5,4
2026-05-16,Maize,4,Belagavi,Non-FAQ,Nippani APMC,1900,1850,1900,Karnataka,Local,2026,5,5
2026-05-09,Rice,3,Belagavi,Small,Soundati APMC,2430,2430,2430,Karnataka,Other,2026,5,5
2026-05-01,Rice,3,Belagavi,Small,Soundati APMC,2430,2430,2430,Karnataka,Other,2026,5,4
2026-05-02,Cabbage,154,Belagavi,Large,Belgaum APMC,1000,400,800,Karnataka,Cabbage,2026,5,5
2026-06-11,Maize,4,Belagavi,FAQ,Ramdurga APMC,2400,1850,2000,Karnataka,Local,2026,6,3
2026-06-15,Maize,4,Belagavi,Non-FAQ,Soundati APMC,2150,2150,2150,Karnataka,Local,2026,6,0
2026-06-03,Maize,4,Belagavi,Local,Gokak APMC,2160,2160,2160,Karnataka,Local,2026,6,2
2026-06-05,Maize,4,Belagavi,Local,Gokak APMC,2300,2005,2005,Karnataka,Local,2026,6,4
2026-06-17,Maize,4,Belagavi,FAQ,Ramdurga APMC,2200,2180,2190,Karnataka,Local,2026,6,2
2026-06-29,Rice,3,Belagavi,Local,Sankeshwar APMC,2550,2540,2550,Karnataka,Other,2026,6,0
2026-06-16,Rice,3,Belagavi,Local,Gokak APMC,5865,5865,5865,Karnataka,Sona,2026,6,1
2026-06-06,Rice,3,Belagavi,Local,Gokak APMC,5815,5500,5500,Karnataka,Sona Mansoori Non Basmati,2026,6,5
2026-06-01,Maize,4,Belagavi,Local,Kudchi APMC,2200,2100,2180,Karnataka,Hybrid/Local,2026,6,0
2026-06-03,Maize,4,Belagavi,Local,Kudchi APMC,2200,2100,2180,Karnataka,Hybrid/Local,2026,6,2
2026-06-02,Maize,4,Belagavi,Local,Sankeshwar APMC,2250,2157,2250,Karnataka,Hybrid/Local,2026,6,1
2026-06-03,Maize,4,Belagavi,Local,Sankeshwar APMC,2250,2042,2250,Karnataka,Hybrid/Local,2026,6,2
2026-06-10,Maize,4,Belagavi,Local,Kudchi APMC,2200,2100,2180,Karnataka,Hybrid/Local,2026,6,2
2026-06-17,Maize,4,Belagavi,Local,Kudchi APMC,2250,2090,2180,Karnataka,Hybrid/Local,2026,6,2
2026-06-25,Maize,4,Belagavi,Local,Kudchi APMC,2100,1950,2000,Karnataka,Hybrid/Local,2026,6,3
2026-06-29,Maize,4,Belagavi,Local,Athani APMC,2000,2000,2000,Karnataka,Hybrid/Local,2026,6,0
2026-06-16,Rice,3,Belagavi,Small,Soundati APMC,2500,2500,2500,Karnataka,Other,2026,6,1
2026-06-23,Maize,4,Belagavi,Local,Sankeshwar APMC,2207,2207,2207,Karnataka,Hybrid/Local,2026,6,1
2026-06-30,Maize,4,Belagavi,Local,Kudchi APMC,2000,1900,1950,Karnataka,Hybrid/Local,2026,6,1
2026-06-12,Maize,4,Belagavi,Local,Gokak APMC,2250,2250,2250,Karnataka,Local,2026,6,4
2026-06-02,Onion,23,Belagavi,Large,Belgaum APMC,2000,500,1700,Karnataka,Pusa-Red,2026,6,1
2026-06-03,Onion,23,Belagavi,Large,Belgaum APMC,2500,500,2000,Karnataka,Pusa-Red,2026,6,2
2026-06-12,Onion,23,Belagavi,Large,Belgaum APMC,2200,500,1800,Karnataka,Pusa-Red,2026,6,4
2026-06-17,Onion,23,Belagavi,Large,Belgaum APMC,2600,1000,2200,Karnataka,Pusa-Red,2026,6,2
2026-06-20,Onion,23,Belagavi,Large,Belgaum APMC,2500,500,2200,Karnataka,Pusa-Red,2026,6,5
2026-06-03,Potato,24,Belagavi,Large,Belgaum APMC,1700,500,1500,Karnataka,Local,2026,6,2
2026-06-05,Potato,24,Belagavi,Large,Belgaum APMC,1700,500,1500,Karnataka,Local,2026,6,4
2026-06-06,Potato,24,Belagavi,Large,Belgaum APMC,1700,500,1500,Karnataka,Local,2026,6,5
2026-06-15,Potato,24,Belagavi,Large,Belgaum APMC,1700,1000,1400,Karnataka,Local,2026,6,0
2026-06-20,Potato,24,Belagavi,Large,Belgaum APMC,1700,800,1400,Karnataka,Local,2026,6,5
2026-07-07,Potato,24,Belagavi,Large,Belgaum APMC,1800,1000,1500,Karnataka,Local,2026,7,1
2026-07-20,Potato,24,Belagavi,Large,Belgaum APMC,1800,1000,1300,Karnataka,Local,2026,7,0
2026-07-22,Potato,24,Belagavi,Large,Belgaum APMC,1800,1000,1300,Karnataka,Local,2026,7,2
2026-07-23,Potato,24,Belagavi,Large,Belgaum APMC,1800,1000,1300,Karnataka,Local,2026,7,3
2026-07-31,Potato,24,Belagavi,Large,Belgaum APMC,1600,1000,1200,Karnataka,Local,2026,7,4
2026-08-07,Potato,24,Belagavi,Large,Belgaum APMC,1700,1000,1300,Karnataka,Local,2026,8,4
2026-07-13,Maize,4,Belagavi,Local,Sankeshwar APMC,2580,2000,2500,Karnataka,Hybrid/Local,2026,7,0
2026-07-01,Maize,4,Belagavi,Local,Kudchi APMC,2295,2000,2280,Karnataka,Hybrid/Local,2026,7,2
2026-07-18,Maize,4,Belagavi,Local,Bailahongal APMC,2300,2100,2227,Karnataka,Hybrid/Local,2026,7,5
2026-07-24,Maize,4,Belagavi,Local,Bailahongal APMC,2300,2000,2200,Karnataka,Hybrid/Local,2026,7,4
2026-07-03,Maize,4,Belagavi,FAQ,Ramdurga APMC,2210,2210,2210,Karnataka,Local,2026,7,4
2026-07-04,Maize,4,Belagavi,FAQ,Ramdurga APMC,2200,2100,2150,Karnataka,Local,2026,7,5
2026-07-17,Rice,3,Belagavi,Medium,Nippani APMC,2320,2320,2320,Karnataka,Medium,2026,7,4
2026-07-06,Maize,4,Belagavi,Non-FAQ,Soundati APMC,2500,2500,2500,Karnataka,Local,2026,7,0
2026-07-07,Maize,4,Belagavi,Non-FAQ,Soundati APMC,2400,2400,2400,Karnataka,Local,2026,7,1
2026-07-08,Maize,4,Belagavi,Non-FAQ,Soundati APMC,2300,2300,2300,Karnataka,Local,2026,7,2
2026-07-10,Maize,4,Belagavi,Non-FAQ,Soundati APMC,2625,2625,2625,Karnataka,Local,2026,7,4
2026-07-03,Onion,23,Belagavi,Large,Belgaum APMC,2800,1000,2400,Karnataka,Pusa-Red,2026,7,4
2026-07-11,Onion,23,Belagavi,Large,Belgaum APMC,3000,1000,2400,Karnataka,Pusa-Red,2026,7,5
2026-07-15,Onion,23,Belagavi,Large,Belgaum APMC,2800,1000,2400,Karnataka,Pusa-Red,2026,7,2
2026-07-29,Onion,23,Belagavi,Large,Belgaum APMC,3000,1000,2500,Karnataka,Pusa-Red,2026,7,2
2026-07-20,Maize,4,Belagavi,FAQ,Ramdurga APMC,2350,2350,2350,Karnataka,Local,2026,7,0
2026-07-17,Maize,4,Belagavi,Local,Gokak APMC,2512,2512,2512,Karnataka,Local,2026,7,4
2026-07-24,Maize,4,Belagavi,FAQ,Ramdurga APMC,1950,1950,1950,Karnataka,Local,2026,7,4
2026-08-01,Maize,4,Belagavi,FAQ,Ramdurga APMC,2000,2000,2000,Karnataka,Local,2026,8,5
2026-08-06,Maize,4,Belagavi,Non-FAQ,Soundati APMC,2550,2550,2550,Karnataka,Local,2026,8,3
2026-07-29,Rice,3,Belagavi,Small,Soundati APMC,2700,2700,2700,Karnataka,Other,2026,7,2
2026-08-03,Rice,3,Belagavi,Small,Soundati APMC,2700,2700,2700,Karnataka,Other,2026,8,0
2026-08-05,Rice,3,Belagavi,Local,Gokak APMC,5000,3835,3835,Karnataka,Sona Mansoori Non Basmati,2026,8,2
2026-07-06,Maize,4,Belagavi,FAQ,Ramdurga APMC,2450,2100,2250,Karnataka,Local,2026,7,0
2026-07-11,Maize,4,Belagavi,Non-FAQ,Soundati APMC,2300,2300,2300,Karnataka,Local,2026,7,5
2026-04-06,Potato,24,Belagavi,Large,Belgaum APMC,1600,600,1400,Karnataka,Local,2026,4,0
2026-04-10,Onion,23,Belagavi,Large,Belgaum APMC,1500,500,1200,Karnataka,Pusa-Red,2026,4,4
2026-04-11,Onion,23,Belagavi,Large,Belgaum APMC,1600,500,1400,Karnataka,Pusa-Red,2026,4,5
2026-04-06,Maize,4,Belagavi,Local,Sankeshwar APMC,1900,1766,1850,Karnataka,Hybrid/Local,2026,4,0
2026-04-08,Maize,4,Belagavi,Local,Sankeshwar APMC,1930,1773,1869,Karnataka,Hybrid/Local,2026,4,2
2026-04-16,Maize,4,Belagavi,Local,Sankeshwar APMC,2010,1798,1800,Karnataka,Hybrid/Local,2026,4,3
2026-04-18,Maize,4,Belagavi,Local,Sankeshwar APMC,2000,1867,2000,Karnataka,Hybrid/Local,2026,4,5
2026-04-21,Maize,4,Belagavi,Local,Sankeshwar APMC,2000,1805,1915,Karnataka,Hybrid/Local,2026,4,1
2026-04-23,Maize,4,Belagavi,Local,Sankeshwar APMC,1823,1773,1823,Karnataka,Hybrid/Local,2026,4,3
2026-04-30,Maize,4,Belagavi,Local,Bailahongal APMC,1600,1340,1404,Karnataka,Hybrid/Local,2026,4,3
2026-04-28,Maize,4,Belagavi,Local,Sankeshwar APMC,1970,1893,1970,Karnataka,Hybrid/Local,2026,4,1
2026-04-30,Maize,4,Belagavi,Local,Sankeshwar APMC,1970,1950,1970,Karnataka,Hybrid/Local,2026,4,3
2026-04-01,Maize,4,Belagavi,Non-FAQ,Soundati APMC,1800,1800,1800,Karnataka,Local,2026,4,2
2026-04-01,Maize,4,Belagavi,Local,Gokak APMC,1840,1550,1550,Karnataka,Local,2026,4,2
2026-04-02,Maize,4,Belagavi,Local,Gokak APMC,1840,1810,1810,Karnataka,Local,2026,4,3
2026-04-03,Maize,4,Belagavi,Local,Gokak APMC,1810,1810,1810,Karnataka,Local,2026,4,4
2026-04-04,Maize,4,Belagavi,Non-FAQ,Soundati APMC,1800,1800,1800,Karnataka,Local,2026,4,5
2026-04-08,Maize,4,Belagavi,FAQ,Ramdurga APMC,1629,1629,1629,Karnataka,Local,2026,4,2
2026-04-08,Maize,4,Belagavi,Non-FAQ,Soundati APMC,1850,1800,1800,Karnataka,Local,2026,4,2
2026-04-10,Maize,4,Belagavi,Local,Gokak APMC,2040,1880,1880,Karnataka,Local,2026,4,4
2026-04-13,Maize,4,Belagavi,Local,Gokak APMC,2040,2040,2040,Karnataka,Local,2026,4,0
2026-04-14,Maize,4,Belagavi,Local,Gokak APMC,2040,1730,1870,Karnataka,Local,2026,4,1
2026-04-13,Maize,4,Belagavi,Non-FAQ,Soundati APMC,1830,1830,1830,Karnataka,Local,2026,4,0
2026-04-16,Maize,4,Belagavi,Local,Gokak APMC,2040,1880,1880,Karnataka,Local,2026,4,3
2026-04-25,Maize,4,Belagavi,FAQ,Ramdurga APMC,1869,1869,1869,Karnataka,Local,2026,4,5
2026-04-28,Maize,4,Belagavi,Local,Gokak APMC,2000,1770,1770,Karnataka,Local,2026,4,1
2026-04-27,Maize,4,Belagavi,Local,Gokak APMC,2000,1755,1900,Karnataka,Local,2026,4,0
2026-04-29,Maize,4,Belagavi,FAQ,Ramdurga APMC,1839,1839,1839,Karnataka,Local,2026,4,2
2026-04-04,Rice,3,Belagavi,Local,Sankeshwar APMC,2350,2350,2350,Karnataka,Other,2026,4,5
2026-04-09,Rice,3,Belagavi,Local,Sankeshwar APMC,2400,2400,2400,Karnataka,Other,2026,4,3
2026-04-28,Rice,3,Belagavi,Small,Soundati APMC,2450,2450,2450,Karnataka,Other,2026,4,1
2026-04-30,Rice,3,Belagavi,Small,Soundati APMC,2450,2450,2450,Karnataka,Other,2026,4,3
2026-04-16,Rice,3,Belagavi,Local,Gokak APMC,5690,5400,5600,Karnataka,Sona Mansoori Non Basmati,2026,4,3
2026-04-02,Potato,24,Belagavi,Large,Belgaum APMC,1500,1000,1200,Karnataka,Local,2026,4,3
2026-04-04,Potato,24,Belagavi,Large,Belgaum APMC,1600,600,1400,Karnataka,Local,2026,4,5
2026-04-10,Potato,24,Belagavi,Large,Belgaum APMC,1200,500,1000,Karnataka,Local,2026,4,4
2026-04-17,Potato,24,Belagavi,Large,Belgaum APMC,1300,500,1000,Karnataka,Local,2026,4,4
2026-04-04,Onion,23,Belagavi,Large,Belgaum APMC,1500,500,1200,Karnataka,Pusa-Red,2026,4,5
2026-04-06,Cabbage,154,Belagavi,Large,Belgaum APMC,1800,1400,1500,Karnataka,Cabbage,2026,4,0
2026-04-23,Cabbage,154,Belagavi,Large,Belgaum APMC,400,300,380,Karnataka,Cabbage,2026,4,3
2026-05-27,Maize,4,Belagavi,FAQ,Ramdurga APMC,2105,2059,2074,Karnataka,Local,2026,5,2
2026-05-31,Maize,4,Belagavi,FAQ,Ramdurga APMC,2000,1800,1990,Karnataka,Local,2026,5,6
2026-05-29,Maize,4,Belagavi,Local,Gokak APMC,2200,1980,1980,Karnataka,Local,2026,5,4
2026-05-06,Rice,3,Belagavi,Small,Soundati APMC,2430,2430,2430,Karnataka,Other,2026,5,2
2026-05-14,Rice,3,Belagavi,Small,Soundati APMC,2400,2400,2400,Karnataka,Other,2026,5,3
2026-05-26,Rice,3,Belagavi,Local,Sankeshwar APMC,2400,2380,2400,Karnataka,Other,2026,5,1
2026-05-25,Rice,3,Belagavi,Small,Nippani APMC,2320,2320,2320,Karnataka,Other,2026,5,0
2026-05-31,Rice,3,Belagavi,Small,Soundati APMC,2430,2430,2430,Karnataka,Other,2026,5,6
2026-05-17,Maize,4,Belagavi,Local,Gokak APMC,2020,2000,2000,Karnataka,Local,2026,5,6
2026-05-19,Maize,4,Belagavi,Local,Gokak APMC,2120,1870,1870,Karnataka,Local,2026,5,1
2026-05-21,Maize,4,Belagavi,FAQ,Gokak APMC,2200,1870,2000,Karnataka,Local,2026,5,3
2026-05-22,Maize,4,Belagavi,FAQ,Ramdurga APMC,1900,1650,1800,Karnataka,Local,2026,5,4
2026-05-07,Onion,23,Belagavi,Large,Belgaum APMC,1500,500,1200,Karnataka,Pusa-Red,2026,5,3
2026-05-14,Onion,23,Belagavi,Large,Belgaum APMC,1600,500,1300,Karnataka,Pusa-Red,2026,5,3
2026-05-23,Onion,23,Belagavi,Large,Belgaum APMC,1800,500,1300,Karnataka,Pusa-Red,2026,5,5
2026-05-08,Potato,24,Belagavi,Large,Belgaum APMC,1200,500,1000,Karnataka,Local,2026,5,4
2026-05-14,Potato,24,Belagavi,Large,Belgaum APMC,1500,500,1200,Karnataka,Local,2026,5,3
2026-05-20,Potato,24,Belagavi,Large,Belgaum APMC,1500,500,1200,Karnataka,Local,2026,5,2
2026-05-02,Maize,4,Belagavi,Local,Sankeshwar APMC,2000,1822,1950,Karnataka,Hybrid/Local,2026,5,5
2026-05-08,Maize,4,Belagavi,Local,Bailahongal APMC,2050,1750,1968,Karnataka,Hybrid/Local,2026,5,4
2026-05-06,Maize,4,Belagavi,Local,Bailahongal APMC,2000,1750,1924,Karnataka,Hybrid/Local,2026,5,2
2026-05-06,Maize,4,Belagavi,Local,Sankeshwar APMC,2050,1932,1969,Karnataka,Hybrid/Local,2026,5,2
2026-05-11,Maize,4,Belagavi,Local,Sankeshwar APMC,2050,1904,1954,Karnataka,Hybrid/Local,2026,5,0
2026-05-12,Maize,4,Belagavi,Local,Kudchi APMC,2090,2000,2070,Karnataka,Hybrid/Local,2026,5,1
2026-05-16,Maize,4,Belagavi,Local,Bailahongal APMC,1900,1350,1406,Karnataka,Hybrid/Local,2026,5,5
2026-05-13,Maize,4,Belagavi,Local,Sankeshwar APMC,2050,1903,2050,Karnataka,Hybrid/Local,2026,5,2
2026-05-14,Maize,4,Belagavi,Local,Sankeshwar APMC,2050,1956,2050,Karnataka,Hybrid/Local,2026,5,3
2026-05-15,Maize,4,Belagavi,Local,Athani APMC,1850,1850,1850,Karnataka,Hybrid/Local,2026,5,4
2026-05-18,Maize,4,Belagavi,Local,Sankeshwar APMC,1993,1986,1993,Karnataka,Hybrid/Local,2026,5,0
2026-05-19,Maize,4,Belagavi,Local,Sankeshwar APMC,1995,1995,1995,Karnataka,Hybrid/Local,2026,5,1
2026-05-19,Maize,4,Belagavi,Local,Kudchi APMC,2200,2050,2150,Karnataka,Hybrid/Local,2026,5,1
2026-05-26,Maize,4,Belagavi,Local,Kudchi APMC,2200,2100,2160,Karnataka,Hybrid/Local,2026,5,1
2026-05-06,Maize,4,Belagavi,Local,Gokak APMC,2020,1860,1990,Karnataka,Local,2026,5,2
2026-05-12,Maize,4,Belagavi,Local,Gokak APMC,2010,1770,1970,Karnataka,Local,2026,5,1
2026-05-11,Maize,4,Belagavi,FAQ,Ramdurga APMC,1919,1919,1919,Karnataka,Local,2026,5,0
2026-05-04,Rice,3,Belagavi,Local,Sankeshwar APMC,2480,2450,2480,Karnataka,Other,2026,5,0
2026-05-30,Maize,4,Belagavi,Local,Kudchi APMC,2200,2100,2160,Karnataka,Hybrid/Local,2026,5,5
2026-06-13,Potato,24,Belagavi,Large,Belgaum APMC,1700,1000,1400,Karnataka,Local,2026,6,5
2026-06-16,Potato,24,Belagavi,Large,Belgaum APMC,1700,1000,1400,Karnataka,Local,2026,6,1
2026-06-06,Rice,3,Belagavi,Small,Soundati APMC,2430,2430,2430,Karnataka,Other,2026,6,5
2026-06-18,Rice,3,Belagavi,Small,Soundati APMC,2525,2525,2525,Karnataka,Other,2026,6,3
2026-06-20,Rice,3,Belagavi,Local,Sankeshwar APMC,2550,2525,2550,Karnataka,Other,2026,6,5
2026-06-30,Rice,3,Belagavi,Small,Soundati APMC,2550,2550,2550,Karnataka,Other,2026,6,1
2026-06-04,Maize,4,Belagavi,Local,Kudchi APMC,2250,2200,2220,Karnataka,Hybrid/Local,2026,6,3
2026-06-06,Maize,4,Belagavi,Local,Kudchi APMC,2290,2200,2220,Karnataka,Hybrid/Local,2026,6,5
2026-06-09,Maize,4,Belagavi,Local,Kudchi APMC,2200,2100,2180,Karnataka,Hybrid/Local,2026,6,1
2026-06-16,Maize,4,Belagavi,Local,Kudchi APMC,2200,2060,2180,Karnataka,Hybrid/Local,2026,6,1
2026-06-23,Maize,4,Belagavi,Local,Kudchi APMC,2300,2160,2280,Karnataka,Hybrid/Local,2026,6,1
2026-06-19,Maize,4,Belagavi,Local,Kudchi APMC,2280,2090,2180,Karnataka,Hybrid/Local,2026,6,4
2026-06-24,Maize,4,Belagavi,Local,Kudchi APMC,2200,2100,2180,Karnataka,Hybrid/Local,2026,6,2
2026-06-26,Maize,4,Belagavi,Local,Sankeshwar APMC,2400,2380,2400,Karnataka,Hybrid/Local,2026,6,4
2026-06-29,Maize,4,Belagavi,Local,Kudchi APMC,2000,1900,1950,Karnataka,Hybrid/Local,2026,6,0
2026-06-07,Maize,4,Belagavi,FAQ,Ramdurga APMC,2200,2180,2190,Karnataka,Local,2026,6,6
2026-06-08,Maize,4,Belagavi,FAQ,Ramdurga APMC,2200,2180,2190,Karnataka,Local,2026,6,0
2026-06-10,Maize,4,Belagavi,FAQ,Ramdurga APMC,2200,2110,2170,Karnataka,Local,2026,6,2
2026-06-22,Maize,4,Belagavi,Local,Kudchi APMC,2300,2150,2280,Karnataka,Hybrid/Local,2026,6,0
2026-06-25,Maize,4,Belagavi,Local,Sankeshwar APMC,2380,2380,2380,Karnataka,Hybrid/Local,2026,6,3
2026-06-02,Maize,4,Belagavi,Local,Gokak APMC,2100,2100,2100,Karnataka,Local,2026,6,1
2026-06-11,Maize,4,Belagavi,Local,Gokak APMC,2250,2200,2200,Karnataka,Local,2026,6,3
2026-06-15,Maize,4,Belagavi,Local,Gokak APMC,2055,2055,2055,Karnataka,Local,2026,6,0
2026-06-18,Maize,4,Belagavi,Local,Gokak APMC,2230,2230,2230,Karnataka,Local,2026,6,3
2026-06-19,Maize,4,Belagavi,FAQ,Ramdurga APMC,2180,2170,2175,Karnataka,Local,2026,6,4
2026-06-24,Maize,4,Belagavi,Local,Gokak APMC,2300,2300,2300,Karnataka,Local,2026,6,2
2026-06-29,Maize,4,Belagavi,Local,Gokak APMC,2500,2500,2500,Karnataka,Local,2026,6,0
2026-06-11,Onion,23,Belagavi,Large,Belgaum APMC,2200,500,1800,Karnataka,Pusa-Red,2026,6,3
2026-06-15,Onion,23,Belagavi,Large,Belgaum APMC,2200,500,1800,Karnataka,Pusa-Red,2026,6,0
2026-06-16,Onion,23,Belagavi,Large,Belgaum APMC,2200,500,1800,Karnataka,Pusa-Red,2026,6,1
2026-06-29,Onion,23,Belagavi,Large,Belgaum APMC,3000,1000,2500,Karnataka,Pusa-Red,2026,6,0
2026-07-05,Maize,4,Belagavi,Non-FAQ,Soundati APMC,2300,2300,2300,Karnataka,Local,2026,7,6
2026-07-13,Maize,4,Belagavi,Non-FAQ,Soundati APMC,2400,2400,2400,Karnataka,Local,2026,7,0
2026-07-17,Maize,4,Belagavi,Non-FAQ,Yaragatti  APMC,1700,1700,1700,Karnataka,Local,2026,7,4
2026-07-04,Rice,3,Belagavi,Small,Soundati APMC,2570,2570,2570,Karnataka,Other,2026,7,5
2026-07-08,Rice,3,Belagavi,Small,Soundati APMC,2600,2600,2600,Karnataka,Other,2026,7,2
2026-07-15,Rice,3,Belagavi,Small,Soundati APMC,2650,2650,2650,Karnataka,Other,2026,7,2
2026-07-28,Maize,4,Belagavi,Non-FAQ,Soundati APMC,2500,2500,2500,Karnataka,Local,2026,7,1
2026-07-02,Potato,24,Belagavi,Large,Belgaum APMC,1700,1000,1400,Karnataka,Local,2026,7,3
2026-07-04,Potato,24,Belagavi,Large,Belgaum APMC,1800,1000,1500,Karnataka,Local,2026,7,5
2026-07-08,Potato,24,Belagavi,Large,Belgaum APMC,1700,1000,1200,Karnataka,Local,2026,7,2
2026-07-10,Potato,24,Belagavi,Large,Belgaum APMC,1700,1000,1200,Karnataka,Local,2026,7,4
2026-07-18,Potato,24,Belagavi,Large,Belgaum APMC,1800,1000,1300,Karnataka,Local,2026,7,5
2026-08-06,Potato,24,Belagavi,Large,Belgaum APMC,1700,1000,1300,Karnataka,Local,2026,8,3
2026-07-02,Onion,23,Belagavi,Large,Belgaum APMC,2800,1000,2400,Karnataka,Pusa-Red,2026,7,3
2026-07-08,Onion,23,Belagavi,Large,Belgaum APMC,3000,1000,2400,Karnataka,Pusa-Red,2026,7,2
2026-07-14,Onion,23,Belagavi,Large,Belgaum APMC,3000,1000,2400,Karnataka,Pusa-Red,2026,7,1
2026-07-31,Onion,23,Belagavi,Large,Belgaum APMC,3000,1000,2500,Karnataka,Pusa-Red,2026,7,4
2026-08-06,Onion,23,Belagavi,Large,Belgaum APMC,3200,1000,2700,Karnataka,Pusa-Red,2026,8,3
2026-08-04,Onion,23,Belagavi,Large,Belgaum APMC,3000,2000,2800,Karnataka,Pusa-Red,2026,8,1
2026-08-04,Onion,23,Belagavi,Local,Gokak APMC,1800,1800,1800,Karnataka,Onion,2026,8,1
2026-07-04,Maize,4,Belagavi,Local,Sankeshwar APMC,2600,2600,2600,Karnataka,Hybrid/Local,2026,7,5
2026-07-17,Maize,4,Belagavi,Local,Kudchi APMC,2680,2600,2620,Karnataka,Hybrid/Local,2026,7,4
2026-07-22,Maize,4,Belagavi,Local,Bailahongal APMC,2200,1900,2000,Karnataka,Hybrid/Local,2026,7,2
2026-07-25,Maize,4,Belagavi,FAQ,Ramdurga APMC,2150,2150,2150,Karnataka,Local,2026,7,5
2026-08-05,Maize,4,Belagavi,FAQ,Ramdurga APMC,2339,2339,2339,Karnataka,Local,2026,8,2
2026-08-05,Maize,4,Belagavi,Non-FAQ,Soundati APMC,2500,2500,2500,Karnataka,Local,2026,8,2
2026-08-07,Maize,4,Belagavi,FAQ,Ramdurga APMC,2000,2000,2000,Karnataka,Local,2026,8,4
2026-08-09,Maize,4,Belagavi,FAQ,Ramdurga APMC,2300,2300,2300,Karnataka,Local,2026,8,6
2026-07-08,Rice,3,Belagavi,Local,Gokak APMC,6390,6370,6370,Karnataka,Sona,2026,7,2
2026-04-13,Potato,24,Belagavi,Large,Belgaum APMC,1300,500,1000,Karnataka,Local,2026,4,0
2026-04-01,Onion,23,Belagavi,Large,Belgaum APMC,1400,500,1000,Karnataka,Pusa-Red,2026,4,2
2026-04-06,Onion,23,Belagavi,Large,Belgaum APMC,1500,500,1200,Karnataka,Pusa-Red,2026,4,0
2026-04-07,Onion,23,Belagavi,Large,Belgaum APMC,1500,500,1200,Karnataka,Pusa-Red,2026,4,1
2026-04-22,Onion,23,Belagavi,Large,Belgaum APMC,1500,500,1200,Karnataka,Pusa-Red,2026,4,2
2026-04-05,Maize,4,Belagavi,Non-FAQ,Soundati APMC,1850,1850,1850,Karnataka,Local,2026,4,6
2026-04-06,Maize,4,Belagavi,Local,Gokak APMC,1820,1660,1700,Karnataka,Local,2026,4,0
2026-04-07,Maize,4,Belagavi,Local,Gokak APMC,2000,1700,1920,Karnataka,Local,2026,4,1
2026-04-08,Maize,4,Belagavi,Local,Gokak APMC,2040,1700,1850,Karnataka,Local,2026,4,2
2026-04-18,Maize,4,Belagavi,FAQ,Ramdurga APMC,1859,1809,1829,Karnataka,Local,2026,4,5
2026-04-15,Maize,4,Belagavi,FAQ,Ramdurga APMC,1819,1801,1818,Karnataka,Local,2026,4,2
2026-04-19,Maize,4,Belagavi,FAQ,Ramdurga APMC,1700,1700,1700,Karnataka,Local,2026,4,6
2026-04-01,Maize,4,Belagavi,Local,Bailahongal APMC,1750,1580,1679,Karnataka,Hybrid/Local,2026,4,2
2026-04-02,Maize,4,Belagavi,Local,Kudchi APMC,1850,1800,1830,Karnataka,Hybrid/Local,2026,4,3
2026-04-03,Maize,4,Belagavi,Local,Sankeshwar APMC,1850,1840,1850,Karnataka,Hybrid/Local,2026,4,4
2026-04-04,Maize,4,Belagavi,Local,Sankeshwar APMC,1880,1850,1880,Karnataka,Hybrid/Local,2026,4,5
2026-04-04,Maize,4,Belagavi,Local,Bailahongal APMC,1850,1680,1747,Karnataka,Hybrid/Local,2026,4,5
2026-04-06,Maize,4,Belagavi,Local,Bailahongal APMC,1750,1580,1638,Karnataka,Hybrid/Local,2026,4,0
2026-04-07,Maize,4,Belagavi,Local,Bailahongal APMC,1800,1600,1733,Karnataka,Hybrid/Local,2026,4,1
2026-04-07,Maize,4,Belagavi,Local,Sankeshwar APMC,1900,1850,1900,Karnataka,Hybrid/Local,2026,4,1
2026-04-09,Maize,4,Belagavi,Local,Bailahongal APMC,1850,1650,1729,Karnataka,Hybrid/Local,2026,4,3
2026-04-10,Maize,4,Belagavi,Local,Bailahongal APMC,1850,1660,1789,Karnataka,Hybrid/Local,2026,4,4
2026-04-13,Maize,4,Belagavi,Local,Sankeshwar APMC,2000,1805,1950,Karnataka,Hybrid/Local,2026,4,0
2026-04-22,Maize,4,Belagavi,Local,Bailahongal APMC,1900,1750,1866,Karnataka,Hybrid/Local,2026,4,2
2026-04-22,Maize,4,Belagavi,Local,Kudchi APMC,2000,1850,1900,Karnataka,Hybrid/Local,2026,4,2
2026-04-24,Maize,4,Belagavi,Local,Bailahongal APMC,1900,1700,1833,Karnataka,Hybrid/Local,2026,4,4
2026-04-25,Maize,4,Belagavi,Local,Bailahongal APMC,1800,1650,1700,Karnataka,Hybrid/Local,2026,4,5
2026-05-02,Maize,4,Belagavi,FAQ,Ramdurga APMC,1881,1881,1881,Karnataka,Local,2026,5,5
2026-05-05,Maize,4,Belagavi,Local,Gokak APMC,2020,1770,1860,Karnataka,Local,2026,5,1
2026-05-07,Maize,4,Belagavi,Local,Gokak APMC,1990,1770,1770,Karnataka,Local,2026,5,3
2026-05-15,Maize,4,Belagavi,FAQ,Ramdurga APMC,1405,1405,1405,Karnataka,Local,2026,5,4
2026-05-20,Maize,4,Belagavi,FAQ,Gokak APMC,2130,1860,2030,Karnataka,Local,2026,5,2
2026-05-23,Maize,4,Belagavi,Local,Gokak APMC,2250,2070,2070,Karnataka,Local,2026,5,5
2026-05-25,Maize,4,Belagavi,Local,Gokak APMC,2100,1940,2100,Karnataka,Local,2026,5,0
2026-05-27,Maize,4,Belagavi,Non-FAQ,Soundati APMC,1900,1900,1900,Karnataka,Local,2026,5,2
2026-05-22,Maize,4,Belagavi,Local,Kudchi APMC,2200,2000,2150,Karnataka,Hybrid/Local,2026,5,4
2026-05-25,Maize,4,Belagavi,Local,Bailahongal APMC,2050,1800,1993,Karnataka,Hybrid/Local,2026,5,0
2026-05-03,Rice,3,Belagavi,Small,Soundati APMC,2430,2430,2430,Karnataka,Other,2026,5,6
2026-05-16,Rice,3,Belagavi,Small,Soundati APMC,2450,2450,2450,Karnataka,Other,2026,5,5
2026-05-12,Rice,3,Belagavi,Local,Sankeshwar APMC,2460,2450,2460,Karnataka,Other,2026,5,1
2026-05-17,Rice,3,Belagavi,Small,Soundati APMC,2450,2450,2450,Karnataka,Other,2026,5,6
2026-05-22,Rice,3,Belagavi,Small,Soundati APMC,2450,2450,2450,Karnataka,Other,2026,5,4
2026-05-04,Rice,3,Belagavi,Local,Gokak APMC,5470,5470,5470,Karnataka,Sona,2026,5,0
2026-05-07,Maize,4,Belagavi,Local,Athani APMC,2000,2000,2000,Karnataka,Hybrid/Local,2026,5,3
2026-05-05,Maize,4,Belagavi,Local,Sankeshwar APMC,2031,1950,1970,Karnataka,Hybrid/Local,2026,5,1
2026-05-13,Maize,4,Belagavi,Local,Kudchi APMC,2100,2000,2070,Karnataka,Hybrid/Local,2026,5,2
2026-05-15,Maize,4,Belagavi,Local,Sankeshwar APMC,1959,1900,1959,Karnataka,Hybrid/Local,2026,5,4
2026-05-15,Maize,4,Belagavi,Local,Bailahongal APMC,2100,1800,1977,Karnataka,Hybrid/Local,2026,5,4
2026-05-20,Maize,4,Belagavi,Local,Athani APMC,1800,1800,1800,Karnataka,Hybrid/Local,2026,5,2
2026-05-20,Maize,4,Belagavi,Local,Kudchi APMC,2200,2000,2150,Karnataka,Hybrid/Local,2026,5,2
2026-05-16,Maize,4,Belagavi,Local,Athani APMC,2000,2000,2000,Karnataka,Hybrid/Local,2026,5,5
2026-05-18,Maize,4,Belagavi,Local,Kudchi APMC,2100,2000,2070,Karnataka,Hybrid/Local,2026,5,0
2026-05-21,Maize,4,Belagavi,Local,Kudchi APMC,2100,2000,2070,Karnataka,Hybrid/Local,2026,5,3
2026-05-21,Maize,4,Belagavi,Local,Athani APMC,2000,2000,2000,Karnataka,Hybrid/Local,2026,5,3
2026-05-25,Maize,4,Belagavi,Local,Athani APMC,2000,2000,2000,Karnataka,Hybrid/Local,2026,5,0
2026-05-25,Maize,4,Belagavi,Local,Sankeshwar APMC,2080,2020,2070,Karnataka,Hybrid/Local,2026,5,0
2026-05-30,Maize,4,Belagavi,Local,Athani APMC,2000,2000,2000,Karnataka,Hybrid/Local,2026,5,5
2026-05-29,Maize,4,Belagavi,Local,Athani APMC,2400,2300,2300,Karnataka,Hybrid/Local,2026,5,4
2026-05-21,Potato,24,Belagavi,Large,Belgaum APMC,1500,500,1200,Karnataka,Local,2026,5,3
2026-05-13,Potato,24,Belagavi,Large,Belgaum APMC,1500,500,1200,Karnataka,Local,2026,5,2
2026-05-21,Onion,23,Belagavi,Large,Belgaum APMC,1900,500,1300,Karnataka,Pusa-Red,2026,5,3
2026-05-09,Onion,23,Belagavi,Large,Belgaum APMC,1500,500,1200,Karnataka,Pusa-Red,2026,5,5
2026-05-12,Onion,23,Belagavi,Large,Belgaum APMC,1500,500,1200,Karnataka,Pusa-Red,2026,5,1
2026-05-15,Onion,23,Belagavi,Large,Belgaum APMC,1600,500,1300,Karnataka,Pusa-Red,2026,5,4
2026-05-19,Onion,23,Belagavi,Large,Belgaum APMC,1900,500,1600,Karnataka,Pusa-Red,2026,5,1
2026-05-23,Potato,24,Belagavi,Large,Belgaum APMC,1500,500,1200,Karnataka,Local,2026,5,5
2026-05-29,Potato,24,Belagavi,Large,Belgaum APMC,1500,500,1200,Karnataka,Local,2026,5,4
2026-06-22,Maize,4,Belagavi,Local,Gokak APMC,2300,2300,2300,Karnataka,Local,2026,6,0
2026-06-18,Maize,4,Belagavi,FAQ,Ramdurga APMC,2450,2450,2450,Karnataka,Local,2026,6,3
2026-06-19,Maize,4,Belagavi,Non-FAQ,Soundati APMC,2400,2400,2400,Karnataka,Local,2026,6,4
2026-06-20,Maize,4,Belagavi,FAQ,Ramdurga APMC,2229,2229,2229,Karnataka,Local,2026,6,5
2026-06-21,Maize,4,Belagavi,FAQ,Ramdurga APMC,2150,2150,2150,Karnataka,Local,2026,6,6
2026-06-25,Maize,4,Belagavi,FAQ,Ramdurga APMC,2250,2250,2250,Karnataka,Local,2026,6,3
2026-06-29,Maize,4,Belagavi,Non-FAQ,Soundati APMC,2550,2300,2400,Karnataka,Local,2026,6,0
2026-06-14,Rice,3,Belagavi,Small,Soundati APMC,2500,2500,2500,Karnataka,Other,2026,6,6
2026-06-09,Maize,4,Belagavi,Local,Gokak APMC,2300,2200,2200,Karnataka,Local,2026,6,1
2026-06-27,Maize,4,Belagavi,FAQ,Ramdurga APMC,2311,2311,2311,Karnataka,Local,2026,6,5
2026-06-02,Potato,24,Belagavi,Large,Belgaum APMC,1600,500,1300,Karnataka,Local,2026,6,1
2026-06-04,Potato,24,Belagavi,Large,Belgaum APMC,2500,500,2000,Karnataka,Local,2026,6,3
2026-06-09,Potato,24,Belagavi,Large,Belgaum APMC,1700,500,1500,Karnataka,Local,2026,6,1
2026-06-19,Potato,24,Belagavi,Large,Belgaum APMC,1700,1000,1400,Karnataka,Local,2026,6,4
2026-06-24,Potato,24,Belagavi,Large,Belgaum APMC,1700,1000,1500,Karnataka,Local,2026,6,2
2026-06-30,Potato,24,Belagavi,Large,Belgaum APMC,1800,1000,1500,Karnataka,Local,2026,6,1
2026-06-01,Onion,23,Belagavi,Large,Belgaum APMC,2000,500,1700,Karnataka,Pusa-Red,2026,6,0
2026-06-09,Onion,23,Belagavi,Large,Belgaum APMC,2200,500,1800,Karnataka,Pusa-Red,2026,6,1
2026-06-13,Onion,23,Belagavi,Large,Belgaum APMC,2200,500,1800,Karnataka,Pusa-Red,2026,6,5
2026-06-18,Onion,23,Belagavi,Large,Belgaum APMC,2600,1000,2200,Karnataka,Pusa-Red,2026,6,3
2026-06-25,Onion,23,Belagavi,Large,Belgaum APMC,2700,1000,2400,Karnataka,Pusa-Red,2026,6,3
2026-06-08,Maize,4,Belagavi,Local,Sankeshwar APMC,2280,2162,2280,Karnataka,Hybrid/Local,2026,6,0
2026-06-11,Maize,4,Belagavi,Local,Kudchi APMC,2230,2150,2180,Karnataka,Hybrid/Local,2026,6,3
2026-06-12,Maize,4,Belagavi,Local,Kudchi APMC,2300,2100,2220,Karnataka,Hybrid/Local,2026,6,4
2026-06-12,Maize,4,Belagavi,Local,Athani APMC,2000,2000,2000,Karnataka,Hybrid/Local,2026,6,4
2026-06-15,Maize,4,Belagavi,Local,Kudchi APMC,2200,2050,2180,Karnataka,Hybrid/Local,2026,6,0
2026-06-09,Maize,4,Belagavi,Local,Sankeshwar APMC,2300,2220,2280,Karnataka,Hybrid/Local,2026,6,1
2026-06-12,Maize,4,Belagavi,Local,Sankeshwar APMC,2300,2250,2290,Karnataka,Hybrid/Local,2026,6,4
2026-06-15,Maize,4,Belagavi,Local,Sankeshwar APMC,2280,2250,2280,Karnataka,Hybrid/Local,2026,6,0
2026-06-15,Maize,4,Belagavi,Local,Athani APMC,2000,2000,2000,Karnataka,Hybrid/Local,2026,6,0
2026-06-16,Maize,4,Belagavi,Local,Sankeshwar APMC,2250,2250,2250,Karnataka,Hybrid/Local,2026,6,1
2026-06-22,Maize,4,Belagavi,Local,Sankeshwar APMC,2300,2300,2300,Karnataka,Hybrid/Local,2026,6,0
2026-06-01,Maize,4,Belagavi,Local,Gokak APMC,2160,2160,2160,Karnataka,Local,2026,6,0
2026-06-03,Maize,4,Belagavi,FAQ,Ramdurga APMC,2180,2000,2170,Karnataka,Local,2026,6,2
2026-06-06,Maize,4,Belagavi,Grade Range-1,Gokak APMC,2300,2170,2250,Karnataka,Local,2026,6,5
2026-07-09,Potato,24,Belagavi,Large,Belgaum APMC,1700,1000,1200,Karnataka,Local,2026,7,3
2026-07-11,Potato,24,Belagavi,Large,Belgaum APMC,1800,1000,1300,Karnataka,Local,2026,7,5
2026-07-15,Potato,24,Belagavi,Large,Belgaum APMC,1700,1000,1200,Karnataka,Local,2026,7,2
2026-07-16,Potato,24,Belagavi,Large,Belgaum APMC,1700,1000,1200,Karnataka,Local,2026,7,3
2026-07-21,Potato,24,Belagavi,Large,Belgaum APMC,1800,1000,1300,Karnataka,Local,2026,7,1
2026-07-24,Potato,24,Belagavi,Large,Belgaum APMC,1800,1000,1300,Karnataka,Local,2026,7,4
2026-07-29,Potato,24,Belagavi,Large,Belgaum APMC,1600,1000,1200,Karnataka,Local,2026,7,2
2026-08-05,Potato,24,Belagavi,Large,Belgaum APMC,1700,1000,1300,Karnataka,Local,2026,8,2
2026-07-08,Maize,4,Belagavi,Local,Gokak APMC,2300,2300,2300,Karnataka,Local,2026,7,2
2026-07-06,Maize,4,Belagavi,Local,Sankeshwar APMC,2600,2600,2600,Karnataka,Hybrid/Local,2026,7,0
2026-07-30,Maize,4,Belagavi,Local,Athani APMC,2200,2200,2200,Karnataka,Hybrid/Local,2026,7,3
2026-07-02,Maize,4,Belagavi,FAQ,Ramdurga APMC,2100,2100,2100,Karnataka,Local,2026,7,3
2026-07-11,Maize,4,Belagavi,Local,Gokak APMC,2300,2300,2300,Karnataka,Local,2026,7,5
2026-07-12,Maize,4,Belagavi,Non-FAQ,Soundati APMC,2550,2550,2550,Karnataka,Local,2026,7,6
2026-07-13,Maize,4,Belagavi,FAQ,Ramdurga APMC,2200,2050,2100,Karnataka,Local,2026,7,0
2026-07-16,Maize,4,Belagavi,FAQ,Nippani APMC,2010,2000,2010,Karnataka,Local,2026,7,3
2026-07-22,Maize,4,Belagavi,Local,Gokak APMC,2500,2500,2500,Karnataka,Local,2026,7,2
2026-07-22,Maize,4,Belagavi,Non-FAQ,Soundati APMC,2730,2730,2730,Karnataka,Local,2026,7,2
2026-07-17,Rice,3,Belagavi,Small,Soundati APMC,2700,2700,2700,Karnataka,Other,2026,7,4
2026-07-20,Rice,3,Belagavi,Small,Soundati APMC,2700,2700,2700,Karnataka,Other,2026,7,0
2026-07-24,Maize,4,Belagavi,Non-FAQ,Soundati APMC,2770,2770,2770,Karnataka,Local,2026,7,4
2026-07-27,Maize,4,Belagavi,Non-FAQ,Nippani APMC,2080,2080,2080,Karnataka,Local,2026,7,0
2026-07-31,Maize,4,Belagavi,Local,Gokak APMC,2427,2427,2427,Karnataka,Local,2026,7,4
2026-08-02,Maize,4,Belagavi,FAQ,Ramdurga APMC,2000,2000,2000,Karnataka,Local,2026,8,6
2026-07-04,Onion,23,Belagavi,Large,Belgaum APMC,2800,1000,2400,Karnataka,Pusa-Red,2026,7,5
2026-07-09,Onion,23,Belagavi,Large,Belgaum APMC,3000,1000,2400,Karnataka,Pusa-Red,2026,7,3
2026-07-16,Onion,23,Belagavi,Large,Belgaum APMC,2800,1000,2400,Karnataka,Pusa-Red,2026,7,3
2026-07-22,Onion,23,Belagavi,Large,Belgaum APMC,2800,1000,2400,Karnataka,Pusa-Red,2026,7,2
2026-08-05,Onion,23,Belagavi,Large,Belgaum APMC,3200,1000,2700,Karnataka,Pusa-Red,2026,8,2
2026-08-03,Onion,23,Belagavi,Large,Belgaum APMC,3000,2000,2800,Karnataka,Pusa-Red,2026,8,0
2026-04-06,Potato,24,Mysuru,Local,Nanjangud APMC,2083,1851,1851,Karnataka,Potato,2026,4,0
2026-04-16,Potato,24,Mysuru,Local,Nanjangud APMC,3333,2380,2777,Karnataka,Potato,2026,4,3
2026-04-10,Potato,24,Mysuru,Local,Nanjangud APMC,3333,2380,2380,Karnataka,Potato,2026,4,4
2026-04-16,Mango,20,Mysuru,Grade Range-1,Mysuru APMC,5500,4000,5000,Karnataka,Other,2026,4,3
2026-04-13,Brinjal,35,Mysuru,Grade Range-1,Mysuru APMC,4000,3800,3900,Karnataka,Brinjal,2026,4,0
2026-04-16,Brinjal,35,Mysuru,Local,Nanjangud APMC,27777,2380,2564,Karnataka,Brinjal,2026,4,3
2026-04-15,Brinjal,35,Mysuru,Grade Range-1,Mysuru APMC,3500,3300,3400,Karnataka,Brinjal,2026,4,2
2026-04-09,Brinjal,35,Mysuru,Local,Nanjangud APMC,2222,2083,2083,Karnataka,Brinjal,2026,4,3
2026-04-13,Brinjal,35,Mysuru,Local,Nanjangud APMC,2222,2083,2083,Karnataka,Brinjal,2026,4,0
2026-04-30,Brinjal,35,Mysuru,Grade Range-1,Mysuru APMC,2000,1800,1900,Karnataka,Brinjal,2026,4,3
2026-04-20,Onion,23,Mysuru,Grade Range-1,Mysuru APMC,1000,500,900,Karnataka,Other,2026,4,0
2026-04-02,Onion,23,Mysuru,Small,T. Narasipura APMC,2000,1500,2000,Karnataka,Onion,2026,4,3
2026-04-06,Onion,23,Mysuru,Small,T. Narasipura APMC,2000,1500,2000,Karnataka,Onion,2026,4,0
2026-04-09,Onion,23,Mysuru,Small,T. Narasipura APMC,2000,1500,2000,Karnataka,Onion,2026,4,3
2026-04-06,Onion,23,Mysuru,Grade Range-1,Mysuru APMC,1350,700,1200,Karnataka,Other,2026,4,0
2026-04-16,Potato,24,Mysuru,Small,T. Narasipura APMC,2000,1000,2000,Karnataka,Other,2026,4,3
2026-04-08,Onion,23,Mysuru,Small,T. Narasipura APMC,2000,1500,2000,Karnataka,Onion,2026,4,2
2026-04-08,Tomato,78,Mysuru,Local,Nanjangud APMC,1515,1111,1200,Karnataka,Tomato,2026,4,2
2026-04-15,Tomato,78,Mysuru,Grade Range-1,Mysuru APMC,1800,1600,1700,Karnataka,Tomato,2026,4,2
2026-04-09,Tomato,78,Mysuru,Local,Nanjangud APMC,2083,1560,1851,Karnataka,Tomato,2026,4,3
2026-04-17,Tomato,78,Mysuru,Grade Range-1,Mysuru APMC,1900,1700,1800,Karnataka,Tomato,2026,4,4
2026-04-21,Tomato,78,Mysuru,Local,Nanjangud APMC,5555,3700,3703,Karnataka,Tomato,2026,4,1
2026-04-30,Tomato,78,Mysuru,Grade Range-1,Mysuru APMC,3600,3400,3500,Karnataka,Tomato,2026,4,3
2026-04-02,Brinjal,35,Mysuru,Small,T. Narasipura APMC,2000,1500,2000,Karnataka,Brinjal,2026,4,3
2026-04-07,Brinjal,35,Mysuru,Grade Range-1,Mysuru APMC,3000,2800,2900,Karnataka,Brinjal,2026,4,1
2026-04-05,Brinjal,35,Mysuru,Grade Range-1,Mysuru APMC,1600,1400,1500,Karnataka,Round,2026,4,6
2026-04-08,Brinjal,35,Mysuru,Grade Range-1,Mysuru APMC,2500,2300,2400,Karnataka,Round,2026,4,2
2026-04-16,Brinjal,35,Mysuru,Grade Range-1,Mysuru APMC,2500,2300,2400,Karnataka,Round,2026,4,3
2026-04-15,Brinjal,35,Mysuru,Grade Range-1,Mysuru APMC,2700,2500,2600,Karnataka,Round,2026,4,2
2026-04-21,Brinjal,35,Mysuru,Grade Range-1,Mysuru APMC,2500,2300,2400,Karnataka,Round,2026,4,1
2026-04-30,Brinjal,35,Mysuru,Local,Nanjangud APMC,3030,2083,2564,Karnataka,Round,2026,4,3
2026-04-17,Potato,24,Mysuru,Local,Nanjangud APMC,6750,6666,6666,Karnataka,Potato,2026,4,4
2026-04-19,Carrot,153,Mysuru,Grade Range-1,Mysuru APMC,2000,1800,1900,Karnataka,Carrot,2026,4,6
2026-04-22,Carrot,153,Mysuru,Local,Nanjangud APMC,4166,3333,3333,Karnataka,Carrot,2026,4,2
2026-04-22,Carrot,153,Mysuru,Grade Range-1,Mysuru APMC,2500,2300,2400,Karnataka,Carrot,2026,4,2
2026-04-24,Carrot,153,Mysuru,Local,Nanjangud APMC,4200,3333,3700,Karnataka,Carrot,2026,4,4
2026-04-26,Carrot,153,Mysuru,Grade Range-1,Mysuru APMC,2500,2300,2400,Karnataka,Carrot,2026,4,6
2026-04-15,Cabbage,154,Mysuru,Small,T. Narasipura APMC,2000,1500,2000,Karnataka,Cabbage,2026,4,2
2026-04-17,Cabbage,154,Mysuru,Grade Range-1,Mysuru APMC,900,700,800,Karnataka,Cabbage,2026,4,4
2026-04-19,Cabbage,154,Mysuru,Grade Range-1,Mysuru APMC,900,700,800,Karnataka,Cabbage,2026,4,6
2026-04-20,Cabbage,154,Mysuru,Grade Range-1,Mysuru APMC,1000,800,900,Karnataka,Cabbage,2026,4,0
2026-04-03,Carrot,153,Mysuru,Grade Range-1,Mysuru APMC,1800,1600,1700,Karnataka,Carrot,2026,4,4
2026-04-13,Carrot,153,Mysuru,Grade Range-1,Mysuru APMC,2000,1800,1900,Karnataka,Carrot,2026,4,0
2026-04-14,Carrot,153,Mysuru,Grade Range-1,Mysuru APMC,2000,1800,1900,Karnataka,Carrot,2026,4,1
2026-04-09,Carrot,153,Mysuru,Local,Nanjangud APMC,2567,1492,2222,Karnataka,Carrot,2026,4,3
2026-04-10,Carrot,153,Mysuru,Local,Nanjangud APMC,2564,2083,2222,Karnataka,Carrot,2026,4,4
2026-04-30,Maize,4,Mysuru,FAQ,K.R.Nagar APMC,1900,1900,1900,Karnataka,Local,2026,4,3
2026-04-04,Maize,4,Mysuru,FAQ,Periyapatna APMC,1800,1700,1750,Karnataka,Hybrid/Local,2026,4,5
2026-04-05,Maize,4,Mysuru,FAQ,Periyapatna APMC,1800,1800,1800,Karnataka,Hybrid/Local,2026,4,6
2026-04-06,Maize,4,Mysuru,FAQ,Periyapatna APMC,1800,1800,1800,Karnataka,Hybrid/Local,2026,4,0
2026-04-12,Maize,4,Mysuru,FAQ,Periyapatna APMC,1700,1700,1700,Karnataka,Hybrid/Local,2026,4,6
2026-04-15,Maize,4,Mysuru,FAQ,Periyapatna APMC,1700,1700,1700,Karnataka,Hybrid/Local,2026,4,2
2026-04-30,Maize,4,Mysuru,FAQ,Periyapatna APMC,1800,1750,1770,Karnataka,Hybrid/Local,2026,4,3
2026-04-29,Maize,4,Mysuru,FAQ,Periyapatna APMC,1825,1825,1825,Karnataka,Hybrid/Local,2026,4,2
2026-04-02,Maize,4,Mysuru,Grade Range-1,Mysuru APMC,1931,1931,1931,Karnataka,Local,2026,4,3
2026-04-09,Maize,4,Mysuru,Local,Hunsur APMC,1650,1650,1650,Karnataka,Local,2026,4,3
2026-04-04,Maize,4,Mysuru,Non-FAQ,T. Narasipura APMC,1800,1800,1800,Karnataka,Yellow,2026,4,5
2026-04-08,Maize,4,Mysuru,Non-FAQ,T. Narasipura APMC,1800,1800,1800,Karnataka,Yellow,2026,4,2
2026-04-15,Maize,4,Mysuru,Non-FAQ,T. Narasipura APMC,1800,1800,1800,Karnataka,Yellow,2026,4,2
2026-04-04,Rice,3,Mysuru,Grade Range-1,Mysuru APMC,2400,2400,2400,Karnataka,Fine,2026,4,5
2026-04-09,Rice,3,Mysuru,Grade Range-1,Mysuru APMC,7185,2100,2400,Karnataka,Fine,2026,4,3
2026-04-16,Rice,3,Mysuru,Grade Range-1,Mysuru APMC,3900,2400,2400,Karnataka,Fine,2026,4,3
2026-04-18,Rice,3,Mysuru,Grade Range-1,Mysuru APMC,1990,1990,1990,Karnataka,Fine,2026,4,5
2026-04-24,Rice,3,Mysuru,Grade Range-1,Mysuru APMC,2400,2400,2400,Karnataka,Fine,2026,4,4
2026-04-25,Rice,3,Mysuru,Grade Range-1,Mysuru APMC,2400,2400,2400,Karnataka,Fine,2026,4,5
2026-04-29,Rice,3,Mysuru,Small,T. Narasipura APMC,2100,2100,2100,Karnataka,Broken Rice,2026,4,2
2026-04-02,Tomato,78,Mysuru,Local,Nanjangud APMC,2083,1515,1851,Karnataka,Hybrid,2026,4,3
2026-04-16,Tomato,78,Mysuru,Small,T. Narasipura APMC,2000,1500,2000,Karnataka,Hybrid,2026,4,3
2026-05-07,Maize,4,Mysuru,Non-FAQ,T. Narasipura APMC,2250,2250,2250,Karnataka,Yellow,2026,5,3
2026-05-03,Brinjal,35,Mysuru,Grade Range-1,Mysuru APMC,2000,1800,1900,Karnataka,Round,2026,5,6
2026-05-04,Brinjal,35,Mysuru,Grade Range-1,Mysuru APMC,1800,1600,1700,Karnataka,Round,2026,5,0
2026-05-21,Brinjal,35,Mysuru,Medium,Mysuru APMC,1800,1600,1700,Karnataka,Round,2026,5,3
2026-05-18,Brinjal,35,Mysuru,Medium,Mysuru APMC,1800,1600,1700,Karnataka,Round,2026,5,0
2026-05-17,Brinjal,35,Mysuru,Medium,Mysuru APMC,1800,1600,1700,Karnataka,Round,2026,5,6
2026-05-19,Brinjal,35,Mysuru,Medium,Mysuru APMC,1800,1600,1700,Karnataka,Round,2026,5,1
2026-05-27,Brinjal,35,Mysuru,Grade Range-1,Mysuru APMC,2000,1800,1900,Karnataka,Round,2026,5,2
2026-05-07,Brinjal,35,Mysuru,Small,T. Narasipura APMC,2000,1500,2000,Karnataka,Brinjal,2026,5,3
2026-05-28,Brinjal,35,Mysuru,Grade Range-1,Mysuru APMC,2500,2300,2400,Karnataka,Brinjal,2026,5,3
2026-05-02,Onion,23,Mysuru,Grade Range-1,Mysuru APMC,1700,800,1250,Karnataka,Other,2026,5,5
2026-05-12,Onion,23,Mysuru,Local,Mysuru APMC,1600,500,1200,Karnataka,Other,2026,5,1
2026-05-18,Onion,23,Mysuru,Local,Mysuru APMC,1200,500,1000,Karnataka,Other,2026,5,0
2026-05-15,Onion,23,Mysuru,Local,Mysuru APMC,1200,600,1000,Karnataka,Other,2026,5,4
2026-05-29,Onion,23,Mysuru,Local,Mysuru APMC,1800,800,1300,Karnataka,Other,2026,5,4
2026-05-26,Onion,23,Mysuru,Local,Mysuru APMC,1800,800,1300,Karnataka,Other,2026,5,1
2026-05-23,Rice,3,Mysuru,Small,T. Narasipura APMC,2300,2100,2300,Karnataka,Broken Rice,2026,5,5
2026-05-25,Rice,3,Mysuru,Small,T. Narasipura APMC,2200,2200,2200,Karnataka,Broken Rice,2026,5,0
2026-05-26,Maize,4,Mysuru,FAQ,Periyapatna APMC,2000,2000,2000,Karnataka,Hybrid/Local,2026,5,1
2026-05-01,Maize,4,Mysuru,FAQ,K.R.Nagar APMC,2050,2050,2050,Karnataka,Local,2026,5,4
2026-05-05,Maize,4,Mysuru,FAQ,K.R.Nagar APMC,1970,1900,1951,Karnataka,Local,2026,5,1
2026-05-08,Brinjal,35,Mysuru,Small,T. Narasipura APMC,2000,1500,2000,Karnataka,Brinjal,2026,5,4
2026-05-04,Brinjal,35,Mysuru,Local,Nanjangud APMC,5555,3700,4166,Karnataka,Brinjal,2026,5,0
2026-05-11,Brinjal,35,Mysuru,Medium,Mysuru APMC,1300,1100,1200,Karnataka,Brinjal,2026,5,0
2026-05-18,Brinjal,35,Mysuru,Local,Nanjangud APMC,3703,3030,3333,Karnataka,Brinjal,2026,5,0
2026-05-18,Brinjal,35,Mysuru,Medium,Mysuru APMC,1500,1300,1400,Karnataka,Brinjal,2026,5,0
2026-05-20,Brinjal,35,Mysuru,Local,Nanjangud APMC,3703,2380,2777,Karnataka,Brinjal,2026,5,2
2026-05-07,Onion,23,Mysuru,Small,T. Narasipura APMC,2000,1200,2000,Karnataka,Onion,2026,5,3
2026-05-14,Onion,23,Mysuru,Small,T. Narasipura APMC,2000,1500,2000,Karnataka,Onion,2026,5,3
2026-05-20,Maize,4,Mysuru,Grade Range-1,Mysuru APMC,2200,2200,2200,Karnataka,Local,2026,5,2
2026-05-30,Maize,4,Mysuru,Grade Range-1,Mysuru APMC,2200,2200,2200,Karnataka,Local,2026,5,5
2026-05-09,Maize,4,Mysuru,Grade Range-1,Mysuru APMC,2100,2100,2100,Karnataka,Local,2026,5,5
2026-05-29,Maize,4,Mysuru,Grade Range-1,Mysuru APMC,1818,1818,1818,Karnataka,Local,2026,5,4
2026-05-26,Rice,3,Mysuru,Local,Mysuru APMC,2400,2400,2400,Karnataka,Fine,2026,5,1
2026-05-27,Rice,3,Mysuru,Local,Mysuru APMC,7290,3600,7290,Karnataka,Fine,2026,5,2
2026-05-30,Rice,3,Mysuru,Local,Mysuru APMC,7750,2320,2400,Karnataka,Fine,2026,5,5
2026-05-01,Cabbage,154,Mysuru,Grade Range-1,Mysuru APMC,1700,1200,1500,Karnataka,Cabbage,2026,5,4
2026-05-03,Cabbage,154,Mysuru,Grade Range-1,Mysuru APMC,1700,1500,1600,Karnataka,Cabbage,2026,5,6
2026-05-05,Cabbage,154,Mysuru,Grade Range-1,Mysuru APMC,2000,1700,1900,Karnataka,Cabbage,2026,5,1
2026-05-10,Cabbage,154,Mysuru,Medium,Mysuru APMC,2200,1700,2000,Karnataka,Cabbage,2026,5,6
2026-05-11,Cabbage,154,Mysuru,Medium,Mysuru APMC,2400,2000,2200,Karnataka,Cabbage,2026,5,0
2026-05-12,Cabbage,154,Mysuru,Local,Nanjangud APMC,2777,2083,2564,Karnataka,Cabbage,2026,5,1
2026-05-07,Cabbage,154,Mysuru,Small,Santhesargur APMC,1383,1383,1383,Karnataka,Cabbage,2026,5,3
2026-05-11,Cabbage,154,Mysuru,Small,T. Narasipura APMC,2000,1500,2000,Karnataka,Cabbage,2026,5,0
2026-04-17,Rice,3,Mysuru,Grade Range-1,Mysuru APMC,7696,7696,7696,Karnataka,Fine,2026,4,4
2026-04-22,Rice,3,Mysuru,Grade Range-1,Mysuru APMC,7540,2400,2400,Karnataka,Fine,2026,4,2
2026-04-29,Rice,3,Mysuru,Grade Range-1,Mysuru APMC,1990,1990,1990,Karnataka,Fine,2026,4,2
2026-04-30,Rice,3,Mysuru,Small,Santhesargur APMC,2820,2400,2440,Karnataka,IR 20,2026,4,3
2026-04-09,Rice,3,Mysuru,Grade Range-1,Mysuru APMC,10824,10824,10824,Karnataka,Basmati,2026,4,3
2026-04-26,Rice,3,Mysuru,Small,T. Narasipura APMC,2300,2300,2300,Karnataka,Broken Rice,2026,4,6
2026-04-04,Mango,20,Mysuru,Grade Range-1,Mysuru APMC,8000,5000,7000,Karnataka,Other,2026,4,5
2026-04-06,Mango,20,Mysuru,Grade Range-1,Mysuru APMC,6000,3000,5000,Karnataka,Other,2026,4,0
2026-04-07,Mango,20,Mysuru,Grade Range-1,Mysuru APMC,7000,5000,6000,Karnataka,Other,2026,4,1
2026-04-20,Mango,20,Mysuru,Grade Range-1,Mysuru APMC,7000,4500,6000,Karnataka,Other,2026,4,0
2026-04-23,Mango,20,Mysuru,Grade Range-1,Mysuru APMC,6500,5000,6000,Karnataka,Other,2026,4,3
2026-04-27,Mango,20,Mysuru,Grade Range-1,Mysuru APMC,6000,3000,4500,Karnataka,Other,2026,4,0
2026-04-30,Mango,20,Mysuru,Grade Range-1,Mysuru APMC,6000,4000,5000,Karnataka,Other,2026,4,3
2026-04-25,Banana,19,Mysuru,Grade Range-1,Mysuru APMC,2000,2000,2000,Karnataka,Pachha Bale,2026,4,5
2026-04-11,Maize,4,Mysuru,FAQ,K.R.Nagar APMC,1900,1900,1900,Karnataka,Local,2026,4,5
2026-04-20,Maize,4,Mysuru,Grade Range-1,Mysuru APMC,1910,1900,1900,Karnataka,Local,2026,4,0
2026-04-18,Potato,24,Mysuru,Grade Range-1,Mysuru APMC,1200,800,1000,Karnataka,Potato,2026,4,5
2026-04-18,Potato,24,Mysuru,Local,Nanjangud APMC,3333,2380,2777,Karnataka,Potato,2026,4,5
2026-04-20,Potato,24,Mysuru,Grade Range-1,Mysuru APMC,1200,1000,1100,Karnataka,Potato,2026,4,0
2026-04-08,Tomato,78,Mysuru,Grade Range-1,Mysuru APMC,1400,1200,1300,Karnataka,Tomato,2026,4,2
2026-04-12,Tomato,78,Mysuru,Grade Range-1,Mysuru APMC,2600,2400,2500,Karnataka,Tomato,2026,4,6
2026-04-13,Tomato,78,Mysuru,Local,Nanjangud APMC,2777,2380,2564,Karnataka,Tomato,2026,4,0
2026-04-23,Tomato,78,Mysuru,Local,Nanjangud APMC,6666,3030,3703,Karnataka,Tomato,2026,4,3
2026-04-28,Tomato,78,Mysuru,Local,Nanjangud APMC,6666,3700,3703,Karnataka,Tomato,2026,4,1
2026-04-26,Tomato,78,Mysuru,Grade Range-1,Mysuru APMC,3500,3300,3400,Karnataka,Tomato,2026,4,6
2026-04-19,Brinjal,35,Mysuru,Grade Range-1,Mysuru APMC,4000,3800,3900,Karnataka,Brinjal,2026,4,6
2026-04-21,Brinjal,35,Mysuru,Grade Range-1,Mysuru APMC,3500,3300,3400,Karnataka,Brinjal,2026,4,1
2026-04-21,Brinjal,35,Mysuru,Local,Nanjangud APMC,4166,3030,3703,Karnataka,Brinjal,2026,4,1
2026-04-22,Brinjal,35,Mysuru,Grade Range-1,Mysuru APMC,3500,3300,3400,Karnataka,Brinjal,2026,4,2
2026-04-24,Brinjal,35,Mysuru,Grade Range-1,Mysuru APMC,3500,3300,3400,Karnataka,Brinjal,2026,4,4
2026-04-23,Brinjal,35,Mysuru,Local,Nanjangud APMC,3333,3030,3030,Karnataka,Brinjal,2026,4,3
2026-04-28,Brinjal,35,Mysuru,Local,Nanjangud APMC,4166,3030,3703,Karnataka,Brinjal,2026,4,1
2026-04-29,Brinjal,35,Mysuru,Local,Nanjangud APMC,4166,3030,3030,Karnataka,Brinjal,2026,4,2
2026-04-27,Brinjal,35,Mysuru,Grade Range-1,Mysuru APMC,3300,3100,3200,Karnataka,Brinjal,2026,4,0
2026-04-01,Maize,4,Mysuru,FAQ,Periyapatna APMC,2000,1750,1775,Karnataka,Hybrid/Local,2026,4,2
2026-04-03,Maize,4,Mysuru,FAQ,Periyapatna APMC,1750,1750,1750,Karnataka,Hybrid/Local,2026,4,4
2026-06-03,Maize,4,Mysuru,Non-FAQ,T. Narasipura APMC,2300,2300,2300,Karnataka,Yellow,2026,6,2
2026-06-11,Maize,4,Mysuru,Non-FAQ,T. Narasipura APMC,1800,1800,1800,Karnataka,Yellow,2026,6,3
2026-06-04,Onion,23,Mysuru,Small,T. Narasipura APMC,2000,1500,2000,Karnataka,Onion,2026,6,3
2026-06-05,Onion,23,Mysuru,Small,T. Narasipura APMC,2000,1500,2000,Karnataka,Onion,2026,6,4
2026-06-12,Potato,24,Mysuru,Local,Nanjangud APMC,3333,2380,3030,Karnataka,Potato,2026,6,4
2026-06-16,Potato,24,Mysuru,Local,Nanjangud APMC,3333,2380,3030,Karnataka,Potato,2026,6,1
2026-06-22,Potato,24,Mysuru,Local,Mysuru APMC,2200,2000,2100,Karnataka,Potato,2026,6,0
2026-06-17,Potato,24,Mysuru,Local,Nanjangud APMC,3333,2380,3030,Karnataka,Potato,2026,6,2
2026-06-22,Potato,24,Mysuru,Local,Nanjangud APMC,2777,2380,2564,Karnataka,Potato,2026,6,0
2026-06-01,Onion,23,Mysuru,Local,Mysuru APMC,1800,800,1400,Karnataka,Other,2026,6,0
2026-06-10,Onion,23,Mysuru,Local,Mysuru APMC,1900,800,1500,Karnataka,Other,2026,6,2
2026-06-16,Onion,23,Mysuru,Local,Mysuru APMC,1800,800,1500,Karnataka,Other,2026,6,1
2026-06-03,Cabbage,154,Mysuru,Medium,Mysuru APMC,3000,2500,2800,Karnataka,Cabbage,2026,6,2
2026-06-04,Cabbage,154,Mysuru,Medium,Mysuru APMC,3000,2500,2800,Karnataka,Cabbage,2026,6,3
2026-06-07,Cabbage,154,Mysuru,Medium,Mysuru APMC,3200,2600,3000,Karnataka,Cabbage,2026,6,6
2026-06-11,Cabbage,154,Mysuru,Medium,Mysuru APMC,3200,2500,3000,Karnataka,Cabbage,2026,6,3
2026-06-17,Cabbage,154,Mysuru,Medium,Mysuru APMC,2900,2500,2800,Karnataka,Cabbage,2026,6,2
2026-06-18,Cabbage,154,Mysuru,Medium,Mysuru APMC,2900,2500,2800,Karnataka,Cabbage,2026,6,3
2026-06-19,Cabbage,154,Mysuru,Medium,Mysuru APMC,2900,2500,2700,Karnataka,Cabbage,2026,6,4
2026-06-25,Cabbage,154,Mysuru,Medium,Mysuru APMC,2800,2600,2700,Karnataka,Cabbage,2026,6,3
2026-06-28,Cabbage,154,Mysuru,Medium,Mysuru APMC,2500,2300,2400,Karnataka,Cabbage,2026,6,6
2026-06-06,Maize,4,Mysuru,FAQ,K.R.Nagar APMC,2050,2000,2016,Karnataka,Local,2026,6,5
2026-06-15,Maize,4,Mysuru,FAQ,K.R.Nagar APMC,1900,1900,1900,Karnataka,Local,2026,6,0
2026-06-24,Rice,3,Mysuru,Local,Mysuru APMC,8120,3700,3700,Karnataka,Fine,2026,6,2
2026-06-10,Rice,3,Mysuru,Local,Mysuru APMC,15448,15448,15448,Karnataka,Basmati,2026,6,2
2026-06-23,Rice,3,Mysuru,Local,Mysuru APMC,9326,9326,9326,Karnataka,Basmati,2026,6,1
2026-06-01,Rice,3,Mysuru,Local,Mysuru APMC,2400,2400,2400,Karnataka,Broken Rice,2026,6,0
2026-06-15,Rice,3,Mysuru,Local,Mysuru APMC,2595,2510,2510,Karnataka,Broken Rice,2026,6,0
2026-06-07,Brinjal,35,Mysuru,Medium,Mysuru APMC,3200,3000,3100,Karnataka,Brinjal,2026,6,6
2026-06-01,Brinjal,35,Mysuru,Small,T. Narasipura APMC,2000,1500,2000,Karnataka,Brinjal,2026,6,0
2026-06-04,Brinjal,35,Mysuru,Small,T. Narasipura APMC,2000,1500,2000,Karnataka,Brinjal,2026,6,3
2026-06-11,Brinjal,35,Mysuru,Local,Nanjangud APMC,4166,2380,3030,Karnataka,Brinjal,2026,6,3
2026-06-01,Brinjal,35,Mysuru,Medium,Mysuru APMC,2600,2400,2500,Karnataka,Round,2026,6,0
2026-06-05,Brinjal,35,Mysuru,Local,Nanjangud APMC,2564,2083,2222,Karnataka,Round,2026,6,4
2026-06-15,Brinjal,35,Mysuru,Medium,Mysuru APMC,3000,2800,2900,Karnataka,Round,2026,6,0
2026-06-16,Brinjal,35,Mysuru,Medium,Mysuru APMC,3000,2800,2900,Karnataka,Round,2026,6,1
2026-06-19,Brinjal,35,Mysuru,Medium,Mysuru APMC,3200,3000,3100,Karnataka,Round,2026,6,4
2026-06-03,Mango,20,Mysuru,Local,Mysuru APMC,4000,2000,3200,Karnataka,Other,2026,6,2
2026-06-30,Rice,3,Mysuru,Small,Santhesargur APMC,2720,2580,2620,Karnataka,IR 20,2026,6,1
2026-06-12,Rice,3,Mysuru,FAQ,Nanjangud APMC,2650,2650,2650,Karnataka,Medium,2026,6,4
2026-06-22,Rice,3,Mysuru,Small,T. Narasipura APMC,2500,2500,2500,Karnataka,Other,2026,6,0
2026-06-04,Potato,24,Mysuru,Small,T. Narasipura APMC,1500,1200,1500,Karnataka,Other,2026,6,3
2026-06-06,Potato,24,Mysuru,Small,T. Narasipura APMC,1500,1000,1500,Karnataka,Other,2026,6,5
2026-06-12,Maize,4,Mysuru,Grade Range-1,Mysuru APMC,2300,2300,2300,Karnataka,Local,2026,6,4
2026-06-04,Rice,3,Mysuru,Local,Mysuru APMC,3831,3831,3831,Karnataka,Fine,2026,6,3
2026-06-12,Rice,3,Mysuru,Local,Mysuru APMC,2400,2400,2400,Karnataka,Fine,2026,6,4
2026-06-15,Rice,3,Mysuru,Local,Mysuru APMC,5000,5000,5000,Karnataka,Fine,2026,6,0
2026-06-29,Rice,3,Mysuru,Local,Mysuru APMC,2400,2300,2300,Karnataka,Fine,2026,6,0
2026-06-06,Mango,20,Mysuru,Local,Mysuru APMC,3400,2464,3166,Karnataka,Other,2026,6,5
2026-06-10,Mango,20,Mysuru,Local,Mysuru APMC,3125,2000,3000,Karnataka,Other,2026,6,2
2026-06-18,Mango,20,Mysuru,Local,Mysuru APMC,2800,2500,2631,Karnataka,Other,2026,6,3
2026-06-24,Mango,20,Mysuru,Local,Mysuru APMC,4000,2800,3200,Karnataka,Other,2026,6,2
2026-06-26,Mango,20,Mysuru,Local,Mysuru APMC,4500,3000,3500,Karnataka,Other,2026,6,4
2026-06-12,Brinjal,35,Mysuru,Medium,Mysuru APMC,3000,2800,2900,Karnataka,Round,2026,6,4
2026-06-29,Brinjal,35,Mysuru,Medium,Mysuru APMC,2500,2300,2400,Karnataka,Round,2026,6,0
2026-06-01,Tomato,78,Mysuru,Medium,Mysuru APMC,3200,3000,3100,Karnataka,Tomato,2026,6,0
2026-06-03,Tomato,78,Mysuru,Local,Nanjangud APMC,4666,2380,3030,Karnataka,Tomato,2026,6,2
2026-06-06,Tomato,78,Mysuru,Local,Nanjangud APMC,4666,3030,3333,Karnataka,Tomato,2026,6,5
2026-06-04,Tomato,78,Mysuru,Medium,Mysuru APMC,3500,3300,3400,Karnataka,Tomato,2026,6,3
2026-06-14,Tomato,78,Mysuru,Medium,Mysuru APMC,3200,3000,3100,Karnataka,Tomato,2026,6,6
2026-06-18,Tomato,78,Mysuru,Medium,Mysuru APMC,2700,2500,2600,Karnataka,Tomato,2026,6,3
2026-06-25,Tomato,78,Mysuru,Local,Nanjangud APMC,6666,3700,4166,Karnataka,Tomato,2026,6,3
2026-06-29,Tomato,78,Mysuru,Medium,Mysuru APMC,1600,1400,1500,Karnataka,Tomato,2026,6,0
2026-06-17,Brinjal,35,Mysuru,Medium,Mysuru APMC,3200,3000,3100,Karnataka,Brinjal,2026,6,2
2026-06-23,Brinjal,35,Mysuru,Medium,Mysuru APMC,3000,2800,2900,Karnataka,Brinjal,2026,6,1
2026-06-20,Brinjal,35,Mysuru,Local,Nanjangud APMC,3703,2380,2777,Karnataka,Brinjal,2026,6,5
2026-06-23,Brinjal,35,Mysuru,Local,Nanjangud APMC,4166,2380,3030,Karnataka,Brinjal,2026,6,1
2026-06-03,Brinjal,35,Mysuru,Medium,Mysuru APMC,3200,3000,3100,Karnataka,Brinjal,2026,6,2
2026-06-25,Brinjal,35,Mysuru,Medium,Mysuru APMC,2500,2300,2400,Karnataka,Brinjal,2026,6,3
2026-06-29,Brinjal,35,Mysuru,Medium,Mysuru APMC,2000,1800,1900,Karnataka,Brinjal,2026,6,0
2026-06-01,Carrot,153,Mysuru,Local,Nanjangud APMC,3333,2308,2777,Karnataka,Carrot,2026,6,0
2026-06-05,Carrot,153,Mysuru,Local,Nanjangud APMC,4166,3030,3333,Karnataka,Carrot,2026,6,4
2026-06-05,Carrot,153,Mysuru,Medium,Mysuru APMC,5000,4800,4900,Karnataka,Carrot,2026,6,4
2026-06-08,Carrot,153,Mysuru,Local,Nanjangud APMC,2564,2380,2222,Karnataka,Carrot,2026,6,0
2026-06-07,Carrot,153,Mysuru,Medium,Mysuru APMC,5000,4800,4900,Karnataka,Carrot,2026,6,6
2026-06-03,Carrot,153,Mysuru,Small,T. Narasipura APMC,2000,1500,2000,Karnataka,Carrot,2026,6,2
2026-06-15,Carrot,153,Mysuru,Medium,Mysuru APMC,5500,5300,5400,Karnataka,Carrot,2026,6,0
2026-06-16,Carrot,153,Mysuru,Local,Nanjangud APMC,2564,2380,2222,Karnataka,Carrot,2026,6,1
2026-06-23,Carrot,153,Mysuru,Medium,Mysuru APMC,5500,5300,5400,Karnataka,Carrot,2026,6,1
2026-06-18,Carrot,153,Mysuru,Medium,Mysuru APMC,6000,5800,5900,Karnataka,Carrot,2026,6,3
2026-06-25,Carrot,153,Mysuru,Medium,Mysuru APMC,5500,5300,5400,Karnataka,Carrot,2026,6,3
2026-06-30,Carrot,153,Mysuru,Medium,Mysuru APMC,1400,1200,1300,Karnataka,Carrot,2026,6,1
2026-06-26,Carrot,153,Mysuru,Medium,Mysuru APMC,5500,5300,5400,Karnataka,Carrot,2026,6,4
2026-06-29,Carrot,153,Mysuru,Medium,Mysuru APMC,5500,5300,5400,Karnataka,Carrot,2026,6,0
2026-07-06,Tomato,78,Mysuru,Medium,Mysuru APMC,1500,1300,1400,Karnataka,Tomato,2026,7,0
2026-07-10,Tomato,78,Mysuru,Medium,Mysuru APMC,1100,900,1000,Karnataka,Tomato,2026,7,4
2026-07-01,Mango,20,Mysuru,Local,Mysuru APMC,3000,2800,2800,Karnataka,Other,2026,7,2
2026-07-03,Mango,20,Mysuru,Local,Mysuru APMC,3300,2955,3250,Karnataka,Other,2026,7,4
2026-07-04,Mango,20,Mysuru,Local,Mysuru APMC,3230,2250,3000,Karnataka,Other,2026,7,5
2026-07-06,Mango,20,Mysuru,Local,Mysuru APMC,3333,2778,3020,Karnataka,Other,2026,7,0
2026-07-14,Mango,20,Mysuru,Local,Mysuru APMC,3400,2380,3090,Karnataka,Other,2026,7,1
2026-07-15,Mango,20,Mysuru,Local,Mysuru APMC,2769,2769,2769,Karnataka,Other,2026,7,2
2026-07-23,Mango,20,Mysuru,Medium,Mysuru APMC,3125,2770,3090,Karnataka,Other,2026,7,3
2026-07-25,Mango,20,Mysuru,Medium,Mysuru APMC,3330,2770,3000,Karnataka,Other,2026,7,5
2026-08-03,Mango,20,Mysuru,Medium,Mysuru APMC,2800,2800,2800,Karnataka,Other,2026,8,0
2026-08-04,Mango,20,Mysuru,Medium,Mysuru APMC,2850,2850,2850,Karnataka,Other,2026,8,1
2026-07-08,Brinjal,35,Mysuru,Local,Nanjangud APMC,3703,3030,3333,Karnataka,Brinjal,2026,7,2
2026-07-10,Brinjal,35,Mysuru,Medium,Mysuru APMC,1800,1600,1700,Karnataka,Brinjal,2026,7,4
2026-07-13,Brinjal,35,Mysuru,Medium,Mysuru APMC,1800,1600,1700,Karnataka,Brinjal,2026,7,0
2026-07-14,Brinjal,35,Mysuru,Local,Nanjangud APMC,3703,2380,2777,Karnataka,Brinjal,2026,7,1
2026-07-17,Brinjal,35,Mysuru,Medium,Mysuru APMC,1800,1600,1700,Karnataka,Brinjal,2026,7,4
2026-07-16,Brinjal,35,Mysuru,Local,Nanjangud APMC,4166,2380,3030,Karnataka,Brinjal,2026,7,3
2026-07-17,Brinjal,35,Mysuru,Local,Nanjangud APMC,4166,3030,3703,Karnataka,Brinjal,2026,7,4
2026-07-02,Brinjal,35,Mysuru,Local,Nanjangud APMC,3703,2380,2777,Karnataka,Brinjal,2026,7,3
2026-07-05,Brinjal,35,Mysuru,Medium,Mysuru APMC,2000,1800,1900,Karnataka,Brinjal,2026,7,6
2026-07-31,Onion,23,Mysuru,Medium,Mysuru APMC,3200,1000,2100,Karnataka,Other,2026,7,4
2026-08-06,Onion,23,Mysuru,Medium,Mysuru APMC,3000,1000,2700,Karnataka,Other,2026,8,3
2026-07-11,Onion,23,Mysuru,Medium,Mysuru APMC,3000,2500,2600,Karnataka,Other,2026,7,5
2026-08-04,Banana,19,Mysuru,Medium,Mysuru APMC,2260,2260,2260,Karnataka,Pachha Bale,2026,8,1
2026-07-17,Tomato,78,Mysuru,Local,Hunsur APMC,2000,2000,2000,Karnataka,Tomato,2026,7,4
2026-07-26,Tomato,78,Mysuru,Medium,Mysuru APMC,1000,800,900,Karnataka,Tomato,2026,7,6
2026-07-27,Tomato,78,Mysuru,Local,Nanjangud APMC,6666,3700,4166,Karnataka,Tomato,2026,7,0
2026-07-29,Tomato,78,Mysuru,Local,Nanjangud APMC,6666,3030,4166,Karnataka,Tomato,2026,7,2
2026-07-28,Tomato,78,Mysuru,Local,Nanjangud APMC,5555,3030,4166,Karnataka,Tomato,2026,7,1
2026-08-07,Tomato,78,Mysuru,Medium,Mysuru APMC,800,600,700,Karnataka,Tomato,2026,8,4
2026-07-08,Potato,24,Mysuru,Local,Mysuru APMC,1400,1200,1300,Karnataka,Potato,2026,7,2
2026-07-06,Potato,24,Mysuru,Local,Nanjangud APMC,3703,3030,3333,Karnataka,Potato,2026,7,0
2026-07-11,Potato,24,Mysuru,Medium,Mysuru APMC,1500,1200,1300,Karnataka,Potato,2026,7,5
2026-07-17,Potato,24,Mysuru,Local,Nanjangud APMC,2777,2380,2564,Karnataka,Potato,2026,7,4
2026-07-24,Potato,24,Mysuru,Local,Nanjangud APMC,3703,3030,3333,Karnataka,Potato,2026,7,4
2026-07-25,Potato,24,Mysuru,Medium,Mysuru APMC,1400,1200,1300,Karnataka,Potato,2026,7,5
2026-07-27,Potato,24,Mysuru,Local,Mysuru APMC,1400,1200,1300,Karnataka,Potato,2026,7,0
2026-07-28,Potato,24,Mysuru,Medium,Mysuru APMC,1400,1300,1350,Karnataka,Potato,2026,7,1
2026-08-06,Potato,24,Mysuru,Medium,Mysuru APMC,1300,800,1100,Karnataka,Potato,2026,8,3
2026-07-06,Maize,4,Mysuru,Local,Mysuru APMC,2300,2300,2300,Karnataka,Local,2026,7,0
2026-07-07,Rice,3,Mysuru,Local,Mysuru APMC,11022,11022,11022,Karnataka,Basmati,2026,7,1
2026-07-02,Carrot,153,Mysuru,Medium,Mysuru APMC,5000,4800,4900,Karnataka,Carrot,2026,7,3
2026-07-07,Carrot,153,Mysuru,Medium,Mysuru APMC,5000,4800,4900,Karnataka,Carrot,2026,7,1
2026-07-06,Carrot,153,Mysuru,Local,Nanjangud APMC,3703,3333,3333,Karnataka,Carrot,2026,7,0
2026-07-03,Carrot,153,Mysuru,Medium,Mysuru APMC,5000,4800,4900,Karnataka,Carrot,2026,7,4
2026-07-06,Rice,3,Mysuru,Local,Mysuru APMC,8065,2400,2400,Karnataka,Fine,2026,7,0
2026-07-16,Rice,3,Mysuru,Local,Mysuru APMC,4075,2400,2400,Karnataka,Fine,2026,7,3
2026-07-21,Rice,3,Mysuru,Local,Mysuru APMC,8180,2400,2400,Karnataka,Fine,2026,7,1
2026-07-24,Rice,3,Mysuru,Local,Mysuru APMC,8040,6550,6550,Karnataka,Fine,2026,7,4
2026-08-04,Rice,3,Mysuru,Local,Mysuru APMC,8180,3831,6965,Karnataka,Fine,2026,8,1
2026-07-28,Rice,3,Mysuru,Small,Santhesargur APMC,3100,2940,2940,Karnataka,IR 20,2026,7,1
2026-08-05,Rice,3,Mysuru,Small,Santhesargur APMC,2920,2920,2920,Karnataka,IR 20,2026,8,2
2026-07-04,Maize,4,Mysuru,Local,Mysuru APMC,2600,2600,2600,Karnataka,Local,2026,7,5
2026-07-05,Maize,4,Mysuru,FAQ,K.R.Nagar APMC,2500,2500,2500,Karnataka,Local,2026,7,6
2026-07-16,Maize,4,Mysuru,Local,Mysuru APMC,2454,2454,2454,Karnataka,Local,2026,7,3
2026-07-23,Rice,3,Mysuru,Local,Mysuru APMC,2985,2985,2985,Karnataka,Broken Rice,2026,7,3
2026-08-01,Rice,3,Mysuru,Local,Mysuru APMC,2700,2695,2695,Karnataka,Broken Rice,2026,8,5
2026-08-04,Rice,3,Mysuru,Small,T. Narasipura APMC,2400,2400,2400,Karnataka,Broken Rice,2026,8,1
2026-08-06,Rice,3,Mysuru,Local,Mysuru APMC,2920,2920,2920,Karnataka,Broken Rice,2026,8,3
2026-08-06,Maize,4,Mysuru,FAQ,K.R.Nagar APMC,1800,1800,1800,Karnataka,Local,2026,8,3
2026-08-03,Maize,4,Mysuru,FAQ,K.R.Nagar APMC,2000,2000,2000,Karnataka,Local,2026,8,0
2026-08-01,Rice,3,Mysuru,Small,T. Narasipura APMC,2500,2400,2500,Karnataka,Other,2026,8,5
2026-08-02,Rice,3,Mysuru,Small,T. Narasipura APMC,2500,2500,2500,Karnataka,Other,2026,8,6
2026-07-23,Brinjal,35,Mysuru,Local,Nanjangud APMC,3703,2380,2777,Karnataka,Brinjal,2026,7,3
2026-07-31,Brinjal,35,Mysuru,Medium,Mysuru APMC,2500,2300,2400,Karnataka,Brinjal,2026,7,4
2026-07-30,Brinjal,35,Mysuru,Local,Nanjangud APMC,3703,3030,3333,Karnataka,Brinjal,2026,7,3
2026-08-01,Brinjal,35,Mysuru,Local,Nanjangud APMC,3030,2380,2777,Karnataka,Brinjal,2026,8,5
2026-08-05,Brinjal,35,Mysuru,Medium,Mysuru APMC,2500,2300,2400,Karnataka,Brinjal,2026,8,2
2026-08-07,Brinjal,35,Mysuru,Medium,Mysuru APMC,2200,2000,2100,Karnataka,Brinjal,2026,8,4
2026-07-08,Brinjal,35,Mysuru,Medium,Mysuru APMC,2200,2000,2100,Karnataka,Round,2026,7,2
2026-07-09,Brinjal,35,Mysuru,Medium,Mysuru APMC,2000,1800,1900,Karnataka,Round,2026,7,3
2026-07-20,Brinjal,35,Mysuru,Medium,Mysuru APMC,2000,1800,1900,Karnataka,Round,2026,7,0
2026-07-22,Brinjal,35,Mysuru,Medium,Mysuru APMC,1500,1300,1400,Karnataka,Round,2026,7,2
2026-07-24,Brinjal,35,Mysuru,Medium,Mysuru APMC,1800,1600,1700,Karnataka,Round,2026,7,4
2026-07-28,Brinjal,35,Mysuru,Medium,Mysuru APMC,1500,1300,1400,Karnataka,Round,2026,7,1
2026-07-27,Brinjal,35,Mysuru,Medium,Mysuru APMC,1700,1500,1600,Karnataka,Round,2026,7,0
2026-07-31,Brinjal,35,Mysuru,Medium,Mysuru APMC,1200,1000,1100,Karnataka,Round,2026,7,4
2026-07-29,Brinjal,35,Mysuru,Medium,Mysuru APMC,1300,1100,1200,Karnataka,Round,2026,7,2
2026-07-30,Brinjal,35,Mysuru,Medium,Mysuru APMC,1000,800,900,Karnataka,Round,2026,7,3
2026-08-06,Brinjal,35,Mysuru,Medium,Mysuru APMC,1700,1500,1600,Karnataka,Round,2026,8,3
2026-07-13,Carrot,153,Mysuru,Medium,Mysuru APMC,5000,4800,4900,Karnataka,Carrot,2026,7,0
2026-07-13,Carrot,153,Mysuru,Local,Nanjangud APMC,3333,2380,2777,Karnataka,Carrot,2026,7,0
2026-07-15,Carrot,153,Mysuru,Local,Nanjangud APMC,3703,3030,3333,Karnataka,Carrot,2026,7,2
2026-07-21,Carrot,153,Mysuru,Medium,Mysuru APMC,5500,5200,5300,Karnataka,Carrot,2026,7,1
2026-07-14,Cabbage,154,Mysuru,Medium,Mysuru APMC,1800,1600,1700,Karnataka,Cabbage,2026,7,1
2026-07-28,Cabbage,154,Mysuru,Medium,Mysuru APMC,1800,1600,1700,Karnataka,Cabbage,2026,7,1
2026-07-26,Cabbage,154,Mysuru,Medium,Mysuru APMC,1800,1600,1700,Karnataka,Cabbage,2026,7,6
2026-07-30,Cabbage,154,Mysuru,Medium,Mysuru APMC,1500,1300,1400,Karnataka,Cabbage,2026,7,3
2026-08-02,Cabbage,154,Mysuru,Medium,Mysuru APMC,1200,1000,1100,Karnataka,Cabbage,2026,8,6
2026-08-04,Cabbage,154,Mysuru,Medium,Mysuru APMC,1200,1000,1100,Karnataka,Cabbage,2026,8,1
2026-08-06,Cabbage,154,Mysuru,Medium,Mysuru APMC,1200,1000,1100,Karnataka,Cabbage,2026,8,3
2026-07-21,Carrot,153,Mysuru,Local,Nanjangud APMC,4166,2308,3700,Karnataka,Carrot,2026,7,1
2026-07-27,Carrot,153,Mysuru,Local,Nanjangud APMC,3703,3030,3333,Karnataka,Carrot,2026,7,0
2026-08-05,Carrot,153,Mysuru,Medium,Mysuru APMC,5000,4800,4900,Karnataka,Carrot,2026,8,2
2026-08-03,Carrot,153,Mysuru,Local,Nanjangud APMC,3703,3030,3333,Karnataka,Carrot,2026,8,0
2026-07-19,Cabbage,154,Mysuru,Medium,Mysuru APMC,2400,2000,2300,Karnataka,Cabbage,2026,7,6
2026-05-18,Cabbage,154,Mysuru,Medium,Mysuru APMC,2000,1500,1800,Karnataka,Cabbage,2026,5,0
2026-05-29,Cabbage,154,Mysuru,Medium,Mysuru APMC,3000,2500,2800,Karnataka,Cabbage,2026,5,4
2026-05-04,Tomato,78,Mysuru,Grade Range-1,Mysuru APMC,3500,3300,3400,Karnataka,Tomato,2026,5,0
2026-05-06,Tomato,78,Mysuru,Local,Nanjangud APMC,4166,3333,3700,Karnataka,Tomato,2026,5,2
2026-05-06,Tomato,78,Mysuru,Grade Range-1,Mysuru APMC,3700,3500,3600,Karnataka,Tomato,2026,5,2
2026-05-11,Tomato,78,Mysuru,Medium,Mysuru APMC,2800,2600,2700,Karnataka,Tomato,2026,5,0
2026-05-12,Tomato,78,Mysuru,Local,Nanjangud APMC,5555,3030,3703,Karnataka,Tomato,2026,5,1
2026-05-15,Tomato,78,Mysuru,Medium,Mysuru APMC,3000,2800,2900,Karnataka,Tomato,2026,5,4
2026-05-15,Tomato,78,Mysuru,Local,Nanjangud APMC,6666,3030,4166,Karnataka,Tomato,2026,5,4
2026-05-19,Tomato,78,Mysuru,Local,Nanjangud APMC,5555,3030,4166,Karnataka,Tomato,2026,5,1
2026-05-20,Tomato,78,Mysuru,Medium,Mysuru APMC,3300,3100,3200,Karnataka,Tomato,2026,5,2
2026-05-19,Tomato,78,Mysuru,Medium,Mysuru APMC,3300,3100,3200,Karnataka,Tomato,2026,5,1
2026-05-22,Tomato,78,Mysuru,Local,Nanjangud APMC,6666,3700,4166,Karnataka,Tomato,2026,5,4
2026-05-24,Tomato,78,Mysuru,Medium,Mysuru APMC,3500,3300,3400,Karnataka,Tomato,2026,5,6
2026-05-30,Tomato,78,Mysuru,Local,Nanjangud APMC,4666,2380,3703,Karnataka,Tomato,2026,5,5
2026-05-27,Tomato,78,Mysuru,Medium,Mysuru APMC,3200,3000,3100,Karnataka,Tomato,2026,5,2
2026-05-28,Tomato,78,Mysuru,Medium,Mysuru APMC,3200,3000,3100,Karnataka,Tomato,2026,5,3
2026-05-06,Potato,24,Mysuru,Local,Nanjangud APMC,4166,3700,4000,Karnataka,Potato,2026,5,2
2026-05-18,Potato,24,Mysuru,Local,Nanjangud APMC,4166,3030,3333,Karnataka,Potato,2026,5,0
2026-05-19,Potato,24,Mysuru,Local,Nanjangud APMC,4166,3333,3703,Karnataka,Potato,2026,5,1
2026-05-16,Potato,24,Mysuru,Local,Mysuru APMC,1300,1000,1100,Karnataka,Potato,2026,5,5
2026-05-19,Potato,24,Mysuru,Local,Mysuru APMC,1300,1000,1100,Karnataka,Potato,2026,5,1
2026-05-22,Potato,24,Mysuru,Local,Nanjangud APMC,2777,2380,2564,Karnataka,Potato,2026,5,4
2026-05-30,Potato,24,Mysuru,Local,Mysuru APMC,1200,1000,1000,Karnataka,Potato,2026,5,5
2026-05-22,Carrot,153,Mysuru,Local,Nanjangud APMC,3703,3030,3333,Karnataka,Carrot,2026,5,4
2026-05-28,Carrot,153,Mysuru,Medium,Mysuru APMC,3000,2800,2900,Karnataka,Carrot,2026,5,3
2026-05-13,Carrot,153,Mysuru,Small,T. Narasipura APMC,2000,1500,2000,Karnataka,Carrot,2026,5,2
2026-05-01,Carrot,153,Mysuru,Grade Range-1,Mysuru APMC,2500,2300,2400,Karnataka,Carrot,2026,5,4
2026-05-07,Carrot,153,Mysuru,Grade Range-1,Mysuru APMC,3600,3400,3500,Karnataka,Carrot,2026,5,3
2026-05-08,Carrot,153,Mysuru,Medium,Mysuru APMC,2300,2100,2200,Karnataka,Carrot,2026,5,4
2026-05-11,Carrot,153,Mysuru,Medium,Mysuru APMC,3500,3300,3400,Karnataka,Carrot,2026,5,0
2026-05-14,Carrot,153,Mysuru,Local,Nanjangud APMC,4166,3030,3333,Karnataka,Carrot,2026,5,3
2026-05-12,Carrot,153,Mysuru,Medium,Mysuru APMC,3800,3600,3700,Karnataka,Carrot,2026,5,1
2026-05-13,Carrot,153,Mysuru,Medium,Mysuru APMC,3800,3600,3700,Karnataka,Carrot,2026,5,2
2026-05-07,Carrot,153,Mysuru,Small,T. Narasipura APMC,2000,1500,2000,Karnataka,Carrot,2026,5,3
2026-05-18,Carrot,153,Mysuru,Local,Nanjangud APMC,3703,3030,3333,Karnataka,Carrot,2026,5,0
2026-05-21,Carrot,153,Mysuru,Local,Nanjangud APMC,4166,2308,3700,Karnataka,Carrot,2026,5,3
2026-05-02,Rice,3,Mysuru,Grade Range-1,Mysuru APMC,2400,1990,1990,Karnataka,Fine,2026,5,5
2026-05-14,Rice,3,Mysuru,Local,Mysuru APMC,4900,4900,4900,Karnataka,Fine,2026,5,3
2026-05-20,Rice,3,Mysuru,Local,Mysuru APMC,7750,7750,7750,Karnataka,Fine,2026,5,2
2026-05-13,Mango,20,Mysuru,Local,Mysuru APMC,5200,4000,5000,Karnataka,Other,2026,5,2
2026-05-15,Mango,20,Mysuru,Local,Mysuru APMC,5230,4000,5000,Karnataka,Other,2026,5,4
2026-05-12,Mango,20,Mysuru,Local,Mysuru APMC,5200,5000,5200,Karnataka,Other,2026,5,1
2026-05-27,Mango,20,Mysuru,Local,Mysuru APMC,3777,2100,3333,Karnataka,Other,2026,5,2
2026-06-30,Maize,4,Mysuru,FAQ,Periyapatna APMC,2350,2350,2350,Karnataka,Hybrid/Local,2026,6,1
2026-06-04,Maize,4,Mysuru,FAQ,K.R.Nagar APMC,1900,1900,1900,Karnataka,Local,2026,6,3
2026-06-06,Maize,4,Mysuru,Grade Range-1,Mysuru APMC,1950,1950,1950,Karnataka,Local,2026,6,5
2026-06-25,Rice,3,Mysuru,Local,Mysuru APMC,7250,1990,4671,Karnataka,Fine,2026,6,3
2026-06-19,Maize,4,Mysuru,FAQ,K.R.Nagar APMC,1700,1700,1700,Karnataka,Local,2026,6,4
2026-06-30,Maize,4,Mysuru,Non-FAQ,Santhesargur APMC,2300,1700,1700,Karnataka,Local,2026,6,1
2026-06-30,Maize,4,Mysuru,FAQ,K.R.Nagar APMC,1900,1900,1900,Karnataka,Local,2026,6,1
2026-06-02,Cabbage,154,Mysuru,Medium,Mysuru APMC,3000,2500,2800,Karnataka,Cabbage,2026,6,1
2026-06-09,Cabbage,154,Mysuru,Medium,Mysuru APMC,3200,2600,3000,Karnataka,Cabbage,2026,6,1
2026-06-15,Cabbage,154,Mysuru,Medium,Mysuru APMC,2900,2300,2600,Karnataka,Cabbage,2026,6,0
2026-06-12,Cabbage,154,Mysuru,Medium,Mysuru APMC,3200,2500,3000,Karnataka,Cabbage,2026,6,4
2026-06-12,Maize,4,Mysuru,FAQ,K.R.Nagar APMC,1900,1900,1900,Karnataka,Local,2026,6,4
2026-06-02,Rice,3,Mysuru,Local,Mysuru APMC,7750,3650,3700,Karnataka,Fine,2026,6,1
2026-06-10,Rice,3,Mysuru,Local,Mysuru APMC,7470,3600,6638,Karnataka,Fine,2026,6,2
2026-06-22,Rice,3,Mysuru,Local,Mysuru APMC,2400,2400,2400,Karnataka,Fine,2026,6,0
2026-06-08,Rice,3,Mysuru,Local,Mysuru APMC,2595,2530,2530,Karnataka,Broken Rice,2026,6,0
2026-06-18,Rice,3,Mysuru,Medium,Hunsur APMC,2080,2080,2080,Karnataka,Broken Rice,2026,6,3
2026-06-15,Potato,24,Mysuru,Local,Mysuru APMC,1200,1000,1000,Karnataka,Potato,2026,6,0
2026-06-15,Potato,24,Mysuru,Local,Nanjangud APMC,4166,3030,3333,Karnataka,Potato,2026,6,0
2026-06-23,Potato,24,Mysuru,Local,Nanjangud APMC,3333,2380,3030,Karnataka,Potato,2026,6,1
2026-06-30,Potato,24,Mysuru,Local,Nanjangud APMC,3333,3030,3030,Karnataka,Potato,2026,6,1
2026-06-05,Onion,23,Mysuru,Local,Mysuru APMC,1800,800,1400,Karnataka,Other,2026,6,4
2026-06-08,Onion,23,Mysuru,Local,Mysuru APMC,1900,800,1500,Karnataka,Other,2026,6,0
2026-06-11,Onion,23,Mysuru,Local,Mysuru APMC,1900,800,1500,Karnataka,Other,2026,6,3
2026-06-03,Potato,24,Mysuru,Small,T. Narasipura APMC,2000,1500,2000,Karnataka,Other,2026,6,2
2026-06-05,Potato,24,Mysuru,Small,T. Narasipura APMC,2000,1500,2000,Karnataka,Other,2026,6,4
2026-06-05,Potato,24,Mysuru,Local,Nanjangud APMC,3333,2380,2777,Karnataka,Potato,2026,6,4
2026-06-05,Potato,24,Mysuru,Local,Mysuru APMC,1200,1000,1000,Karnataka,Potato,2026,6,4
2026-06-09,Potato,24,Mysuru,Local,Nanjangud APMC,4166,3030,3333,Karnataka,Potato,2026,6,1
2026-06-22,Onion,23,Mysuru,Local,Mysuru APMC,2600,2200,2400,Karnataka,Other,2026,6,0
2026-06-17,Onion,23,Mysuru,Local,Mysuru APMC,1800,800,1400,Karnataka,Other,2026,6,2
2026-06-23,Onion,23,Mysuru,Local,Mysuru APMC,2300,1800,2000,Karnataka,Other,2026,6,1
2026-06-25,Onion,23,Mysuru,Local,Mysuru APMC,2500,1800,2100,Karnataka,Other,2026,6,3
2026-06-01,Brinjal,35,Mysuru,Local,Nanjangud APMC,2564,2083,2083,Karnataka,Brinjal,2026,6,0
2026-06-04,Brinjal,35,Mysuru,Local,Nanjangud APMC,3030,2083,2564,Karnataka,Brinjal,2026,6,3
2026-06-21,Brinjal,35,Mysuru,Medium,Mysuru APMC,3200,3000,3100,Karnataka,Brinjal,2026,6,6
2026-06-22,Brinjal,35,Mysuru,Medium,Mysuru APMC,3200,3000,3100,Karnataka,Brinjal,2026,6,0
2026-06-26,Brinjal,35,Mysuru,Medium,Mysuru APMC,2500,2300,2400,Karnataka,Brinjal,2026,6,4
2026-06-03,Brinjal,35,Mysuru,Small,T. Narasipura APMC,2000,1500,2000,Karnataka,Brinjal,2026,6,2
2026-06-05,Brinjal,35,Mysuru,Small,T. Narasipura APMC,2000,1500,2000,Karnataka,Brinjal,2026,6,4
2026-06-06,Brinjal,35,Mysuru,Small,T. Narasipura APMC,2000,1500,2000,Karnataka,Brinjal,2026,6,5
2026-06-08,Brinjal,35,Mysuru,Small,T. Narasipura APMC,2000,1500,2000,Karnataka,Brinjal,2026,6,0
2026-06-12,Brinjal,35,Mysuru,Medium,Mysuru APMC,3200,3000,3100,Karnataka,Brinjal,2026,6,4
2026-06-16,Brinjal,35,Mysuru,Local,Nanjangud APMC,4166,2380,3030,Karnataka,Brinjal,2026,6,1
2026-06-03,Carrot,153,Mysuru,Local,Nanjangud APMC,3333,2083,2777,Karnataka,Carrot,2026,6,2
2026-06-02,Carrot,153,Mysuru,Local,Nanjangud APMC,3703,3030,3030,Karnataka,Carrot,2026,6,1
2026-06-04,Carrot,153,Mysuru,Medium,Mysuru APMC,5000,4800,4900,Karnataka,Carrot,2026,6,3
2026-06-10,Carrot,153,Mysuru,Medium,Mysuru APMC,6000,5800,5900,Karnataka,Carrot,2026,6,2
2026-06-16,Carrot,153,Mysuru,Medium,Mysuru APMC,5500,5300,5400,Karnataka,Carrot,2026,6,1
2026-06-22,Carrot,153,Mysuru,Local,Nanjangud APMC,3703,3030,3333,Karnataka,Carrot,2026,6,0
2026-06-19,Carrot,153,Mysuru,Medium,Mysuru APMC,6500,6300,6400,Karnataka,Carrot,2026,6,4
2026-06-24,Carrot,153,Mysuru,Local,Nanjangud APMC,3333,2380,2777,Karnataka,Carrot,2026,6,2
2026-06-24,Carrot,153,Mysuru,Medium,Mysuru APMC,5500,5300,5400,Karnataka,Carrot,2026,6,2
2026-06-02,Tomato,78,Mysuru,Medium,Mysuru APMC,3300,3100,3200,Karnataka,Tomato,2026,6,1
2026-06-03,Tomato,78,Mysuru,Medium,Mysuru APMC,3300,3100,3200,Karnataka,Tomato,2026,6,2
2026-06-05,Tomato,78,Mysuru,Medium,Mysuru APMC,3200,3000,3100,Karnataka,Tomato,2026,6,4
2026-06-10,Tomato,78,Mysuru,Medium,Mysuru APMC,3500,3300,3400,Karnataka,Tomato,2026,6,2
2026-06-12,Tomato,78,Mysuru,Medium,Mysuru APMC,3500,3300,3400,Karnataka,Tomato,2026,6,4
2026-06-16,Tomato,78,Mysuru,Medium,Mysuru APMC,3000,2800,2900,Karnataka,Tomato,2026,6,1
2026-06-15,Tomato,78,Mysuru,Local,Nanjangud APMC,5555,3030,3703,Karnataka,Tomato,2026,6,0
2026-06-23,Tomato,78,Mysuru,Medium,Mysuru APMC,1700,1500,1600,Karnataka,Tomato,2026,6,1
2026-06-20,Tomato,78,Mysuru,Local,Nanjangud APMC,5555,3030,4166,Karnataka,Tomato,2026,6,5
2026-06-24,Tomato,78,Mysuru,Local,Nanjangud APMC,4666,3700,4166,Karnataka,Tomato,2026,6,2
2026-06-08,Onion,23,Mysuru,Small,T. Narasipura APMC,2000,1300,2000,Karnataka,Onion,2026,6,0
2026-06-10,Onion,23,Mysuru,Small,T. Narasipura APMC,2000,1500,2000,Karnataka,Onion,2026,6,2
2026-06-02,Potato,24,Mysuru,Local,Nanjangud APMC,3333,2380,3030,Karnataka,Potato,2026,6,1
2026-06-03,Potato,24,Mysuru,Local,Nanjangud APMC,3333,2380,2777,Karnataka,Potato,2026,6,2
2026-06-03,Potato,24,Mysuru,Local,Mysuru APMC,1200,1000,1000,Karnataka,Potato,2026,6,2
2026-06-01,Mango,20,Mysuru,Local,Mysuru APMC,4000,2000,3000,Karnataka,Other,2026,6,0
2026-06-04,Mango,20,Mysuru,Local,Mysuru APMC,3030,2000,3000,Karnataka,Other,2026,6,3
2026-06-05,Mango,20,Mysuru,Local,Mysuru APMC,4000,2000,3000,Karnataka,Other,2026,6,4
2026-06-08,Mango,20,Mysuru,Local,Mysuru APMC,3090,2650,3030,Karnataka,Other,2026,6,0
2026-06-12,Mango,20,Mysuru,Local,Mysuru APMC,3553,2625,3000,Karnataka,Other,2026,6,4
2026-06-22,Mango,20,Mysuru,Local,Mysuru APMC,3625,2200,2500,Karnataka,Other,2026,6,0
2026-06-19,Mango,20,Mysuru,Local,Mysuru APMC,3450,2800,3333,Karnataka,Other,2026,6,4
2026-06-20,Mango,20,Mysuru,Local,Mysuru APMC,3333,2500,3280,Karnataka,Other,2026,6,5
2026-06-29,Mango,20,Mysuru,Local,Mysuru APMC,3800,2500,3000,Karnataka,Other,2026,6,0
2026-06-10,Brinjal,35,Mysuru,Medium,Mysuru APMC,3000,2800,2900,Karnataka,Round,2026,6,2
2026-06-14,Brinjal,35,Mysuru,Medium,Mysuru APMC,2800,2600,2700,Karnataka,Round,2026,6,6
2026-06-08,Brinjal,35,Mysuru,Local,Nanjangud APMC,4166,2380,3030,Karnataka,Brinjal,2026,6,0
2026-06-09,Brinjal,35,Mysuru,Medium,Mysuru APMC,3200,3000,3100,Karnataka,Brinjal,2026,6,1
2026-06-02,Brinjal,35,Mysuru,Medium,Mysuru APMC,3000,2800,2900,Karnataka,Round,2026,6,1
2026-06-03,Brinjal,35,Mysuru,Medium,Mysuru APMC,3000,2800,2900,Karnataka,Round,2026,6,2
2026-06-05,Brinjal,35,Mysuru,Medium,Mysuru APMC,3000,2800,2900,Karnataka,Round,2026,6,4
2026-06-22,Brinjal,35,Mysuru,Medium,Mysuru APMC,3200,3000,3100,Karnataka,Round,2026,6,0
2026-07-08,Tomato,78,Mysuru,Medium,Mysuru APMC,1300,1100,1200,Karnataka,Tomato,2026,7,2
2026-07-09,Tomato,78,Mysuru,Medium,Mysuru APMC,1100,900,1000,Karnataka,Tomato,2026,7,3
2026-07-08,Tomato,78,Mysuru,Local,Nanjangud APMC,4666,3700,4166,Karnataka,Tomato,2026,7,2
2026-07-14,Tomato,78,Mysuru,Medium,Mysuru APMC,1400,1200,1300,Karnataka,Tomato,2026,7,1
2026-07-14,Tomato,78,Mysuru,Local,Nanjangud APMC,5555,3030,4166,Karnataka,Tomato,2026,7,1
2026-07-15,Tomato,78,Mysuru,Medium,Mysuru APMC,1500,1300,1400,Karnataka,Tomato,2026,7,2
2026-07-09,Brinjal,35,Mysuru,Medium,Mysuru APMC,2000,1800,1900,Karnataka,Brinjal,2026,7,3
2026-07-12,Brinjal,35,Mysuru,Medium,Mysuru APMC,1800,1600,1700,Karnataka,Brinjal,2026,7,6
2026-07-14,Brinjal,35,Mysuru,Medium,Mysuru APMC,2000,1800,1900,Karnataka,Brinjal,2026,7,1
2026-07-18,Brinjal,35,Mysuru,Local,Nanjangud APMC,3703,3030,3333,Karnataka,Brinjal,2026,7,5
2026-07-21,Brinjal,35,Mysuru,Medium,Mysuru APMC,2000,1800,1900,Karnataka,Brinjal,2026,7,1
2026-07-23,Onion,23,Mysuru,Medium,Mysuru APMC,3000,2400,2700,Karnataka,Other,2026,7,3
2026-08-05,Onion,23,Mysuru,Medium,Mysuru APMC,3000,1000,2800,Karnataka,Other,2026,8,2
2026-07-06,Onion,23,Mysuru,Local,Mysuru APMC,3400,1300,2500,Karnataka,Other,2026,7,0
2026-07-07,Onion,23,Mysuru,Local,Mysuru APMC,3400,1300,2500,Karnataka,Other,2026,7,1
2026-07-08,Onion,23,Mysuru,Local,Mysuru APMC,3400,1300,2500,Karnataka,Other,2026,7,2
2026-07-17,Onion,23,Mysuru,Local,Mysuru APMC,3000,2500,2700,Karnataka,Other,2026,7,4
2026-07-04,Brinjal,35,Mysuru,Local,Nanjangud APMC,3703,3030,3333,Karnataka,Brinjal,2026,7,5
2026-07-01,Brinjal,35,Mysuru,Medium,Mysuru APMC,1800,1600,1700,Karnataka,Brinjal,2026,7,2
2026-07-24,Brinjal,35,Mysuru,Medium,Mysuru APMC,2200,2000,2100,Karnataka,Brinjal,2026,7,4
2026-07-26,Brinjal,35,Mysuru,Medium,Mysuru APMC,2400,2200,2300,Karnataka,Brinjal,2026,7,6
2026-08-06,Brinjal,35,Mysuru,Local,Nanjangud APMC,3703,3030,3333,Karnataka,Brinjal,2026,8,3
2026-07-17,Maize,4,Mysuru,FAQ,K.R.Nagar APMC,2000,2000,2000,Karnataka,Local,2026,7,4
2026-07-21,Maize,4,Mysuru,Local,Mysuru APMC,2000,2000,2000,Karnataka,Local,2026,7,1
2026-07-16,Rice,3,Mysuru,Small,T. Narasipura APMC,2600,2600,2600,Karnataka,Other,2026,7,3
2026-07-29,Maize,4,Mysuru,FAQ,K.R.Nagar APMC,2000,2000,2000,Karnataka,Local,2026,7,2
2026-07-27,Maize,4,Mysuru,FAQ,K.R.Nagar APMC,2000,2000,2000,Karnataka,Local,2026,7,0
2026-08-06,Maize,4,Mysuru,Local,Mysuru APMC,2200,2200,2200,Karnataka,Local,2026,8,3
2026-07-22,Rice,3,Mysuru,Small,T. Narasipura APMC,3530,2500,2500,Karnataka,Other,2026,7,2
2026-07-07,Mango,20,Mysuru,Local,Mysuru APMC,3555,2750,3333,Karnataka,Other,2026,7,1
2026-07-31,Mango,20,Mysuru,Medium,Mysuru APMC,2950,2800,2930,Karnataka,Other,2026,7,4
2026-07-09,Onion,23,Mysuru,Medium,Hunsur APMC,2220,2040,2220,Karnataka,Bombay (U.P.),2026,7,3
2026-07-22,Onion,23,Mysuru,Small,Hunsur APMC,1983,1983,1983,Karnataka,Bombay (U.P.),2026,7,2
2026-08-01,Onion,23,Mysuru,Medium,Hunsur APMC,2000,2000,2000,Karnataka,Bombay (U.P.),2026,8,5
2026-07-15,Rice,3,Mysuru,Local,Mysuru APMC,15471,15471,15471,Karnataka,Basmati,2026,7,2
2026-07-19,Rice,3,Mysuru,Small,T. Narasipura APMC,2400,2400,2400,Karnataka,Broken Rice,2026,7,6
2026-07-20,Rice,3,Mysuru,Local,Mysuru APMC,2690,2690,2690,Karnataka,Broken Rice,2026,7,0
2026-07-29,Rice,3,Mysuru,Small,T. Narasipura APMC,2200,2200,2200,Karnataka,Broken Rice,2026,7,2
2026-08-01,Rice,3,Mysuru,Small,T. Narasipura APMC,2400,2400,2400,Karnataka,Broken Rice,2026,8,5
2026-08-02,Rice,3,Mysuru,Small,T. Narasipura APMC,2400,2400,2400,Karnataka,Broken Rice,2026,8,6
2026-07-01,Maize,4,Mysuru,Non-FAQ,T. Narasipura APMC,2650,2650,2650,Karnataka,Yellow,2026,7,2
2026-07-16,Tomato,78,Mysuru,Medium,Mysuru APMC,1500,1300,1400,Karnataka,Tomato,2026,7,3
2026-07-17,Tomato,78,Mysuru,Medium,Mysuru APMC,1500,1300,1400,Karnataka,Tomato,2026,7,4
2026-07-22,Tomato,78,Mysuru,Medium,Hunsur APMC,2000,2000,2000,Karnataka,Tomato,2026,7,2
2026-07-24,Tomato,78,Mysuru,Local,Nanjangud APMC,5555,3030,4166,Karnataka,Tomato,2026,7,4
2026-07-31,Tomato,78,Mysuru,Medium,Mysuru APMC,800,600,700,Karnataka,Tomato,2026,7,4
2026-07-31,Tomato,78,Mysuru,Local,Nanjangud APMC,6666,3700,4166,Karnataka,Tomato,2026,7,4
2026-07-29,Tomato,78,Mysuru,Medium,Mysuru APMC,800,600,700,Karnataka,Tomato,2026,7,2
2026-08-01,Tomato,78,Mysuru,Local,Nanjangud APMC,6666,3030,4166,Karnataka,Tomato,2026,8,5
2026-08-03,Tomato,78,Mysuru,Local,Nanjangud APMC,6666,3700,4166,Karnataka,Tomato,2026,8,0
2026-08-05,Tomato,78,Mysuru,Local,Nanjangud APMC,4166,3030,3703,Karnataka,Tomato,2026,8,2
2026-07-10,Potato,24,Mysuru,Local,Nanjangud APMC,3333,3030,3030,Karnataka,Potato,2026,7,4
2026-07-13,Potato,24,Mysuru,Local,Nanjangud APMC,3333,3030,3030,Karnataka,Potato,2026,7,0
2026-07-15,Potato,24,Mysuru,Local,Nanjangud APMC,2777,2380,2564,Karnataka,Potato,2026,7,2
2026-07-17,Potato,24,Mysuru,Local,Mysuru APMC,1500,1200,1300,Karnataka,Potato,2026,7,4
2026-08-04,Potato,24,Mysuru,Local,Nanjangud APMC,3703,3030,3333,Karnataka,Potato,2026,8,1
2026-08-05,Potato,24,Mysuru,Local,Nanjangud APMC,6666,3700,4166,Karnataka,Potato,2026,8,2
2026-08-06,Potato,24,Mysuru,Local,Nanjangud APMC,4166,3030,3333,Karnataka,Potato,2026,8,3
2026-07-13,Rice,3,Mysuru,Local,Mysuru APMC,15474,15474,15474,Karnataka,Basmati,2026,7,0
2026-07-24,Rice,3,Mysuru,Local,Mysuru APMC,9400,9400,9400,Karnataka,Basmati,2026,7,4
2026-07-13,Rice,3,Mysuru,Small,T. Narasipura APMC,2400,2400,2400,Karnataka,Broken Rice,2026,7,0
2026-07-04,Rice,3,Mysuru,Local,Mysuru APMC,3430,3430,3430,Karnataka,Fine,2026,7,5
2026-07-10,Rice,3,Mysuru,Local,Mysuru APMC,4075,4075,4075,Karnataka,Fine,2026,7,4
2026-07-12,Rice,3,Mysuru,Local,Mysuru APMC,7100,2400,2400,Karnataka,Fine,2026,7,6
2026-07-14,Rice,3,Mysuru,Local,Mysuru APMC,8120,2400,2400,Karnataka,Fine,2026,7,1
2026-07-07,Maize,4,Mysuru,FAQ,Periyapatna APMC,2380,2380,2380,Karnataka,Hybrid/Local,2026,7,1
2026-07-14,Maize,4,Mysuru,FAQ,Periyapatna APMC,2300,2300,2300,Karnataka,Hybrid/Local,2026,7,1
2026-07-01,Maize,4,Mysuru,FAQ,K.R.Nagar APMC,1900,1900,1900,Karnataka,Local,2026,7,2
2026-07-22,Rice,3,Mysuru,Local,Mysuru APMC,8743,3800,3831,Karnataka,Fine,2026,7,2
2026-07-27,Rice,3,Mysuru,Local,Mysuru APMC,8414,8065,8065,Karnataka,Fine,2026,7,0
2026-07-30,Rice,3,Mysuru,Small,Santhesargur APMC,2930,2920,2920,Karnataka,IR 20,2026,7,3
2026-07-08,Maize,4,Mysuru,FAQ,Hunsur APMC,2600,2600,2600,Karnataka,Local,2026,7,2
2026-07-08,Maize,4,Mysuru,FAQ,K.R.Nagar APMC,2000,2000,2000,Karnataka,Local,2026,7,2
2026-07-12,Maize,4,Mysuru,FAQ,K.R.Nagar APMC,1900,1900,1900,Karnataka,Local,2026,7,6
2026-07-06,Brinjal,35,Mysuru,Medium,Mysuru APMC,2000,1800,1900,Karnataka,Round,2026,7,0
2026-07-17,Brinjal,35,Mysuru,Medium,Mysuru APMC,1800,1600,1700,Karnataka,Round,2026,7,4
2026-07-17,Cabbage,154,Mysuru,Medium,Mysuru APMC,2100,1900,2000,Karnataka,Cabbage,2026,7,4
2026-07-22,Cabbage,154,Mysuru,Medium,Mysuru APMC,2500,2200,2300,Karnataka,Cabbage,2026,7,2
2026-07-27,Cabbage,154,Mysuru,Medium,Mysuru APMC,1800,1600,1700,Karnataka,Cabbage,2026,7,0
2026-07-29,Cabbage,154,Mysuru,Medium,Mysuru APMC,1600,1400,1500,Karnataka,Cabbage,2026,7,2
2026-07-14,Carrot,153,Mysuru,Local,Nanjangud APMC,3703,3333,3333,Karnataka,Carrot,2026,7,1
2026-07-15,Carrot,153,Mysuru,Medium,Mysuru APMC,5000,4800,4900,Karnataka,Carrot,2026,7,2
2026-07-16,Carrot,153,Mysuru,Medium,Mysuru APMC,5500,5200,5300,Karnataka,Carrot,2026,7,3
2026-07-18,Carrot,153,Mysuru,Local,Nanjangud APMC,3333,2380,2777,Karnataka,Carrot,2026,7,5
2026-07-19,Carrot,153,Mysuru,Medium,Mysuru APMC,5500,5300,5400,Karnataka,Carrot,2026,7,6
2026-07-22,Carrot,153,Mysuru,Medium,Mysuru APMC,5000,4800,4900,Karnataka,Carrot,2026,7,2
2026-07-06,Cabbage,154,Mysuru,Medium,Mysuru APMC,1900,1700,1800,Karnataka,Cabbage,2026,7,0
2026-07-24,Carrot,153,Mysuru,Medium,Mysuru APMC,5500,5300,5400,Karnataka,Carrot,2026,7,4
2026-07-27,Carrot,153,Mysuru,Medium,Mysuru APMC,6500,6300,6400,Karnataka,Carrot,2026,7,0
2026-07-23,Carrot,153,Mysuru,Local,Nanjangud APMC,3703,3333,3333,Karnataka,Carrot,2026,7,3
2026-07-29,Carrot,153,Mysuru,Local,Nanjangud APMC,4166,2308,3700,Karnataka,Carrot,2026,7,2
2026-07-31,Carrot,153,Mysuru,Local,Nanjangud APMC,3703,3030,3333,Karnataka,Carrot,2026,7,4
2026-07-30,Carrot,153,Mysuru,Medium,Mysuru APMC,5000,4800,4900,Karnataka,Carrot,2026,7,3
2026-08-03,Carrot,153,Mysuru,Medium,Mysuru APMC,5000,4800,4900,Karnataka,Carrot,2026,8,0
2026-07-12,Cabbage,154,Mysuru,Medium,Mysuru APMC,1600,1400,1500,Karnataka,Cabbage,2026,7,6
2026-07-08,Carrot,153,Mysuru,Medium,Mysuru APMC,5000,4800,4900,Karnataka,Carrot,2026,7,2
2026-07-09,Carrot,153,Mysuru,Medium,Mysuru APMC,5000,4800,4900,Karnataka,Carrot,2026,7,3
2026-07-01,Cabbage,154,Mysuru,Medium,Mysuru APMC,2200,2000,2100,Karnataka,Cabbage,2026,7,2
2026-07-03,Carrot,153,Mysuru,Local,Nanjangud APMC,3703,3030,3333,Karnataka,Carrot,2026,7,4
2026-04-15,Maize,4,Mysuru,Grade Range-1,Mysuru APMC,2000,2000,2000,Karnataka,Local,2026,4,2
2026-04-25,Maize,4,Mysuru,FAQ,K.R.Nagar APMC,1900,1900,1900,Karnataka,Local,2026,4,5
2026-04-02,Maize,4,Mysuru,FAQ,Periyapatna APMC,1800,1700,1750,Karnataka,Hybrid/Local,2026,4,3
2026-04-10,Maize,4,Mysuru,FAQ,Periyapatna APMC,1800,1800,1800,Karnataka,Hybrid/Local,2026,4,4
2026-04-13,Maize,4,Mysuru,FAQ,Periyapatna APMC,1800,1800,1800,Karnataka,Hybrid/Local,2026,4,0
2026-04-01,Maize,4,Mysuru,Grade Range-1,Mysuru APMC,1980,1980,1980,Karnataka,Local,2026,4,2
2026-04-06,Maize,4,Mysuru,Grade Range-1,Mysuru APMC,1581,1581,1581,Karnataka,Local,2026,4,0
2026-04-12,Maize,4,Mysuru,Non-FAQ,T. Narasipura APMC,1800,1800,1800,Karnataka,Yellow,2026,4,6
2026-04-03,Rice,3,Mysuru,Grade Range-1,Mysuru APMC,3430,3430,3430,Karnataka,Fine,2026,4,4
2026-04-08,Rice,3,Mysuru,Grade Range-1,Mysuru APMC,7290,3600,6352,Karnataka,Fine,2026,4,2
2026-04-13,Rice,3,Mysuru,Grade Range-1,Mysuru APMC,7160,7160,7160,Karnataka,Fine,2026,4,0
2026-04-26,Rice,3,Mysuru,Grade Range-1,Mysuru APMC,6700,1990,1990,Karnataka,Fine,2026,4,6
2026-04-27,Rice,3,Mysuru,Grade Range-1,Mysuru APMC,2400,1990,1990,Karnataka,Fine,2026,4,0
2026-04-30,Rice,3,Mysuru,Grade Range-1,Mysuru APMC,2400,1990,1990,Karnataka,Fine,2026,4,3
2026-05-30,Rice,3,Mysuru,Local,Mysuru APMC,8000,2320,5500,Karnataka,Fine,2026,5,5
2026-04-15,Rice,3,Mysuru,Grade Range-1,Mysuru APMC,15298,11659,11659,Karnataka,Basmati,2026,4,2
2026-04-21,Rice,3,Mysuru,Local,Hunsur APMC,1900,1900,1900,Karnataka,Broken Rice,2026,4,1
2026-04-30,Rice,3,Mysuru,Small,Santhesargur APMC,2350,2350,2350,Karnataka,Broken Rice,2026,4,3
2026-04-03,Brinjal,35,Mysuru,Grade Range-1,Mysuru APMC,1400,1200,1300,Karnataka,Round,2026,4,4
2026-04-06,Brinjal,35,Mysuru,Grade Range-1,Mysuru APMC,2000,1800,1900,Karnataka,Round,2026,4,0
2026-04-12,Brinjal,35,Mysuru,Grade Range-1,Mysuru APMC,2600,2400,2500,Karnataka,Round,2026,4,6
2026-04-13,Brinjal,35,Mysuru,Grade Range-1,Mysuru APMC,3000,2800,2900,Karnataka,Round,2026,4,0
2026-04-24,Brinjal,35,Mysuru,Grade Range-1,Mysuru APMC,2700,2500,2600,Karnataka,Round,2026,4,4
2026-04-29,Brinjal,35,Mysuru,Grade Range-1,Mysuru APMC,2000,1800,1900,Karnataka,Round,2026,4,2
2026-04-16,Tomato,78,Mysuru,Local,Nanjangud APMC,3333,2777,3030,Karnataka,Tomato,2026,4,3
2026-04-14,Tomato,78,Mysuru,Grade Range-1,Mysuru APMC,1500,1300,1400,Karnataka,Tomato,2026,4,1
2026-04-17,Tomato,78,Mysuru,Local,Nanjangud APMC,3333,2083,2777,Karnataka,Tomato,2026,4,4
2026-04-20,Tomato,78,Mysuru,Grade Range-1,Mysuru APMC,2000,1800,1900,Karnataka,Tomato,2026,4,0
2026-04-18,Tomato,78,Mysuru,Local,Nanjangud APMC,2777,2380,2564,Karnataka,Tomato,2026,4,5
2026-04-21,Tomato,78,Mysuru,Small,Santhesargur APMC,1383,1383,1383,Karnataka,Tomato,2026,4,1
2026-04-22,Tomato,78,Mysuru,Grade Range-1,Mysuru APMC,3200,3000,3100,Karnataka,Tomato,2026,4,2
2026-04-23,Tomato,78,Mysuru,Grade Range-1,Mysuru APMC,3000,2800,2900,Karnataka,Tomato,2026,4,3
2026-04-24,Tomato,78,Mysuru,Grade Range-1,Mysuru APMC,3300,3100,3200,Karnataka,Tomato,2026,4,4
2026-04-13,Potato,24,Mysuru,Small,T. Narasipura APMC,2000,1500,2000,Karnataka,Other,2026,4,0
2026-04-10,Onion,23,Mysuru,Grade Range-1,Mysuru APMC,1200,700,1000,Karnataka,Other,2026,4,4
2026-04-18,Onion,23,Mysuru,Grade Range-1,Mysuru APMC,1300,700,1000,Karnataka,Other,2026,4,5
2026-04-23,Onion,23,Mysuru,Grade Range-1,Mysuru APMC,1000,700,900,Karnataka,Other,2026,4,3
2026-04-02,Potato,24,Mysuru,Small,T. Narasipura APMC,2000,1500,2000,Karnataka,Other,2026,4,3
2026-04-06,Potato,24,Mysuru,Small,T. Narasipura APMC,2000,1500,2000,Karnataka,Other,2026,4,0
2026-04-08,Potato,24,Mysuru,Small,T. Narasipura APMC,2500,800,2000,Karnataka,Other,2026,4,2
2026-04-21,Cabbage,154,Mysuru,Grade Range-1,Mysuru APMC,1000,700,800,Karnataka,Cabbage,2026,4,1
2026-04-30,Cabbage,154,Mysuru,Grade Range-1,Mysuru APMC,1700,1200,1500,Karnataka,Cabbage,2026,4,3
2026-04-27,Cabbage,154,Mysuru,Grade Range-1,Mysuru APMC,1400,900,1100,Karnataka,Cabbage,2026,4,0
2026-04-28,Cabbage,154,Mysuru,Grade Range-1,Mysuru APMC,1400,1200,1300,Karnataka,Cabbage,2026,4,1
2026-04-29,Cabbage,154,Mysuru,Grade Range-1,Mysuru APMC,1600,1200,1300,Karnataka,Cabbage,2026,4,2
2026-04-01,Brinjal,35,Mysuru,Local,Nanjangud APMC,2222,2083,2083,Karnataka,Brinjal,2026,4,2
2026-04-03,Brinjal,35,Mysuru,Grade Range-1,Mysuru APMC,2500,2300,2400,Karnataka,Brinjal,2026,4,4
2026-04-05,Brinjal,35,Mysuru,Grade Range-1,Mysuru APMC,3000,2800,2900,Karnataka,Brinjal,2026,4,6
2026-04-06,Brinjal,35,Mysuru,Small,T. Narasipura APMC,2000,1500,2000,Karnataka,Brinjal,2026,4,0
2026-04-10,Brinjal,35,Mysuru,Grade Range-1,Mysuru APMC,3000,2800,2900,Karnataka,Brinjal,2026,4,4
2026-04-13,Brinjal,35,Mysuru,Small,T. Narasipura APMC,2000,1500,2000,Karnataka,Brinjal,2026,4,0
2026-04-17,Brinjal,35,Mysuru,Local,Nanjangud APMC,27777,2380,2564,Karnataka,Brinjal,2026,4,4
2026-04-17,Brinjal,35,Mysuru,Grade Range-1,Mysuru APMC,4000,3800,3900,Karnataka,Brinjal,2026,4,4
2026-04-20,Brinjal,35,Mysuru,Grade Range-1,Mysuru APMC,3300,3100,3200,Karnataka,Brinjal,2026,4,0
2026-04-27,Brinjal,35,Mysuru,Local,Nanjangud APMC,3333,3030,3030,Karnataka,Brinjal,2026,4,0
2026-04-29,Brinjal,35,Mysuru,Grade Range-1,Mysuru APMC,2000,1800,1900,Karnataka,Brinjal,2026,4,2
2026-04-03,Potato,24,Mysuru,Grade Range-1,Mysuru APMC,1350,650,1000,Karnataka,Potato,2026,4,4
2026-04-04,Potato,24,Mysuru,Grade Range-1,Mysuru APMC,1300,800,1000,Karnataka,Potato,2026,4,5
2026-04-08,Potato,24,Mysuru,Local,Nanjangud APMC,2083,1851,1851,Karnataka,Potato,2026,4,2
2026-04-21,Potato,24,Mysuru,Local,Nanjangud APMC,3333,3030,3030,Karnataka,Potato,2026,4,1
2026-04-27,Potato,24,Mysuru,Local,Nanjangud APMC,4166,3030,3333,Karnataka,Potato,2026,4,0
2026-04-13,Onion,23,Mysuru,Small,T. Narasipura APMC,2000,1000,2000,Karnataka,Onion,2026,4,0
2026-04-16,Onion,23,Mysuru,Small,T. Narasipura APMC,2000,1500,2000,Karnataka,Onion,2026,4,3
2026-04-28,Onion,23,Mysuru,Grade Range-1,Mysuru APMC,1200,500,850,Karnataka,Other,2026,4,1
2026-04-14,Mango,20,Mysuru,Grade Range-1,Mysuru APMC,5500,4000,5000,Karnataka,Other,2026,4,1
2026-04-17,Mango,20,Mysuru,Grade Range-1,Mysuru APMC,7500,6000,7000,Karnataka,Other,2026,4,4
2026-04-29,Mango,20,Mysuru,Grade Range-1,Mysuru APMC,6000,4000,5000,Karnataka,Other,2026,4,2
2026-04-03,Mango,20,Mysuru,Grade Range-1,Mysuru APMC,6000,4000,5000,Karnataka,Other,2026,4,4
2026-04-04,Carrot,153,Mysuru,Local,Nanjangud APMC,2567,2083,2380,Karnataka,Carrot,2026,4,5
2026-04-16,Carrot,153,Mysuru,Grade Range-1,Mysuru APMC,4200,4000,4100,Karnataka,Carrot,2026,4,3
2026-04-27,Carrot,153,Mysuru,Local,Nanjangud APMC,4200,3333,3333,Karnataka,Carrot,2026,4,0
2026-04-12,Cabbage,154,Mysuru,Grade Range-1,Mysuru APMC,800,600,700,Karnataka,Cabbage,2026,4,6
2026-04-14,Cabbage,154,Mysuru,Grade Range-1,Mysuru APMC,800,600,700,Karnataka,Cabbage,2026,4,1
2026-05-20,Onion,23,Mysuru,Local,Mysuru APMC,1200,500,1000,Karnataka,Other,2026,5,2
2026-05-16,Onion,23,Mysuru,Local,Mysuru APMC,1200,500,1000,Karnataka,Other,2026,5,5
2026-05-05,Potato,24,Mysuru,Local,Nanjangud APMC,5555,3333,4166,Karnataka,Potato,2026,5,1
2026-05-07,Potato,24,Mysuru,Local,Nanjangud APMC,3333,3030,3030,Karnataka,Potato,2026,5,3
2026-05-11,Potato,24,Mysuru,Local,Mysuru APMC,1200,1100,1100,Karnataka,Potato,2026,5,0
2026-05-26,Potato,24,Mysuru,Local,Nanjangud APMC,3333,3030,3030,Karnataka,Potato,2026,5,1
2026-05-25,Potato,24,Mysuru,Local,Mysuru APMC,1200,1000,1000,Karnataka,Potato,2026,5,0
2026-05-27,Onion,23,Mysuru,Local,Mysuru APMC,1800,800,1300,Karnataka,Other,2026,5,2
2026-05-25,Onion,23,Mysuru,Local,Mysuru APMC,1500,800,1300,Karnataka,Other,2026,5,0
2026-05-07,Potato,24,Mysuru,Small,T. Narasipura APMC,1200,1000,1200,Karnataka,Other,2026,5,3
2026-05-12,Maize,4,Mysuru,Non-FAQ,T. Narasipura APMC,1800,1800,1800,Karnataka,Yellow,2026,5,1
2026-05-11,Mango,20,Mysuru,Medium,Mysuru APMC,6000,4000,5000,Karnataka,Other,2026,5,0
2026-05-20,Mango,20,Mysuru,Local,Mysuru APMC,4000,1500,3000,Karnataka,Other,2026,5,2
2026-05-25,Mango,20,Mysuru,Local,Mysuru APMC,2015,2000,2005,Karnataka,Other,2026,5,0
2026-05-26,Mango,20,Mysuru,Local,Mysuru APMC,4000,2000,3000,Karnataka,Other,2026,5,1
2026-05-11,Onion,23,Mysuru,Small,T. Narasipura APMC,2000,1700,2000,Karnataka,Onion,2026,5,0
2026-05-17,Maize,4,Mysuru,FAQ,K.R.Nagar APMC,2100,2100,2100,Karnataka,Local,2026,5,6
2026-05-26,Maize,4,Mysuru,Local,Hunsur APMC,1800,1800,1800,Karnataka,Local,2026,5,1
2026-05-30,Maize,4,Mysuru,Non-FAQ,Santhesargur APMC,2070,2070,2070,Karnataka,Local,2026,5,5
2026-05-28,Maize,4,Mysuru,Grade Range-1,Mysuru APMC,2300,2300,2300,Karnataka,Local,2026,5,3
2026-05-30,Maize,4,Mysuru,FAQ,K.R.Nagar APMC,1900,1900,1900,Karnataka,Local,2026,5,5
2026-05-01,Maize,4,Mysuru,FAQ,Periyapatna APMC,1850,1750,1800,Karnataka,Hybrid/Local,2026,5,4
2026-05-15,Maize,4,Mysuru,FAQ,Periyapatna APMC,1850,1850,1850,Karnataka,Hybrid/Local,2026,5,4
2026-05-04,Rice,3,Mysuru,Grade Range-1,Mysuru APMC,2400,2400,2400,Karnataka,Fine,2026,5,0
2026-05-07,Rice,3,Mysuru,Local,Mysuru APMC,6000,6000,6000,Karnataka,Fine,2026,5,3
2026-05-29,Rice,3,Mysuru,Local,Mysuru APMC,2300,2300,2300,Karnataka,Fine,2026,5,4
2026-05-11,Rice,3,Mysuru,Small,T. Narasipura APMC,2400,2200,2400,Karnataka,Broken Rice,2026,5,0
2026-05-19,Rice,3,Mysuru,Local,Mysuru APMC,2470,2470,2470,Karnataka,Broken Rice,2026,5,1
2026-05-03,Maize,4,Mysuru,Grade Range-1,Mysuru APMC,1900,1900,1900,Karnataka,Local,2026,5,6
2026-05-14,Maize,4,Mysuru,Grade Range-1,Mysuru APMC,2500,2500,2500,Karnataka,Local,2026,5,3
2026-05-13,Maize,4,Mysuru,Grade Range-1,Mysuru APMC,2000,1300,2000,Karnataka,Local,2026,5,2
2026-05-16,Tomato,78,Mysuru,Local,Nanjangud APMC,6066,3700,4166,Karnataka,Hybrid,2026,5,5
2026-05-01,Tomato,78,Mysuru,Grade Range-1,Mysuru APMC,3300,3100,3200,Karnataka,Tomato,2026,5,4
2026-05-04,Tomato,78,Mysuru,Local,Nanjangud APMC,4166,2700,3703,Karnataka,Tomato,2026,5,0
2026-05-14,Tomato,78,Mysuru,Medium,Mysuru APMC,3000,2800,2900,Karnataka,Tomato,2026,5,3
2026-05-22,Tomato,78,Mysuru,Medium,Mysuru APMC,3300,3100,3200,Karnataka,Tomato,2026,5,4
2026-05-31,Tomato,78,Mysuru,Medium,Mysuru APMC,3000,2800,2900,Karnataka,Tomato,2026,5,6
2026-05-29,Tomato,78,Mysuru,Medium,Mysuru APMC,3400,3200,3300,Karnataka,Tomato,2026,5,4
2026-05-13,Brinjal,35,Mysuru,Small,T. Narasipura APMC,2000,1500,2000,Karnataka,Brinjal,2026,5,2
2026-05-14,Brinjal,35,Mysuru,Small,T. Narasipura APMC,2000,1500,2000,Karnataka,Brinjal,2026,5,3
2026-05-05,Brinjal,35,Mysuru,Grade Range-1,Mysuru APMC,1700,1500,1600,Karnataka,Brinjal,2026,5,1
2026-05-05,Brinjal,35,Mysuru,Local,Nanjangud APMC,4166,3333,3700,Karnataka,Brinjal,2026,5,1
2026-05-06,Brinjal,35,Mysuru,Local,Nanjangud APMC,5555,3703,4166,Karnataka,Brinjal,2026,5,2
2026-05-07,Brinjal,35,Mysuru,Grade Range-1,Mysuru APMC,1700,1500,1600,Karnataka,Brinjal,2026,5,3
2026-05-11,Brinjal,35,Mysuru,Local,Nanjangud APMC,3703,3030,3333,Karnataka,Brinjal,2026,5,0
2026-05-08,Brinjal,35,Mysuru,Local,Nanjangud APMC,4166,3030,3703,Karnataka,Brinjal,2026,5,4
2026-05-16,Brinjal,35,Mysuru,Local,Nanjangud APMC,3030,2380,2777,Karnataka,Brinjal,2026,5,5
2026-05-15,Brinjal,35,Mysuru,Medium,Mysuru APMC,1200,1000,1100,Karnataka,Brinjal,2026,5,4
2026-05-12,Brinjal,35,Mysuru,Medium,Mysuru APMC,1500,1300,1400,Karnataka,Brinjal,2026,5,1
2026-05-19,Brinjal,35,Mysuru,Local,Nanjangud APMC,4166,3030,3703,Karnataka,Brinjal,2026,5,1
2026-05-20,Brinjal,35,Mysuru,Medium,Mysuru APMC,1500,1300,1400,Karnataka,Brinjal,2026,5,2
2026-05-21,Brinjal,35,Mysuru,Medium,Mysuru APMC,1700,1500,1600,Karnataka,Brinjal,2026,5,3
2026-05-22,Brinjal,35,Mysuru,Medium,Mysuru APMC,2000,1800,1900,Karnataka,Brinjal,2026,5,4
2026-05-19,Brinjal,35,Mysuru,Medium,Mysuru APMC,1500,1300,1400,Karnataka,Brinjal,2026,5,1
2026-05-19,Brinjal,35,Mysuru,Small,Santhesargur APMC,1383,1383,1383,Karnataka,Brinjal,2026,5,1
2026-05-22,Brinjal,35,Mysuru,Local,Nanjangud APMC,4166,3030,3703,Karnataka,Brinjal,2026,5,4
2026-05-27,Brinjal,35,Mysuru,Grade Range-1,Mysuru APMC,2500,2300,2400,Karnataka,Brinjal,2026,5,2
2026-05-26,Brinjal,35,Mysuru,Local,Nanjangud APMC,3703,3030,3333,Karnataka,Brinjal,2026,5,1
2026-05-06,Brinjal,35,Mysuru,Grade Range-1,Mysuru APMC,1300,1100,1200,Karnataka,Round,2026,5,2
2026-05-12,Brinjal,35,Mysuru,Medium,Mysuru APMC,1500,1300,1400,Karnataka,Round,2026,5,1
2026-05-13,Brinjal,35,Mysuru,Medium,Mysuru APMC,1700,1500,1600,Karnataka,Round,2026,5,2
2026-05-24,Brinjal,35,Mysuru,Medium,Mysuru APMC,2300,2100,2200,Karnataka,Round,2026,5,6
2026-05-29,Brinjal,35,Mysuru,Medium,Mysuru APMC,2300,2100,2200,Karnataka,Round,2026,5,4
2026-05-31,Brinjal,35,Mysuru,Medium,Mysuru APMC,2500,2300,2400,Karnataka,Round,2026,5,6
2026-05-27,Brinjal,35,Mysuru,Medium,Mysuru APMC,2000,1800,1900,Karnataka,Round,2026,5,2
2026-05-07,Cabbage,154,Mysuru,Grade Range-1,Mysuru APMC,2000,1700,1800,Karnataka,Cabbage,2026,5,3
2026-05-08,Cabbage,154,Mysuru,Small,Santhesargur APMC,1383,1383,1383,Karnataka,Cabbage,2026,5,4
2026-05-22,Cabbage,154,Mysuru,Medium,Mysuru APMC,2000,1500,1800,Karnataka,Cabbage,2026,5,4
2026-05-19,Cabbage,154,Mysuru,Medium,Mysuru APMC,2000,1500,1800,Karnataka,Cabbage,2026,5,1
2026-05-13,Cabbage,154,Mysuru,Small,T. Narasipura APMC,2000,1500,2000,Karnataka,Cabbage,2026,5,2
2026-05-25,Cabbage,154,Mysuru,Medium,Mysuru APMC,2400,2000,2200,Karnataka,Cabbage,2026,5,0
2026-05-11,Carrot,153,Mysuru,Local,Nanjangud APMC,2777,2380,2564,Karnataka,Carrot,2026,5,0
2026-05-04,Carrot,153,Mysuru,Small,T. Narasipura APMC,2000,1500,2000,Karnataka,Carrot,2026,5,0
2026-05-25,Carrot,153,Mysuru,Local,Nanjangud APMC,3703,3030,3333,Karnataka,Carrot,2026,5,0
2026-05-25,Carrot,153,Mysuru,Medium,Mysuru APMC,4000,3800,3900,Karnataka,Carrot,2026,5,0
2026-05-27,Carrot,153,Mysuru,Grade Range-1,Mysuru APMC,4000,3800,3900,Karnataka,Carrot,2026,5,2
2026-05-26,Carrot,153,Mysuru,Local,Nanjangud APMC,3333,2380,2777,Karnataka,Carrot,2026,5,1
2026-05-29,Carrot,153,Mysuru,Local,Nanjangud APMC,3333,2308,3030,Karnataka,Carrot,2026,5,4
2026-05-16,Carrot,153,Mysuru,Local,Nanjangud APMC,4166,2380,2777,Karnataka,Carrot,2026,5,5
2026-05-02,Carrot,153,Mysuru,Small,T. Narasipura APMC,2000,1500,2000,Karnataka,Carrot,2026,5,5
2026-05-04,Carrot,153,Mysuru,Local,Nanjangud APMC,4166,3333,3700,Karnataka,Carrot,2026,5,0
2026-06-10,Cabbage,154,Mysuru,Medium,Mysuru APMC,3600,2600,3000,Karnataka,Cabbage,2026,6,2
2026-06-03,Cabbage,154,Mysuru,Small,T. Narasipura APMC,2000,1500,2000,Karnataka,Cabbage,2026,6,2
2026-06-07,Maize,4,Mysuru,FAQ,K.R.Nagar APMC,1900,1900,1900,Karnataka,Local,2026,6,6
2026-06-09,Maize,4,Mysuru,Grade Range-1,Mysuru APMC,2400,2300,2300,Karnataka,Local,2026,6,1
2026-06-22,Maize,4,Mysuru,FAQ,K.R.Nagar APMC,1900,1900,1900,Karnataka,Local,2026,6,0
2026-06-18,Rice,3,Mysuru,Local,Mysuru APMC,2400,1990,2400,Karnataka,Fine,2026,6,3
2026-06-26,Maize,4,Mysuru,Grade Range-1,Mysuru APMC,2500,2500,2500,Karnataka,Local,2026,6,4
2026-06-11,Maize,4,Mysuru,Grade Range-1,Mysuru APMC,2100,2100,2100,Karnataka,Local,2026,6,3
2026-06-11,Rice,3,Mysuru,Local,Mysuru APMC,2400,2400,2400,Karnataka,Fine,2026,6,3
2026-06-16,Rice,3,Mysuru,Local,Mysuru APMC,7660,4075,7500,Karnataka,Fine,2026,6,1
2026-06-17,Rice,3,Mysuru,Local,Mysuru APMC,7690,2400,2400,Karnataka,Fine,2026,6,2
2026-06-23,Maize,4,Mysuru,FAQ,K.R.Nagar APMC,1900,1900,1900,Karnataka,Local,2026,6,1
2026-06-08,Rice,3,Mysuru,FAQ,Nanjangud APMC,2650,2380,2380,Karnataka,Medium,2026,6,0
2026-06-02,Rice,3,Mysuru,Local,Mysuru APMC,12414,12414,12414,Karnataka,Basmati,2026,6,1
2026-06-08,Rice,3,Mysuru,Small,T. Narasipura APMC,2100,2100,2100,Karnataka,Broken Rice,2026,6,0
2026-06-12,Rice,3,Mysuru,Small,T. Narasipura APMC,2300,2200,2300,Karnataka,Broken Rice,2026,6,4
2026-06-15,Rice,3,Mysuru,Small,T. Narasipura APMC,2200,2200,2200,Karnataka,Broken Rice,2026,6,0
2026-06-18,Rice,3,Mysuru,Local,Mysuru APMC,2600,2600,2600,Karnataka,Broken Rice,2026,6,3
2026-06-30,Rice,3,Mysuru,Small,Santhesargur APMC,2630,2380,2630,Karnataka,Broken Rice,2026,6,1
2026-06-08,Rice,3,Mysuru,Small,T. Narasipura APMC,2500,2500,2500,Karnataka,Other,2026,6,0
2026-06-26,Maize,4,Mysuru,FAQ,Periyapatna APMC,2300,2300,2300,Karnataka,Hybrid/Local,2026,6,4
2026-06-16,Maize,4,Mysuru,FAQ,K.R.Nagar APMC,1900,1900,1900,Karnataka,Local,2026,6,1
2026-06-21,Maize,4,Mysuru,FAQ,K.R.Nagar APMC,1700,1700,1700,Karnataka,Local,2026,6,6
2026-06-18,Maize,4,Mysuru,Non-FAQ,T. Narasipura APMC,2300,2300,2300,Karnataka,Yellow,2026,6,3
2026-06-16,Maize,4,Mysuru,Non-FAQ,T. Narasipura APMC,2300,2300,2300,Karnataka,Yellow,2026,6,1
2026-06-19,Onion,23,Mysuru,Local,Mysuru APMC,1800,800,1400,Karnataka,Other,2026,6,4
2026-06-24,Onion,23,Mysuru,Local,Mysuru APMC,2300,1800,2100,Karnataka,Other,2026,6,2
2026-06-29,Onion,23,Mysuru,Local,Mysuru APMC,2500,1600,2200,Karnataka,Other,2026,6,0
2026-06-26,Onion,23,Mysuru,Local,Mysuru APMC,2400,1700,2200,Karnataka,Other,2026,6,4
2026-06-01,Onion,23,Mysuru,Small,T. Narasipura APMC,2000,1500,2000,Karnataka,Onion,2026,6,0
2026-06-03,Onion,23,Mysuru,Small,T. Narasipura APMC,2000,1500,2000,Karnataka,Onion,2026,6,2
2026-06-04,Potato,24,Mysuru,Local,Mysuru APMC,1200,1000,1000,Karnataka,Potato,2026,6,3
2026-06-10,Potato,24,Mysuru,Local,Mysuru APMC,1200,1000,1000,Karnataka,Potato,2026,6,2
2026-06-10,Potato,24,Mysuru,Local,Nanjangud APMC,3333,2380,3030,Karnataka,Potato,2026,6,2
2026-06-20,Potato,24,Mysuru,Local,Nanjangud APMC,3703,3030,3333,Karnataka,Potato,2026,6,5
2026-06-18,Potato,24,Mysuru,Local,Mysuru APMC,1200,1000,1100,Karnataka,Potato,2026,6,3
2026-06-24,Potato,24,Mysuru,Local,Mysuru APMC,1900,1300,1800,Karnataka,Potato,2026,6,2
2026-06-02,Onion,23,Mysuru,Local,Mysuru APMC,1800,800,1400,Karnataka,Other,2026,6,1
2026-06-03,Onion,23,Mysuru,Local,Mysuru APMC,1800,800,1400,Karnataka,Other,2026,6,2
2026-06-04,Onion,23,Mysuru,Local,Mysuru APMC,1800,800,1400,Karnataka,Other,2026,6,3
2026-06-25,Potato,24,Mysuru,Local,Mysuru APMC,1800,1400,1700,Karnataka,Potato,2026,6,3
2026-06-17,Mango,20,Mysuru,Local,Mysuru APMC,3200,2500,3000,Karnataka,Other,2026,6,2
2026-06-23,Mango,20,Mysuru,Local,Mysuru APMC,3530,2800,3200,Karnataka,Other,2026,6,1
2026-06-27,Mango,20,Mysuru,Local,Mysuru APMC,4000,2800,3300,Karnataka,Other,2026,6,5
2026-06-30,Cabbage,154,Mysuru,Medium,Mysuru APMC,2300,2200,2250,Karnataka,Cabbage,2026,6,1
2026-06-29,Cabbage,154,Mysuru,Medium,Mysuru APMC,2400,2200,2300,Karnataka,Cabbage,2026,6,0
2026-06-23,Cabbage,154,Mysuru,Medium,Mysuru APMC,2900,2600,2700,Karnataka,Cabbage,2026,6,1
2026-06-21,Cabbage,154,Mysuru,Medium,Mysuru APMC,2900,2600,2700,Karnataka,Cabbage,2026,6,6
2026-06-04,Tomato,78,Mysuru,Local,Nanjangud APMC,5555,3030,3703,Karnataka,Tomato,2026,6,3
2026-06-08,Tomato,78,Mysuru,Medium,Mysuru APMC,3200,3000,3100,Karnataka,Tomato,2026,6,0
2026-06-17,Tomato,78,Mysuru,Local,Nanjangud APMC,4666,3030,3333,Karnataka,Tomato,2026,6,2
2026-06-22,Tomato,78,Mysuru,Local,Nanjangud APMC,6666,3700,4166,Karnataka,Tomato,2026,6,0
2026-06-23,Tomato,78,Mysuru,Local,Nanjangud APMC,4666,3030,3333,Karnataka,Tomato,2026,6,1
2026-06-25,Tomato,78,Mysuru,Medium,Mysuru APMC,1700,1500,1600,Karnataka,Tomato,2026,6,3
2026-06-30,Tomato,78,Mysuru,Medium,Mysuru APMC,1600,1400,1500,Karnataka,Tomato,2026,6,1
2026-06-02,Mango,20,Mysuru,Local,Mysuru APMC,3090,2590,2625,Karnataka,Other,2026,6,1
2026-06-02,Brinjal,35,Mysuru,Local,Nanjangud APMC,3703,2380,2564,Karnataka,Brinjal,2026,6,1
2026-06-06,Brinjal,35,Mysuru,Local,Nanjangud APMC,4166,2380,3030,Karnataka,Brinjal,2026,6,5
2026-06-11,Brinjal,35,Mysuru,Medium,Mysuru APMC,3200,3000,3100,Karnataka,Brinjal,2026,6,3
2026-06-07,Brinjal,35,Mysuru,Medium,Mysuru APMC,3200,3000,3100,Karnataka,Round,2026,6,6
2026-06-25,Brinjal,35,Mysuru,Medium,Mysuru APMC,3200,3000,3100,Karnataka,Round,2026,6,3
2026-06-30,Brinjal,35,Mysuru,Medium,Mysuru APMC,2200,2000,2100,Karnataka,Round,2026,6,1
2026-06-01,Carrot,153,Mysuru,Medium,Mysuru APMC,5500,5300,5400,Karnataka,Carrot,2026,6,0
2026-06-11,Carrot,153,Mysuru,Medium,Mysuru APMC,6000,5800,5900,Karnataka,Carrot,2026,6,3
2026-06-05,Carrot,153,Mysuru,Small,T. Narasipura APMC,2000,1500,2000,Karnataka,Carrot,2026,6,4
2026-06-08,Carrot,153,Mysuru,Small,T. Narasipura APMC,2000,1500,2000,Karnataka,Carrot,2026,6,0
2026-06-10,Carrot,153,Mysuru,Small,T. Narasipura APMC,2000,1500,2000,Karnataka,Carrot,2026,6,2
2026-06-20,Carrot,153,Mysuru,Local,Nanjangud APMC,3703,3333,3333,Karnataka,Carrot,2026,6,5
2026-06-23,Carrot,153,Mysuru,Local,Nanjangud APMC,2564,2380,2222,Karnataka,Carrot,2026,6,1
2026-06-14,Brinjal,35,Mysuru,Medium,Mysuru APMC,3000,2800,2900,Karnataka,Brinjal,2026,6,6
2026-06-15,Brinjal,35,Mysuru,Medium,Mysuru APMC,3000,2800,2900,Karnataka,Brinjal,2026,6,0
2026-06-12,Brinjal,35,Mysuru,Local,Nanjangud APMC,4166,2380,3030,Karnataka,Brinjal,2026,6,4
2026-06-05,Brinjal,35,Mysuru,Medium,Mysuru APMC,3200,3000,3100,Karnataka,Brinjal,2026,6,4
2026-06-11,Brinjal,35,Mysuru,Medium,Mysuru APMC,3000,2800,2900,Karnataka,Round,2026,6,3
2026-06-17,Brinjal,35,Mysuru,Local,Nanjangud APMC,4166,2380,3030,Karnataka,Brinjal,2026,6,2
2026-06-19,Brinjal,35,Mysuru,Local,Nanjangud APMC,2777,2380,2564,Karnataka,Brinjal,2026,6,4
2026-06-22,Brinjal,35,Mysuru,Local,Nanjangud APMC,4166,3030,3703,Karnataka,Brinjal,2026,6,0
2026-07-07,Rice,3,Mysuru,Local,Mysuru APMC,8223,2400,2400,Karnataka,Fine,2026,7,1
2026-07-08,Maize,4,Mysuru,FAQ,Periyapatna APMC,2380,2380,2380,Karnataka,Hybrid/Local,2026,7,2
2026-07-28,Rice,3,Mysuru,Local,Mysuru APMC,8000,2400,2400,Karnataka,Fine,2026,7,1
2026-08-03,Rice,3,Mysuru,Local,Mysuru APMC,8230,2500,2500,Karnataka,Fine,2026,8,0
2026-08-06,Rice,3,Mysuru,Local,Mysuru APMC,8365,2300,2400,Karnataka,Fine,2026,8,3
2026-07-21,Rice,3,Mysuru,Small,Santhesargur APMC,2880,2650,2650,Karnataka,IR 20,2026,7,1
2026-07-11,Maize,4,Mysuru,FAQ,K.R.Nagar APMC,2000,2000,2000,Karnataka,Local,2026,7,5
2026-07-02,Brinjal,35,Mysuru,Medium,Mysuru APMC,1800,1600,1700,Karnataka,Brinjal,2026,7,3
2026-07-06,Brinjal,35,Mysuru,Local,Nanjangud APMC,3703,2380,2777,Karnataka,Brinjal,2026,7,0
2026-07-16,Onion,23,Mysuru,Local,Mysuru APMC,3000,2500,2800,Karnataka,Other,2026,7,3
2026-07-20,Onion,23,Mysuru,Medium,Mysuru APMC,3000,2000,2500,Karnataka,Other,2026,7,0
2026-07-27,Onion,23,Mysuru,Local,Mysuru APMC,3000,2600,2800,Karnataka,Other,2026,7,0
2026-07-28,Onion,23,Mysuru,Medium,Mysuru APMC,3000,2000,2500,Karnataka,Other,2026,7,1
2026-07-07,Brinjal,35,Mysuru,Local,Nanjangud APMC,4166,3030,3703,Karnataka,Brinjal,2026,7,1
2026-07-01,Rice,3,Mysuru,Local,Mysuru APMC,13338,11020,13114,Karnataka,Basmati,2026,7,2
2026-07-02,Rice,3,Mysuru,Small,T. Narasipura APMC,2300,2300,2300,Karnataka,Broken Rice,2026,7,3
2026-07-21,Rice,3,Mysuru,Local,Mysuru APMC,2690,2670,2690,Karnataka,Broken Rice,2026,7,1
2026-07-17,Mango,20,Mysuru,Medium,Mysuru APMC,3625,2800,2940,Karnataka,Other,2026,7,4
2026-07-20,Mango,20,Mysuru,Medium,Mysuru APMC,3800,2630,2770,Karnataka,Other,2026,7,0
2026-07-21,Mango,20,Mysuru,Medium,Mysuru APMC,3560,2700,3000,Karnataka,Other,2026,7,1
2026-07-27,Mango,20,Mysuru,Medium,Mysuru APMC,2850,2850,2850,Karnataka,Other,2026,7,0
2026-07-30,Mango,20,Mysuru,Medium,Mysuru APMC,3340,2630,2830,Karnataka,Other,2026,7,3
2026-08-05,Mango,20,Mysuru,Medium,Mysuru APMC,3125,2630,3000,Karnataka,Other,2026,8,2
2026-08-02,Brinjal,35,Mysuru,Medium,Mysuru APMC,2500,2300,2400,Karnataka,Brinjal,2026,8,6
2026-08-04,Brinjal,35,Mysuru,Medium,Mysuru APMC,2500,2300,2400,Karnataka,Brinjal,2026,8,1
2026-07-13,Brinjal,35,Mysuru,Local,Nanjangud APMC,3703,3030,3333,Karnataka,Brinjal,2026,7,0
2026-07-15,Brinjal,35,Mysuru,Medium,Mysuru APMC,2000,1800,1900,Karnataka,Brinjal,2026,7,2
2026-07-15,Brinjal,35,Mysuru,Local,Nanjangud APMC,4166,3030,3703,Karnataka,Brinjal,2026,7,2
2026-07-23,Brinjal,35,Mysuru,Small,Santhesargur APMC,1383,1383,1383,Karnataka,Brinjal,2026,7,3
2026-07-23,Brinjal,35,Mysuru,Medium,Mysuru APMC,2000,1800,1900,Karnataka,Brinjal,2026,7,3
2026-07-13,Brinjal,35,Mysuru,Medium,Mysuru APMC,1800,1600,1700,Karnataka,Round,2026,7,0
2026-08-03,Brinjal,35,Mysuru,Medium,Mysuru APMC,1500,1300,1400,Karnataka,Round,2026,8,0
2026-08-07,Brinjal,35,Mysuru,Medium,Mysuru APMC,1700,1500,1600,Karnataka,Round,2026,8,4
2026-07-14,Maize,4,Mysuru,FAQ,Hunsur APMC,2500,2500,2500,Karnataka,Local,2026,7,1
2026-07-21,Maize,4,Mysuru,FAQ,K.R.Nagar APMC,1900,1900,1900,Karnataka,Local,2026,7,1
2026-07-17,Rice,3,Mysuru,Small,T. Narasipura APMC,2500,2500,2500,Karnataka,Other,2026,7,4
2026-07-15,Rice,3,Mysuru,Small,T. Narasipura APMC,2600,2550,2600,Karnataka,Other,2026,7,2
2026-07-30,Rice,3,Mysuru,Small,T. Narasipura APMC,2500,2500,2500,Karnataka,Other,2026,7,3
2026-07-12,Tomato,78,Mysuru,Medium,Mysuru APMC,1300,1100,1200,Karnataka,Tomato,2026,7,6
2026-07-13,Tomato,78,Mysuru,Local,Nanjangud APMC,4666,3700,4166,Karnataka,Tomato,2026,7,0
2026-07-15,Tomato,78,Mysuru,Local,Nanjangud APMC,6666,3700,4166,Karnataka,Tomato,2026,7,2
2026-07-19,Tomato,78,Mysuru,Medium,Mysuru APMC,1400,1200,1300,Karnataka,Tomato,2026,7,6
2026-07-20,Tomato,78,Mysuru,Medium,Mysuru APMC,1000,800,900,Karnataka,Tomato,2026,7,0
2026-07-21,Tomato,78,Mysuru,Local,Nanjangud APMC,6666,3030,4166,Karnataka,Tomato,2026,7,1
2026-07-27,Tomato,78,Mysuru,Local,Hunsur APMC,2000,2000,2000,Karnataka,Tomato,2026,7,0
2026-07-23,Tomato,78,Mysuru,Local,Nanjangud APMC,5555,3030,4166,Karnataka,Tomato,2026,7,3
2026-08-03,Tomato,78,Mysuru,Medium,Mysuru APMC,600,400,500,Karnataka,Tomato,2026,8,0
2026-08-05,Tomato,78,Mysuru,Medium,Mysuru APMC,1000,800,900,Karnataka,Tomato,2026,8,2
2026-08-06,Tomato,78,Mysuru,Medium,Mysuru APMC,1000,800,900,Karnataka,Tomato,2026,8,3
2026-08-06,Tomato,78,Mysuru,Local,Nanjangud APMC,4666,3030,3703,Karnataka,Tomato,2026,8,3
2026-07-01,Tomato,78,Mysuru,Local,Nanjangud APMC,4666,3700,4166,Karnataka,Tomato,2026,7,2
2026-07-03,Tomato,78,Mysuru,Local,Nanjangud APMC,6666,3700,4166,Karnataka,Tomato,2026,7,4
2026-07-31,Maize,4,Mysuru,FAQ,K.R.Nagar APMC,2000,2000,2000,Karnataka,Local,2026,7,4
2026-07-14,Rice,3,Mysuru,Local,Mysuru APMC,11327,11327,11327,Karnataka,Basmati,2026,7,1
2026-07-22,Rice,3,Mysuru,Local,Mysuru APMC,9600,9600,9600,Karnataka,Basmati,2026,7,2
2026-07-01,Rice,3,Mysuru,Medium,Hunsur APMC,2200,2200,2200,Karnataka,Broken Rice,2026,7,2
2026-07-25,Rice,3,Mysuru,Small,T. Narasipura APMC,2200,1800,1800,Karnataka,Broken Rice,2026,7,5
2026-07-28,Rice,3,Mysuru,Small,Santhesargur APMC,2600,2600,2600,Karnataka,Broken Rice,2026,7,1
2026-07-31,Rice,3,Mysuru,Grade Range-1,Santhesargur APMC,2600,2600,2600,Karnataka,Broken Rice,2026,7,4
2026-08-03,Rice,3,Mysuru,Small,Santhesargur APMC,2950,2950,2950,Karnataka,Coarse,2026,8,0
2026-08-04,Carrot,153,Mysuru,Local,Nanjangud APMC,4666,3700,4166,Karnataka,Carrot,2026,8,1
2026-08-06,Carrot,153,Mysuru,Local,Nanjangud APMC,3703,3030,3333,Karnataka,Carrot,2026,8,3
2026-07-16,Cabbage,154,Mysuru,Medium,Mysuru APMC,2000,1800,1900,Karnataka,Cabbage,2026,7,3
2026-07-21,Cabbage,154,Mysuru,Medium,Mysuru APMC,2500,2100,2300,Karnataka,Cabbage,2026,7,1
2026-07-04,Carrot,153,Mysuru,Local,Nanjangud APMC,3333,2380,2777,Karnataka,Carrot,2026,7,5
2026-07-01,Carrot,153,Mysuru,Local,Nanjangud APMC,3333,2380,2777,Karnataka,Carrot,2026,7,2
2026-07-07,Carrot,153,Mysuru,Local,Nanjangud APMC,3703,3030,3333,Karnataka,Carrot,2026,7,1
2026-07-03,Cabbage,154,Mysuru,Medium,Mysuru APMC,2000,1800,1900,Karnataka,Cabbage,2026,7,4
2026-07-14,Carrot,153,Mysuru,Medium,Mysuru APMC,5000,4800,4900,Karnataka,Carrot,2026,7,1
2026-07-20,Carrot,153,Mysuru,Local,Nanjangud APMC,3333,2380,2777,Karnataka,Carrot,2026,7,0
2026-07-17,Carrot,153,Mysuru,Local,Nanjangud APMC,3703,3030,3333,Karnataka,Carrot,2026,7,4
2026-07-08,Cabbage,154,Mysuru,Medium,Mysuru APMC,1800,1600,1700,Karnataka,Cabbage,2026,7,2
2026-07-09,Cabbage,154,Mysuru,Medium,Mysuru APMC,1700,1500,1600,Karnataka,Cabbage,2026,7,3
2026-07-26,Carrot,153,Mysuru,Medium,Mysuru APMC,5500,5300,5400,Karnataka,Carrot,2026,7,6
2026-07-31,Carrot,153,Mysuru,Medium,Mysuru APMC,5000,4800,4900,Karnataka,Carrot,2026,7,4
2026-07-22,Carrot,153,Mysuru,Local,Nanjangud APMC,3703,3030,3333,Karnataka,Carrot,2026,7,2
2026-07-23,Cabbage,154,Mysuru,Medium,Mysuru APMC,2500,2200,2300,Karnataka,Cabbage,2026,7,3
2026-08-05,Cabbage,154,Mysuru,Medium,Mysuru APMC,1200,1000,1100,Karnataka,Cabbage,2026,8,2
2026-05-07,Maize,4,Mysuru,Grade Range-1,Mysuru APMC,2200,2200,2200,Karnataka,Local,2026,5,3
2026-05-12,Maize,4,Mysuru,FAQ,K.R.Nagar APMC,2000,1900,1964,Karnataka,Local,2026,5,1
2026-05-19,Maize,4,Mysuru,FAQ,K.R.Nagar APMC,2200,1900,2104,Karnataka,Local,2026,5,1
2026-05-14,Rice,3,Mysuru,Small,T. Narasipura APMC,2500,2500,2500,Karnataka,Other,2026,5,3
2026-05-02,Maize,4,Mysuru,FAQ,K.R.Nagar APMC,1900,1900,1900,Karnataka,Local,2026,5,5
2026-05-31,Maize,4,Mysuru,FAQ,Hunsur APMC,2000,2000,2000,Karnataka,Local,2026,5,6
2026-05-10,Rice,3,Mysuru,Small,T. Narasipura APMC,5619,5619,5619,Karnataka,Other,2026,5,6
2026-05-10,Carrot,153,Mysuru,Medium,Mysuru APMC,3500,3300,3400,Karnataka,Carrot,2026,5,6
2026-05-14,Carrot,153,Mysuru,Medium,Mysuru APMC,3500,3300,3400,Karnataka,Carrot,2026,5,3
2026-05-28,Cabbage,154,Mysuru,Medium,Mysuru APMC,2700,2000,2500,Karnataka,Cabbage,2026,5,3
2026-05-06,Carrot,153,Mysuru,Small,T. Narasipura APMC,2000,1500,2000,Karnataka,Carrot,2026,5,2
2026-05-11,Carrot,153,Mysuru,Small,T. Narasipura APMC,2000,1500,2000,Karnataka,Carrot,2026,5,0
2026-05-05,Carrot,153,Mysuru,Local,Nanjangud APMC,4166,3333,3700,Karnataka,Carrot,2026,5,1
2026-05-06,Carrot,153,Mysuru,Grade Range-1,Mysuru APMC,3000,2800,2900,Karnataka,Carrot,2026,5,2
2026-05-15,Carrot,153,Mysuru,Medium,Mysuru APMC,3500,3300,3400,Karnataka,Carrot,2026,5,4
2026-05-19,Carrot,153,Mysuru,Local,Nanjangud APMC,4166,3333,3700,Karnataka,Carrot,2026,5,1
2026-05-17,Carrot,153,Mysuru,Medium,Mysuru APMC,5000,4800,4900,Karnataka,Carrot,2026,5,6
2026-05-29,Carrot,153,Mysuru,Medium,Mysuru APMC,3000,2800,2900,Karnataka,Carrot,2026,5,4
2026-05-06,Cabbage,154,Mysuru,Grade Range-1,Mysuru APMC,2000,1700,1900,Karnataka,Cabbage,2026,5,2
2026-04-02,Maize,4,Mysuru,Local,Hunsur APMC,1700,1700,1700,Karnataka,Other,2026,4,3
2026-04-05,Maize,4,Mysuru,Non-FAQ,T. Narasipura APMC,1800,1800,1800,Karnataka,Yellow,2026,4,6
2026-04-06,Maize,4,Mysuru,Non-FAQ,T. Narasipura APMC,1800,1800,1800,Karnataka,Yellow,2026,4,0
2026-04-22,Maize,4,Mysuru,Non-FAQ,T. Narasipura APMC,1800,1800,1800,Karnataka,Yellow,2026,4,2
2026-04-24,Maize,4,Mysuru,Non-FAQ,T. Narasipura APMC,1800,1800,1800,Karnataka,Yellow,2026,4,4
2026-05-11,Tomato,78,Mysuru,Local,Nanjangud APMC,6666,3700,3703,Karnataka,Tomato,2026,5,0
2026-05-08,Tomato,78,Mysuru,Local,Nanjangud APMC,6666,3030,3703,Karnataka,Tomato,2026,5,4
2026-05-12,Tomato,78,Mysuru,Medium,Mysuru APMC,2800,2600,2700,Karnataka,Tomato,2026,5,1
2026-05-13,Tomato,78,Mysuru,Medium,Mysuru APMC,2800,2600,2700,Karnataka,Tomato,2026,5,2
2026-05-21,Tomato,78,Mysuru,Medium,Mysuru APMC,3300,3100,3200,Karnataka,Tomato,2026,5,3
2026-05-18,Tomato,78,Mysuru,Medium,Mysuru APMC,3500,3300,3400,Karnataka,Tomato,2026,5,0
2026-05-18,Tomato,78,Mysuru,Local,Nanjangud APMC,4666,3030,3703,Karnataka,Tomato,2026,5,0
2026-05-27,Tomato,78,Mysuru,Local,Nanjangud APMC,3706,3030,3333,Karnataka,Tomato,2026,5,2
2026-05-27,Tomato,78,Mysuru,Grade Range-1,Mysuru APMC,3200,3000,3100,Karnataka,Tomato,2026,5,2
2026-05-02,Tomato,78,Mysuru,Local,Nanjangud APMC,5555,2564,4166,Karnataka,Tomato,2026,5,5
2026-05-05,Tomato,78,Mysuru,Local,Nanjangud APMC,5555,3333,4166,Karnataka,Tomato,2026,5,1
2026-05-05,Mango,20,Mysuru,Grade Range-1,Mysuru APMC,6000,4000,5000,Karnataka,Other,2026,5,1
2026-05-19,Mango,20,Mysuru,Local,Mysuru APMC,4000,3100,3500,Karnataka,Other,2026,5,1
2026-05-23,Mango,20,Mysuru,Local,Mysuru APMC,4000,2000,3000,Karnataka,Other,2026,5,5
2026-05-25,Brinjal,35,Mysuru,Local,Nanjangud APMC,4166,3030,3703,Karnataka,Brinjal,2026,5,0
2026-05-29,Brinjal,35,Mysuru,Medium,Mysuru APMC,2500,2300,2400,Karnataka,Brinjal,2026,5,4
2026-05-05,Brinjal,35,Mysuru,Grade Range-1,Mysuru APMC,1600,1400,1500,Karnataka,Round,2026,5,1
2026-05-11,Brinjal,35,Mysuru,Medium,Mysuru APMC,1500,1300,1400,Karnataka,Round,2026,5,0
2026-05-22,Brinjal,35,Mysuru,Medium,Mysuru APMC,2000,1800,1900,Karnataka,Round,2026,5,4
2026-05-26,Brinjal,35,Mysuru,Medium,Mysuru APMC,2300,2100,2200,Karnataka,Round,2026,5,1
2026-05-28,Brinjal,35,Mysuru,Medium,Mysuru APMC,2000,1800,1900,Karnataka,Round,2026,5,3
2026-05-14,Rice,3,Mysuru,Small,T. Narasipura APMC,2300,2300,2300,Karnataka,Broken Rice,2026,5,3
2026-05-19,Rice,3,Mysuru,Local,Mysuru APMC,6900,2400,2400,Karnataka,Fine,2026,5,1
2026-05-23,Rice,3,Mysuru,Local,Mysuru APMC,2400,2400,2400,Karnataka,Fine,2026,5,5
2026-05-29,Mango,20,Mysuru,Local,Mysuru APMC,4000,2000,3000,Karnataka,Other,2026,5,4
2026-05-28,Mango,20,Mysuru,Small,Hunsur APMC,1300,1300,1300,Karnataka,Other,2026,5,3
2026-05-15,Onion,23,Mysuru,Small,T. Narasipura APMC,2000,1200,2000,Karnataka,Onion,2026,5,4
2026-05-01,Brinjal,35,Mysuru,Grade Range-1,Mysuru APMC,1500,1300,1400,Karnataka,Brinjal,2026,5,4
2026-05-03,Brinjal,35,Mysuru,Grade Range-1,Mysuru APMC,1500,1300,1400,Karnataka,Brinjal,2026,5,6
2026-05-04,Brinjal,35,Mysuru,Grade Range-1,Mysuru APMC,1500,1300,1400,Karnataka,Brinjal,2026,5,0
2026-05-08,Brinjal,35,Mysuru,Medium,Mysuru APMC,1300,1100,1200,Karnataka,Brinjal,2026,5,4
2026-05-13,Brinjal,35,Mysuru,Medium,Mysuru APMC,1500,1300,1400,Karnataka,Brinjal,2026,5,2
2026-05-15,Brinjal,35,Mysuru,Small,T. Narasipura APMC,2000,1500,2000,Karnataka,Brinjal,2026,5,4
2026-05-08,Potato,24,Mysuru,Local,Mysuru APMC,1200,1100,1150,Karnataka,Potato,2026,5,4
2026-05-29,Potato,24,Mysuru,Local,Mysuru APMC,1200,1000,1000,Karnataka,Potato,2026,5,4
2026-05-11,Onion,23,Mysuru,Local,Mysuru APMC,1600,500,1200,Karnataka,Other,2026,5,0
2026-05-06,Onion,23,Mysuru,Small,T. Narasipura APMC,2000,1500,2000,Karnataka,Onion,2026,5,2
2026-05-11,Potato,24,Mysuru,Small,T. Narasipura APMC,2000,1000,2000,Karnataka,Other,2026,5,0
2026-05-06,Potato,24,Mysuru,Small,T. Narasipura APMC,2000,1500,2000,Karnataka,Other,2026,5,2
2026-05-08,Potato,24,Mysuru,Small,T. Narasipura APMC,2000,1500,2000,Karnataka,Other,2026,5,4
2026-05-13,Potato,24,Mysuru,Small,T. Narasipura APMC,2000,1200,2000,Karnataka,Other,2026,5,2
2026-05-28,Onion,23,Mysuru,Local,Mysuru APMC,1800,800,1300,Karnataka,Other,2026,5,3
2026-04-27,Onion,23,Mysuru,Grade Range-1,Mysuru APMC,1400,1200,1300,Karnataka,Other,2026,4,0
2026-04-01,Onion,23,Mysuru,Grade Range-1,Mysuru APMC,1200,700,1000,Karnataka,Other,2026,4,2
2026-04-04,Onion,23,Mysuru,Grade Range-1,Mysuru APMC,1200,700,1000,Karnataka,Other,2026,4,5
2026-04-08,Onion,23,Mysuru,Grade Range-1,Mysuru APMC,1300,700,1000,Karnataka,Other,2026,4,2
2026-04-13,Onion,23,Mysuru,Grade Range-1,Mysuru APMC,1200,700,1000,Karnataka,Other,2026,4,0
2026-04-04,Onion,23,Mysuru,Small,T. Narasipura APMC,2000,1000,2000,Karnataka,Onion,2026,4,5
2026-04-15,Onion,23,Mysuru,Small,T. Narasipura APMC,2000,1500,2000,Karnataka,Onion,2026,4,2
2026-04-02,Brinjal,35,Mysuru,Grade Range-1,Mysuru APMC,2000,1800,1900,Karnataka,Brinjal,2026,4,3
2026-04-01,Brinjal,35,Mysuru,Grade Range-1,Mysuru APMC,2000,1800,1900,Karnataka,Brinjal,2026,4,2
2026-04-07,Brinjal,35,Mysuru,Local,Nanjangud APMC,2222,2083,2083,Karnataka,Brinjal,2026,4,1
2026-04-08,Brinjal,35,Mysuru,Local,Nanjangud APMC,2222,2083,2083,Karnataka,Brinjal,2026,4,2
2026-04-08,Brinjal,35,Mysuru,Grade Range-1,Mysuru APMC,3000,2800,2900,Karnataka,Brinjal,2026,4,2
2026-04-08,Brinjal,35,Mysuru,Small,T. Narasipura APMC,2000,1500,2000,Karnataka,Brinjal,2026,4,2
2026-04-09,Brinjal,35,Mysuru,Small,T. Narasipura APMC,2000,1500,2000,Karnataka,Brinjal,2026,4,3
2026-04-10,Brinjal,35,Mysuru,Local,Nanjangud APMC,2777,2380,2564,Karnataka,Brinjal,2026,4,4
2026-04-16,Brinjal,35,Mysuru,Small,T. Narasipura APMC,4000,3500,4000,Karnataka,Brinjal,2026,4,3
2026-04-01,Potato,24,Mysuru,Local,Nanjangud APMC,3333,2380,2564,Karnataka,Potato,2026,4,2
2026-04-01,Cabbage,154,Mysuru,Grade Range-1,Mysuru APMC,700,500,600,Karnataka,Cabbage,2026,4,2
2026-04-03,Cabbage,154,Mysuru,Grade Range-1,Mysuru APMC,700,500,600,Karnataka,Cabbage,2026,4,4
2026-04-06,Cabbage,154,Mysuru,Grade Range-1,Mysuru APMC,700,500,600,Karnataka,Cabbage,2026,4,0
2026-04-04,Cabbage,154,Mysuru,Small,T. Narasipura APMC,2000,1500,2000,Karnataka,Cabbage,2026,4,5
2026-04-05,Carrot,153,Mysuru,Grade Range-1,Mysuru APMC,1600,1400,1500,Karnataka,Carrot,2026,4,6
2026-04-06,Carrot,153,Mysuru,Grade Range-1,Mysuru APMC,1800,1600,1700,Karnataka,Carrot,2026,4,0
2026-04-07,Carrot,153,Mysuru,Local,Nanjangud APMC,1515,1492,1492,Karnataka,Carrot,2026,4,1
2026-04-09,Brinjal,35,Mysuru,Grade Range-1,Mysuru APMC,2200,2000,2100,Karnataka,Round,2026,4,3
2026-04-10,Brinjal,35,Mysuru,Grade Range-1,Mysuru APMC,2200,2000,2100,Karnataka,Round,2026,4,4
2026-04-27,Brinjal,35,Mysuru,Grade Range-1,Mysuru APMC,2500,2300,2400,Karnataka,Round,2026,4,0
2026-04-28,Brinjal,35,Mysuru,Grade Range-1,Mysuru APMC,2400,2200,2300,Karnataka,Round,2026,4,1
2026-04-10,Carrot,153,Mysuru,Grade Range-1,Mysuru APMC,1500,1300,1400,Karnataka,Carrot,2026,4,4
2026-04-09,Carrot,153,Mysuru,Small,T. Narasipura APMC,2000,1500,2000,Karnataka,Carrot,2026,4,3
2026-04-16,Carrot,153,Mysuru,Local,Nanjangud APMC,4166,2777,3333,Karnataka,Carrot,2026,4,3
2026-04-08,Cabbage,154,Mysuru,Small,T. Narasipura APMC,2000,1500,2000,Karnataka,Cabbage,2026,4,2
2026-04-18,Carrot,153,Mysuru,Local,Nanjangud APMC,3333,3030,3030,Karnataka,Carrot,2026,4,5
2026-04-23,Carrot,153,Mysuru,Local,Nanjangud APMC,4200,2777,3700,Karnataka,Carrot,2026,4,3
2026-04-28,Carrot,153,Mysuru,Grade Range-1,Mysuru APMC,2500,2300,2400,Karnataka,Carrot,2026,4,1
2026-04-30,Carrot,153,Mysuru,Grade Range-1,Mysuru APMC,2500,2300,2400,Karnataka,Carrot,2026,4,3
2026-04-13,Cabbage,154,Mysuru,Grade Range-1,Mysuru APMC,800,600,700,Karnataka,Cabbage,2026,4,0
2026-05-14,Cabbage,154,Mysuru,Medium,Mysuru APMC,2500,1500,2000,Karnataka,Cabbage,2026,5,3
2026-05-20,Cabbage,154,Mysuru,Medium,Mysuru APMC,1900,1500,1800,Karnataka,Cabbage,2026,5,2
2026-05-21,Cabbage,154,Mysuru,Medium,Mysuru APMC,1900,1500,1600,Karnataka,Cabbage,2026,5,3
2026-05-17,Cabbage,154,Mysuru,Medium,Mysuru APMC,20000,1200,1500,Karnataka,Cabbage,2026,5,6
2026-06-01,Potato,24,Mysuru,Local,Nanjangud APMC,3333,2083,2777,Karnataka,Potato,2026,6,0
2026-06-04,Potato,24,Mysuru,Local,Nanjangud APMC,4166,3030,3333,Karnataka,Potato,2026,6,3
2026-06-06,Maize,4,Mysuru,Non-FAQ,T. Narasipura APMC,2300,2300,2300,Karnataka,Yellow,2026,6,5
2026-06-08,Maize,4,Mysuru,Grade Range-1,Mysuru APMC,3050,3050,3050,Karnataka,Local,2026,6,0
2026-06-17,Maize,4,Mysuru,Grade Range-1,Mysuru APMC,1910,1910,1910,Karnataka,Local,2026,6,2
2026-06-05,Maize,4,Mysuru,FAQ,K.R.Nagar APMC,1700,1700,1700,Karnataka,Local,2026,6,4
2026-06-14,Rice,3,Mysuru,Local,Mysuru APMC,7200,7200,7200,Karnataka,Fine,2026,6,6
2026-06-19,Rice,3,Mysuru,Local,Mysuru APMC,3430,3430,3430,Karnataka,Fine,2026,6,4
2026-06-23,Rice,3,Mysuru,Local,Mysuru APMC,7575,2400,3350,Karnataka,Fine,2026,6,1
2026-06-26,Rice,3,Mysuru,Local,Mysuru APMC,3430,3430,3430,Karnataka,Fine,2026,6,4
2026-06-24,Maize,4,Mysuru,Grade Range-1,Mysuru APMC,1950,1950,1950,Karnataka,Local,2026,6,2
2026-06-08,Rice,3,Mysuru,Local,Mysuru APMC,15449,15449,15449,Karnataka,Basmati,2026,6,0
2026-06-06,Rice,3,Mysuru,Medium,Hunsur APMC,2200,2200,2200,Karnataka,Broken Rice,2026,6,5
2026-06-06,Rice,3,Mysuru,Small,T. Narasipura APMC,2300,2200,2200,Karnataka,Broken Rice,2026,6,5
2026-06-29,Rice,3,Mysuru,Local,Mysuru APMC,2555,2555,2555,Karnataka,Broken Rice,2026,6,0
2026-06-18,Potato,24,Mysuru,Local,Nanjangud APMC,3333,2380,3030,Karnataka,Potato,2026,6,3
2026-06-24,Potato,24,Mysuru,Local,Nanjangud APMC,3333,3030,3030,Karnataka,Potato,2026,6,2
2026-06-25,Potato,24,Mysuru,Local,Nanjangud APMC,2777,2380,2564,Karnataka,Potato,2026,6,3
2026-06-30,Potato,24,Mysuru,Local,Mysuru APMC,1900,1400,1800,Karnataka,Potato,2026,6,1
2026-06-29,Potato,24,Mysuru,Local,Mysuru APMC,1900,1400,1800,Karnataka,Potato,2026,6,0
2026-06-27,Potato,24,Mysuru,Local,Mysuru APMC,1800,1300,1700,Karnataka,Potato,2026,6,5
2026-06-09,Onion,23,Mysuru,Local,Mysuru APMC,1900,800,1500,Karnataka,Other,2026,6,1
2026-06-18,Onion,23,Mysuru,Local,Mysuru APMC,1800,800,1400,Karnataka,Other,2026,6,3
2026-06-27,Onion,23,Mysuru,Local,Mysuru APMC,2500,1800,2300,Karnataka,Other,2026,6,5
2026-06-08,Potato,24,Mysuru,Small,T. Narasipura APMC,2000,1500,2000,Karnataka,Other,2026,6,0
2026-06-16,Cabbage,154,Mysuru,Medium,Mysuru APMC,2900,2500,2800,Karnataka,Cabbage,2026,6,1
2026-06-22,Cabbage,154,Mysuru,Medium,Mysuru APMC,2900,2600,2800,Karnataka,Cabbage,2026,6,0
2026-06-24,Cabbage,154,Mysuru,Medium,Mysuru APMC,2900,2600,2700,Karnataka,Cabbage,2026,6,2
2026-06-02,Brinjal,35,Mysuru,Medium,Mysuru APMC,3200,3000,3100,Karnataka,Brinjal,2026,6,1
2026-06-08,Brinjal,35,Mysuru,Medium,Mysuru APMC,3200,3000,3100,Karnataka,Brinjal,2026,6,0
2026-06-10,Brinjal,35,Mysuru,Local,Nanjangud APMC,4166,2380,3030,Karnataka,Brinjal,2026,6,2
2026-06-18,Brinjal,35,Mysuru,Local,Nanjangud APMC,4166,2380,3030,Karnataka,Brinjal,2026,6,3
2026-06-25,Brinjal,35,Mysuru,Local,Nanjangud APMC,4166,3030,3703,Karnataka,Brinjal,2026,6,3
2026-06-04,Brinjal,35,Mysuru,Medium,Mysuru APMC,3000,2800,2900,Karnataka,Round,2026,6,3
2026-06-09,Brinjal,35,Mysuru,Medium,Mysuru APMC,2800,2600,2700,Karnataka,Round,2026,6,1
2026-06-23,Brinjal,35,Mysuru,Medium,Mysuru APMC,3200,3000,3100,Karnataka,Round,2026,6,1
2026-06-18,Brinjal,35,Mysuru,Medium,Mysuru APMC,3000,2800,2900,Karnataka,Round,2026,6,3
2026-06-07,Tomato,78,Mysuru,Medium,Mysuru APMC,3200,3000,3100,Karnataka,Tomato,2026,6,6
2026-06-11,Tomato,78,Mysuru,Medium,Mysuru APMC,3500,3300,3400,Karnataka,Tomato,2026,6,3
2026-06-11,Tomato,78,Mysuru,Local,Nanjangud APMC,4666,3030,3333,Karnataka,Tomato,2026,6,3
2026-06-21,Tomato,78,Mysuru,Medium,Mysuru APMC,2000,1800,1900,Karnataka,Tomato,2026,6,6
2026-06-19,Tomato,78,Mysuru,Local,Nanjangud APMC,2777,2380,2564,Karnataka,Tomato,2026,6,4
2026-06-24,Tomato,78,Mysuru,Medium,Mysuru APMC,1800,1600,1700,Karnataka,Tomato,2026,6,2
2026-06-26,Tomato,78,Mysuru,Medium,Mysuru APMC,1700,1500,1600,Karnataka,Tomato,2026,6,4
2026-06-02,Tomato,78,Mysuru,Local,Nanjangud APMC,3333,2380,3030,Karnataka,Tomato,2026,6,1
2026-06-05,Tomato,78,Mysuru,Local,Nanjangud APMC,4666,3030,3333,Karnataka,Tomato,2026,6,4
2026-06-04,Brinjal,35,Mysuru,Medium,Mysuru APMC,3200,3000,3100,Karnataka,Brinjal,2026,6,3
2026-06-19,Brinjal,35,Mysuru,Medium,Mysuru APMC,3200,3000,3100,Karnataka,Brinjal,2026,6,4
2026-06-19,Brinjal,35,Mysuru,Small,Santhesargur APMC,1660,1660,1660,Karnataka,Brinjal,2026,6,4
2026-06-24,Brinjal,35,Mysuru,Local,Nanjangud APMC,3703,3030,3333,Karnataka,Brinjal,2026,6,2
2026-06-24,Brinjal,35,Mysuru,Medium,Mysuru APMC,2800,2600,2700,Karnataka,Brinjal,2026,6,2
2026-06-30,Brinjal,35,Mysuru,Local,Nanjangud APMC,3703,3030,3333,Karnataka,Brinjal,2026,6,1
2026-06-30,Brinjal,35,Mysuru,Medium,Mysuru APMC,1800,1600,1700,Karnataka,Brinjal,2026,6,1
2026-06-03,Carrot,153,Mysuru,Medium,Mysuru APMC,5000,4800,4900,Karnataka,Carrot,2026,6,2
2026-06-06,Carrot,153,Mysuru,Local,Nanjangud APMC,2564,2380,2222,Karnataka,Carrot,2026,6,5
2026-06-09,Carrot,153,Mysuru,Local,Nanjangud APMC,4166,2380,3700,Karnataka,Carrot,2026,6,1
2026-06-09,Carrot,153,Mysuru,Medium,Mysuru APMC,6000,5800,5900,Karnataka,Carrot,2026,6,1
2026-06-08,Carrot,153,Mysuru,Medium,Mysuru APMC,4000,3800,3900,Karnataka,Carrot,2026,6,0
2026-06-01,Carrot,153,Mysuru,Small,T. Narasipura APMC,2000,1500,2000,Karnataka,Carrot,2026,6,0
2026-06-04,Carrot,153,Mysuru,Small,T. Narasipura APMC,2000,1500,2000,Karnataka,Carrot,2026,6,3
2026-06-06,Carrot,153,Mysuru,Small,T. Narasipura APMC,2000,1500,2000,Karnataka,Carrot,2026,6,5
2026-06-10,Carrot,153,Mysuru,Local,Nanjangud APMC,2564,2380,2222,Karnataka,Carrot,2026,6,2
2026-06-15,Carrot,153,Mysuru,Local,Nanjangud APMC,4166,2380,3700,Karnataka,Carrot,2026,6,0
2026-06-17,Carrot,153,Mysuru,Medium,Mysuru APMC,6000,5800,5900,Karnataka,Carrot,2026,6,2
2026-06-30,Carrot,153,Mysuru,Local,Nanjangud APMC,3333,2380,2777,Karnataka,Carrot,2026,6,1
2026-06-01,Mango,20,Mysuru,Medium,Hunsur APMC,1300,1300,1300,Karnataka,Other,2026,6,0
2026-06-11,Mango,20,Mysuru,Local,Mysuru APMC,3553,2625,3090,Karnataka,Other,2026,6,3
2026-06-30,Mango,20,Mysuru,Local,Mysuru APMC,3500,3000,3000,Karnataka,Other,2026,6,1
2026-06-25,Mango,20,Mysuru,Local,Mysuru APMC,4000,2500,3000,Karnataka,Other,2026,6,3
2026-07-03,Maize,4,Mysuru,Grade Range-1,Mysuru APMC,2300,2300,2300,Karnataka,Local,2026,7,4
2026-07-06,Maize,4,Mysuru,FAQ,K.R.Nagar APMC,2000,2000,2000,Karnataka,Local,2026,7,0
2026-07-24,Maize,4,Mysuru,FAQ,K.R.Nagar APMC,1900,1900,1900,Karnataka,Local,2026,7,4
2026-07-02,Mango,20,Mysuru,Local,Mysuru APMC,3500,2800,3000,Karnataka,Other,2026,7,3
2026-07-20,Brinjal,35,Mysuru,Medium,Mysuru APMC,2000,1800,1900,Karnataka,Brinjal,2026,7,0
2026-07-22,Brinjal,35,Mysuru,Local,Nanjangud APMC,4166,3030,3703,Karnataka,Brinjal,2026,7,2
2026-07-03,Brinjal,35,Mysuru,Local,Nanjangud APMC,4166,3030,3703,Karnataka,Brinjal,2026,7,4
2026-07-06,Brinjal,35,Mysuru,Medium,Mysuru APMC,2200,2000,2100,Karnataka,Brinjal,2026,7,0
2026-07-08,Brinjal,35,Mysuru,Medium,Mysuru APMC,2200,2000,2100,Karnataka,Brinjal,2026,7,2
2026-07-07,Brinjal,35,Mysuru,Medium,Mysuru APMC,2200,2000,2100,Karnataka,Brinjal,2026,7,1
2026-07-09,Brinjal,35,Mysuru,Local,Nanjangud APMC,4166,2380,3030,Karnataka,Brinjal,2026,7,3
2026-08-06,Brinjal,35,Mysuru,Medium,Mysuru APMC,2500,2300,2400,Karnataka,Brinjal,2026,8,3
2026-07-02,Brinjal,35,Mysuru,Medium,Mysuru APMC,1500,1300,1400,Karnataka,Round,2026,7,3
2026-07-05,Brinjal,35,Mysuru,Medium,Mysuru APMC,1700,1500,1600,Karnataka,Round,2026,7,6
2026-07-12,Brinjal,35,Mysuru,Medium,Mysuru APMC,1500,1300,1400,Karnataka,Round,2026,7,6
2026-07-15,Brinjal,35,Mysuru,Medium,Mysuru APMC,2200,2000,2100,Karnataka,Round,2026,7,2
2026-07-21,Brinjal,35,Mysuru,Medium,Mysuru APMC,2000,1800,1900,Karnataka,Round,2026,7,1
2026-07-26,Brinjal,35,Mysuru,Medium,Mysuru APMC,1500,1300,1400,Karnataka,Round,2026,7,6
2026-08-02,Brinjal,35,Mysuru,Medium,Mysuru APMC,1500,1300,1400,Karnataka,Round,2026,8,6
2026-08-04,Brinjal,35,Mysuru,Medium,Mysuru APMC,1500,1300,1400,Karnataka,Round,2026,8,1
2026-08-05,Brinjal,35,Mysuru,Medium,Mysuru APMC,1500,1300,1400,Karnataka,Round,2026,8,2
2026-07-10,Rice,3,Mysuru,Local,Mysuru APMC,11198,11198,11198,Karnataka,Basmati,2026,7,4
2026-08-05,Rice,3,Mysuru,Local,Mysuru APMC,10500,10500,10500,Karnataka,Basmati,2026,8,2
2026-07-02,Rice,3,Mysuru,Local,Mysuru APMC,2540,2510,2510,Karnataka,Broken Rice,2026,7,3
2026-07-18,Rice,3,Mysuru,Small,T. Narasipura APMC,2400,2300,2400,Karnataka,Broken Rice,2026,7,5
2026-07-27,Rice,3,Mysuru,Small,T. Narasipura APMC,2400,2400,2400,Karnataka,Broken Rice,2026,7,0
2026-07-22,Onion,23,Mysuru,Medium,Mysuru APMC,3000,2400,2700,Karnataka,Other,2026,7,2
2026-08-04,Onion,23,Mysuru,Medium,Mysuru APMC,3000,1000,2800,Karnataka,Other,2026,8,1
2026-07-13,Onion,23,Mysuru,Local,Mysuru APMC,3000,2500,2800,Karnataka,Other,2026,7,0
2026-07-13,Mango,20,Mysuru,Local,Mysuru APMC,3570,2630,3125,Karnataka,Other,2026,7,0
2026-07-24,Mango,20,Mysuru,Medium,Mysuru APMC,3000,2530,2850,Karnataka,Other,2026,7,4
2026-07-29,Mango,20,Mysuru,Medium,Mysuru APMC,2900,2720,2770,Karnataka,Other,2026,7,2
2026-08-06,Mango,20,Mysuru,Medium,Mysuru APMC,3200,3000,3150,Karnataka,Other,2026,8,3
2026-07-10,Mango,20,Mysuru,Local,Mysuru APMC,3376,2833,3125,Karnataka,Other,2026,7,4
2026-07-02,Tomato,78,Mysuru,Local,Nanjangud APMC,5555,3030,4166,Karnataka,Tomato,2026,7,3
2026-07-05,Tomato,78,Mysuru,Medium,Mysuru APMC,1600,1400,1500,Karnataka,Tomato,2026,7,6
2026-07-06,Tomato,78,Mysuru,Local,Nanjangud APMC,5555,3030,4166,Karnataka,Tomato,2026,7,0
2026-07-09,Tomato,78,Mysuru,Local,Nanjangud APMC,4666,3030,3333,Karnataka,Tomato,2026,7,3
2026-07-07,Tomato,78,Mysuru,Local,Nanjangud APMC,6666,3700,4166,Karnataka,Tomato,2026,7,1
2026-07-10,Tomato,78,Mysuru,Local,Nanjangud APMC,4666,3700,4166,Karnataka,Tomato,2026,7,4
2026-07-17,Tomato,78,Mysuru,Local,Nanjangud APMC,6666,3700,4166,Karnataka,Tomato,2026,7,4
2026-07-18,Tomato,78,Mysuru,Local,Nanjangud APMC,4666,3700,4166,Karnataka,Tomato,2026,7,5
2026-07-22,Tomato,78,Mysuru,Medium,Mysuru APMC,1000,800,900,Karnataka,Tomato,2026,7,2
2026-07-24,Tomato,78,Mysuru,Medium,Mysuru APMC,700,500,600,Karnataka,Tomato,2026,7,4
2026-07-16,Potato,24,Mysuru,Local,Nanjangud APMC,3333,2380,3030,Karnataka,Potato,2026,7,3
2026-07-23,Potato,24,Mysuru,Local,Nanjangud APMC,3703,3030,3333,Karnataka,Potato,2026,7,3
2026-08-01,Potato,24,Mysuru,Local,Nanjangud APMC,3333,3030,3030,Karnataka,Potato,2026,8,5
2026-08-04,Potato,24,Mysuru,Medium,Mysuru APMC,1300,800,1100,Karnataka,Potato,2026,8,1
2026-07-28,Tomato,78,Mysuru,Medium,Mysuru APMC,1000,800,900,Karnataka,Tomato,2026,7,1
2026-07-30,Tomato,78,Mysuru,Local,Nanjangud APMC,4666,3700,4166,Karnataka,Tomato,2026,7,3
2026-07-30,Tomato,78,Mysuru,Medium,Hunsur APMC,3000,3000,3000,Karnataka,Tomato,2026,7,3
2026-07-30,Tomato,78,Mysuru,Medium,Mysuru APMC,800,600,700,Karnataka,Tomato,2026,7,3
2026-07-29,Tomato,78,Mysuru,Medium,Hunsur APMC,3000,3000,3000,Karnataka,Tomato,2026,7,2
2026-08-02,Tomato,78,Mysuru,Medium,Mysuru APMC,600,400,500,Karnataka,Tomato,2026,8,6
2026-07-04,Rice,3,Mysuru,Small,T. Narasipura APMC,2500,2500,2500,Karnataka,Broken Rice,2026,7,5
2026-07-25,Rice,3,Mysuru,Local,Mysuru APMC,2650,2650,2650,Karnataka,Broken Rice,2026,7,5
2026-07-31,Rice,3,Mysuru,Grade Range-1,Santhesargur APMC,2920,2920,2920,Karnataka,Coarse,2026,7,4
2026-07-03,Rice,3,Mysuru,Local,Mysuru APMC,7815,3200,4950,Karnataka,Fine,2026,7,4
2026-07-15,Rice,3,Mysuru,Local,Mysuru APMC,8440,2400,7450,Karnataka,Fine,2026,7,2
2026-07-17,Rice,3,Mysuru,Local,Mysuru APMC,4950,4950,4950,Karnataka,Fine,2026,7,4
2026-08-07,Cabbage,154,Mysuru,Medium,Mysuru APMC,1200,1000,1100,Karnataka,Cabbage,2026,8,4
2026-07-24,Cabbage,154,Mysuru,Medium,Mysuru APMC,2200,2000,2100,Karnataka,Cabbage,2026,7,4
2026-07-23,Cabbage,154,Mysuru,Medium,Hunsur APMC,1250,1250,1250,Karnataka,Cabbage,2026,7,3
2026-07-31,Cabbage,154,Mysuru,Medium,Mysuru APMC,1400,1200,1300,Karnataka,Cabbage,2026,7,4
2026-08-03,Cabbage,154,Mysuru,Medium,Mysuru APMC,1200,1000,1100,Karnataka,Cabbage,2026,8,0
2026-07-24,Carrot,153,Mysuru,Local,Nanjangud APMC,3703,2308,2777,Karnataka,Carrot,2026,7,4
2026-07-28,Carrot,153,Mysuru,Local,Nanjangud APMC,3703,3030,3333,Karnataka,Carrot,2026,7,1
2026-07-07,Cabbage,154,Mysuru,Medium,Mysuru APMC,1800,1600,1700,Karnataka,Cabbage,2026,7,1
2026-08-06,Carrot,153,Mysuru,Medium,Mysuru APMC,5000,4800,4900,Karnataka,Carrot,2026,8,3
2026-07-10,Cabbage,154,Mysuru,Medium,Mysuru APMC,1700,1500,1600,Karnataka,Cabbage,2026,7,4
2026-07-02,Cabbage,154,Mysuru,Medium,Mysuru APMC,2000,1800,1900,Karnataka,Cabbage,2026,7,3
2026-07-08,Carrot,153,Mysuru,Local,Nanjangud APMC,3333,2380,2777,Karnataka,Carrot,2026,7,2
2026-07-09,Carrot,153,Mysuru,Local,Nanjangud APMC,2564,2380,2222,Karnataka,Carrot,2026,7,3
2026-07-10,Carrot,153,Mysuru,Medium,Mysuru APMC,4000,3800,3900,Karnataka,Carrot,2026,7,4
2026-07-17,Carrot,153,Mysuru,Medium,Mysuru APMC,5000,4800,4900,Karnataka,Carrot,2026,7,4
2026-07-13,Cabbage,154,Mysuru,Medium,Mysuru APMC,1700,1500,1600,Karnataka,Cabbage,2026,7,0
2026-07-15,Cabbage,154,Mysuru,Medium,Mysuru APMC,1800,1600,1700,Karnataka,Cabbage,2026,7,2
2026-04-02,Onion,23,Mysuru,Grade Range-1,Mysuru APMC,1350,750,1300,Karnataka,Other,2026,4,3
2026-04-15,Potato,24,Mysuru,Small,T. Narasipura APMC,1500,1000,1000,Karnataka,Other,2026,4,2
2026-04-09,Mango,20,Mysuru,Grade Range-1,Mysuru APMC,7000,3000,6000,Karnataka,Other,2026,4,3
2026-04-13,Mango,20,Mysuru,Grade Range-1,Mysuru APMC,5200,5200,5200,Karnataka,Other,2026,4,0
2026-04-24,Mango,20,Mysuru,Grade Range-1,Mysuru APMC,6000,4500,5000,Karnataka,Other,2026,4,4
2026-04-25,Mango,20,Mysuru,Grade Range-1,Mysuru APMC,6000,5000,5500,Karnataka,Other,2026,4,5
2026-04-28,Mango,20,Mysuru,Grade Range-1,Mysuru APMC,6000,3000,4500,Karnataka,Other,2026,4,1
2026-04-22,Potato,24,Mysuru,Local,Nanjangud APMC,4166,3030,3333,Karnataka,Potato,2026,4,2
2026-04-23,Potato,24,Mysuru,Grade Range-1,Mysuru APMC,1200,800,1000,Karnataka,Potato,2026,4,3
2026-04-25,Potato,24,Mysuru,Grade Range-1,Mysuru APMC,1200,800,1000,Karnataka,Potato,2026,4,5
2026-04-30,Potato,24,Mysuru,Local,Nanjangud APMC,4166,3030,3333,Karnataka,Potato,2026,4,3
2026-04-03,Maize,4,Mysuru,FAQ,K.R.Nagar APMC,1950,1950,1950,Karnataka,Local,2026,4,4
2026-04-08,Maize,4,Mysuru,FAQ,K.R.Nagar APMC,1800,1800,1800,Karnataka,Local,2026,4,2
2026-04-25,Maize,4,Mysuru,Grade Range-1,Mysuru APMC,1556,1556,1556,Karnataka,Local,2026,4,5
2026-04-26,Maize,4,Mysuru,Grade Range-1,Mysuru APMC,1800,1800,1800,Karnataka,Local,2026,4,6
2026-04-02,Maize,4,Mysuru,Non-FAQ,T. Narasipura APMC,1800,1800,1800,Karnataka,Yellow,2026,4,3
2026-04-11,Maize,4,Mysuru,Non-FAQ,T. Narasipura APMC,1800,1800,1800,Karnataka,Yellow,2026,4,5
2026-04-13,Maize,4,Mysuru,Non-FAQ,T. Narasipura APMC,1800,1800,1800,Karnataka,Yellow,2026,4,0
2026-04-14,Maize,4,Mysuru,FAQ,Periyapatna APMC,1800,1800,1800,Karnataka,Hybrid/Local,2026,4,1
2026-04-01,Rice,3,Mysuru,Grade Range-1,Mysuru APMC,7477,2400,2400,Karnataka,Fine,2026,4,2
2026-04-05,Rice,3,Mysuru,Grade Range-1,Mysuru APMC,6850,6850,6850,Karnataka,Fine,2026,4,6
2026-04-10,Rice,3,Mysuru,Grade Range-1,Mysuru APMC,2100,2100,2100,Karnataka,Fine,2026,4,4
2026-04-21,Rice,3,Mysuru,Grade Range-1,Mysuru APMC,7390,1990,2400,Karnataka,Fine,2026,4,1
2026-04-04,Rice,3,Mysuru,Grade Range-1,Mysuru APMC,9464,9464,9464,Karnataka,Basmati,2026,4,5
2026-04-17,Rice,3,Mysuru,Grade Range-1,Mysuru APMC,15295,15295,15295,Karnataka,Basmati,2026,4,4
2026-04-27,Rice,3,Mysuru,Grade Range-1,Mysuru APMC,2500,2500,2500,Karnataka,Broken Rice,2026,4,0
2026-04-04,Tomato,78,Mysuru,Local,Nanjangud APMC,2222,1111,1851,Karnataka,Tomato,2026,4,5
2026-04-03,Tomato,78,Mysuru,Grade Range-1,Mysuru APMC,1000,800,900,Karnataka,Tomato,2026,4,4
2026-04-06,Tomato,78,Mysuru,Grade Range-1,Mysuru APMC,1400,1200,1300,Karnataka,Tomato,2026,4,0
2026-04-07,Tomato,78,Mysuru,Local,Nanjangud APMC,1515,1111,1200,Karnataka,Tomato,2026,4,1
2026-04-09,Tomato,78,Mysuru,Grade Range-1,Mysuru APMC,1400,1200,1300,Karnataka,Tomato,2026,4,3
2026-04-10,Tomato,78,Mysuru,Grade Range-1,Mysuru APMC,1600,1400,1500,Karnataka,Tomato,2026,4,4
2026-04-13,Tomato,78,Mysuru,Grade Range-1,Mysuru APMC,2200,2000,2100,Karnataka,Tomato,2026,4,0
2026-04-10,Tomato,78,Mysuru,Local,Nanjangud APMC,2777,2380,2564,Karnataka,Tomato,2026,4,4
2026-04-15,Tomato,78,Mysuru,Local,Nanjangud APMC,2777,2380,2564,Karnataka,Tomato,2026,4,2
2026-04-21,Tomato,78,Mysuru,Grade Range-1,Mysuru APMC,3200,3000,3100,Karnataka,Tomato,2026,4,1
2026-04-22,Tomato,78,Mysuru,Local,Nanjangud APMC,3333,3030,3030,Karnataka,Tomato,2026,4,2
2026-04-29,Tomato,78,Mysuru,Local,Nanjangud APMC,6666,3700,3703,Karnataka,Tomato,2026,4,2
2026-04-28,Tomato,78,Mysuru,Grade Range-1,Mysuru APMC,3500,3300,3400,Karnataka,Tomato,2026,4,1
2026-04-29,Tomato,78,Mysuru,Grade Range-1,Mysuru APMC,3500,3300,3400,Karnataka,Tomato,2026,4,2
2026-04-06,Tomato,78,Mysuru,Local,Nanjangud APMC,2083,1515,1851,Karnataka,Hybrid,2026,4,0
2026-04-08,Tomato,78,Mysuru,Small,T. Narasipura APMC,2000,1000,2000,Karnataka,Hybrid,2026,4,2
2026-04-27,Tomato,78,Mysuru,Local,Nanjangud APMC,4166,3333,3700,Karnataka,Hybrid,2026,4,0
2026-04-30,Tomato,78,Mysuru,Local,Nanjangud APMC,3333,2083,3030,Karnataka,Hybrid,2026,4,3
2026-04-12,Brinjal,35,Mysuru,Grade Range-1,Mysuru APMC,3500,3300,3400,Karnataka,Brinjal,2026,4,6
2026-04-15,Brinjal,35,Mysuru,Small,T. Narasipura APMC,2000,1500,2000,Karnataka,Brinjal,2026,4,2
2026-04-14,Brinjal,35,Mysuru,Grade Range-1,Mysuru APMC,3500,3300,3400,Karnataka,Brinjal,2026,4,1
2026-04-15,Brinjal,35,Mysuru,Local,Nanjangud APMC,27777,2380,2564,Karnataka,Brinjal,2026,4,2
2026-04-22,Brinjal,35,Mysuru,Local,Nanjangud APMC,3333,3030,3030,Karnataka,Brinjal,2026,4,2
2026-04-02,Brinjal,35,Mysuru,Grade Range-1,Mysuru APMC,1400,1200,1300,Karnataka,Round,2026,4,3
2026-04-06,Brinjal,35,Mysuru,Local,Nanjangud APMC,2380,2083,2222,Karnataka,Round,2026,4,0
2026-04-17,Brinjal,35,Mysuru,Grade Range-1,Mysuru APMC,2700,2500,2600,Karnataka,Round,2026,4,4
2026-04-30,Brinjal,35,Mysuru,Grade Range-1,Mysuru APMC,1700,1500,1600,Karnataka,Round,2026,4,3
2026-04-02,Tomato,78,Mysuru,Grade Range-1,Mysuru APMC,1200,1000,1100,Karnataka,Tomato,2026,4,3
2026-04-07,Rice,3,Mysuru,Grade Range-1,Mysuru APMC,3600,3600,3600,Karnataka,Fine,2026,4,1
2026-04-15,Rice,3,Mysuru,Grade Range-1,Mysuru APMC,7380,3550,3686,Karnataka,Fine,2026,4,2
2026-04-20,Rice,3,Mysuru,Grade Range-1,Mysuru APMC,2400,2400,2400,Karnataka,Fine,2026,4,0
2026-04-28,Rice,3,Mysuru,Grade Range-1,Mysuru APMC,1990,1990,1990,Karnataka,Fine,2026,4,1
2026-04-22,Rice,3,Mysuru,Grade Range-1,Mysuru APMC,9966,9960,9966,Karnataka,Basmati,2026,4,2
2026-04-23,Cabbage,154,Mysuru,Grade Range-1,Mysuru APMC,1000,700,800,Karnataka,Cabbage,2026,4,3
2026-04-02,Cabbage,154,Mysuru,Grade Range-1,Mysuru APMC,700,500,600,Karnataka,Cabbage,2026,4,3
2026-04-04,Tomato,78,Mysuru,Small,T. Narasipura APMC,2000,1000,2000,Karnataka,Hybrid,2026,4,5
2026-04-13,Tomato,78,Mysuru,Small,T. Narasipura APMC,2000,1500,1500,Karnataka,Hybrid,2026,4,0
2026-04-05,Cabbage,154,Mysuru,Grade Range-1,Mysuru APMC,700,500,600,Karnataka,Cabbage,2026,4,6
2026-04-07,Cabbage,154,Mysuru,Grade Range-1,Mysuru APMC,700,500,500,Karnataka,Cabbage,2026,4,1
2026-04-01,Carrot,153,Mysuru,Local,Nanjangud APMC,2564,2083,2380,Karnataka,Carrot,2026,4,2
2026-04-01,Carrot,153,Mysuru,Grade Range-1,Mysuru APMC,1800,1600,1700,Karnataka,Carrot,2026,4,2
2026-04-07,Carrot,153,Mysuru,Grade Range-1,Mysuru APMC,1800,1600,1700,Karnataka,Carrot,2026,4,1
2026-04-06,Carrot,153,Mysuru,Small,T. Narasipura APMC,2000,1500,2000,Karnataka,Carrot,2026,4,0
2026-04-06,Carrot,153,Mysuru,Local,Nanjangud APMC,2564,1492,2083,Karnataka,Carrot,2026,4,0
2026-04-09,Carrot,153,Mysuru,Grade Range-1,Mysuru APMC,1500,1300,1400,Karnataka,Carrot,2026,4,3
2026-04-13,Carrot,153,Mysuru,Small,T. Narasipura APMC,2000,1500,2000,Karnataka,Carrot,2026,4,0
2026-04-13,Carrot,153,Mysuru,Local,Nanjangud APMC,2777,2083,2564,Karnataka,Carrot,2026,4,0
2026-04-16,Carrot,153,Mysuru,Small,T. Narasipura APMC,2000,1500,2000,Karnataka,Carrot,2026,4,3
2026-04-09,Cabbage,154,Mysuru,Grade Range-1,Mysuru APMC,700,500,600,Karnataka,Cabbage,2026,4,3
2026-04-10,Cabbage,154,Mysuru,Grade Range-1,Mysuru APMC,700,500,600,Karnataka,Cabbage,2026,4,4
2026-04-17,Carrot,153,Mysuru,Grade Range-1,Mysuru APMC,2200,2000,2100,Karnataka,Carrot,2026,4,4
2026-04-20,Carrot,153,Mysuru,Grade Range-1,Mysuru APMC,2600,2400,2500,Karnataka,Carrot,2026,4,0
2026-04-21,Carrot,153,Mysuru,Local,Nanjangud APMC,4166,2777,3700,Karnataka,Carrot,2026,4,1
2026-04-30,Carrot,153,Mysuru,Local,Nanjangud APMC,4166,3333,3700,Karnataka,Carrot,2026,4,3
2026-04-28,Carrot,153,Mysuru,Local,Nanjangud APMC,3333,3030,3030,Karnataka,Carrot,2026,4,1
2026-04-29,Carrot,153,Mysuru,Grade Range-1,Mysuru APMC,2500,2300,2400,Karnataka,Carrot,2026,4,2
2026-04-22,Cabbage,154,Mysuru,Grade Range-1,Mysuru APMC,1000,800,900,Karnataka,Cabbage,2026,4,2
2026-04-26,Cabbage,154,Mysuru,Grade Range-1,Mysuru APMC,1200,1000,1100,Karnataka,Cabbage,2026,4,6
2026-04-01,Tomato,78,Mysuru,Local,Nanjangud APMC,2222,1560,1851,Karnataka,Tomato,2026,4,2
2026-04-05,Tomato,78,Mysuru,Grade Range-1,Mysuru APMC,1400,1200,1300,Karnataka,Tomato,2026,4,6
2026-04-07,Tomato,78,Mysuru,Grade Range-1,Mysuru APMC,1400,1200,1300,Karnataka,Tomato,2026,4,1
2026-04-16,Tomato,78,Mysuru,Grade Range-1,Mysuru APMC,1800,1600,1700,Karnataka,Tomato,2026,4,3
2026-04-19,Tomato,78,Mysuru,Grade Range-1,Mysuru APMC,1900,1700,1800,Karnataka,Tomato,2026,4,6
2026-04-24,Tomato,78,Mysuru,Local,Nanjangud APMC,6666,3030,3333,Karnataka,Tomato,2026,4,4
2026-04-27,Tomato,78,Mysuru,Grade Range-1,Mysuru APMC,3500,3300,3400,Karnataka,Tomato,2026,4,0
2026-05-12,Maize,4,Mysuru,FAQ,Hunsur APMC,1600,1600,1600,Karnataka,Local,2026,5,1
2026-05-08,Maize,4,Mysuru,Non-FAQ,T. Narasipura APMC,1800,1800,1800,Karnataka,Yellow,2026,5,4
2026-05-27,Rice,3,Mysuru,Small,T. Narasipura APMC,7900,5549,5549,Karnataka,Other,2026,5,2
2026-05-27,Maize,4,Mysuru,FAQ,K.R.Nagar APMC,2200,1900,2027,Karnataka,Local,2026,5,2
2026-05-31,Rice,3,Mysuru,Local,Mysuru APMC,7000,7000,7000,Karnataka,Fine,2026,5,6
2026-05-30,Maize,4,Mysuru,FAQ,Periyapatna APMC,2200,2200,2200,Karnataka,Hybrid/Local,2026,5,5
2026-05-05,Rice,3,Mysuru,Medium,Hunsur APMC,2200,2200,2200,Karnataka,Broken Rice,2026,5,1
2026-05-12,Rice,3,Mysuru,Small,T. Narasipura APMC,2200,2200,2200,Karnataka,Broken Rice,2026,5,1
2026-05-30,Rice,3,Mysuru,Small,T. Narasipura APMC,2100,2100,2100,Karnataka,Broken Rice,2026,5,5
2026-05-14,Mango,20,Mysuru,Local,Mysuru APMC,5250,4000,5000,Karnataka,Other,2026,5,3
2026-05-22,Mango,20,Mysuru,Local,Mysuru APMC,4000,1800,3500,Karnataka,Other,2026,5,4
2026-05-26,Cabbage,154,Mysuru,Medium,Mysuru APMC,2500,2000,2300,Karnataka,Cabbage,2026,5,1
2026-05-31,Cabbage,154,Mysuru,Medium,Mysuru APMC,3000,2500,2800,Karnataka,Cabbage,2026,5,6
2026-05-27,Cabbage,154,Mysuru,Medium,Mysuru APMC,2500,2000,2300,Karnataka,Cabbage,2026,5,2
2026-05-15,Cabbage,154,Mysuru,Medium,Mysuru APMC,2000,1200,1800,Karnataka,Cabbage,2026,5,4
2026-05-12,Cabbage,154,Mysuru,Medium,Mysuru APMC,2400,2000,2300,Karnataka,Cabbage,2026,5,1
2026-05-14,Carrot,153,Mysuru,Small,T. Narasipura APMC,2000,1500,2000,Karnataka,Carrot,2026,5,3
2026-05-04,Carrot,153,Mysuru,Grade Range-1,Mysuru APMC,3000,2800,2900,Karnataka,Carrot,2026,5,0
2026-05-05,Tomato,78,Mysuru,Grade Range-1,Mysuru APMC,3700,3500,3600,Karnataka,Tomato,2026,5,1
2026-05-07,Tomato,78,Mysuru,Grade Range-1,Mysuru APMC,3800,3600,3700,Karnataka,Tomato,2026,5,3
2026-05-08,Tomato,78,Mysuru,Medium,Mysuru APMC,3600,3400,3500,Karnataka,Tomato,2026,5,4
2026-05-10,Tomato,78,Mysuru,Medium,Mysuru APMC,3200,3000,3100,Karnataka,Tomato,2026,5,6
2026-05-21,Tomato,78,Mysuru,Local,Nanjangud APMC,6666,3030,4166,Karnataka,Tomato,2026,5,3
2026-05-25,Tomato,78,Mysuru,Medium,Mysuru APMC,3500,3300,3400,Karnataka,Tomato,2026,5,0
2026-05-26,Tomato,78,Mysuru,Medium,Mysuru APMC,3200,3000,3100,Karnataka,Tomato,2026,5,1
2026-05-07,Tomato,78,Mysuru,Local,Nanjangud APMC,3333,2777,3030,Karnataka,Hybrid,2026,5,3
2026-05-25,Tomato,78,Mysuru,Local,Nanjangud APMC,6066,3333,4166,Karnataka,Hybrid,2026,5,0
2026-05-07,Onion,23,Mysuru,Local,Mysuru APMC,1300,600,950,Karnataka,Other,2026,5,3
2026-05-08,Onion,23,Mysuru,Local,Mysuru APMC,1300,600,950,Karnataka,Other,2026,5,4
2026-05-30,Onion,23,Mysuru,Local,Mysuru APMC,1800,800,1500,Karnataka,Other,2026,5,5
2026-05-22,Onion,23,Mysuru,Local,Mysuru APMC,1800,800,1400,Karnataka,Other,2026,5,4
2026-05-02,Potato,24,Mysuru,Local,Nanjangud APMC,5555,3030,4166,Karnataka,Potato,2026,5,5
2026-05-02,Potato,24,Mysuru,Grade Range-1,Mysuru APMC,1300,1200,1250,Karnataka,Potato,2026,5,5
2026-05-14,Potato,24,Mysuru,Local,Nanjangud APMC,4166,3030,3703,Karnataka,Potato,2026,5,3
2026-05-14,Potato,24,Mysuru,Local,Mysuru APMC,1200,1000,1100,Karnataka,Potato,2026,5,3
2026-05-15,Potato,24,Mysuru,Local,Nanjangud APMC,4166,2380,3703,Karnataka,Potato,2026,5,4
2026-05-15,Potato,24,Mysuru,Local,Mysuru APMC,1300,1000,1100,Karnataka,Potato,2026,5,4
2026-05-20,Potato,24,Mysuru,Local,Nanjangud APMC,3703,3030,3333,Karnataka,Potato,2026,5,2
2026-05-21,Potato,24,Mysuru,Local,Nanjangud APMC,3333,3030,3030,Karnataka,Potato,2026,5,3
2026-05-25,Potato,24,Mysuru,Local,Nanjangud APMC,2564,2083,2380,Karnataka,Potato,2026,5,0
2026-05-27,Potato,24,Mysuru,Local,Mysuru APMC,1200,1000,1000,Karnataka,Potato,2026,5,2
2026-05-27,Potato,24,Mysuru,Local,Nanjangud APMC,3333,2380,3030,Karnataka,Potato,2026,5,2
2026-05-09,Mango,20,Mysuru,Local,Mysuru APMC,6000,4000,5000,Karnataka,Other,2026,5,5
2026-05-04,Onion,23,Mysuru,Small,T. Narasipura APMC,2000,1000,2000,Karnataka,Onion,2026,5,0
2026-05-02,Onion,23,Mysuru,Small,T. Narasipura APMC,2000,1500,2000,Karnataka,Onion,2026,5,5
2026-05-08,Onion,23,Mysuru,Small,T. Narasipura APMC,2000,1500,2000,Karnataka,Onion,2026,5,4
2026-05-02,Potato,24,Mysuru,Small,T. Narasipura APMC,2000,1500,2000,Karnataka,Other,2026,5,5
2026-05-13,Onion,23,Mysuru,Small,T. Narasipura APMC,2000,1100,2000,Karnataka,Onion,2026,5,2
2026-05-21,Brinjal,35,Mysuru,Local,Nanjangud APMC,3030,2380,2777,Karnataka,Brinjal,2026,5,3
2026-05-17,Brinjal,35,Mysuru,Medium,Mysuru APMC,1500,1300,1400,Karnataka,Brinjal,2026,5,6
2026-05-24,Brinjal,35,Mysuru,Medium,Mysuru APMC,2300,2100,2200,Karnataka,Brinjal,2026,5,6
2026-05-27,Brinjal,35,Mysuru,Local,Nanjangud APMC,2777,2380,2564,Karnataka,Brinjal,2026,5,2
2026-05-31,Brinjal,35,Mysuru,Medium,Mysuru APMC,2800,2600,2700,Karnataka,Brinjal,2026,5,6
2026-05-28,Brinjal,35,Mysuru,Medium,Mysuru APMC,2500,2300,2400,Karnataka,Brinjal,2026,5,3
2026-05-01,Brinjal,35,Mysuru,Grade Range-1,Mysuru APMC,1700,1500,1600,Karnataka,Round,2026,5,4
2026-05-07,Brinjal,35,Mysuru,Grade Range-1,Mysuru APMC,1700,1500,1600,Karnataka,Round,2026,5,3
2026-05-10,Brinjal,35,Mysuru,Medium,Mysuru APMC,1500,1300,1400,Karnataka,Round,2026,5,6
2026-05-07,Brinjal,35,Mysuru,Local,Nanjangud APMC,4166,3030,3030,Karnataka,Brinjal,2026,5,3
2026-05-10,Brinjal,35,Mysuru,Medium,Mysuru APMC,1300,1100,1200,Karnataka,Brinjal,2026,5,6
2026-05-04,Brinjal,35,Mysuru,Small,T. Narasipura APMC,3000,2000,3000,Karnataka,Brinjal,2026,5,0
2026-05-02,Brinjal,35,Mysuru,Small,T. Narasipura APMC,3000,2000,2000,Karnataka,Brinjal,2026,5,5
2026-05-08,Carrot,153,Mysuru,Local,Nanjangud APMC,4166,3333,3700,Karnataka,Carrot,2026,5,4
2026-05-15,Carrot,153,Mysuru,Local,Nanjangud APMC,3333,3030,3030,Karnataka,Carrot,2026,5,4
2026-05-15,Carrot,153,Mysuru,Small,T. Narasipura APMC,2000,1500,2000,Karnataka,Carrot,2026,5,4
2026-05-26,Carrot,153,Mysuru,Medium,Mysuru APMC,4000,3800,3900,Karnataka,Carrot,2026,5,1
2026-05-28,Carrot,153,Mysuru,Grade Range-1,Mysuru APMC,3000,2800,2900,Karnataka,Carrot,2026,5,3
2026-05-31,Carrot,153,Mysuru,Medium,Mysuru APMC,5500,5300,5400,Karnataka,Carrot,2026,5,6
2026-05-27,Carrot,153,Mysuru,Medium,Mysuru APMC,4000,3800,3900,Karnataka,Carrot,2026,5,2
2026-05-12,Carrot,153,Mysuru,Local,Nanjangud APMC,2777,2380,2564,Karnataka,Carrot,2026,5,1
2026-05-13,Carrot,153,Mysuru,Local,Nanjangud APMC,2777,2380,2564,Karnataka,Carrot,2026,5,2
2026-05-22,Carrot,153,Mysuru,Medium,Mysuru APMC,4500,4300,4400,Karnataka,Carrot,2026,5,4
2026-05-08,Carrot,153,Mysuru,Small,T. Narasipura APMC,2000,1500,2000,Karnataka,Carrot,2026,5,4
2026-05-03,Carrot,153,Mysuru,Grade Range-1,Mysuru APMC,3000,2800,2900,Karnataka,Carrot,2026,5,6
2026-05-05,Carrot,153,Mysuru,Grade Range-1,Mysuru APMC,3000,2800,2900,Karnataka,Carrot,2026,5,1
2026-07-08,Mango,20,Mysuru,Local,Mysuru APMC,2857,2480,2717,Karnataka,Other,2026,7,2
2026-07-09,Mango,20,Mysuru,Local,Mysuru APMC,3333,2470,3230,Karnataka,Other,2026,7,3
2026-07-11,Mango,20,Mysuru,Local,Mysuru APMC,3631,3294,3571,Karnataka,Other,2026,7,5
2026-07-18,Mango,20,Mysuru,Medium,Mysuru APMC,3750,3330,3570,Karnataka,Other,2026,7,5
2026-07-16,Mango,20,Mysuru,Medium,Mysuru APMC,3410,2490,2600,Karnataka,Other,2026,7,3
2026-07-22,Mango,20,Mysuru,Medium,Mysuru APMC,3360,2800,3090,Karnataka,Other,2026,7,2
2026-07-21,Rice,3,Mysuru,Small,Santhesargur APMC,2800,2600,2600,Karnataka,Broken Rice,2026,7,1
2026-07-28,Rice,3,Mysuru,Local,Mysuru APMC,2690,2690,2690,Karnataka,Broken Rice,2026,7,1
2026-07-26,Rice,3,Mysuru,Local,Mysuru APMC,2300,2300,2300,Karnataka,Broken Rice,2026,7,6
2026-07-01,Rice,3,Mysuru,Local,Mysuru APMC,7600,3831,3831,Karnataka,Fine,2026,7,2
2026-07-08,Rice,3,Mysuru,Local,Mysuru APMC,8340,3831,4138,Karnataka,Fine,2026,7,2
2026-07-13,Rice,3,Mysuru,Local,Mysuru APMC,8440,3400,3400,Karnataka,Fine,2026,7,0
2026-07-23,Rice,3,Mysuru,Local,Mysuru APMC,8065,8065,8065,Karnataka,Fine,2026,7,3
2026-07-31,Rice,3,Mysuru,Local,Mysuru APMC,2500,2500,2500,Karnataka,Fine,2026,7,4
2026-07-01,Carrot,153,Mysuru,Medium,Mysuru APMC,5000,4800,4900,Karnataka,Carrot,2026,7,2
2026-07-02,Carrot,153,Mysuru,Local,Nanjangud APMC,3703,3333,3333,Karnataka,Carrot,2026,7,3
2026-07-05,Carrot,153,Mysuru,Medium,Mysuru APMC,5000,4800,4900,Karnataka,Carrot,2026,7,6
2026-07-06,Carrot,153,Mysuru,Medium,Mysuru APMC,5000,4800,4900,Karnataka,Carrot,2026,7,0
2026-07-05,Cabbage,154,Mysuru,Medium,Mysuru APMC,2000,1800,1900,Karnataka,Cabbage,2026,7,6
2026-07-10,Carrot,153,Mysuru,Local,Nanjangud APMC,3333,2380,2777,Karnataka,Carrot,2026,7,4
2026-07-12,Carrot,153,Mysuru,Medium,Mysuru APMC,4000,3800,3900,Karnataka,Carrot,2026,7,6
2026-07-20,Carrot,153,Mysuru,Medium,Mysuru APMC,5500,5300,5400,Karnataka,Carrot,2026,7,0
2026-07-23,Carrot,153,Mysuru,Medium,Mysuru APMC,5000,4800,4900,Karnataka,Carrot,2026,7,3
2026-07-28,Carrot,153,Mysuru,Medium,Mysuru APMC,5500,5300,5400,Karnataka,Carrot,2026,7,1
2026-07-30,Carrot,153,Mysuru,Local,Nanjangud APMC,3333,2308,2777,Karnataka,Carrot,2026,7,3
2026-07-29,Carrot,153,Mysuru,Medium,Mysuru APMC,5500,5300,5400,Karnataka,Carrot,2026,7,2
2026-08-01,Carrot,153,Mysuru,Local,Nanjangud APMC,4166,2308,3700,Karnataka,Carrot,2026,8,5
2026-08-02,Carrot,153,Mysuru,Medium,Mysuru APMC,5000,4800,4900,Karnataka,Carrot,2026,8,6
2026-08-04,Carrot,153,Mysuru,Medium,Mysuru APMC,5000,4800,4900,Karnataka,Carrot,2026,8,1
2026-08-07,Carrot,153,Mysuru,Medium,Mysuru APMC,6000,5800,5900,Karnataka,Carrot,2026,8,4
2026-08-05,Carrot,153,Mysuru,Local,Nanjangud APMC,3030,2380,2777,Karnataka,Carrot,2026,8,2
2026-07-15,Maize,4,Mysuru,FAQ,K.R.Nagar APMC,1900,1900,1900,Karnataka,Local,2026,7,2
2026-07-23,Maize,4,Mysuru,Local,Mysuru APMC,2600,2600,2600,Karnataka,Local,2026,7,3
2026-07-04,Rice,3,Mysuru,Small,T. Narasipura APMC,2600,2600,2600,Karnataka,Other,2026,7,5
2026-07-14,Rice,3,Mysuru,Small,T. Narasipura APMC,2500,2500,2500,Karnataka,Other,2026,7,1
2026-08-03,Maize,4,Mysuru,Local,Mysuru APMC,2800,2600,2600,Karnataka,Local,2026,8,0
2026-07-24,Rice,3,Mysuru,Small,T. Narasipura APMC,2500,2500,2500,Karnataka,Other,2026,7,4
2026-07-29,Rice,3,Mysuru,Small,T. Narasipura APMC,3650,2500,2500,Karnataka,Other,2026,7,2
2026-08-01,Mango,20,Mysuru,Medium,Mysuru APMC,2900,2720,2830,Karnataka,Other,2026,8,5
2026-07-21,Onion,23,Mysuru,Medium,Mysuru APMC,3200,2900,3000,Karnataka,Other,2026,7,1
2026-07-25,Onion,23,Mysuru,Medium,Mysuru APMC,3000,2600,2800,Karnataka,Other,2026,7,5
2026-07-30,Onion,23,Mysuru,Medium,Mysuru APMC,3200,1000,2100,Karnataka,Other,2026,7,3
2026-07-29,Onion,23,Mysuru,Medium,Mysuru APMC,2600,1500,2050,Karnataka,Other,2026,7,2
2026-07-19,Brinjal,35,Mysuru,Medium,Mysuru APMC,2000,1800,1900,Karnataka,Brinjal,2026,7,6
2026-07-22,Brinjal,35,Mysuru,Medium,Mysuru APMC,2000,1800,1900,Karnataka,Brinjal,2026,7,2
2026-07-28,Brinjal,35,Mysuru,Medium,Mysuru APMC,2500,2300,2400,Karnataka,Brinjal,2026,7,1
2026-07-27,Brinjal,35,Mysuru,Medium,Mysuru APMC,2400,2200,2300,Karnataka,Brinjal,2026,7,0
2026-07-29,Brinjal,35,Mysuru,Medium,Mysuru APMC,2500,2300,2400,Karnataka,Brinjal,2026,7,2
2026-07-30,Brinjal,35,Mysuru,Medium,Mysuru APMC,2500,2300,2400,Karnataka,Brinjal,2026,7,3
2026-08-03,Brinjal,35,Mysuru,Medium,Mysuru APMC,2500,2300,2400,Karnataka,Brinjal,2026,8,0
2026-07-10,Brinjal,35,Mysuru,Medium,Mysuru APMC,1500,1300,1400,Karnataka,Round,2026,7,4
2026-07-14,Brinjal,35,Mysuru,Medium,Mysuru APMC,2000,1800,1900,Karnataka,Round,2026,7,1
2026-07-16,Brinjal,35,Mysuru,Medium,Mysuru APMC,2000,1800,1900,Karnataka,Round,2026,7,3
2026-07-19,Brinjal,35,Mysuru,Medium,Mysuru APMC,2000,1800,1900,Karnataka,Round,2026,7,6
2026-07-23,Brinjal,35,Mysuru,Medium,Mysuru APMC,1500,1300,1400,Karnataka,Round,2026,7,3
2026-07-01,Brinjal,35,Mysuru,Medium,Mysuru APMC,1700,1500,1600,Karnataka,Round,2026,7,2
2026-07-03,Brinjal,35,Mysuru,Medium,Mysuru APMC,1700,1500,1600,Karnataka,Round,2026,7,4
2026-07-07,Brinjal,35,Mysuru,Medium,Mysuru APMC,2200,2000,2100,Karnataka,Round,2026,7,1
2026-07-09,Onion,23,Mysuru,Local,Mysuru APMC,3400,1300,2600,Karnataka,Other,2026,7,3
2026-07-14,Onion,23,Mysuru,Local,Mysuru APMC,3000,2500,2800,Karnataka,Other,2026,7,1
2026-07-03,Brinjal,35,Mysuru,Medium,Mysuru APMC,1800,1600,1700,Karnataka,Brinjal,2026,7,4
2026-07-20,Cabbage,154,Mysuru,Medium,Mysuru APMC,2500,2100,2300,Karnataka,Cabbage,2026,7,0
2026-07-01,Brinjal,35,Mysuru,Local,Nanjangud APMC,3703,3030,3333,Karnataka,Brinjal,2026,7,2
2026-07-10,Brinjal,35,Mysuru,Local,Nanjangud APMC,3703,3030,3333,Karnataka,Brinjal,2026,7,4
2026-07-20,Brinjal,35,Mysuru,Local,Nanjangud APMC,3703,3030,3333,Karnataka,Brinjal,2026,7,0
2026-07-16,Brinjal,35,Mysuru,Medium,Mysuru APMC,1800,1600,1700,Karnataka,Brinjal,2026,7,3
2022-01-01,Potato,24,Hyderabad,FAQ,Bowenpally,2500,800,2000,Telangana,(Red Nanital),2022,1,5
2022-01-06,Potato,24,Hyderabad,FAQ,Bowenpally,1400,400,1100,Telangana,(Red Nanital),2022,1,3
2022-09-08,Potato,24,Hyderabad,FAQ,L B Nagar,2800,2200,2500,Telangana,(Red Nanital),2022,9,3
2022-09-13,Potato,24,Hyderabad,FAQ,L B Nagar,2800,2200,2500,Telangana,(Red Nanital),2022,9,1
2022-09-18,Potato,24,Hyderabad,FAQ,L B Nagar,2600,2000,2300,Telangana,(Red Nanital),2022,9,6
2022-09-24,Potato,24,Hyderabad,FAQ,L B Nagar,2600,2000,2300,Telangana,(Red Nanital),2022,9,5
2022-10-03,Potato,24,Hyderabad,FAQ,L B Nagar,2500,2000,2250,Telangana,(Red Nanital),2022,10,0
2022-10-05,Potato,24,Hyderabad,FAQ,L B Nagar,2500,2000,2250,Telangana,(Red Nanital),2022,10,2
2022-10-10,Potato,24,Hyderabad,FAQ,L B Nagar,2500,2000,2250,Telangana,(Red Nanital),2022,10,0
2022-10-20,Potato,24,Hyderabad,FAQ,L B Nagar,2500,2000,2250,Telangana,(Red Nanital),2022,10,3
2022-10-21,Potato,24,Hyderabad,FAQ,L B Nagar,2600,2000,2300,Telangana,(Red Nanital),2022,10,4
2022-10-31,Potato,24,Hyderabad,FAQ,L B Nagar,2800,2000,2400,Telangana,(Red Nanital),2022,10,0
2022-11-01,Potato,24,Hyderabad,FAQ,L B Nagar,2800,2000,2400,Telangana,(Red Nanital),2022,11,1
2022-11-06,Potato,24,Hyderabad,FAQ,L B Nagar,3000,2000,2500,Telangana,(Red Nanital),2022,11,6
2022-11-09,Potato,24,Hyderabad,FAQ,L B Nagar,3000,2000,2500,Telangana,(Red Nanital),2022,11,2
2022-11-12,Potato,24,Hyderabad,FAQ,L B Nagar,3000,2000,2500,Telangana,(Red Nanital),2022,11,5
2022-11-17,Potato,24,Hyderabad,FAQ,L B Nagar,2800,2000,2400,Telangana,(Red Nanital),2022,11,3
2022-11-20,Potato,24,Hyderabad,FAQ,L B Nagar,2800,2000,2400,Telangana,(Red Nanital),2022,11,6
2022-11-25,Potato,24,Hyderabad,FAQ,L B Nagar,2800,2000,2400,Telangana,(Red Nanital),2022,11,4
2022-11-26,Potato,24,Hyderabad,FAQ,L B Nagar,2800,2000,2400,Telangana,(Red Nanital),2022,11,5
2022-12-25,Potato,24,Hyderabad,FAQ,L B Nagar,2500,2000,2250,Telangana,(Red Nanital),2022,12,6
2022-12-30,Potato,24,Hyderabad,FAQ,L B Nagar,2500,2000,2250,Telangana,(Red Nanital),2022,12,4
2022-01-20,Potato,24,Hyderabad,FAQ,Mahboob Manison,2500,2300,2400,Telangana,(Red Nanital),2022,1,3
2022-02-03,Potato,24,Hyderabad,FAQ,Mahboob Manison,2600,2300,2400,Telangana,(Red Nanital),2022,2,3
2022-02-21,Potato,24,Hyderabad,FAQ,Mahboob Manison,1700,1500,1600,Telangana,(Red Nanital),2022,2,0
2022-02-22,Potato,24,Hyderabad,FAQ,Mahboob Manison,1800,1600,1700,Telangana,(Red Nanital),2022,2,1
2022-03-10,Potato,24,Hyderabad,FAQ,Mahboob Manison,1600,1400,1500,Telangana,(Red Nanital),2022,3,3
2022-05-14,Potato,24,Hyderabad,FAQ,Mahboob Manison,2200,1900,2000,Telangana,(Red Nanital),2022,5,5
2022-05-31,Potato,24,Hyderabad,FAQ,Mahboob Manison,2200,1800,2000,Telangana,(Red Nanital),2022,5,1
2022-07-19,Potato,24,Hyderabad,FAQ,Mahboob Manison,2200,1500,2000,Telangana,(Red Nanital),2022,7,1
2022-07-30,Potato,24,Hyderabad,FAQ,Mahboob Manison,2000,1600,1800,Telangana,(Red Nanital),2022,7,5
2022-08-02,Potato,24,Hyderabad,FAQ,Mahboob Manison,2000,1500,1800,Telangana,(Red Nanital),2022,8,1
2022-08-24,Potato,24,Hyderabad,FAQ,Mahboob Manison,1800,1600,1700,Telangana,(Red Nanital),2022,8,2
2022-08-25,Potato,24,Hyderabad,FAQ,Mahboob Manison,1800,1600,1700,Telangana,(Red Nanital),2022,8,3
2022-09-13,Potato,24,Hyderabad,FAQ,Mahboob Manison,1800,1600,1700,Telangana,(Red Nanital),2022,9,1
2022-10-13,Potato,24,Hyderabad,FAQ,Mahboob Manison,2000,1700,1800,Telangana,(Red Nanital),2022,10,3
2022-10-21,Potato,24,Hyderabad,FAQ,Mahboob Manison,2200,2200,2200,Telangana,(Red Nanital),2022,10,4
2022-10-24,Potato,24,Hyderabad,FAQ,Mahboob Manison,3600,2300,2600,Telangana,(Red Nanital),2022,10,0
2022-10-28,Potato,24,Hyderabad,FAQ,Mahboob Manison,2800,2800,2800,Telangana,(Red Nanital),2022,10,4
2022-11-09,Potato,24,Hyderabad,FAQ,Mahboob Manison,3500,2800,3000,Telangana,(Red Nanital),2022,11,2
2022-11-12,Potato,24,Hyderabad,FAQ,Mahboob Manison,3500,2800,3000,Telangana,(Red Nanital),2022,11,5
2022-11-13,Potato,24,Hyderabad,FAQ,Mahboob Manison,2000,2000,2000,Telangana,(Red Nanital),2022,11,6
2022-11-18,Potato,24,Hyderabad,FAQ,Mahboob Manison,3600,3000,3500,Telangana,(Red Nanital),2022,11,4
2022-11-29,Potato,24,Hyderabad,FAQ,Mahboob Manison,3700,2600,3200,Telangana,(Red Nanital),2022,11,1
2022-12-02,Potato,24,Hyderabad,FAQ,Mahboob Manison,3700,3700,3700,Telangana,(Red Nanital),2022,12,4
2022-12-03,Potato,24,Hyderabad,FAQ,Mahboob Manison,3700,3700,3700,Telangana,(Red Nanital),2022,12,5
2022-12-17,Potato,24,Hyderabad,FAQ,Mahboob Manison,4300,4300,4300,Telangana,(Red Nanital),2022,12,5
2022-12-19,Potato,24,Hyderabad,FAQ,Mahboob Manison,3900,3900,3900,Telangana,(Red Nanital),2022,12,0
2022-01-11,Potato,24,Hyderabad,FAQ,Bowenpally,1600,800,1200,Telangana,(Red Nanital),2022,1,1
2022-02-06,Potato,24,Hyderabad,FAQ,Bowenpally,1600,400,1100,Telangana,(Red Nanital),2022,2,6
2022-02-09,Potato,24,Hyderabad,FAQ,Bowenpally,2000,1000,1800,Telangana,(Red Nanital),2022,2,2
2022-02-16,Potato,24,Hyderabad,FAQ,Bowenpally,1700,800,1300,Telangana,(Red Nanital),2022,2,2
2022-02-21,Potato,24,Hyderabad,FAQ,Bowenpally,1600,1000,1400,Telangana,(Red Nanital),2022,2,0
2022-02-22,Potato,24,Hyderabad,FAQ,Bowenpally,1700,1200,1500,Telangana,(Red Nanital),2022,2,1
2022-02-24,Potato,24,Hyderabad,FAQ,Bowenpally,1500,1000,1300,Telangana,(Red Nanital),2022,2,3
2022-02-26,Potato,24,Hyderabad,FAQ,Bowenpally,1800,1200,1600,Telangana,(Red Nanital),2022,2,5
2022-03-03,Potato,24,Hyderabad,FAQ,Bowenpally,2000,1400,1800,Telangana,(Red Nanital),2022,3,3
2022-03-04,Potato,24,Hyderabad,FAQ,Bowenpally,2000,1000,1700,Telangana,(Red Nanital),2022,3,4
2022-03-13,Potato,24,Hyderabad,FAQ,Bowenpally,1700,1000,1500,Telangana,(Red Nanital),2022,3,6
2022-03-21,Potato,24,Hyderabad,FAQ,Bowenpally,2000,1000,1800,Telangana,(Red Nanital),2022,3,0
2022-03-29,Potato,24,Hyderabad,FAQ,Bowenpally,2000,1000,1500,Telangana,(Red Nanital),2022,3,1
2022-04-05,Potato,24,Hyderabad,FAQ,Bowenpally,2000,1000,1600,Telangana,(Red Nanital),2022,4,1
2022-04-14,Potato,24,Hyderabad,FAQ,Bowenpally,1900,1000,1500,Telangana,(Red Nanital),2022,4,3
2022-04-15,Potato,24,Hyderabad,FAQ,Bowenpally,2000,1000,1600,Telangana,(Red Nanital),2022,4,4
2022-04-29,Potato,24,Hyderabad,FAQ,Bowenpally,2200,1200,1800,Telangana,(Red Nanital),2022,4,4
2022-04-30,Potato,24,Hyderabad,FAQ,Bowenpally,2200,1200,1800,Telangana,(Red Nanital),2022,4,5
2022-05-04,Potato,24,Hyderabad,FAQ,Bowenpally,2200,1000,1800,Telangana,(Red Nanital),2022,5,2
2022-05-10,Potato,24,Hyderabad,FAQ,Bowenpally,2100,1200,1600,Telangana,(Red Nanital),2022,5,1
2022-06-07,Potato,24,Hyderabad,FAQ,Bowenpally,2200,1000,1700,Telangana,(Red Nanital),2022,6,1
2022-06-22,Potato,24,Hyderabad,FAQ,Bowenpally,2400,1200,1900,Telangana,(Red Nanital),2022,6,2
2022-06-23,Potato,24,Hyderabad,FAQ,Bowenpally,2300,1200,1800,Telangana,(Red Nanital),2022,6,3
2022-06-30,Potato,24,Hyderabad,FAQ,Bowenpally,2400,1000,2000,Telangana,(Red Nanital),2022,6,3
2022-07-04,Potato,24,Hyderabad,FAQ,Bowenpally,2400,1400,2000,Telangana,(Red Nanital),2022,7,0
2022-07-09,Potato,24,Hyderabad,FAQ,Bowenpally,2300,1400,2000,Telangana,(Red Nanital),2022,7,5
2022-07-16,Potato,24,Hyderabad,FAQ,Bowenpally,2500,1500,2000,Telangana,(Red Nanital),2022,7,5
2022-07-30,Potato,24,Hyderabad,FAQ,Bowenpally,2700,1200,2200,Telangana,(Red Nanital),2022,7,5
2022-08-04,Potato,24,Hyderabad,FAQ,Bowenpally,2700,1300,2200,Telangana,(Red Nanital),2022,8,3
2022-08-10,Potato,24,Hyderabad,FAQ,Bowenpally,2600,1000,2100,Telangana,(Red Nanital),2022,8,2
2022-08-12,Potato,24,Hyderabad,FAQ,Bowenpally,2600,1200,2100,Telangana,(Red Nanital),2022,8,4
2022-08-16,Potato,24,Hyderabad,FAQ,Bowenpally,2600,1200,2100,Telangana,(Red Nanital),2022,8,1
2022-08-22,Potato,24,Hyderabad,FAQ,Bowenpally,2500,1000,2000,Telangana,(Red Nanital),2022,8,0
2022-08-24,Potato,24,Hyderabad,FAQ,Bowenpally,2600,1200,2100,Telangana,(Red Nanital),2022,8,2
2022-08-30,Potato,24,Hyderabad,FAQ,Bowenpally,2500,1000,2000,Telangana,(Red Nanital),2022,8,1
2022-09-01,Potato,24,Hyderabad,FAQ,Bowenpally,2700,1500,2200,Telangana,(Red Nanital),2022,9,3
2022-09-04,Potato,24,Hyderabad,FAQ,Bowenpally,2700,1500,2300,Telangana,(Red Nanital),2022,9,6
2022-09-06,Potato,24,Hyderabad,FAQ,Bowenpally,2700,1500,2300,Telangana,(Red Nanital),2022,9,1
2022-09-17,Potato,24,Hyderabad,FAQ,Bowenpally,2500,1000,1800,Telangana,(Red Nanital),2022,9,5
2022-09-18,Potato,24,Hyderabad,FAQ,Bowenpally,2600,1300,2000,Telangana,(Red Nanital),2022,9,6
2022-10-10,Potato,24,Hyderabad,FAQ,Bowenpally,2700,1200,2200,Telangana,(Red Nanital),2022,10,0
2022-10-22,Potato,24,Hyderabad,FAQ,Bowenpally,2500,1000,1800,Telangana,(Red Nanital),2022,10,5
2022-10-29,Potato,24,Hyderabad,FAQ,Bowenpally,3000,1000,2500,Telangana,(Red Nanital),2022,10,5
2022-11-02,Potato,24,Hyderabad,FAQ,Bowenpally,3000,1000,2500,Telangana,(Red Nanital),2022,11,2
2022-11-14,Potato,24,Hyderabad,FAQ,Bowenpally,2600,1600,2400,Telangana,(Red Nanital),2022,11,0
2022-11-17,Potato,24,Hyderabad,FAQ,Bowenpally,2600,1600,2100,Telangana,(Red Nanital),2022,11,3
2022-12-02,Potato,24,Hyderabad,FAQ,Bowenpally,2700,800,2000,Telangana,(Red Nanital),2022,12,4
2022-12-05,Potato,24,Hyderabad,FAQ,Bowenpally,2800,1000,2200,Telangana,(Red Nanital),2022,12,0
2022-12-07,Potato,24,Hyderabad,FAQ,Bowenpally,2800,1000,2500,Telangana,(Red Nanital),2022,12,2
2022-12-11,Potato,24,Hyderabad,FAQ,Bowenpally,2700,1500,2300,Telangana,(Red Nanital),2022,12,6
2022-12-14,Potato,24,Hyderabad,FAQ,Bowenpally,2700,1200,2200,Telangana,(Red Nanital),2022,12,2
2022-12-31,Potato,24,Hyderabad,FAQ,Bowenpally,2700,1000,2200,Telangana,(Red Nanital),2022,12,5
2022-01-05,Potato,24,Hyderabad,FAQ,Erragadda(Rythu Bazar),1900,1900,1900,Telangana,(Red Nanital),2022,1,2
2022-01-09,Potato,24,Hyderabad,FAQ,Erragadda(Rythu Bazar),1700,1700,1700,Telangana,(Red Nanital),2022,1,6
2022-01-19,Potato,24,Hyderabad,FAQ,Erragadda(Rythu Bazar),1800,1800,1800,Telangana,(Red Nanital),2022,1,2
2022-01-31,Potato,24,Hyderabad,FAQ,Erragadda(Rythu Bazar),1800,1800,1800,Telangana,(Red Nanital),2022,1,0
2022-02-19,Potato,24,Hyderabad,FAQ,Erragadda(Rythu Bazar),2000,2000,2000,Telangana,(Red Nanital),2022,2,5
2022-02-23,Potato,24,Hyderabad,FAQ,Erragadda(Rythu Bazar),1900,1900,1900,Telangana,(Red Nanital),2022,2,2
2022-02-27,Potato,24,Hyderabad,FAQ,Erragadda(Rythu Bazar),2100,2100,2100,Telangana,(Red Nanital),2022,2,6
2022-03-08,Potato,24,Hyderabad,FAQ,Erragadda(Rythu Bazar),2000,2000,2000,Telangana,(Red Nanital),2022,3,1
2022-03-14,Potato,24,Hyderabad,FAQ,Erragadda(Rythu Bazar),1900,1900,1900,Telangana,(Red Nanital),2022,3,0
2022-05-25,Potato,24,Hyderabad,FAQ,Erragadda(Rythu Bazar),2600,2600,2600,Telangana,(Red Nanital),2022,5,2
2022-05-26,Potato,24,Hyderabad,FAQ,Erragadda(Rythu Bazar),2500,2500,2500,Telangana,(Red Nanital),2022,5,3
2022-06-09,Potato,24,Hyderabad,FAQ,Erragadda(Rythu Bazar),2600,2600,2600,Telangana,(Red Nanital),2022,6,3
2022-06-11,Potato,24,Hyderabad,FAQ,Erragadda(Rythu Bazar),2500,2500,2500,Telangana,(Red Nanital),2022,6,5
2022-06-14,Potato,24,Hyderabad,FAQ,Erragadda(Rythu Bazar),2600,2600,2600,Telangana,(Red Nanital),2022,6,1
2022-06-20,Potato,24,Hyderabad,FAQ,Erragadda(Rythu Bazar),2600,2600,2600,Telangana,(Red Nanital),2022,6,0
2022-07-06,Potato,24,Hyderabad,FAQ,Erragadda(Rythu Bazar),2800,2800,2800,Telangana,(Red Nanital),2022,7,2
2022-07-26,Potato,24,Hyderabad,FAQ,Erragadda(Rythu Bazar),2800,2800,2800,Telangana,(Red Nanital),2022,7,1
2022-07-27,Potato,24,Hyderabad,FAQ,Erragadda(Rythu Bazar),2700,2700,2700,Telangana,(Red Nanital),2022,7,2
2022-08-13,Potato,24,Hyderabad,FAQ,Erragadda(Rythu Bazar),3100,3100,3100,Telangana,(Red Nanital),2022,8,5
2022-08-31,Potato,24,Hyderabad,FAQ,Erragadda(Rythu Bazar),3100,3100,3100,Telangana,(Red Nanital),2022,8,2
2022-09-22,Potato,24,Hyderabad,FAQ,Erragadda(Rythu Bazar),2800,2800,2800,Telangana,(Red Nanital),2022,9,3
2022-09-28,Potato,24,Hyderabad,FAQ,Erragadda(Rythu Bazar),2800,2800,2800,Telangana,(Red Nanital),2022,9,2
2022-10-19,Potato,24,Hyderabad,FAQ,Erragadda(Rythu Bazar),2800,2800,2800,Telangana,(Red Nanital),2022,10,2
2022-11-01,Potato,24,Hyderabad,FAQ,Erragadda(Rythu Bazar),3300,3300,3300,Telangana,(Red Nanital),2022,11,1
2022-11-06,Potato,24,Hyderabad,FAQ,Erragadda(Rythu Bazar),3300,3300,3300,Telangana,(Red Nanital),2022,11,6
2022-12-19,Potato,24,Hyderabad,FAQ,Erragadda(Rythu Bazar),3200,3200,3200,Telangana,(Red Nanital),2022,12,0
2022-01-08,Potato,24,Hyderabad,FAQ,Gudimalkapur,1200,600,900,Telangana,(Red Nanital),2022,1,5
2022-01-11,Potato,24,Hyderabad,FAQ,Gudimalkapur,1200,600,900,Telangana,(Red Nanital),2022,1,1
2022-01-29,Potato,24,Hyderabad,FAQ,Gudimalkapur,1200,600,900,Telangana,(Red Nanital),2022,1,5
2022-02-02,Potato,24,Hyderabad,FAQ,Gudimalkapur,1300,600,900,Telangana,(Red Nanital),2022,2,2
2022-02-07,Potato,24,Hyderabad,FAQ,Gudimalkapur,1400,800,1000,Telangana,(Red Nanital),2022,2,0
2022-02-10,Potato,24,Hyderabad,FAQ,Gudimalkapur,1500,1000,1200,Telangana,(Red Nanital),2022,2,3
2022-02-11,Potato,24,Hyderabad,FAQ,Gudimalkapur,1500,800,1000,Telangana,(Red Nanital),2022,2,4
2022-02-13,Potato,24,Hyderabad,FAQ,Gudimalkapur,1500,800,1200,Telangana,(Red Nanital),2022,2,6
2022-02-14,Potato,24,Hyderabad,FAQ,Gudimalkapur,1500,800,1200,Telangana,(Red Nanital),2022,2,0
2022-02-15,Potato,24,Hyderabad,FAQ,Gudimalkapur,1500,800,1200,Telangana,(Red Nanital),2022,2,1
2022-02-21,Potato,24,Hyderabad,FAQ,Gudimalkapur,1500,800,1300,Telangana,(Red Nanital),2022,2,0
2022-02-23,Potato,24,Hyderabad,FAQ,Gudimalkapur,1500,1000,1200,Telangana,(Red Nanital),2022,2,2
2022-02-27,Potato,24,Hyderabad,FAQ,Gudimalkapur,1500,1000,1200,Telangana,(Red Nanital),2022,2,6
2022-03-05,Potato,24,Hyderabad,FAQ,Gudimalkapur,1500,1000,1200,Telangana,(Red Nanital),2022,3,5
2022-03-09,Potato,24,Hyderabad,FAQ,Gudimalkapur,1400,800,1200,Telangana,(Red Nanital),2022,3,2
2022-03-10,Potato,24,Hyderabad,FAQ,Gudimalkapur,1400,1000,1200,Telangana,(Red Nanital),2022,3,3
2022-03-17,Potato,24,Hyderabad,FAQ,Gudimalkapur,1500,1000,1200,Telangana,(Red Nanital),2022,3,3
2022-03-19,Potato,24,Hyderabad,FAQ,Gudimalkapur,1400,1000,1200,Telangana,(Red Nanital),2022,3,5
2022-03-24,Potato,24,Hyderabad,FAQ,Gudimalkapur,1400,1000,1200,Telangana,(Red Nanital),2022,3,3
2022-04-02,Potato,24,Hyderabad,FAQ,Gudimalkapur,1800,1400,1600,Telangana,(Red Nanital),2022,4,5
2022-04-03,Potato,24,Hyderabad,FAQ,Gudimalkapur,1800,1400,1600,Telangana,(Red Nanital),2022,4,6
2022-04-04,Potato,24,Hyderabad,FAQ,Gudimalkapur,1800,1400,1600,Telangana,(Red Nanital),2022,4,0
2022-04-07,Potato,24,Hyderabad,FAQ,Gudimalkapur,1800,1400,1600,Telangana,(Red Nanital),2022,4,3
2022-04-19,Potato,24,Hyderabad,FAQ,Gudimalkapur,1800,1200,1400,Telangana,(Red Nanital),2022,4,1
2022-04-21,Potato,24,Hyderabad,FAQ,Gudimalkapur,1800,1400,1600,Telangana,(Red Nanital),2022,4,3
2022-05-05,Potato,24,Hyderabad,FAQ,Gudimalkapur,2000,1600,1800,Telangana,(Red Nanital),2022,5,3
2022-05-20,Potato,24,Hyderabad,FAQ,Gudimalkapur,2000,1600,1800,Telangana,(Red Nanital),2022,5,4
2022-06-01,Potato,24,Hyderabad,FAQ,Gudimalkapur,2000,1600,1800,Telangana,(Red Nanital),2022,6,2
2022-06-03,Potato,24,Hyderabad,FAQ,Gudimalkapur,2000,1600,1800,Telangana,(Red Nanital),2022,6,4
2022-06-11,Potato,24,Hyderabad,FAQ,Gudimalkapur,2100,1600,1900,Telangana,(Red Nanital),2022,6,5
2022-06-16,Potato,24,Hyderabad,FAQ,Gudimalkapur,2100,1600,1900,Telangana,(Red Nanital),2022,6,3
2022-06-24,Potato,24,Hyderabad,FAQ,Gudimalkapur,2200,1800,2000,Telangana,(Red Nanital),2022,6,4
2022-06-25,Potato,24,Hyderabad,FAQ,Gudimalkapur,2200,1800,2000,Telangana,(Red Nanital),2022,6,5
2022-06-28,Potato,24,Hyderabad,FAQ,Gudimalkapur,2200,1800,2000,Telangana,(Red Nanital),2022,6,1
2022-06-30,Potato,24,Hyderabad,FAQ,Gudimalkapur,2200,1600,1900,Telangana,(Red Nanital),2022,6,3
2022-07-03,Potato,24,Hyderabad,FAQ,Gudimalkapur,2200,1600,1900,Telangana,(Red Nanital),2022,7,6
2022-07-07,Potato,24,Hyderabad,FAQ,Gudimalkapur,2200,1600,1900,Telangana,(Red Nanital),2022,7,3
2022-07-11,Potato,24,Hyderabad,FAQ,Gudimalkapur,2200,1600,1900,Telangana,(Red Nanital),2022,7,0
2022-07-26,Potato,24,Hyderabad,FAQ,Gudimalkapur,2200,1600,1900,Telangana,(Red Nanital),2022,7,1
2022-07-31,Potato,24,Hyderabad,FAQ,Gudimalkapur,2200,1600,1800,Telangana,(Red Nanital),2022,7,6
2022-08-16,Potato,24,Hyderabad,FAQ,Gudimalkapur,2400,2000,2200,Telangana,(Red Nanital),2022,8,1
2022-08-22,Potato,24,Hyderabad,FAQ,Gudimalkapur,2400,1800,2100,Telangana,(Red Nanital),2022,8,0
2022-08-24,Potato,24,Hyderabad,FAQ,Gudimalkapur,2400,1800,2100,Telangana,(Red Nanital),2022,8,2
2022-08-30,Potato,24,Hyderabad,FAQ,Gudimalkapur,2400,1800,2000,Telangana,(Red Nanital),2022,8,1
2022-09-01,Potato,24,Hyderabad,FAQ,Gudimalkapur,2400,1600,2000,Telangana,(Red Nanital),2022,9,3
2022-09-09,Potato,24,Hyderabad,FAQ,Gudimalkapur,2500,2000,2200,Telangana,(Red Nanital),2022,9,4
2022-09-14,Potato,24,Hyderabad,FAQ,Gudimalkapur,2500,2000,2100,Telangana,(Red Nanital),2022,9,2
2022-09-20,Potato,24,Hyderabad,FAQ,Gudimalkapur,2400,1800,2100,Telangana,(Red Nanital),2022,9,1
2022-09-27,Potato,24,Hyderabad,FAQ,Gudimalkapur,2500,1800,2300,Telangana,(Red Nanital),2022,9,1
2022-09-29,Potato,24,Hyderabad,FAQ,Gudimalkapur,2400,1800,2100,Telangana,(Red Nanital),2022,9,3
2022-10-16,Potato,24,Hyderabad,FAQ,Gudimalkapur,2700,2000,2300,Telangana,(Red Nanital),2022,10,6
2022-11-07,Potato,24,Hyderabad,FAQ,Gudimalkapur,2500,1800,2200,Telangana,(Red Nanital),2022,11,0
2022-11-11,Potato,24,Hyderabad,FAQ,Gudimalkapur,2600,1800,2300,Telangana,(Red Nanital),2022,11,4
2022-11-22,Potato,24,Hyderabad,FAQ,Gudimalkapur,2400,1500,1800,Telangana,(Red Nanital),2022,11,1
2022-11-29,Potato,24,Hyderabad,FAQ,Gudimalkapur,2500,1600,2200,Telangana,(Red Nanital),2022,11,1
2022-12-13,Potato,24,Hyderabad,FAQ,Gudimalkapur,2500,1600,2300,Telangana,(Red Nanital),2022,12,1
2022-12-16,Potato,24,Hyderabad,FAQ,Gudimalkapur,2500,1500,2200,Telangana,(Red Nanital),2022,12,4
2022-12-18,Potato,24,Hyderabad,FAQ,Gudimalkapur,2500,1600,2200,Telangana,(Red Nanital),2022,12,6
2022-12-20,Potato,24,Hyderabad,FAQ,Gudimalkapur,2600,1800,2200,Telangana,(Red Nanital),2022,12,1
2022-12-26,Potato,24,Hyderabad,FAQ,Gudimalkapur,2500,1600,2100,Telangana,(Red Nanital),2022,12,0
2022-12-28,Potato,24,Hyderabad,FAQ,Gudimalkapur,2200,1000,1600,Telangana,(Red Nanital),2022,12,2
2022-12-30,Potato,24,Hyderabad,FAQ,Gudimalkapur,2400,1800,2200,Telangana,(Red Nanital),2022,12,4
2022-01-03,Potato,24,Hyderabad,FAQ,L B Nagar,1800,1200,1500,Telangana,(Red Nanital),2022,1,0
2022-01-07,Potato,24,Hyderabad,FAQ,L B Nagar,1800,1200,1500,Telangana,(Red Nanital),2022,1,4
2022-01-09,Potato,24,Hyderabad,FAQ,L B Nagar,1500,1200,1300,Telangana,(Red Nanital),2022,1,6
2022-01-13,Potato,24,Hyderabad,FAQ,L B Nagar,1500,1200,1350,Telangana,(Red Nanital),2022,1,3
2022-01-15,Potato,24,Hyderabad,FAQ,L B Nagar,1500,1400,1450,Telangana,(Red Nanital),2022,1,5
2022-01-21,Potato,24,Hyderabad,FAQ,L B Nagar,1500,1200,1350,Telangana,(Red Nanital),2022,1,4
2022-01-23,Potato,24,Hyderabad,FAQ,L B Nagar,1500,1000,1250,Telangana,(Red Nanital),2022,1,6
2022-01-26,Potato,24,Hyderabad,FAQ,L B Nagar,1500,1000,1250,Telangana,(Red Nanital),2022,1,2
2022-01-27,Potato,24,Hyderabad,FAQ,L B Nagar,1500,1000,1250,Telangana,(Red Nanital),2022,1,3
2022-01-29,Potato,24,Hyderabad,FAQ,L B Nagar,1400,1200,1300,Telangana,(Red Nanital),2022,1,5
2022-01-31,Potato,24,Hyderabad,FAQ,L B Nagar,1500,1200,1350,Telangana,(Red Nanital),2022,1,0
2022-02-05,Potato,24,Hyderabad,FAQ,L B Nagar,1400,1200,1300,Telangana,(Red Nanital),2022,2,5
2022-02-07,Potato,24,Hyderabad,FAQ,L B Nagar,1600,1300,1450,Telangana,(Red Nanital),2022,2,0
2022-02-22,Potato,24,Hyderabad,FAQ,L B Nagar,1800,1600,1700,Telangana,(Red Nanital),2022,2,1
2022-02-24,Potato,24,Hyderabad,FAQ,L B Nagar,1800,1600,1700,Telangana,(Red Nanital),2022,2,3
2022-03-01,Potato,24,Hyderabad,FAQ,L B Nagar,1800,1600,1700,Telangana,(Red Nanital),2022,3,1
2022-03-09,Potato,24,Hyderabad,FAQ,L B Nagar,1800,1600,1700,Telangana,(Red Nanital),2022,3,2
2022-03-16,Potato,24,Hyderabad,FAQ,L B Nagar,1800,1600,1700,Telangana,(Red Nanital),2022,3,2
2022-03-25,Potato,24,Hyderabad,FAQ,L B Nagar,1800,1600,1700,Telangana,(Red Nanital),2022,3,4
2022-04-05,Potato,24,Hyderabad,FAQ,L B Nagar,2000,1600,1800,Telangana,(Red Nanital),2022,4,1
2022-04-06,Potato,24,Hyderabad,FAQ,L B Nagar,2000,1600,1800,Telangana,(Red Nanital),2022,4,2
2022-04-11,Potato,24,Hyderabad,FAQ,L B Nagar,2000,1700,1850,Telangana,(Red Nanital),2022,4,0
2022-04-14,Potato,24,Hyderabad,FAQ,L B Nagar,2000,1600,1900,Telangana,(Red Nanital),2022,4,3
2022-04-15,Potato,24,Hyderabad,FAQ,L B Nagar,2000,1600,1800,Telangana,(Red Nanital),2022,4,4
2022-04-28,Potato,24,Hyderabad,FAQ,L B Nagar,2200,1800,2000,Telangana,(Red Nanital),2022,4,3
2022-05-07,Potato,24,Hyderabad,FAQ,L B Nagar,2500,1800,2150,Telangana,(Red Nanital),2022,5,5
2022-05-08,Potato,24,Hyderabad,FAQ,L B Nagar,2200,1800,2000,Telangana,(Red Nanital),2022,5,6
2022-05-10,Potato,24,Hyderabad,FAQ,L B Nagar,2200,1800,2000,Telangana,(Red Nanital),2022,5,1
2022-05-11,Potato,24,Hyderabad,FAQ,L B Nagar,2200,1800,2000,Telangana,(Red Nanital),2022,5,2
2022-05-14,Potato,24,Hyderabad,FAQ,L B Nagar,2400,1800,2100,Telangana,(Red Nanital),2022,5,5
2022-05-21,Potato,24,Hyderabad,FAQ,L B Nagar,2200,1800,2000,Telangana,(Red Nanital),2022,5,5
2022-05-22,Potato,24,Hyderabad,FAQ,L B Nagar,2200,1800,2000,Telangana,(Red Nanital),2022,5,6
2022-05-26,Potato,24,Hyderabad,FAQ,L B Nagar,2200,2000,2100,Telangana,(Red Nanital),2022,5,3
2022-05-31,Potato,24,Hyderabad,FAQ,L B Nagar,2200,1800,2000,Telangana,(Red Nanital),2022,5,1
2022-06-06,Potato,24,Hyderabad,FAQ,L B Nagar,2200,1800,2000,Telangana,(Red Nanital),2022,6,0
2022-06-13,Potato,24,Hyderabad,FAQ,L B Nagar,2300,1800,2050,Telangana,(Red Nanital),2022,6,0
2022-06-19,Potato,24,Hyderabad,FAQ,L B Nagar,2200,1800,2000,Telangana,(Red Nanital),2022,6,6
2022-07-07,Potato,24,Hyderabad,FAQ,L B Nagar,2300,2000,2150,Telangana,(Red Nanital),2022,7,3
2022-07-09,Potato,24,Hyderabad,FAQ,L B Nagar,2200,2000,2100,Telangana,(Red Nanital),2022,7,5
2022-07-10,Potato,24,Hyderabad,FAQ,L B Nagar,2200,2000,2100,Telangana,(Red Nanital),2022,7,6
2022-07-22,Potato,24,Hyderabad,FAQ,L B Nagar,2200,2000,2100,Telangana,(Red Nanital),2022,7,4
2022-07-24,Potato,24,Hyderabad,FAQ,L B Nagar,2200,2000,2100,Telangana,(Red Nanital),2022,7,6
2022-07-30,Potato,24,Hyderabad,FAQ,L B Nagar,2300,2000,2150,Telangana,(Red Nanital),2022,7,5
2022-08-09,Potato,24,Hyderabad,FAQ,L B Nagar,2300,2000,2150,Telangana,(Red Nanital),2022,8,1
2022-08-12,Potato,24,Hyderabad,FAQ,L B Nagar,2300,2000,2150,Telangana,(Red Nanital),2022,8,4
2022-08-30,Potato,24,Hyderabad,FAQ,L B Nagar,2300,2200,2250,Telangana,(Red Nanital),2022,8,1
2022-09-01,Potato,24,Hyderabad,FAQ,L B Nagar,2500,2200,2350,Telangana,(Red Nanital),2022,9,3
2021-12-31,Carrot,153,Hyderabad,FAQ,L B Nagar,6000,4000,5000,Telangana,Carrot,2021,12,4
2021-12-31,Potato,24,Hyderabad,FAQ,Bowenpally,1200,600,1100,Telangana,(Red Nanital),2021,12,4
2022-08-09,Tomato,78,Karimnagar,FAQ,Karimnagar,2750,2500,2625,Telangana,Hybrid,2022,8,1
2022-08-24,Tomato,78,Karimnagar,FAQ,Karimnagar,1750,1250,1500,Telangana,Hybrid,2022,8,2
2022-08-25,Tomato,78,Karimnagar,FAQ,Karimnagar,1500,1250,1375,Telangana,Hybrid,2022,8,3
2022-09-04,Tomato,78,Karimnagar,FAQ,Karimnagar,3500,2750,3125,Telangana,Hybrid,2022,9,6
2022-09-15,Tomato,78,Karimnagar,FAQ,Karimnagar,3500,3000,3250,Telangana,Hybrid,2022,9,3
2022-09-28,Tomato,78,Karimnagar,FAQ,Karimnagar,3000,2750,2875,Telangana,Hybrid,2022,9,2
2022-09-29,Tomato,78,Karimnagar,FAQ,Karimnagar,3250,3000,3125,Telangana,Hybrid,2022,9,3
2022-10-04,Tomato,78,Karimnagar,FAQ,Karimnagar,3000,2000,2750,Telangana,Hybrid,2022,10,1
2022-10-05,Tomato,78,Karimnagar,FAQ,Karimnagar,3100,2750,2925,Telangana,Hybrid,2022,10,2
2022-10-08,Tomato,78,Karimnagar,FAQ,Karimnagar,3500,3000,3250,Telangana,Hybrid,2022,10,5
2022-10-12,Tomato,78,Karimnagar,FAQ,Karimnagar,3250,3000,3125,Telangana,Hybrid,2022,10,2
2022-10-29,Tomato,78,Karimnagar,FAQ,Karimnagar,2000,1750,1875,Telangana,Hybrid,2022,10,5
2022-11-02,Tomato,78,Karimnagar,FAQ,Karimnagar,1750,1250,1500,Telangana,Hybrid,2022,11,2
2022-11-04,Tomato,78,Karimnagar,FAQ,Karimnagar,1750,1500,1625,Telangana,Hybrid,2022,11,4
2022-11-05,Tomato,78,Karimnagar,FAQ,Karimnagar,1750,1500,1625,Telangana,Hybrid,2022,11,5
2022-11-09,Tomato,78,Karimnagar,FAQ,Karimnagar,1500,1500,1500,Telangana,Hybrid,2022,11,2
2022-11-15,Tomato,78,Karimnagar,FAQ,Karimnagar,1500,1125,1250,Telangana,Hybrid,2022,11,1
2022-11-20,Tomato,78,Karimnagar,FAQ,Karimnagar,1500,1250,1375,Telangana,Hybrid,2022,11,6
2022-11-23,Tomato,78,Karimnagar,FAQ,Karimnagar,1250,1000,1125,Telangana,Hybrid,2022,11,2
2022-11-30,Tomato,78,Karimnagar,FAQ,Karimnagar,900,750,825,Telangana,Hybrid,2022,11,2
2022-12-03,Tomato,78,Karimnagar,FAQ,Karimnagar,1250,1000,1125,Telangana,Hybrid,2022,12,5
2022-12-12,Tomato,78,Karimnagar,FAQ,Karimnagar,750,650,700,Telangana,Hybrid,2022,12,0
2022-12-28,Tomato,78,Karimnagar,FAQ,Karimnagar,500,500,500,Telangana,Hybrid,2022,12,2
2022-01-08,Tomato,78,Karimnagar,FAQ,Karimnagar(Rythu Bazar),3000,2000,2500,Telangana,Deshi,2022,1,5
2022-01-11,Tomato,78,Karimnagar,FAQ,Karimnagar(Rythu Bazar),3000,2500,2500,Telangana,Deshi,2022,1,1
2022-02-05,Tomato,78,Karimnagar,FAQ,Karimnagar(Rythu Bazar),2500,2000,2000,Telangana,Deshi,2022,2,5
2022-03-11,Tomato,78,Karimnagar,FAQ,Karimnagar(Rythu Bazar),2000,1200,1500,Telangana,Deshi,2022,3,4
2022-04-12,Tomato,78,Karimnagar,FAQ,Karimnagar(Rythu Bazar),1500,800,1000,Telangana,Deshi,2022,4,1
2022-04-13,Tomato,78,Karimnagar,FAQ,Karimnagar(Rythu Bazar),1500,1000,1200,Telangana,Deshi,2022,4,2
2022-04-16,Tomato,78,Karimnagar,FAQ,Karimnagar(Rythu Bazar),1500,1000,1200,Telangana,Deshi,2022,4,5
2022-06-20,Tomato,78,Karimnagar,FAQ,Karimnagar(Rythu Bazar),5000,4500,4800,Telangana,Deshi,2022,6,0
2022-06-21,Tomato,78,Karimnagar,FAQ,Karimnagar(Rythu Bazar),5000,4200,4500,Telangana,Deshi,2022,6,1
2022-06-22,Tomato,78,Karimnagar,FAQ,Karimnagar(Rythu Bazar),4500,4400,4500,Telangana,Deshi,2022,6,2
2022-06-26,Tomato,78,Karimnagar,FAQ,Karimnagar(Rythu Bazar),4500,3800,4000,Telangana,Deshi,2022,6,6
2022-07-13,Tomato,78,Karimnagar,FAQ,Karimnagar(Rythu Bazar),3500,2500,3000,Telangana,Deshi,2022,7,2
2022-07-15,Tomato,78,Karimnagar,FAQ,Karimnagar(Rythu Bazar),3500,2500,3000,Telangana,Deshi,2022,7,4
2022-07-26,Tomato,78,Karimnagar,FAQ,Karimnagar(Rythu Bazar),3000,2000,2500,Telangana,Deshi,2022,7,1
2022-07-27,Tomato,78,Karimnagar,FAQ,Karimnagar(Rythu Bazar),3000,2000,2500,Telangana,Deshi,2022,7,2
2022-07-29,Tomato,78,Karimnagar,FAQ,Karimnagar(Rythu Bazar),3000,2000,2500,Telangana,Deshi,2022,7,4
2022-08-03,Tomato,78,Karimnagar,FAQ,Karimnagar(Rythu Bazar),3000,2000,2500,Telangana,Deshi,2022,8,2
2022-08-04,Tomato,78,Karimnagar,FAQ,Karimnagar(Rythu Bazar),2500,2000,2500,Telangana,Deshi,2022,8,3
2022-09-22,Tomato,78,Karimnagar,FAQ,Karimnagar(Rythu Bazar),3000,2000,2500,Telangana,Deshi,2022,9,3
2022-10-13,Tomato,78,Karimnagar,FAQ,Karimnagar(Rythu Bazar),4000,3000,3500,Telangana,Deshi,2022,10,3
2022-12-18,Tomato,78,Karimnagar,FAQ,Karimnagar(Rythu Bazar),1200,1000,1000,Telangana,Deshi,2022,12,6
2023-01-12,Cabbage,154,Karimnagar,FAQ,Karimnagar,1000,800,900,Telangana,Cabbage,2023,1,3
2023-01-21,Cabbage,154,Karimnagar,FAQ,Karimnagar,600,600,600,Telangana,Cabbage,2023,1,5
2023-01-26,Cabbage,154,Karimnagar,FAQ,Karimnagar,600,600,600,Telangana,Cabbage,2023,1,3
2023-01-28,Cabbage,154,Karimnagar,FAQ,Karimnagar,500,500,500,Telangana,Cabbage,2023,1,5
2023-01-31,Cabbage,154,Karimnagar,FAQ,Karimnagar,500,500,500,Telangana,Cabbage,2023,1,1
2023-02-07,Cabbage,154,Karimnagar,FAQ,Karimnagar,500,500,500,Telangana,Cabbage,2023,2,1
2023-02-14,Cabbage,154,Karimnagar,FAQ,Karimnagar,700,700,700,Telangana,Cabbage,2023,2,1
2023-02-28,Cabbage,154,Karimnagar,FAQ,Karimnagar,600,600,600,Telangana,Cabbage,2023,2,1
2023-03-03,Cabbage,154,Karimnagar,FAQ,Karimnagar,600,600,600,Telangana,Cabbage,2023,3,4
2023-03-04,Cabbage,154,Karimnagar,FAQ,Karimnagar,600,600,600,Telangana,Cabbage,2023,3,5
2023-03-08,Cabbage,154,Karimnagar,FAQ,Karimnagar,600,600,600,Telangana,Cabbage,2023,3,2
2023-03-10,Cabbage,154,Karimnagar,FAQ,Karimnagar,3000,3000,3000,Telangana,Cabbage,2023,3,4
2023-03-16,Cabbage,154,Karimnagar,FAQ,Karimnagar,500,500,500,Telangana,Cabbage,2023,3,3
2023-03-18,Cabbage,154,Karimnagar,FAQ,Karimnagar,500,500,500,Telangana,Cabbage,2023,3,5
2023-03-19,Cabbage,154,Karimnagar,FAQ,Karimnagar,500,500,500,Telangana,Cabbage,2023,3,6
2023-03-23,Cabbage,154,Karimnagar,FAQ,Karimnagar,500,500,500,Telangana,Cabbage,2023,3,3
2023-03-24,Cabbage,154,Karimnagar,FAQ,Karimnagar,700,500,600,Telangana,Cabbage,2023,3,4
2023-03-25,Cabbage,154,Karimnagar,FAQ,Karimnagar,600,600,600,Telangana,Cabbage,2023,3,5
2023-04-01,Cabbage,154,Karimnagar,FAQ,Karimnagar,500,500,500,Telangana,Cabbage,2023,4,5
2023-04-04,Cabbage,154,Karimnagar,FAQ,Karimnagar,500,500,500,Telangana,Cabbage,2023,4,1
2023-04-10,Cabbage,154,Karimnagar,FAQ,Karimnagar,500,500,500,Telangana,Cabbage,2023,4,0
2023-04-28,Cabbage,154,Karimnagar,FAQ,Karimnagar,900,900,900,Telangana,Cabbage,2023,4,4
2023-05-01,Cabbage,154,Karimnagar,FAQ,Karimnagar,900,900,900,Telangana,Cabbage,2023,5,0
2023-05-04,Cabbage,154,Karimnagar,FAQ,Karimnagar,1000,1000,1000,Telangana,Cabbage,2023,5,3
2023-05-13,Cabbage,154,Karimnagar,FAQ,Karimnagar,1200,1200,1200,Telangana,Cabbage,2023,5,5
2023-05-19,Cabbage,154,Karimnagar,FAQ,Karimnagar,1000,1000,1000,Telangana,Cabbage,2023,5,4
2023-05-27,Cabbage,154,Karimnagar,FAQ,Karimnagar,1000,1000,1000,Telangana,Cabbage,2023,5,5
2023-05-30,Cabbage,154,Karimnagar,FAQ,Karimnagar,1000,1000,1000,Telangana,Cabbage,2023,5,1
2023-06-07,Cabbage,154,Karimnagar,FAQ,Karimnagar,1000,1000,1000,Telangana,Cabbage,2023,6,2
2023-06-14,Cabbage,154,Karimnagar,FAQ,Karimnagar,1000,1000,1000,Telangana,Cabbage,2023,6,2
2023-06-24,Cabbage,154,Karimnagar,FAQ,Karimnagar,1100,1100,1100,Telangana,Cabbage,2023,6,5
2023-06-26,Cabbage,154,Karimnagar,FAQ,Karimnagar,1100,1100,1100,Telangana,Cabbage,2023,6,0
2023-06-27,Cabbage,154,Karimnagar,FAQ,Karimnagar,1400,1000,1200,Telangana,Cabbage,2023,6,1
2023-06-28,Cabbage,154,Karimnagar,FAQ,Karimnagar,1300,1300,1300,Telangana,Cabbage,2023,6,2
2023-07-07,Cabbage,154,Karimnagar,FAQ,Karimnagar,1500,1500,1500,Telangana,Cabbage,2023,7,4
2023-07-08,Cabbage,154,Karimnagar,FAQ,Karimnagar,1500,1500,1500,Telangana,Cabbage,2023,7,5
2023-07-10,Cabbage,154,Karimnagar,FAQ,Karimnagar,1500,1500,1500,Telangana,Cabbage,2023,7,0
2023-07-13,Cabbage,154,Karimnagar,FAQ,Karimnagar,1300,1300,1300,Telangana,Cabbage,2023,7,3
2023-07-23,Cabbage,154,Karimnagar,FAQ,Karimnagar,1700,1700,1700,Telangana,Cabbage,2023,7,6
2023-08-10,Cabbage,154,Karimnagar,FAQ,Karimnagar,2200,2200,2200,Telangana,Cabbage,2023,8,3
2023-08-23,Cabbage,154,Karimnagar,FAQ,Karimnagar,1600,1600,1600,Telangana,Cabbage,2023,8,2
2023-08-29,Cabbage,154,Karimnagar,FAQ,Karimnagar,1000,1000,1000,Telangana,Cabbage,2023,8,1
2023-09-23,Cabbage,154,Karimnagar,FAQ,Karimnagar,1000,1000,1000,Telangana,Cabbage,2023,9,5
2023-09-25,Cabbage,154,Karimnagar,FAQ,Karimnagar,1000,1000,1000,Telangana,Cabbage,2023,9,0
2023-10-06,Cabbage,154,Karimnagar,FAQ,Karimnagar,1500,1200,1350,Telangana,Cabbage,2023,10,4
2023-10-13,Cabbage,154,Karimnagar,FAQ,Karimnagar,1200,1200,1200,Telangana,Cabbage,2023,10,4
2023-10-30,Cabbage,154,Karimnagar,FAQ,Karimnagar,1400,1400,1400,Telangana,Cabbage,2023,10,0
2023-10-31,Cabbage,154,Karimnagar,FAQ,Karimnagar,1400,1400,1400,Telangana,Cabbage,2023,10,1
2023-11-04,Cabbage,154,Karimnagar,FAQ,Karimnagar,1200,1200,1200,Telangana,Cabbage,2023,11,5
2023-11-10,Cabbage,154,Karimnagar,FAQ,Karimnagar,1200,1200,1200,Telangana,Cabbage,2023,11,4
2023-11-27,Cabbage,154,Karimnagar,FAQ,Karimnagar,700,700,700,Telangana,Cabbage,2023,11,0
2023-12-17,Cabbage,154,Karimnagar,FAQ,Karimnagar,1000,1000,1000,Telangana,Cabbage,2023,12,6
2023-01-03,Cabbage,154,Karimnagar,FAQ,Karimnagar(Rythu Bazar),2000,1300,1500,Telangana,Cabbage,2023,1,1
2023-01-18,Cabbage,154,Karimnagar,FAQ,Karimnagar(Rythu Bazar),2000,1200,1500,Telangana,Cabbage,2023,1,2
2023-01-28,Cabbage,154,Karimnagar,FAQ,Karimnagar(Rythu Bazar),2000,1500,1500,Telangana,Cabbage,2023,1,5
2023-02-20,Cabbage,154,Karimnagar,FAQ,Karimnagar(Rythu Bazar),1500,1500,1500,Telangana,Cabbage,2023,2,0
2023-02-22,Cabbage,154,Karimnagar,FAQ,Karimnagar(Rythu Bazar),1500,1500,1500,Telangana,Cabbage,2023,2,2
2023-03-21,Cabbage,154,Karimnagar,FAQ,Karimnagar(Rythu Bazar),2000,1000,1500,Telangana,Cabbage,2023,3,1
2023-05-07,Cabbage,154,Karimnagar,FAQ,Karimnagar(Rythu Bazar),1000,1000,1000,Telangana,Cabbage,2023,5,6
2023-05-13,Cabbage,154,Karimnagar,FAQ,Karimnagar(Rythu Bazar),1500,1000,1200,Telangana,Cabbage,2023,5,5
2023-05-16,Cabbage,154,Karimnagar,FAQ,Karimnagar(Rythu Bazar),1100,1100,1100,Telangana,Cabbage,2023,5,1
2023-05-26,Cabbage,154,Karimnagar,FAQ,Karimnagar(Rythu Bazar),2000,1200,1500,Telangana,Cabbage,2023,5,4
2023-05-27,Cabbage,154,Karimnagar,FAQ,Karimnagar(Rythu Bazar),2000,1500,1500,Telangana,Cabbage,2023,5,5
2023-06-13,Cabbage,154,Karimnagar,FAQ,Karimnagar(Rythu Bazar),1500,1000,1500,Telangana,Cabbage,2023,6,1
2023-07-19,Cabbage,154,Karimnagar,FAQ,Karimnagar(Rythu Bazar),2500,2000,2000,Telangana,Cabbage,2023,7,2
2023-07-21,Cabbage,154,Karimnagar,FAQ,Karimnagar(Rythu Bazar),2500,2000,2000,Telangana,Cabbage,2023,7,4
2023-07-25,Cabbage,154,Karimnagar,FAQ,Karimnagar(Rythu Bazar),2500,2000,2000,Telangana,Cabbage,2023,7,1
2023-08-02,Cabbage,154,Karimnagar,FAQ,Karimnagar(Rythu Bazar),2500,1800,2000,Telangana,Cabbage,2023,8,2
2023-09-06,Cabbage,154,Karimnagar,FAQ,Karimnagar(Rythu Bazar),2500,2000,2000,Telangana,Cabbage,2023,9,2
2023-09-20,Cabbage,154,Karimnagar,FAQ,Karimnagar(Rythu Bazar),2000,1500,1500,Telangana,Cabbage,2023,9,2
2023-11-17,Cabbage,154,Karimnagar,FAQ,Karimnagar(Rythu Bazar),2000,1500,1500,Telangana,Cabbage,2023,11,4
2023-11-28,Cabbage,154,Karimnagar,FAQ,Karimnagar(Rythu Bazar),2000,1500,1500,Telangana,Cabbage,2023,11,1
2023-01-03,Carrot,153,Karimnagar,FAQ,Karimnagar,2000,2000,2000,Telangana,Carrot,2023,1,1
2023-01-06,Carrot,153,Karimnagar,FAQ,Karimnagar,1800,1800,1800,Telangana,Carrot,2023,1,4
2023-01-07,Carrot,153,Karimnagar,FAQ,Karimnagar,1800,1800,1800,Telangana,Carrot,2023,1,5
2023-01-13,Carrot,153,Karimnagar,FAQ,Karimnagar,2000,2000,2000,Telangana,Carrot,2023,1,4
2023-01-21,Carrot,153,Karimnagar,FAQ,Karimnagar,2000,2000,2000,Telangana,Carrot,2023,1,5
2023-01-23,Carrot,153,Karimnagar,FAQ,Karimnagar,2200,2200,2200,Telangana,Carrot,2023,1,0
2023-01-29,Carrot,153,Karimnagar,FAQ,Karimnagar,2200,2200,2200,Telangana,Carrot,2023,1,6
2023-01-30,Carrot,153,Karimnagar,FAQ,Karimnagar,2000,2000,2000,Telangana,Carrot,2023,1,0
2023-02-01,Carrot,153,Karimnagar,FAQ,Karimnagar,2400,2400,2400,Telangana,Carrot,2023,2,2
2023-02-02,Carrot,153,Karimnagar,FAQ,Karimnagar,2300,2300,2300,Telangana,Carrot,2023,2,3
2023-02-10,Carrot,153,Karimnagar,FAQ,Karimnagar,2300,2300,2300,Telangana,Carrot,2023,2,4
2023-02-11,Carrot,153,Karimnagar,FAQ,Karimnagar,2300,2300,2300,Telangana,Carrot,2023,2,5
2023-02-14,Carrot,153,Karimnagar,FAQ,Karimnagar,2200,2200,2200,Telangana,Carrot,2023,2,1
2023-02-16,Carrot,153,Karimnagar,FAQ,Karimnagar,2000,2000,2000,Telangana,Carrot,2023,2,3
2023-02-28,Carrot,153,Karimnagar,FAQ,Karimnagar,1800,1800,1800,Telangana,Carrot,2023,2,1
2023-03-09,Carrot,153,Karimnagar,FAQ,Karimnagar,2000,2000,2000,Telangana,Carrot,2023,3,3
2023-03-12,Carrot,153,Karimnagar,FAQ,Karimnagar,1800,1800,1800,Telangana,Carrot,2023,3,6
2023-03-15,Carrot,153,Karimnagar,FAQ,Karimnagar,2000,1800,1900,Telangana,Carrot,2023,3,2
2023-04-02,Carrot,153,Karimnagar,FAQ,Karimnagar,1800,1800,1800,Telangana,Carrot,2023,4,6
2023-04-03,Carrot,153,Karimnagar,FAQ,Karimnagar,2000,2000,2000,Telangana,Carrot,2023,4,0
2023-04-04,Carrot,153,Karimnagar,FAQ,Karimnagar,1800,1800,1800,Telangana,Carrot,2023,4,1
2023-04-10,Carrot,153,Karimnagar,FAQ,Karimnagar,1700,1700,1700,Telangana,Carrot,2023,4,0
2023-04-14,Carrot,153,Karimnagar,FAQ,Karimnagar,2000,2000,2000,Telangana,Carrot,2023,4,4
2023-04-19,Carrot,153,Karimnagar,FAQ,Karimnagar,2000,2000,2000,Telangana,Carrot,2023,4,2
2023-04-29,Carrot,153,Karimnagar,FAQ,Karimnagar,2500,2500,2500,Telangana,Carrot,2023,4,5
2023-05-04,Carrot,153,Karimnagar,FAQ,Karimnagar,3800,3800,3800,Telangana,Carrot,2023,5,3
2023-05-10,Carrot,153,Karimnagar,FAQ,Karimnagar,3000,3000,3000,Telangana,Carrot,2023,5,2
2023-05-12,Carrot,153,Karimnagar,FAQ,Karimnagar,4500,4500,4500,Telangana,Carrot,2023,5,4
2023-05-27,Carrot,153,Karimnagar,FAQ,Karimnagar,4000,4000,4000,Telangana,Carrot,2023,5,5
2023-05-29,Carrot,153,Karimnagar,FAQ,Karimnagar,4000,4000,4000,Telangana,Carrot,2023,5,0
2023-05-31,Carrot,153,Karimnagar,FAQ,Karimnagar,4000,4000,4000,Telangana,Carrot,2023,5,2
2023-06-02,Carrot,153,Karimnagar,FAQ,Karimnagar,4400,4000,4000,Telangana,Carrot,2023,6,4
2023-06-07,Carrot,153,Karimnagar,FAQ,Karimnagar,4600,4600,4600,Telangana,Carrot,2023,6,2
2023-06-24,Carrot,153,Karimnagar,FAQ,Karimnagar,4500,4500,4500,Telangana,Carrot,2023,6,5
2023-07-04,Carrot,153,Karimnagar,FAQ,Karimnagar,4000,4000,4000,Telangana,Carrot,2023,7,1
2023-07-10,Carrot,153,Karimnagar,FAQ,Karimnagar,4000,4000,4000,Telangana,Carrot,2023,7,0
2023-07-19,Carrot,153,Karimnagar,FAQ,Karimnagar,4000,4000,4000,Telangana,Carrot,2023,7,2
2023-07-23,Carrot,153,Karimnagar,FAQ,Karimnagar,4000,4000,4000,Telangana,Carrot,2023,7,6
2023-07-24,Carrot,153,Karimnagar,FAQ,Karimnagar,4000,4000,4000,Telangana,Carrot,2023,7,0
2023-07-25,Carrot,153,Karimnagar,FAQ,Karimnagar,4000,4000,4000,Telangana,Carrot,2023,7,1
2023-07-26,Carrot,153,Karimnagar,FAQ,Karimnagar,4000,4000,4000,Telangana,Carrot,2023,7,2
2023-07-30,Carrot,153,Karimnagar,FAQ,Karimnagar,3000,3000,3000,Telangana,Carrot,2023,7,6
2023-08-10,Carrot,153,Karimnagar,FAQ,Karimnagar,3000,3000,3000,Telangana,Carrot,2023,8,3
2023-08-15,Carrot,153,Karimnagar,FAQ,Karimnagar,3000,3000,3000,Telangana,Carrot,2023,8,1
2023-08-22,Carrot,153,Karimnagar,FAQ,Karimnagar,3000,3000,3000,Telangana,Carrot,2023,8,1
2023-08-27,Carrot,153,Karimnagar,FAQ,Karimnagar,3000,3000,3000,Telangana,Carrot,2023,8,6
2023-09-03,Carrot,153,Karimnagar,FAQ,Karimnagar,3000,3000,3000,Telangana,Carrot,2023,9,6
2023-09-14,Carrot,153,Karimnagar,FAQ,Karimnagar,3000,3000,3000,Telangana,Carrot,2023,9,3
2023-09-16,Carrot,153,Karimnagar,FAQ,Karimnagar,3000,3000,3000,Telangana,Carrot,2023,9,5
2023-09-25,Carrot,153,Karimnagar,FAQ,Karimnagar,3200,3200,3200,Telangana,Carrot,2023,9,0
2023-10-05,Carrot,153,Karimnagar,FAQ,Karimnagar,3200,3200,3200,Telangana,Carrot,2023,10,3
2023-10-07,Carrot,153,Karimnagar,FAQ,Karimnagar,3000,3000,3000,Telangana,Carrot,2023,10,5
2023-10-14,Carrot,153,Karimnagar,FAQ,Karimnagar,3200,3200,3200,Telangana,Carrot,2023,10,5
2023-10-28,Carrot,153,Karimnagar,FAQ,Karimnagar,4500,4500,4500,Telangana,Carrot,2023,10,5
2023-10-30,Carrot,153,Karimnagar,FAQ,Karimnagar,4000,4000,4000,Telangana,Carrot,2023,10,0
2023-11-30,Carrot,153,Karimnagar,FAQ,Karimnagar,4000,4000,4000,Telangana,Carrot,2023,11,3
2023-01-11,Carrot,153,Karimnagar,FAQ,Karimnagar(Rythu Bazar),3500,3000,3000,Telangana,Carrot,2023,1,2
2023-01-25,Carrot,153,Karimnagar,FAQ,Karimnagar(Rythu Bazar),3000,2000,2500,Telangana,Carrot,2023,1,2
2023-03-10,Carrot,153,Karimnagar,FAQ,Karimnagar(Rythu Bazar),3000,2000,2500,Telangana,Carrot,2023,3,4
2023-05-11,Carrot,153,Karimnagar,FAQ,Karimnagar(Rythu Bazar),4500,4000,4200,Telangana,Carrot,2023,5,3
2023-05-13,Carrot,153,Karimnagar,FAQ,Karimnagar(Rythu Bazar),3320,3000,3100,Telangana,Carrot,2023,5,5
2023-05-15,Carrot,153,Karimnagar,FAQ,Karimnagar(Rythu Bazar),4300,4000,4200,Telangana,Carrot,2023,5,0
2023-05-27,Carrot,153,Karimnagar,FAQ,Karimnagar(Rythu Bazar),6000,4500,5000,Telangana,Carrot,2023,5,5
2023-05-30,Carrot,153,Karimnagar,FAQ,Karimnagar(Rythu Bazar),5000,3500,4000,Telangana,Carrot,2023,5,1
2023-06-05,Carrot,153,Karimnagar,FAQ,Karimnagar(Rythu Bazar),4500,4000,4200,Telangana,Carrot,2023,6,0
2023-06-25,Carrot,153,Karimnagar,FAQ,Karimnagar(Rythu Bazar),5000,4000,4500,Telangana,Carrot,2023,6,6
2023-07-04,Carrot,153,Karimnagar,FAQ,Karimnagar(Rythu Bazar),6000,4500,5000,Telangana,Carrot,2023,7,1
2023-07-05,Carrot,153,Karimnagar,FAQ,Karimnagar(Rythu Bazar),6000,4000,5000,Telangana,Carrot,2023,7,2
2023-07-12,Carrot,153,Karimnagar,FAQ,Karimnagar(Rythu Bazar),6000,4500,5000,Telangana,Carrot,2023,7,2
2023-07-16,Carrot,153,Karimnagar,FAQ,Karimnagar(Rythu Bazar),6000,4500,5000,Telangana,Carrot,2023,7,6
2023-08-01,Carrot,153,Karimnagar,FAQ,Karimnagar(Rythu Bazar),4500,3500,4000,Telangana,Carrot,2023,8,1
2023-09-13,Carrot,153,Karimnagar,FAQ,Karimnagar(Rythu Bazar),3500,3000,3200,Telangana,Carrot,2023,9,2
2023-10-25,Carrot,153,Karimnagar,FAQ,Karimnagar(Rythu Bazar),5500,5000,5200,Telangana,Carrot,2023,10,2
2023-11-10,Carrot,153,Karimnagar,FAQ,Karimnagar(Rythu Bazar),4000,3000,3500,Telangana,Carrot,2023,11,4
2023-11-14,Carrot,153,Karimnagar,FAQ,Karimnagar(Rythu Bazar),4000,3000,3500,Telangana,Carrot,2023,11,1
2023-11-17,Carrot,153,Karimnagar,FAQ,Karimnagar(Rythu Bazar),6000,4500,5000,Telangana,Carrot,2023,11,4
2023-11-23,Carrot,153,Karimnagar,FAQ,Karimnagar(Rythu Bazar),5000,3500,4000,Telangana,Carrot,2023,11,3
2023-12-05,Carrot,153,Karimnagar,FAQ,Karimnagar(Rythu Bazar),3500,3100,3200,Telangana,Carrot,2023,12,1
2023-04-23,Mango,20,Karimnagar,Medium,Jagtial,2800,1800,2200,Telangana,Badami,2023,4,6
2023-04-24,Mango,20,Karimnagar,Small,Jagtial,1600,400,800,Telangana,Badami,2023,4,0
2023-04-26,Mango,20,Karimnagar,Small,Jagtial,1500,700,1000,Telangana,Badami,2023,4,2
2023-04-27,Mango,20,Karimnagar,Medium,Jagtial,3500,1700,2600,Telangana,Badami,2023,4,3
2023-05-06,Mango,20,Karimnagar,Medium,Jagtial,3000,1400,2400,Telangana,Badami,2023,5,5
2023-05-08,Mango,20,Karimnagar,Medium,Jagtial,3200,1200,2500,Telangana,Badami,2023,5,0
2023-05-08,Mango,20,Karimnagar,Small,Jagtial,1100,500,1000,Telangana,Badami,2023,5,0
2023-05-11,Mango,20,Karimnagar,Medium,Jagtial,2700,1300,2200,Telangana,Badami,2023,5,3
2023-05-12,Mango,20,Karimnagar,Medium,Jagtial,2900,1200,2000,Telangana,Badami,2023,5,4
2023-05-19,Mango,20,Karimnagar,Large,Jagtial,2800,1100,2200,Telangana,Badami,2023,5,4
2023-05-21,Mango,20,Karimnagar,Medium,Jagtial,2600,1200,2200,Telangana,Badami,2023,5,6
2023-05-22,Mango,20,Karimnagar,Small,Jagtial,1000,300,800,Telangana,Badami,2023,5,0
2023-05-25,Mango,20,Karimnagar,Small,Jagtial,1100,300,1000,Telangana,Badami,2023,5,3
2023-06-05,Mango,20,Karimnagar,Medium,Jagtial,2700,1800,2300,Telangana,Badami,2023,6,0
2023-04-25,Mango,20,Karimnagar,Medium,Jagtial,5000,4000,4500,Telangana,Dusheri,2023,4,1
2023-04-26,Mango,20,Karimnagar,Medium,Jagtial,5000,4500,4500,Telangana,Dusheri,2023,4,2
2023-04-27,Mango,20,Karimnagar,Medium,Jagtial,5000,4500,4600,Telangana,Dusheri,2023,4,3
2023-05-01,Mango,20,Karimnagar,Medium,Jagtial,5500,3800,5500,Telangana,Dusheri,2023,5,0
2023-05-15,Mango,20,Karimnagar,Medium,Jagtial,3000,3000,3000,Telangana,Dusheri,2023,5,0
2023-05-02,Mango,20,Karimnagar,Medium,Jagtial,5000,5000,5000,Telangana,Other,2023,5,1
2023-05-03,Mango,20,Karimnagar,Medium,Jagtial,1500,1500,1500,Telangana,Other,2023,5,2
2023-05-07,Mango,20,Karimnagar,Small,Jagtial,1000,700,900,Telangana,Other,2023,5,6
2023-05-08,Mango,20,Karimnagar,Medium,Jagtial,1000,800,1000,Telangana,Other,2023,5,0
2023-05-10,Mango,20,Karimnagar,Large,Jagtial,6000,6000,6000,Telangana,Other,2023,5,2
2023-05-13,Mango,20,Karimnagar,Large,Jagtial,4000,4000,4000,Telangana,Other,2023,5,5
2023-05-15,Mango,20,Karimnagar,Large,Jagtial,2500,2500,2500,Telangana,Other,2023,5,0
2023-05-17,Mango,20,Karimnagar,Large,Jagtial,3000,3000,3000,Telangana,Other,2023,5,2
2023-05-19,Mango,20,Karimnagar,Large,Jagtial,5000,5000,5000,Telangana,Other,2023,5,4
2023-04-25,Mango,20,Karimnagar,Medium,Jagtial,1200,1200,1200,Telangana,Totapuri,2023,4,1
2023-04-28,Mango,20,Karimnagar,Medium,Jagtial,800,800,800,Telangana,Totapuri,2023,4,4
2023-04-29,Mango,20,Karimnagar,Medium,Jagtial,800,800,800,Telangana,Totapuri,2023,4,5
2023-05-01,Mango,20,Karimnagar,Medium,Jagtial,1200,700,1200,Telangana,Totapuri,2023,5,0
2023-05-17,Mango,20,Karimnagar,Medium,Jagtial,1500,700,1500,Telangana,Totapuri,2023,5,2
2023-05-19,Mango,20,Karimnagar,Medium,Jagtial,2200,600,2000,Telangana,Totapuri,2023,5,4
2023-05-25,Mango,20,Karimnagar,Medium,Jagtial,900,900,900,Telangana,Totapuri,2023,5,3
2023-04-03,Mango,20,Karimnagar,Medium,Medipally,2500,2500,2500,Telangana,Badami,2023,4,0
2023-04-08,Mango,20,Karimnagar,Medium,Medipally,2500,2500,2500,Telangana,Badami,2023,4,5
2023-04-09,Mango,20,Karimnagar,Medium,Medipally,2500,2500,2500,Telangana,Badami,2023,4,6
2023-04-10,Mango,20,Karimnagar,Medium,Medipally,2400,2400,2400,Telangana,Badami,2023,4,0
2023-04-14,Mango,20,Karimnagar,Medium,Medipally,2500,2500,2500,Telangana,Badami,2023,4,4
2023-04-17,Mango,20,Karimnagar,Medium,Medipally,2400,2400,2400,Telangana,Badami,2023,4,0
2023-04-18,Mango,20,Karimnagar,Medium,Medipally,2500,2500,2500,Telangana,Badami,2023,4,1
2023-04-21,Mango,20,Karimnagar,Medium,Medipally,2300,2300,2300,Telangana,Badami,2023,4,4
2023-04-27,Mango,20,Karimnagar,Medium,Medipally,2500,2500,2500,Telangana,Badami,2023,4,3
2023-05-01,Mango,20,Karimnagar,Medium,Medipally,2000,2000,2000,Telangana,Badami,2023,5,0
2023-05-28,Mango,20,Karimnagar,Medium,Medipally,2000,2000,2000,Telangana,Badami,2023,5,6
2023-05-31,Mango,20,Karimnagar,Medium,Medipally,2000,2000,2000,Telangana,Badami,2023,5,2
2023-06-11,Mango,20,Karimnagar,Medium,Medipally,1200,1200,1200,Telangana,Badami,2023,6,6
2023-06-13,Mango,20,Karimnagar,Medium,Medipally,2000,2000,2000,Telangana,Badami,2023,6,1
2023-06-15,Mango,20,Karimnagar,Medium,Medipally,1500,1500,1500,Telangana,Badami,2023,6,3
2023-06-16,Mango,20,Karimnagar,Medium,Medipally,1200,1200,1200,Telangana,Badami,2023,6,4
2022-09-10,Potato,24,Nalgonda,FAQ,Miryalguda(Rythu Bazar),3400,3200,3400,Telangana,Potato,2022,9,5
2022-09-16,Potato,24,Nalgonda,FAQ,Miryalguda(Rythu Bazar),3600,3200,3400,Telangana,Potato,2022,9,4
2022-09-21,Potato,24,Nalgonda,FAQ,Miryalguda(Rythu Bazar),3600,3300,3400,Telangana,Potato,2022,9,2
2022-10-03,Potato,24,Nalgonda,FAQ,Miryalguda(Rythu Bazar),3600,3400,3600,Telangana,Potato,2022,10,0
2022-10-22,Potato,24,Nalgonda,FAQ,Miryalguda(Rythu Bazar),3600,3200,3400,Telangana,Potato,2022,10,5
2022-10-24,Potato,24,Nalgonda,FAQ,Miryalguda(Rythu Bazar),4000,3600,4000,Telangana,Potato,2022,10,0
2022-11-07,Potato,24,Nalgonda,FAQ,Miryalguda(Rythu Bazar),4000,3600,3600,Telangana,Potato,2022,11,0
2022-11-09,Potato,24,Nalgonda,FAQ,Miryalguda(Rythu Bazar),4000,3600,3800,Telangana,Potato,2022,11,2
2022-11-19,Potato,24,Nalgonda,FAQ,Miryalguda(Rythu Bazar),4000,3800,4000,Telangana,Potato,2022,11,5
2022-11-24,Potato,24,Nalgonda,FAQ,Miryalguda(Rythu Bazar),4000,4000,4000,Telangana,Potato,2022,11,3
2022-11-27,Potato,24,Nalgonda,FAQ,Miryalguda(Rythu Bazar),4000,3800,4000,Telangana,Potato,2022,11,6
2022-11-29,Potato,24,Nalgonda,FAQ,Miryalguda(Rythu Bazar),4000,3600,3800,Telangana,Potato,2022,11,1
2022-12-05,Potato,24,Nalgonda,FAQ,Miryalguda(Rythu Bazar),4000,3600,3800,Telangana,Potato,2022,12,0
2022-12-19,Potato,24,Nalgonda,FAQ,Miryalguda(Rythu Bazar),4000,4000,4000,Telangana,Potato,2022,12,0
2022-12-23,Potato,24,Nalgonda,FAQ,Miryalguda(Rythu Bazar),4000,4000,4000,Telangana,Potato,2022,12,4
2022-12-27,Potato,24,Nalgonda,FAQ,Miryalguda(Rythu Bazar),4000,4000,4000,Telangana,Potato,2022,12,1
2022-12-29,Potato,24,Nalgonda,FAQ,Miryalguda(Rythu Bazar),4000,4000,4000,Telangana,Potato,2022,12,3
2022-03-01,Potato,24,Nalgonda,FAQ,Venkateswarnagar,2000,2000,2000,Telangana,Local,2022,3,1
2022-03-08,Potato,24,Nalgonda,FAQ,Venkateswarnagar,2000,2000,2000,Telangana,Local,2022,3,1
2022-03-13,Potato,24,Nalgonda,FAQ,Venkateswarnagar,2000,2000,2000,Telangana,Local,2022,3,6
2022-03-20,Potato,24,Nalgonda,FAQ,Venkateswarnagar,800,800,800,Telangana,Local,2022,3,6
2022-03-23,Potato,24,Nalgonda,FAQ,Venkateswarnagar,1500,1500,1500,Telangana,Local,2022,3,2
2022-03-24,Potato,24,Nalgonda,FAQ,Venkateswarnagar,1600,1600,1600,Telangana,Local,2022,3,3
2022-03-26,Potato,24,Nalgonda,FAQ,Venkateswarnagar,2000,2000,2000,Telangana,Local,2022,3,5
2022-04-01,Potato,24,Nalgonda,FAQ,Venkateswarnagar,1600,1600,1600,Telangana,Local,2022,4,4
2022-04-03,Potato,24,Nalgonda,FAQ,Venkateswarnagar,1600,1600,1600,Telangana,Local,2022,4,6
2022-04-08,Potato,24,Nalgonda,FAQ,Venkateswarnagar,2000,2000,2000,Telangana,Local,2022,4,4
2022-04-09,Potato,24,Nalgonda,FAQ,Venkateswarnagar,2500,2500,2500,Telangana,Local,2022,4,5
2022-04-10,Potato,24,Nalgonda,FAQ,Venkateswarnagar,1800,1800,1800,Telangana,Local,2022,4,6
2022-04-13,Potato,24,Nalgonda,FAQ,Venkateswarnagar,1800,1800,1800,Telangana,Local,2022,4,2
2022-04-14,Potato,24,Nalgonda,FAQ,Venkateswarnagar,1800,1800,1800,Telangana,Local,2022,4,3
2022-04-21,Potato,24,Nalgonda,FAQ,Venkateswarnagar,2000,2000,2000,Telangana,Local,2022,4,3
2022-04-27,Potato,24,Nalgonda,FAQ,Venkateswarnagar,2000,2000,2000,Telangana,Local,2022,4,2
2022-05-10,Potato,24,Nalgonda,FAQ,Venkateswarnagar,1500,1500,1500,Telangana,Local,2022,5,1
2022-05-18,Potato,24,Nalgonda,FAQ,Venkateswarnagar,1500,1500,1500,Telangana,Local,2022,5,2
2022-05-21,Potato,24,Nalgonda,FAQ,Venkateswarnagar,1500,1500,1500,Telangana,Local,2022,5,5
2022-05-29,Potato,24,Nalgonda,FAQ,Venkateswarnagar,1500,1500,1500,Telangana,Local,2022,5,6
2022-06-10,Potato,24,Nalgonda,FAQ,Venkateswarnagar,2000,2000,2000,Telangana,Local,2022,6,4
2022-06-12,Potato,24,Nalgonda,FAQ,Venkateswarnagar,1600,1600,1600,Telangana,Local,2022,6,6
2022-06-15,Potato,24,Nalgonda,FAQ,Venkateswarnagar,1600,1600,1600,Telangana,Local,2022,6,2
2022-06-28,Potato,24,Nalgonda,FAQ,Venkateswarnagar,2000,2000,2000,Telangana,Local,2022,6,1
2022-06-29,Potato,24,Nalgonda,FAQ,Venkateswarnagar,2000,2000,2000,Telangana,Local,2022,6,2
2022-07-01,Potato,24,Nalgonda,FAQ,Venkateswarnagar,2000,2000,2000,Telangana,Local,2022,7,4
2022-07-16,Potato,24,Nalgonda,FAQ,Venkateswarnagar,2000,2000,2000,Telangana,Local,2022,7,5
2022-07-17,Potato,24,Nalgonda,FAQ,Venkateswarnagar,2000,2000,2000,Telangana,Local,2022,7,6
2022-07-22,Potato,24,Nalgonda,FAQ,Venkateswarnagar,2000,2000,2000,Telangana,Local,2022,7,4
2022-07-26,Potato,24,Nalgonda,FAQ,Venkateswarnagar,2000,2000,2000,Telangana,Local,2022,7,1
2022-07-27,Potato,24,Nalgonda,FAQ,Venkateswarnagar,3000,3000,3000,Telangana,Local,2022,7,2
2022-08-09,Potato,24,Nalgonda,FAQ,Venkateswarnagar,2000,2000,2000,Telangana,Local,2022,8,1
2022-08-14,Potato,24,Nalgonda,FAQ,Venkateswarnagar,2000,2000,2000,Telangana,Local,2022,8,6
2022-08-23,Potato,24,Nalgonda,FAQ,Venkateswarnagar,2000,2000,2000,Telangana,Local,2022,8,1
2022-08-25,Potato,24,Nalgonda,FAQ,Venkateswarnagar,2000,2000,2000,Telangana,Local,2022,8,3
2022-08-26,Potato,24,Nalgonda,FAQ,Venkateswarnagar,2000,2000,2000,Telangana,Local,2022,8,4
2022-08-30,Potato,24,Nalgonda,FAQ,Venkateswarnagar,2000,2000,2000,Telangana,Local,2022,8,1
2022-09-01,Potato,24,Nalgonda,FAQ,Venkateswarnagar,2000,2000,2000,Telangana,Local,2022,9,3
2022-09-03,Potato,24,Nalgonda,FAQ,Venkateswarnagar,2000,2000,2000,Telangana,Local,2022,9,5
2022-09-14,Potato,24,Nalgonda,FAQ,Venkateswarnagar,2000,2000,2000,Telangana,Local,2022,9,2
2022-09-20,Potato,24,Nalgonda,FAQ,Venkateswarnagar,2000,2000,2000,Telangana,Local,2022,9,1
2022-10-11,Potato,24,Nalgonda,FAQ,Venkateswarnagar,2000,2000,2000,Telangana,Local,2022,10,1
2022-10-19,Potato,24,Nalgonda,FAQ,Venkateswarnagar,2000,2000,2000,Telangana,Local,2022,10,2
2022-10-23,Potato,24,Nalgonda,FAQ,Venkateswarnagar,2000,2000,2000,Telangana,Local,2022,10,6
2022-10-28,Potato,24,Nalgonda,FAQ,Venkateswarnagar,2500,2500,2500,Telangana,Local,2022,10,4
2022-11-01,Potato,24,Nalgonda,FAQ,Venkateswarnagar,2500,2500,2500,Telangana,Local,2022,11,1
2022-11-04,Potato,24,Nalgonda,FAQ,Venkateswarnagar,2500,2500,2500,Telangana,Local,2022,11,4
2022-11-06,Potato,24,Nalgonda,FAQ,Venkateswarnagar,2500,2500,2500,Telangana,Local,2022,11,6
2022-11-08,Potato,24,Nalgonda,FAQ,Venkateswarnagar,2500,2500,2500,Telangana,Local,2022,11,1
2022-11-18,Potato,24,Nalgonda,FAQ,Venkateswarnagar,2500,2500,2500,Telangana,Local,2022,11,4
2022-12-02,Potato,24,Nalgonda,FAQ,Venkateswarnagar,2000,2000,2000,Telangana,Local,2022,12,4
2022-12-15,Potato,24,Nalgonda,FAQ,Venkateswarnagar,2000,2000,2000,Telangana,Local,2022,12,3
2022-12-20,Potato,24,Nalgonda,FAQ,Venkateswarnagar,2000,2000,2000,Telangana,Local,2022,12,1
2022-12-31,Potato,24,Nalgonda,FAQ,Venkateswarnagar,2000,2000,2000,Telangana,Local,2022,12,5
2022-01-08,Tomato,78,Nalgonda,FAQ,Miryalguda(Rythu Bazar),3000,2400,2600,Telangana,Deshi,2022,1,5
2022-01-10,Tomato,78,Nalgonda,FAQ,Miryalguda(Rythu Bazar),3000,2500,2700,Telangana,Deshi,2022,1,0
2022-01-11,Tomato,78,Nalgonda,FAQ,Miryalguda(Rythu Bazar),2900,2500,2700,Telangana,Deshi,2022,1,1
2022-01-17,Tomato,78,Nalgonda,FAQ,Miryalguda(Rythu Bazar),2400,2000,2200,Telangana,Deshi,2022,1,0
2022-01-29,Tomato,78,Nalgonda,FAQ,Miryalguda(Rythu Bazar),1600,1400,1500,Telangana,Deshi,2022,1,5
2022-02-02,Tomato,78,Nalgonda,FAQ,Miryalguda(Rythu Bazar),1600,1400,1500,Telangana,Deshi,2022,2,2
2022-02-03,Tomato,78,Nalgonda,FAQ,Miryalguda(Rythu Bazar),1600,1400,1500,Telangana,Deshi,2022,2,3
2022-02-08,Tomato,78,Nalgonda,FAQ,Miryalguda(Rythu Bazar),1400,1200,1300,Telangana,Deshi,2022,2,1
2022-03-02,Tomato,78,Nalgonda,FAQ,Miryalguda(Rythu Bazar),800,600,700,Telangana,Deshi,2022,3,2
2022-03-12,Tomato,78,Nalgonda,FAQ,Miryalguda(Rythu Bazar),1000,800,900,Telangana,Deshi,2022,3,5
2022-03-14,Tomato,78,Nalgonda,FAQ,Miryalguda(Rythu Bazar),1000,800,900,Telangana,Deshi,2022,3,0
2022-03-16,Tomato,78,Nalgonda,FAQ,Miryalguda(Rythu Bazar),1000,800,900,Telangana,Deshi,2022,3,2
2022-03-17,Tomato,78,Nalgonda,FAQ,Miryalguda(Rythu Bazar),1000,800,900,Telangana,Deshi,2022,3,3
2022-03-26,Tomato,78,Nalgonda,FAQ,Miryalguda(Rythu Bazar),900,700,800,Telangana,Deshi,2022,3,5
2022-04-20,Tomato,78,Nalgonda,FAQ,Miryalguda(Rythu Bazar),1500,1200,1400,Telangana,Deshi,2022,4,2
2022-04-22,Tomato,78,Nalgonda,FAQ,Miryalguda(Rythu Bazar),2000,1500,1700,Telangana,Deshi,2022,4,4
2022-04-23,Tomato,78,Nalgonda,FAQ,Miryalguda(Rythu Bazar),2200,1800,2000,Telangana,Deshi,2022,4,5
2022-06-03,Tomato,78,Nalgonda,FAQ,Miryalguda(Rythu Bazar),6500,6000,6300,Telangana,Deshi,2022,6,4
2022-06-19,Tomato,78,Nalgonda,FAQ,Miryalguda(Rythu Bazar),6000,5600,5800,Telangana,Deshi,2022,6,6
2022-06-20,Tomato,78,Nalgonda,FAQ,Miryalguda(Rythu Bazar),6000,5600,5800,Telangana,Deshi,2022,6,0
2022-07-11,Tomato,78,Nalgonda,FAQ,Miryalguda(Rythu Bazar),1600,1400,1500,Telangana,Deshi,2022,7,0
2022-07-23,Tomato,78,Nalgonda,FAQ,Miryalguda(Rythu Bazar),2000,1800,1900,Telangana,Deshi,2022,7,5
2022-07-24,Tomato,78,Nalgonda,FAQ,Miryalguda(Rythu Bazar),2000,1600,1800,Telangana,Deshi,2022,7,6
2022-08-04,Tomato,78,Nalgonda,FAQ,Miryalguda(Rythu Bazar),1600,1200,1400,Telangana,Deshi,2022,8,3
2022-08-05,Tomato,78,Nalgonda,FAQ,Miryalguda(Rythu Bazar),1400,1200,1400,Telangana,Deshi,2022,8,4
2022-09-13,Tomato,78,Nalgonda,FAQ,Miryalguda(Rythu Bazar),4000,3600,3800,Telangana,Deshi,2022,9,1
2022-09-16,Tomato,78,Nalgonda,FAQ,Miryalguda(Rythu Bazar),4000,3600,3800,Telangana,Deshi,2022,9,4
2022-09-24,Tomato,78,Nalgonda,FAQ,Miryalguda(Rythu Bazar),2400,2400,2400,Telangana,Deshi,2022,9,5
2022-09-27,Tomato,78,Nalgonda,FAQ,Miryalguda(Rythu Bazar),3800,3600,3800,Telangana,Deshi,2022,9,1
2022-10-04,Tomato,78,Nalgonda,FAQ,Miryalguda(Rythu Bazar),4800,4600,4800,Telangana,Deshi,2022,10,1
2022-10-07,Tomato,78,Nalgonda,FAQ,Miryalguda(Rythu Bazar),4000,3600,3800,Telangana,Deshi,2022,10,4
2022-10-08,Tomato,78,Nalgonda,FAQ,Miryalguda(Rythu Bazar),3600,3400,3600,Telangana,Deshi,2022,10,5
2022-10-12,Tomato,78,Nalgonda,FAQ,Miryalguda(Rythu Bazar),4000,3800,3900,Telangana,Deshi,2022,10,2
2022-10-14,Tomato,78,Nalgonda,FAQ,Miryalguda(Rythu Bazar),4000,4000,4000,Telangana,Deshi,2022,10,4
2022-10-20,Tomato,78,Nalgonda,FAQ,Miryalguda(Rythu Bazar),4000,3800,4000,Telangana,Deshi,2022,10,3
2022-10-26,Tomato,78,Nalgonda,FAQ,Miryalguda(Rythu Bazar),3000,2800,3000,Telangana,Deshi,2022,10,2
2022-11-06,Tomato,78,Nalgonda,FAQ,Miryalguda(Rythu Bazar),2000,2000,2000,Telangana,Deshi,2022,11,6
2022-11-08,Tomato,78,Nalgonda,FAQ,Miryalguda(Rythu Bazar),2000,2000,2000,Telangana,Deshi,2022,11,1
2022-11-11,Tomato,78,Nalgonda,FAQ,Miryalguda(Rythu Bazar),2000,2000,2000,Telangana,Deshi,2022,11,4
2022-11-18,Tomato,78,Nalgonda,FAQ,Miryalguda(Rythu Bazar),2000,1800,2000,Telangana,Deshi,2022,11,4
2022-11-19,Tomato,78,Nalgonda,FAQ,Miryalguda(Rythu Bazar),2000,2000,2000,Telangana,Deshi,2022,11,5
2022-11-21,Tomato,78,Nalgonda,FAQ,Miryalguda(Rythu Bazar),2000,2000,2000,Telangana,Deshi,2022,11,0
2022-11-23,Tomato,78,Nalgonda,FAQ,Miryalguda(Rythu Bazar),2000,2000,2000,Telangana,Deshi,2022,11,2
2022-11-25,Tomato,78,Nalgonda,FAQ,Miryalguda(Rythu Bazar),2000,2000,2000,Telangana,Deshi,2022,11,4
2022-11-27,Tomato,78,Nalgonda,FAQ,Miryalguda(Rythu Bazar),2000,1600,1800,Telangana,Deshi,2022,11,6
2022-12-01,Tomato,78,Nalgonda,FAQ,Miryalguda(Rythu Bazar),1400,1400,1400,Telangana,Deshi,2022,12,3
2022-12-08,Tomato,78,Nalgonda,FAQ,Miryalguda(Rythu Bazar),1400,1200,1300,Telangana,Deshi,2022,12,3
2022-12-10,Tomato,78,Nalgonda,FAQ,Miryalguda(Rythu Bazar),1200,1200,1200,Telangana,Deshi,2022,12,5
2022-12-16,Tomato,78,Nalgonda,FAQ,Miryalguda(Rythu Bazar),1400,1200,1300,Telangana,Deshi,2022,12,4
2022-12-17,Tomato,78,Nalgonda,FAQ,Miryalguda(Rythu Bazar),1400,1200,1300,Telangana,Deshi,2022,12,5
2022-12-22,Tomato,78,Nalgonda,FAQ,Miryalguda(Rythu Bazar),1400,1400,1400,Telangana,Deshi,2022,12,3
2022-12-23,Tomato,78,Nalgonda,FAQ,Miryalguda(Rythu Bazar),1400,1200,1300,Telangana,Deshi,2022,12,4
2022-12-24,Tomato,78,Nalgonda,FAQ,Miryalguda(Rythu Bazar),1400,1400,1400,Telangana,Deshi,2022,12,5
2022-12-25,Tomato,78,Nalgonda,FAQ,Miryalguda(Rythu Bazar),1400,1400,1400,Telangana,Deshi,2022,12,6
2022-12-26,Tomato,78,Nalgonda,FAQ,Miryalguda(Rythu Bazar),1400,1200,1300,Telangana,Deshi,2022,12,0
2022-12-28,Tomato,78,Nalgonda,FAQ,Miryalguda(Rythu Bazar),1200,1200,1200,Telangana,Deshi,2022,12,2
2022-12-29,Tomato,78,Nalgonda,FAQ,Miryalguda(Rythu Bazar),1000,1000,1000,Telangana,Deshi,2022,12,3
2022-03-12,Tomato,78,Nalgonda,FAQ,Venkateswarnagar,600,600,600,Telangana,Local,2022,3,5
2022-03-15,Tomato,78,Nalgonda,FAQ,Venkateswarnagar,600,600,600,Telangana,Local,2022,3,1
2022-03-16,Tomato,78,Nalgonda,FAQ,Venkateswarnagar,600,600,600,Telangana,Local,2022,3,2
2022-03-20,Tomato,78,Nalgonda,FAQ,Venkateswarnagar,600,600,600,Telangana,Local,2022,3,6
2022-03-24,Tomato,78,Nalgonda,FAQ,Venkateswarnagar,600,600,600,Telangana,Local,2022,3,3
2022-03-27,Tomato,78,Nalgonda,FAQ,Venkateswarnagar,600,600,600,Telangana,Local,2022,3,6
2022-03-29,Tomato,78,Nalgonda,FAQ,Venkateswarnagar,600,600,600,Telangana,Local,2022,3,1
2022-04-05,Tomato,78,Nalgonda,FAQ,Venkateswarnagar,600,600,600,Telangana,Local,2022,4,1
2022-04-21,Tomato,78,Nalgonda,FAQ,Venkateswarnagar,400,400,400,Telangana,Local,2022,4,3
2022-05-03,Tomato,78,Nalgonda,FAQ,Venkateswarnagar,2500,2500,2500,Telangana,Local,2022,5,1
2022-05-07,Tomato,78,Nalgonda,FAQ,Venkateswarnagar,3000,3000,3000,Telangana,Local,2022,5,5
2022-05-11,Tomato,78,Nalgonda,FAQ,Venkateswarnagar,2500,2500,2500,Telangana,Local,2022,5,2
2022-06-08,Tomato,78,Nalgonda,FAQ,Venkateswarnagar,4000,4000,4000,Telangana,Local,2022,6,2
2022-06-09,Tomato,78,Nalgonda,FAQ,Venkateswarnagar,4000,4000,4000,Telangana,Local,2022,6,3
2022-06-10,Tomato,78,Nalgonda,FAQ,Venkateswarnagar,4000,4000,4000,Telangana,Local,2022,6,4
2022-06-11,Tomato,78,Nalgonda,FAQ,Venkateswarnagar,4000,4000,4000,Telangana,Local,2022,6,5
2022-06-23,Tomato,78,Nalgonda,FAQ,Venkateswarnagar,3000,3000,3000,Telangana,Local,2022,6,3
2022-06-28,Tomato,78,Nalgonda,FAQ,Venkateswarnagar,2000,2000,2000,Telangana,Local,2022,6,1
2022-07-01,Tomato,78,Nalgonda,FAQ,Venkateswarnagar,2000,2000,2000,Telangana,Local,2022,7,4
2022-07-09,Tomato,78,Nalgonda,FAQ,Venkateswarnagar,1500,1500,1500,Telangana,Local,2022,7,5
2022-07-12,Tomato,78,Nalgonda,FAQ,Venkateswarnagar,1500,1500,1500,Telangana,Local,2022,7,1
2022-07-20,Tomato,78,Nalgonda,FAQ,Venkateswarnagar,1500,1500,1500,Telangana,Local,2022,7,2
2022-08-25,Tomato,78,Nalgonda,FAQ,Venkateswarnagar,800,800,800,Telangana,Local,2022,8,3
2022-08-28,Tomato,78,Nalgonda,FAQ,Venkateswarnagar,1500,1500,1500,Telangana,Local,2022,8,6
2022-09-03,Tomato,78,Nalgonda,FAQ,Venkateswarnagar,1500,1500,1500,Telangana,Local,2022,9,5
2022-09-13,Tomato,78,Nalgonda,FAQ,Venkateswarnagar,3000,3000,3000,Telangana,Local,2022,9,1
2022-09-15,Tomato,78,Nalgonda,FAQ,Venkateswarnagar,2500,2500,2500,Telangana,Local,2022,9,3
2022-09-17,Tomato,78,Nalgonda,FAQ,Venkateswarnagar,2000,2000,2000,Telangana,Local,2022,9,5
2022-09-20,Tomato,78,Nalgonda,FAQ,Venkateswarnagar,1500,1500,1500,Telangana,Local,2022,9,1
2022-09-24,Tomato,78,Nalgonda,FAQ,Venkateswarnagar,1200,1200,1200,Telangana,Local,2022,9,5
2022-10-14,Tomato,78,Nalgonda,FAQ,Venkateswarnagar,2000,2000,2000,Telangana,Local,2022,10,4
2022-10-20,Tomato,78,Nalgonda,FAQ,Venkateswarnagar,2000,2000,2000,Telangana,Local,2022,10,3
2022-10-21,Tomato,78,Nalgonda,FAQ,Venkateswarnagar,2000,2000,2000,Telangana,Local,2022,10,4
2022-10-30,Tomato,78,Nalgonda,FAQ,Venkateswarnagar,1500,1500,1500,Telangana,Local,2022,10,6
2022-11-03,Tomato,78,Nalgonda,FAQ,Venkateswarnagar,1200,1200,1200,Telangana,Local,2022,11,3
2022-11-09,Tomato,78,Nalgonda,FAQ,Venkateswarnagar,1000,1000,1000,Telangana,Local,2022,11,2
2022-11-16,Tomato,78,Nalgonda,FAQ,Venkateswarnagar,600,600,600,Telangana,Local,2022,11,2
2022-11-25,Tomato,78,Nalgonda,FAQ,Venkateswarnagar,1500,1500,1500,Telangana,Local,2022,11,4
2022-11-29,Tomato,78,Nalgonda,FAQ,Venkateswarnagar,500,500,500,Telangana,Local,2022,11,1
2022-11-30,Tomato,78,Nalgonda,FAQ,Venkateswarnagar,600,600,600,Telangana,Local,2022,11,2
2022-12-01,Tomato,78,Nalgonda,FAQ,Venkateswarnagar,600,600,600,Telangana,Local,2022,12,3
2022-12-02,Tomato,78,Nalgonda,FAQ,Venkateswarnagar,600,600,600,Telangana,Local,2022,12,4
2022-12-04,Tomato,78,Nalgonda,FAQ,Venkateswarnagar,600,600,600,Telangana,Local,2022,12,6
2022-12-14,Tomato,78,Nalgonda,FAQ,Venkateswarnagar,400,400,400,Telangana,Local,2022,12,2
2022-12-20,Tomato,78,Nalgonda,FAQ,Venkateswarnagar,400,400,400,Telangana,Local,2022,12,1
2022-12-23,Tomato,78,Nalgonda,FAQ,Venkateswarnagar,600,600,600,Telangana,Local,2022,12,4
2023-03-27,Cabbage,154,Nalgonda,FAQ,Venkateswarnagar,3000,3000,3000,Telangana,Cabbage,2023,3,0
2023-04-16,Cabbage,154,Nalgonda,FAQ,Venkateswarnagar,1500,1500,1500,Telangana,Cabbage,2023,4,6
2023-04-27,Cabbage,154,Nalgonda,FAQ,Venkateswarnagar,2500,2500,2500,Telangana,Cabbage,2023,4,3
2023-05-03,Cabbage,154,Nalgonda,FAQ,Venkateswarnagar,2500,2500,2500,Telangana,Cabbage,2023,5,2
2023-05-07,Cabbage,154,Nalgonda,FAQ,Venkateswarnagar,3000,3000,3000,Telangana,Cabbage,2023,5,6
2023-05-09,Cabbage,154,Nalgonda,FAQ,Venkateswarnagar,2500,2500,2500,Telangana,Cabbage,2023,5,1
2023-05-16,Cabbage,154,Nalgonda,FAQ,Venkateswarnagar,3000,3000,3000,Telangana,Cabbage,2023,5,1
2023-05-18,Cabbage,154,Nalgonda,FAQ,Venkateswarnagar,3000,3000,3000,Telangana,Cabbage,2023,5,3
2023-05-20,Cabbage,154,Nalgonda,FAQ,Venkateswarnagar,3000,3000,3000,Telangana,Cabbage,2023,5,5
2023-05-29,Cabbage,154,Nalgonda,FAQ,Venkateswarnagar,3000,3000,3000,Telangana,Cabbage,2023,5,0
2023-06-04,Cabbage,154,Nalgonda,FAQ,Venkateswarnagar,2500,2500,2500,Telangana,Cabbage,2023,6,6
2023-06-08,Cabbage,154,Nalgonda,FAQ,Venkateswarnagar,3000,3000,3000,Telangana,Cabbage,2023,6,3
2023-06-14,Cabbage,154,Nalgonda,FAQ,Venkateswarnagar,3000,3000,3000,Telangana,Cabbage,2023,6,2
2023-06-26,Cabbage,154,Nalgonda,FAQ,Venkateswarnagar,2000,2000,2000,Telangana,Cabbage,2023,6,0
2023-07-02,Cabbage,154,Nalgonda,FAQ,Venkateswarnagar,3000,3000,3000,Telangana,Cabbage,2023,7,6
2023-07-31,Cabbage,154,Nalgonda,FAQ,Venkateswarnagar,3000,3000,3000,Telangana,Cabbage,2023,7,0
2023-08-03,Cabbage,154,Nalgonda,FAQ,Venkateswarnagar,3000,3000,3000,Telangana,Cabbage,2023,8,3
2023-08-10,Cabbage,154,Nalgonda,FAQ,Venkateswarnagar,3500,3500,3500,Telangana,Cabbage,2023,8,3
2023-08-15,Cabbage,154,Nalgonda,FAQ,Venkateswarnagar,3500,3500,3500,Telangana,Cabbage,2023,8,1
2023-08-22,Cabbage,154,Nalgonda,FAQ,Venkateswarnagar,1000,1000,1000,Telangana,Cabbage,2023,8,1
2023-08-24,Cabbage,154,Nalgonda,FAQ,Venkateswarnagar,1000,1000,1000,Telangana,Cabbage,2023,8,3
2023-09-06,Cabbage,154,Nalgonda,FAQ,Venkateswarnagar,2000,2000,2000,Telangana,Cabbage,2023,9,2
2023-09-18,Cabbage,154,Nalgonda,FAQ,Venkateswarnagar,2000,2000,2000,Telangana,Cabbage,2023,9,0
2023-09-30,Cabbage,154,Nalgonda,FAQ,Venkateswarnagar,1500,1500,1500,Telangana,Cabbage,2023,9,5
2023-10-02,Cabbage,154,Nalgonda,FAQ,Venkateswarnagar,1500,1500,1500,Telangana,Cabbage,2023,10,0
2023-10-12,Cabbage,154,Nalgonda,FAQ,Venkateswarnagar,1500,1500,1500,Telangana,Cabbage,2023,10,3
2023-10-13,Cabbage,154,Nalgonda,FAQ,Venkateswarnagar,1500,1500,1500,Telangana,Cabbage,2023,10,4
2023-10-14,Cabbage,154,Nalgonda,FAQ,Venkateswarnagar,1500,1500,1500,Telangana,Cabbage,2023,10,5
2023-10-15,Cabbage,154,Nalgonda,FAQ,Venkateswarnagar,1500,1500,1500,Telangana,Cabbage,2023,10,6
2023-10-16,Cabbage,154,Nalgonda,FAQ,Venkateswarnagar,1500,1500,1500,Telangana,Cabbage,2023,10,0
2023-10-18,Cabbage,154,Nalgonda,FAQ,Venkateswarnagar,1500,1500,1500,Telangana,Cabbage,2023,10,2
2023-10-21,Cabbage,154,Nalgonda,FAQ,Venkateswarnagar,1500,1500,1500,Telangana,Cabbage,2023,10,5
2023-10-28,Cabbage,154,Nalgonda,FAQ,Venkateswarnagar,1800,1800,1800,Telangana,Cabbage,2023,10,5
2023-11-05,Cabbage,154,Nalgonda,FAQ,Venkateswarnagar,2000,2000,2000,Telangana,Cabbage,2023,11,6
2023-11-11,Cabbage,154,Nalgonda,FAQ,Venkateswarnagar,1500,1500,1500,Telangana,Cabbage,2023,11,5
2023-11-14,Cabbage,154,Nalgonda,FAQ,Venkateswarnagar,1500,1500,1500,Telangana,Cabbage,2023,11,1
2023-12-14,Cabbage,154,Nalgonda,FAQ,Venkateswarnagar,1500,1500,1500,Telangana,Cabbage,2023,12,3
2023-12-16,Cabbage,154,Nalgonda,FAQ,Venkateswarnagar,1500,1500,1500,Telangana,Cabbage,2023,12,5
2023-12-17,Cabbage,154,Nalgonda,FAQ,Venkateswarnagar,1500,1500,1500,Telangana,Cabbage,2023,12,6
2023-12-18,Cabbage,154,Nalgonda,FAQ,Venkateswarnagar,1500,1500,1500,Telangana,Cabbage,2023,12,0
2023-12-28,Cabbage,154,Nalgonda,FAQ,Venkateswarnagar,2000,2000,2000,Telangana,Cabbage,2023,12,3
2023-07-20,Carrot,153,Nalgonda,FAQ,Venkateswarnagar,3000,3000,3000,Telangana,Carrot,2023,7,3
2023-09-14,Carrot,153,Nalgonda,FAQ,Venkateswarnagar,3000,3000,3000,Telangana,Carrot,2023,9,3
2023-10-28,Carrot,153,Nalgonda,FAQ,Venkateswarnagar,3000,3000,3000,Telangana,Carrot,2023,10,5
2023-01-07,Cabbage,154,Nalgonda,FAQ,Miryalguda(Rythu Bazar),2000,2000,2000,Telangana,Cabbage,2023,1,5
2023-01-09,Cabbage,154,Nalgonda,FAQ,Miryalguda(Rythu Bazar),1500,1500,1500,Telangana,Cabbage,2023,1,0
2023-01-14,Cabbage,154,Nalgonda,FAQ,Miryalguda(Rythu Bazar),2000,2000,2000,Telangana,Cabbage,2023,1,5
2023-01-28,Cabbage,154,Nalgonda,FAQ,Miryalguda(Rythu Bazar),1000,1000,1000,Telangana,Cabbage,2023,1,5
2023-02-12,Cabbage,154,Nalgonda,FAQ,Miryalguda(Rythu Bazar),2000,2000,2000,Telangana,Cabbage,2023,2,6
2023-02-13,Cabbage,154,Nalgonda,FAQ,Miryalguda(Rythu Bazar),2000,2000,2000,Telangana,Cabbage,2023,2,0
2023-02-14,Cabbage,154,Nalgonda,FAQ,Miryalguda(Rythu Bazar),2000,2000,2000,Telangana,Cabbage,2023,2,1
2023-02-24,Cabbage,154,Nalgonda,FAQ,Miryalguda(Rythu Bazar),1600,1600,1600,Telangana,Cabbage,2023,2,4
2023-03-09,Cabbage,154,Nalgonda,FAQ,Miryalguda(Rythu Bazar),1200,1200,1200,Telangana,Cabbage,2023,3,3
2023-03-17,Cabbage,154,Nalgonda,FAQ,Miryalguda(Rythu Bazar),1000,1000,1000,Telangana,Cabbage,2023,3,4
2023-04-03,Cabbage,154,Nalgonda,FAQ,Miryalguda(Rythu Bazar),1400,1400,1400,Telangana,Cabbage,2023,4,0
2023-04-12,Cabbage,154,Nalgonda,FAQ,Miryalguda(Rythu Bazar),1600,1600,1600,Telangana,Cabbage,2023,4,2
2023-04-21,Cabbage,154,Nalgonda,FAQ,Miryalguda(Rythu Bazar),2000,2000,2000,Telangana,Cabbage,2023,4,4
2023-05-04,Cabbage,154,Nalgonda,FAQ,Miryalguda(Rythu Bazar),2000,2000,2000,Telangana,Cabbage,2023,5,3
2023-05-13,Cabbage,154,Nalgonda,FAQ,Miryalguda(Rythu Bazar),2500,2500,2500,Telangana,Cabbage,2023,5,5
2023-05-15,Cabbage,154,Nalgonda,FAQ,Miryalguda(Rythu Bazar),2400,2000,2200,Telangana,Cabbage,2023,5,0
2023-05-20,Cabbage,154,Nalgonda,FAQ,Miryalguda(Rythu Bazar),2500,2500,2500,Telangana,Cabbage,2023,5,5
2023-05-22,Cabbage,154,Nalgonda,FAQ,Miryalguda(Rythu Bazar),2500,2500,2500,Telangana,Cabbage,2023,5,0
2023-05-30,Cabbage,154,Nalgonda,FAQ,Miryalguda(Rythu Bazar),2500,2500,2500,Telangana,Cabbage,2023,5,1
2023-06-06,Cabbage,154,Nalgonda,FAQ,Miryalguda(Rythu Bazar),2500,2500,2500,Telangana,Cabbage,2023,6,1
2023-06-19,Cabbage,154,Nalgonda,FAQ,Miryalguda(Rythu Bazar),2500,2500,2500,Telangana,Cabbage,2023,6,0
2023-06-21,Cabbage,154,Nalgonda,FAQ,Miryalguda(Rythu Bazar),2500,2500,2500,Telangana,Cabbage,2023,6,2
2023-06-24,Cabbage,154,Nalgonda,FAQ,Miryalguda(Rythu Bazar),2000,2000,2000,Telangana,Cabbage,2023,6,5
2023-06-26,Cabbage,154,Nalgonda,FAQ,Miryalguda(Rythu Bazar),2500,2500,2500,Telangana,Cabbage,2023,6,0
2023-06-27,Cabbage,154,Nalgonda,FAQ,Miryalguda(Rythu Bazar),2000,2000,2000,Telangana,Cabbage,2023,6,1
2023-07-09,Cabbage,154,Nalgonda,FAQ,Miryalguda(Rythu Bazar),3000,3000,3000,Telangana,Cabbage,2023,7,6
2023-07-10,Cabbage,154,Nalgonda,FAQ,Miryalguda(Rythu Bazar),3400,3000,3200,Telangana,Cabbage,2023,7,0
2023-07-18,Cabbage,154,Nalgonda,FAQ,Miryalguda(Rythu Bazar),3000,3000,3000,Telangana,Cabbage,2023,7,1
2023-08-24,Cabbage,154,Nalgonda,FAQ,Miryalguda(Rythu Bazar),3000,2500,2500,Telangana,Cabbage,2023,8,3
2023-08-27,Cabbage,154,Nalgonda,FAQ,Miryalguda(Rythu Bazar),2500,2500,2500,Telangana,Cabbage,2023,8,6
2023-09-03,Cabbage,154,Nalgonda,FAQ,Miryalguda(Rythu Bazar),3000,3000,3000,Telangana,Cabbage,2023,9,6
2023-09-11,Cabbage,154,Nalgonda,FAQ,Miryalguda(Rythu Bazar),3000,3000,3000,Telangana,Cabbage,2023,9,0
2023-09-15,Cabbage,154,Nalgonda,FAQ,Miryalguda(Rythu Bazar),2500,2500,2500,Telangana,Cabbage,2023,9,4
2023-09-16,Cabbage,154,Nalgonda,FAQ,Miryalguda(Rythu Bazar),3000,3000,3000,Telangana,Cabbage,2023,9,5
2023-09-24,Cabbage,154,Nalgonda,FAQ,Miryalguda(Rythu Bazar),2500,2500,2500,Telangana,Cabbage,2023,9,6
2023-09-27,Cabbage,154,Nalgonda,FAQ,Miryalguda(Rythu Bazar),3000,3000,3000,Telangana,Cabbage,2023,9,2
2023-10-08,Cabbage,154,Nalgonda,FAQ,Miryalguda(Rythu Bazar),2000,2000,2000,Telangana,Cabbage,2023,10,6
2023-10-09,Cabbage,154,Nalgonda,FAQ,Miryalguda(Rythu Bazar),2000,2000,2000,Telangana,Cabbage,2023,10,0
2023-10-13,Cabbage,154,Nalgonda,FAQ,Miryalguda(Rythu Bazar),2000,2000,2000,Telangana,Cabbage,2023,10,4
2023-10-21,Cabbage,154,Nalgonda,FAQ,Miryalguda(Rythu Bazar),2000,2000,2000,Telangana,Cabbage,2023,10,5
2023-10-30,Cabbage,154,Nalgonda,FAQ,Miryalguda(Rythu Bazar),2500,2500,2500,Telangana,Cabbage,2023,10,0
2023-11-03,Cabbage,154,Nalgonda,FAQ,Miryalguda(Rythu Bazar),2000,2000,2000,Telangana,Cabbage,2023,11,4
2023-11-16,Cabbage,154,Nalgonda,FAQ,Miryalguda(Rythu Bazar),2000,2000,2000,Telangana,Cabbage,2023,11,3
2023-12-12,Cabbage,154,Nalgonda,FAQ,Miryalguda(Rythu Bazar),2500,2500,2500,Telangana,Cabbage,2023,12,1
2023-12-16,Cabbage,154,Nalgonda,FAQ,Miryalguda(Rythu Bazar),2500,2500,2500,Telangana,Cabbage,2023,12,5
2023-12-22,Cabbage,154,Nalgonda,FAQ,Miryalguda(Rythu Bazar),2000,2000,2000,Telangana,Cabbage,2023,12,4
2023-12-23,Cabbage,154,Nalgonda,FAQ,Miryalguda(Rythu Bazar),2500,2500,2500,Telangana,Cabbage,2023,12,5
2023-12-27,Cabbage,154,Nalgonda,FAQ,Miryalguda(Rythu Bazar),2500,2500,2500,Telangana,Cabbage,2023,12,2
2023-12-30,Cabbage,154,Nalgonda,FAQ,Miryalguda(Rythu Bazar),2500,2500,2500,Telangana,Cabbage,2023,12,5
2023-01-03,Cabbage,154,Nalgonda,FAQ,Venkateswarnagar,1000,1000,1000,Telangana,Cabbage,2023,1,1
2023-01-06,Cabbage,154,Nalgonda,FAQ,Venkateswarnagar,1000,1000,1000,Telangana,Cabbage,2023,1,4
2023-01-20,Cabbage,154,Nalgonda,FAQ,Venkateswarnagar,1500,1500,1500,Telangana,Cabbage,2023,1,4
2023-01-23,Cabbage,154,Nalgonda,FAQ,Venkateswarnagar,1000,1000,1000,Telangana,Cabbage,2023,1,0
2023-01-28,Cabbage,154,Nalgonda,FAQ,Venkateswarnagar,1000,1000,1000,Telangana,Cabbage,2023,1,5
2023-02-01,Cabbage,154,Nalgonda,FAQ,Venkateswarnagar,1500,1500,1500,Telangana,Cabbage,2023,2,2
2023-02-02,Cabbage,154,Nalgonda,FAQ,Venkateswarnagar,2000,2000,2000,Telangana,Cabbage,2023,2,3
2023-02-03,Cabbage,154,Nalgonda,FAQ,Venkateswarnagar,2000,2000,2000,Telangana,Cabbage,2023,2,4
2023-02-06,Cabbage,154,Nalgonda,FAQ,Venkateswarnagar,3000,3000,3000,Telangana,Cabbage,2023,2,0
2023-02-07,Cabbage,154,Nalgonda,FAQ,Venkateswarnagar,2000,2000,2000,Telangana,Cabbage,2023,2,1
2023-02-15,Cabbage,154,Nalgonda,FAQ,Venkateswarnagar,2500,2500,2500,Telangana,Cabbage,2023,2,2
2023-02-18,Cabbage,154,Nalgonda,FAQ,Venkateswarnagar,2000,2000,2000,Telangana,Cabbage,2023,2,5
2023-02-27,Cabbage,154,Nalgonda,FAQ,Venkateswarnagar,3000,3000,3000,Telangana,Cabbage,2023,2,0
2023-02-28,Cabbage,154,Nalgonda,FAQ,Venkateswarnagar,3000,3000,3000,Telangana,Cabbage,2023,2,1
2023-03-05,Cabbage,154,Nalgonda,FAQ,Venkateswarnagar,2500,2500,2500,Telangana,Cabbage,2023,3,6
2023-03-09,Cabbage,154,Nalgonda,FAQ,Venkateswarnagar,2000,2000,2000,Telangana,Cabbage,2023,3,3
2023-03-12,Cabbage,154,Nalgonda,FAQ,Venkateswarnagar,3000,3000,3000,Telangana,Cabbage,2023,3,6
2023-03-21,Cabbage,154,Nalgonda,FAQ,Venkateswarnagar,2000,2000,2000,Telangana,Cabbage,2023,3,1
2023-09-26,Potato,24,Nalgonda,FAQ,Venkateswarnagar,2000,2000,2000,Telangana,Local,2023,9,1
2023-09-27,Potato,24,Nalgonda,FAQ,Venkateswarnagar,2000,2000,2000,Telangana,Local,2023,9,2
2023-10-03,Potato,24,Nalgonda,FAQ,Venkateswarnagar,2000,2000,2000,Telangana,Local,2023,10,1
2023-10-05,Potato,24,Nalgonda,FAQ,Venkateswarnagar,2000,2000,2000,Telangana,Local,2023,10,3
2023-10-07,Potato,24,Nalgonda,FAQ,Venkateswarnagar,2000,2000,2000,Telangana,Local,2023,10,5
2023-10-11,Potato,24,Nalgonda,FAQ,Venkateswarnagar,2000,2000,2000,Telangana,Local,2023,10,2
2023-10-12,Potato,24,Nalgonda,FAQ,Venkateswarnagar,2000,2000,2000,Telangana,Local,2023,10,3
2023-10-15,Potato,24,Nalgonda,FAQ,Venkateswarnagar,2000,2000,2000,Telangana,Local,2023,10,6
2023-10-17,Potato,24,Nalgonda,FAQ,Venkateswarnagar,2000,2000,2000,Telangana,Local,2023,10,1
2023-10-18,Potato,24,Nalgonda,FAQ,Venkateswarnagar,2000,2000,2000,Telangana,Local,2023,10,2
2023-10-27,Potato,24,Nalgonda,FAQ,Venkateswarnagar,2000,2000,2000,Telangana,Local,2023,10,4
2023-10-30,Potato,24,Nalgonda,FAQ,Venkateswarnagar,2000,2000,2000,Telangana,Local,2023,10,0
2023-10-31,Potato,24,Nalgonda,FAQ,Venkateswarnagar,2000,2000,2000,Telangana,Local,2023,10,1
2023-11-08,Potato,24,Nalgonda,FAQ,Venkateswarnagar,2000,2000,2000,Telangana,Local,2023,11,2
2023-11-12,Potato,24,Nalgonda,FAQ,Venkateswarnagar,2000,2000,2000,Telangana,Local,2023,11,6
2023-11-18,Potato,24,Nalgonda,FAQ,Venkateswarnagar,2000,2000,2000,Telangana,Local,2023,11,5
2023-12-13,Potato,24,Nalgonda,FAQ,Venkateswarnagar,2000,2000,2000,Telangana,Local,2023,12,2
2023-12-14,Potato,24,Nalgonda,FAQ,Venkateswarnagar,2000,2000,2000,Telangana,Local,2023,12,3
2023-12-23,Potato,24,Nalgonda,FAQ,Venkateswarnagar,2000,2000,2000,Telangana,Local,2023,12,5
2023-12-28,Potato,24,Nalgonda,FAQ,Venkateswarnagar,2500,2500,2500,Telangana,Local,2023,12,3
2023-01-13,Potato,24,Nalgonda,FAQ,Miryalguda(Rythu Bazar),4000,4000,4000,Telangana,Potato,2023,1,4
2023-01-16,Potato,24,Nalgonda,FAQ,Miryalguda(Rythu Bazar),4000,3800,4000,Telangana,Potato,2023,1,0
2023-01-26,Potato,24,Nalgonda,FAQ,Miryalguda(Rythu Bazar),3600,3600,3600,Telangana,Potato,2023,1,3
2023-02-07,Potato,24,Nalgonda,FAQ,Miryalguda(Rythu Bazar),3400,3400,3400,Telangana,Potato,2023,2,1
2023-02-12,Potato,24,Nalgonda,FAQ,Miryalguda(Rythu Bazar),3000,3000,3000,Telangana,Potato,2023,2,6
2023-03-02,Potato,24,Nalgonda,FAQ,Miryalguda(Rythu Bazar),3000,3000,3000,Telangana,Potato,2023,3,3
2023-03-09,Potato,24,Nalgonda,FAQ,Miryalguda(Rythu Bazar),3000,3000,3000,Telangana,Potato,2023,3,3
2023-03-15,Potato,24,Nalgonda,FAQ,Miryalguda(Rythu Bazar),3200,3200,3200,Telangana,Potato,2023,3,2
2023-03-20,Potato,24,Nalgonda,FAQ,Miryalguda(Rythu Bazar),3000,3000,3000,Telangana,Potato,2023,3,0
2023-03-22,Potato,24,Nalgonda,FAQ,Miryalguda(Rythu Bazar),2500,2500,2500,Telangana,Potato,2023,3,2
2023-03-26,Potato,24,Nalgonda,FAQ,Miryalguda(Rythu Bazar),2400,2400,2400,Telangana,Potato,2023,3,6
2023-03-31,Potato,24,Nalgonda,FAQ,Miryalguda(Rythu Bazar),2500,2500,2500,Telangana,Potato,2023,3,4
2023-04-07,Potato,24,Nalgonda,FAQ,Miryalguda(Rythu Bazar),2500,2500,2500,Telangana,Potato,2023,4,4
2023-04-08,Potato,24,Nalgonda,FAQ,Miryalguda(Rythu Bazar),2500,2500,2500,Telangana,Potato,2023,4,5
2023-04-18,Potato,24,Nalgonda,FAQ,Miryalguda(Rythu Bazar),3000,3000,3000,Telangana,Potato,2023,4,1
2023-04-23,Potato,24,Nalgonda,FAQ,Miryalguda(Rythu Bazar),3000,3000,3000,Telangana,Potato,2023,4,6
2023-05-03,Potato,24,Nalgonda,FAQ,Miryalguda(Rythu Bazar),3000,3000,3000,Telangana,Potato,2023,5,2
2023-05-05,Potato,24,Nalgonda,FAQ,Miryalguda(Rythu Bazar),3000,3000,3000,Telangana,Potato,2023,5,4
2023-05-08,Potato,24,Nalgonda,FAQ,Miryalguda(Rythu Bazar),3000,3000,3000,Telangana,Potato,2023,5,0
2023-05-14,Potato,24,Nalgonda,FAQ,Miryalguda(Rythu Bazar),3000,3000,3000,Telangana,Potato,2023,5,6
2023-05-28,Potato,24,Nalgonda,FAQ,Miryalguda(Rythu Bazar),3000,3000,3000,Telangana,Potato,2023,5,6
2023-06-01,Potato,24,Nalgonda,FAQ,Miryalguda(Rythu Bazar),3000,3000,3000,Telangana,Potato,2023,6,3
2023-06-07,Potato,24,Nalgonda,FAQ,Miryalguda(Rythu Bazar),3000,3000,3000,Telangana,Potato,2023,6,2
2023-06-09,Potato,24,Nalgonda,FAQ,Miryalguda(Rythu Bazar),3000,3000,3000,Telangana,Potato,2023,6,4
2023-06-20,Potato,24,Nalgonda,FAQ,Miryalguda(Rythu Bazar),3000,3000,3000,Telangana,Potato,2023,6,1
2023-06-27,Potato,24,Nalgonda,FAQ,Miryalguda(Rythu Bazar),3000,3000,3000,Telangana,Potato,2023,6,1
2023-07-08,Potato,24,Nalgonda,FAQ,Miryalguda(Rythu Bazar),3000,3000,3000,Telangana,Potato,2023,7,5
2023-07-10,Potato,24,Nalgonda,FAQ,Miryalguda(Rythu Bazar),3000,3000,3000,Telangana,Potato,2023,7,0
2023-07-19,Potato,24,Nalgonda,FAQ,Miryalguda(Rythu Bazar),3000,3000,3000,Telangana,Potato,2023,7,2
2023-08-23,Potato,24,Nalgonda,FAQ,Miryalguda(Rythu Bazar),3000,3000,3000,Telangana,Potato,2023,8,2
2023-08-24,Potato,24,Nalgonda,FAQ,Miryalguda(Rythu Bazar),3000,3000,3000,Telangana,Potato,2023,8,3
2023-08-26,Potato,24,Nalgonda,FAQ,Miryalguda(Rythu Bazar),3000,3000,3000,Telangana,Potato,2023,8,5
2023-09-02,Potato,24,Nalgonda,FAQ,Miryalguda(Rythu Bazar),3000,3000,3000,Telangana,Potato,2023,9,5
2023-09-06,Potato,24,Nalgonda,FAQ,Miryalguda(Rythu Bazar),3000,3000,3000,Telangana,Potato,2023,9,2
2023-09-28,Potato,24,Nalgonda,FAQ,Miryalguda(Rythu Bazar),3000,3000,3000,Telangana,Potato,2023,9,3
2023-10-01,Potato,24,Nalgonda,FAQ,Miryalguda(Rythu Bazar),3000,3000,3000,Telangana,Potato,2023,10,6
2023-10-06,Potato,24,Nalgonda,FAQ,Miryalguda(Rythu Bazar),3000,3000,3000,Telangana,Potato,2023,10,4
2023-10-16,Potato,24,Nalgonda,FAQ,Miryalguda(Rythu Bazar),3000,3000,3000,Telangana,Potato,2023,10,0
2023-10-21,Potato,24,Nalgonda,FAQ,Miryalguda(Rythu Bazar),3000,3000,3000,Telangana,Potato,2023,10,5
2023-10-24,Potato,24,Nalgonda,FAQ,Miryalguda(Rythu Bazar),3000,3000,3000,Telangana,Potato,2023,10,1
2023-10-27,Potato,24,Nalgonda,FAQ,Miryalguda(Rythu Bazar),3000,3000,3000,Telangana,Potato,2023,10,4
2023-10-28,Potato,24,Nalgonda,FAQ,Miryalguda(Rythu Bazar),3000,3000,3000,Telangana,Potato,2023,10,5
2023-10-29,Potato,24,Nalgonda,FAQ,Miryalguda(Rythu Bazar),3000,3000,3000,Telangana,Potato,2023,10,6
2023-10-30,Potato,24,Nalgonda,FAQ,Miryalguda(Rythu Bazar),3000,3000,3000,Telangana,Potato,2023,10,0
2023-11-07,Potato,24,Nalgonda,FAQ,Miryalguda(Rythu Bazar),3000,3000,3000,Telangana,Potato,2023,11,1
2023-12-05,Potato,24,Nalgonda,FAQ,Miryalguda(Rythu Bazar),3000,3000,3000,Telangana,Potato,2023,12,1
2023-12-18,Potato,24,Nalgonda,FAQ,Miryalguda(Rythu Bazar),3000,3000,3000,Telangana,Potato,2023,12,0
2023-12-20,Potato,24,Nalgonda,FAQ,Miryalguda(Rythu Bazar),3000,3000,3000,Telangana,Potato,2023,12,2
2023-12-28,Potato,24,Nalgonda,FAQ,Miryalguda(Rythu Bazar),3000,3000,3000,Telangana,Potato,2023,12,3
2023-01-04,Potato,24,Nalgonda,FAQ,Venkateswarnagar,2000,2000,2000,Telangana,Local,2023,1,2
2023-01-17,Potato,24,Nalgonda,FAQ,Venkateswarnagar,2000,2000,2000,Telangana,Local,2023,1,1
2023-01-20,Potato,24,Nalgonda,FAQ,Venkateswarnagar,2000,2000,2000,Telangana,Local,2023,1,4
2023-01-25,Potato,24,Nalgonda,FAQ,Venkateswarnagar,2000,2000,2000,Telangana,Local,2023,1,2
2023-01-30,Potato,24,Nalgonda,FAQ,Venkateswarnagar,2000,2000,2000,Telangana,Local,2023,1,0
2023-01-31,Potato,24,Nalgonda,FAQ,Venkateswarnagar,2000,2000,2000,Telangana,Local,2023,1,1
2023-02-08,Potato,24,Nalgonda,FAQ,Venkateswarnagar,2000,2000,2000,Telangana,Local,2023,2,2
2023-02-09,Potato,24,Nalgonda,FAQ,Venkateswarnagar,2000,2000,2000,Telangana,Local,2023,2,3
2023-02-16,Potato,24,Nalgonda,FAQ,Venkateswarnagar,2000,2000,2000,Telangana,Local,2023,2,3
2023-02-17,Potato,24,Nalgonda,FAQ,Venkateswarnagar,2000,2000,2000,Telangana,Local,2023,2,4
2023-02-28,Potato,24,Nalgonda,FAQ,Venkateswarnagar,2000,2000,2000,Telangana,Local,2023,2,1
2023-03-01,Potato,24,Nalgonda,FAQ,Venkateswarnagar,2000,2000,2000,Telangana,Local,2023,3,2
2023-03-09,Potato,24,Nalgonda,FAQ,Venkateswarnagar,1200,1200,1200,Telangana,Local,2023,3,3
2023-03-10,Potato,24,Nalgonda,FAQ,Venkateswarnagar,2000,2000,2000,Telangana,Local,2023,3,4
2023-03-12,Potato,24,Nalgonda,FAQ,Venkateswarnagar,2000,2000,2000,Telangana,Local,2023,3,6
2023-03-13,Potato,24,Nalgonda,FAQ,Venkateswarnagar,2000,2000,2000,Telangana,Local,2023,3,0
2023-03-17,Potato,24,Nalgonda,FAQ,Venkateswarnagar,2000,2000,2000,Telangana,Local,2023,3,4
2023-03-20,Potato,24,Nalgonda,FAQ,Venkateswarnagar,2000,2000,2000,Telangana,Local,2023,3,0
2023-03-24,Potato,24,Nalgonda,FAQ,Venkateswarnagar,2000,2000,2000,Telangana,Local,2023,3,4
2023-04-01,Potato,24,Nalgonda,FAQ,Venkateswarnagar,1800,1800,1800,Telangana,Local,2023,4,5
2023-04-03,Potato,24,Nalgonda,FAQ,Venkateswarnagar,1800,1800,1800,Telangana,Local,2023,4,0
2023-04-05,Potato,24,Nalgonda,FAQ,Venkateswarnagar,1500,1500,1500,Telangana,Local,2023,4,2
2023-04-08,Potato,24,Nalgonda,FAQ,Venkateswarnagar,2000,2000,2000,Telangana,Local,2023,4,5
2023-04-15,Potato,24,Nalgonda,FAQ,Venkateswarnagar,2000,2000,2000,Telangana,Local,2023,4,5
2023-04-28,Potato,24,Nalgonda,FAQ,Venkateswarnagar,2000,2000,2000,Telangana,Local,2023,4,4
2023-04-30,Potato,24,Nalgonda,FAQ,Venkateswarnagar,1800,1800,1800,Telangana,Local,2023,4,6
2023-05-03,Potato,24,Nalgonda,FAQ,Venkateswarnagar,2000,2000,2000,Telangana,Local,2023,5,2
2023-05-08,Potato,24,Nalgonda,FAQ,Venkateswarnagar,800,800,800,Telangana,Local,2023,5,0
2023-05-15,Potato,24,Nalgonda,FAQ,Venkateswarnagar,2000,2000,2000,Telangana,Local,2023,5,0
2023-05-20,Potato,24,Nalgonda,FAQ,Venkateswarnagar,2000,2000,2000,Telangana,Local,2023,5,5
2023-05-22,Potato,24,Nalgonda,FAQ,Venkateswarnagar,2000,2000,2000,Telangana,Local,2023,5,0
2023-05-30,Potato,24,Nalgonda,FAQ,Venkateswarnagar,2000,2000,2000,Telangana,Local,2023,5,1
2023-06-04,Potato,24,Nalgonda,FAQ,Venkateswarnagar,1800,1800,1800,Telangana,Local,2023,6,6
2023-06-06,Potato,24,Nalgonda,FAQ,Venkateswarnagar,1800,1800,1800,Telangana,Local,2023,6,1
2023-06-22,Potato,24,Nalgonda,FAQ,Venkateswarnagar,2000,2000,2000,Telangana,Local,2023,6,3
2023-06-30,Potato,24,Nalgonda,FAQ,Venkateswarnagar,2000,2000,2000,Telangana,Local,2023,6,4
2023-07-13,Potato,24,Nalgonda,FAQ,Venkateswarnagar,2000,2000,2000,Telangana,Local,2023,7,3
2023-07-15,Potato,24,Nalgonda,FAQ,Venkateswarnagar,2000,2000,2000,Telangana,Local,2023,7,5
2023-07-20,Potato,24,Nalgonda,FAQ,Venkateswarnagar,2000,2000,2000,Telangana,Local,2023,7,3
2023-07-24,Potato,24,Nalgonda,FAQ,Venkateswarnagar,3000,3000,3000,Telangana,Local,2023,7,0
2023-07-27,Potato,24,Nalgonda,FAQ,Venkateswarnagar,3000,3000,3000,Telangana,Local,2023,7,3
2023-07-29,Potato,24,Nalgonda,FAQ,Venkateswarnagar,3000,3000,3000,Telangana,Local,2023,7,5
2023-08-07,Potato,24,Nalgonda,FAQ,Venkateswarnagar,3000,3000,3000,Telangana,Local,2023,8,0
2023-08-09,Potato,24,Nalgonda,FAQ,Venkateswarnagar,3000,3000,3000,Telangana,Local,2023,8,2
2023-08-12,Potato,24,Nalgonda,FAQ,Venkateswarnagar,2500,2500,2500,Telangana,Local,2023,8,5
2023-08-21,Potato,24,Nalgonda,FAQ,Venkateswarnagar,1000,1000,1000,Telangana,Local,2023,8,0
2023-08-23,Potato,24,Nalgonda,FAQ,Venkateswarnagar,1500,1500,1500,Telangana,Local,2023,8,2
2023-08-27,Potato,24,Nalgonda,FAQ,Venkateswarnagar,2500,2500,2500,Telangana,Local,2023,8,6
2023-08-31,Potato,24,Nalgonda,FAQ,Venkateswarnagar,2000,2000,2000,Telangana,Local,2023,8,3
2023-09-02,Potato,24,Nalgonda,FAQ,Venkateswarnagar,2000,2000,2000,Telangana,Local,2023,9,5
2023-09-15,Potato,24,Nalgonda,FAQ,Venkateswarnagar,2000,2000,2000,Telangana,Local,2023,9,4
2022-01-01,Onion,23,Dharwad,FAQ,Hubli (Amaragol),3200,500,1500,Karnataka,Local,2022,1,5
2022-01-08,Onion,23,Dharwad,FAQ,Hubli (Amaragol),2350,500,1350,Karnataka,Local,2022,1,5
2022-01-10,Onion,23,Dharwad,FAQ,Hubli (Amaragol),2000,500,1000,Karnataka,Local,2022,1,0
2022-01-21,Onion,23,Dharwad,FAQ,Hubli (Amaragol),2760,500,1100,Karnataka,Local,2022,1,4
2022-01-24,Onion,23,Dharwad,FAQ,Hubli (Amaragol),2450,300,1100,Karnataka,Local,2022,1,0
2022-01-29,Onion,23,Dharwad,FAQ,Hubli (Amaragol),2450,200,1200,Karnataka,Local,2022,1,5
2022-01-31,Onion,23,Dharwad,FAQ,Hubli (Amaragol),2000,300,1000,Karnataka,Local,2022,1,0
2022-02-01,Onion,23,Dharwad,FAQ,Hubli (Amaragol),2000,300,1000,Karnataka,Local,2022,2,1
2022-02-08,Onion,23,Dharwad,FAQ,Hubli (Amaragol),1400,200,700,Karnataka,Local,2022,2,1
2022-02-16,Onion,23,Dharwad,FAQ,Hubli (Amaragol),1800,200,850,Karnataka,Local,2022,2,2
2022-03-01,Onion,23,Dharwad,FAQ,Hubli (Amaragol),1630,300,820,Karnataka,Local,2022,3,1
2022-03-10,Onion,23,Dharwad,FAQ,Hubli (Amaragol),1400,200,750,Karnataka,Local,2022,3,3
2022-03-21,Onion,23,Dharwad,FAQ,Hubli (Amaragol),1400,200,710,Karnataka,Local,2022,3,0
2022-09-14,Onion,23,Dharwad,FAQ,Hubli (Amaragol),1300,200,660,Karnataka,Local,2022,9,2
2022-09-17,Onion,23,Dharwad,FAQ,Hubli (Amaragol),1100,200,580,Karnataka,Local,2022,9,5
2022-09-22,Onion,23,Dharwad,FAQ,Hubli (Amaragol),1320,150,730,Karnataka,Local,2022,9,3
2022-10-04,Onion,23,Dharwad,FAQ,Hubli (Amaragol),1600,150,730,Karnataka,Local,2022,10,1
2022-10-13,Onion,23,Dharwad,FAQ,Hubli (Amaragol),1800,150,840,Karnataka,Local,2022,10,3
2022-10-22,Onion,23,Dharwad,FAQ,Hubli (Amaragol),2100,200,880,Karnataka,Local,2022,10,5
2022-10-28,Onion,23,Dharwad,FAQ,Hubli (Amaragol),2200,200,900,Karnataka,Local,2022,10,4
2022-10-31,Onion,23,Dharwad,FAQ,Hubli (Amaragol),2250,200,950,Karnataka,Local,2022,10,0
2022-11-12,Onion,23,Dharwad,FAQ,Hubli (Amaragol),2200,200,890,Karnataka,Local,2022,11,5
2022-11-19,Onion,23,Dharwad,FAQ,Hubli (Amaragol),2200,200,850,Karnataka,Local,2022,11,5
2022-11-21,Onion,23,Dharwad,FAQ,Hubli (Amaragol),2000,200,900,Karnataka,Local,2022,11,0
2022-11-23,Onion,23,Dharwad,FAQ,Hubli (Amaragol),2200,200,900,Karnataka,Local,2022,11,2
2022-11-25,Onion,23,Dharwad,FAQ,Hubli (Amaragol),1900,200,920,Karnataka,Local,2022,11,4
2022-11-26,Onion,23,Dharwad,FAQ,Hubli (Amaragol),2350,200,940,Karnataka,Local,2022,11,5
2022-12-12,Onion,23,Dharwad,FAQ,Hubli (Amaragol),1500,200,700,Karnataka,Local,2022,12,0
2022-12-24,Onion,23,Dharwad,FAQ,Hubli (Amaragol),1850,200,920,Karnataka,Local,2022,12,5
2022-12-28,Onion,23,Dharwad,FAQ,Hubli (Amaragol),1800,200,900,Karnataka,Local,2022,12,2
2022-02-15,Onion,23,Dharwad,FAQ,Hubli (Amaragol),2500,2500,2500,Karnataka,Other,2022,2,1
2022-10-13,Onion,23,Dharwad,FAQ,Hubli (Amaragol),1800,1600,1700,Karnataka,Other,2022,10,3
2022-10-14,Onion,23,Dharwad,FAQ,Hubli (Amaragol),1700,1600,1650,Karnataka,Other,2022,10,4
2022-10-15,Onion,23,Dharwad,FAQ,Hubli (Amaragol),2000,2000,2000,Karnataka,Other,2022,10,5
2022-01-07,Onion,23,Dharwad,FAQ,Hubli (Amaragol),4500,800,2000,Karnataka,Puna,2022,1,4
2022-01-08,Onion,23,Dharwad,FAQ,Hubli (Amaragol),3000,500,1500,Karnataka,Puna,2022,1,5
2022-01-12,Onion,23,Dharwad,FAQ,Hubli (Amaragol),3100,500,1900,Karnataka,Puna,2022,1,2
2022-01-17,Onion,23,Dharwad,FAQ,Hubli (Amaragol),3200,500,1700,Karnataka,Puna,2022,1,0
2022-02-07,Onion,23,Dharwad,FAQ,Hubli (Amaragol),3000,500,1550,Karnataka,Puna,2022,2,0
2022-02-08,Onion,23,Dharwad,FAQ,Hubli (Amaragol),3200,500,1650,Karnataka,Puna,2022,2,1
2022-02-10,Onion,23,Dharwad,FAQ,Hubli (Amaragol),3500,500,1900,Karnataka,Puna,2022,2,3
2022-02-17,Onion,23,Dharwad,FAQ,Hubli (Amaragol),3500,500,1650,Karnataka,Puna,2022,2,3
2022-02-18,Onion,23,Dharwad,FAQ,Hubli (Amaragol),3300,300,1600,Karnataka,Puna,2022,2,4
2022-02-25,Onion,23,Dharwad,FAQ,Hubli (Amaragol),3200,500,1550,Karnataka,Puna,2022,2,4
2022-03-11,Onion,23,Dharwad,FAQ,Hubli (Amaragol),1800,200,1000,Karnataka,Puna,2022,3,4
2022-03-21,Onion,23,Dharwad,FAQ,Hubli (Amaragol),1700,300,1050,Karnataka,Puna,2022,3,0
2022-03-24,Onion,23,Dharwad,FAQ,Hubli (Amaragol),1600,300,1050,Karnataka,Puna,2022,3,3
2022-03-31,Onion,23,Dharwad,FAQ,Hubli (Amaragol),1450,300,950,Karnataka,Puna,2022,3,3
2022-04-04,Onion,23,Dharwad,FAQ,Hubli (Amaragol),1500,300,960,Karnataka,Puna,2022,4,0
2022-04-07,Onion,23,Dharwad,FAQ,Hubli (Amaragol),1500,300,1000,Karnataka,Puna,2022,4,3
2022-04-22,Onion,23,Dharwad,FAQ,Hubli (Amaragol),1500,300,1025,Karnataka,Puna,2022,4,4
2022-04-26,Onion,23,Dharwad,FAQ,Hubli (Amaragol),1450,400,1000,Karnataka,Puna,2022,4,1
2022-04-30,Onion,23,Dharwad,FAQ,Hubli (Amaragol),1300,300,850,Karnataka,Puna,2022,4,5
2022-05-06,Onion,23,Dharwad,FAQ,Hubli (Amaragol),1300,300,860,Karnataka,Puna,2022,5,4
2022-05-11,Onion,23,Dharwad,FAQ,Hubli (Amaragol),1300,300,850,Karnataka,Puna,2022,5,2
2022-05-16,Onion,23,Dharwad,FAQ,Hubli (Amaragol),1350,300,930,Karnataka,Puna,2022,5,0
2022-05-18,Onion,23,Dharwad,FAQ,Hubli (Amaragol),1300,200,870,Karnataka,Puna,2022,5,2
2022-05-24,Onion,23,Dharwad,FAQ,Hubli (Amaragol),1500,400,900,Karnataka,Puna,2022,5,1
2022-06-03,Onion,23,Dharwad,FAQ,Hubli (Amaragol),1700,500,1050,Karnataka,Puna,2022,6,4
2022-06-10,Onion,23,Dharwad,FAQ,Hubli (Amaragol),2000,500,1150,Karnataka,Puna,2022,6,4
2022-06-13,Onion,23,Dharwad,FAQ,Hubli (Amaragol),1850,400,1030,Karnataka,Puna,2022,6,0
2022-06-25,Onion,23,Dharwad,FAQ,Hubli (Amaragol),2050,500,1150,Karnataka,Puna,2022,6,5
2022-06-29,Onion,23,Dharwad,FAQ,Hubli (Amaragol),2000,500,1030,Karnataka,Puna,2022,6,2
2022-06-30,Onion,23,Dharwad,FAQ,Hubli (Amaragol),1800,500,1130,Karnataka,Puna,2022,6,3
2022-07-07,Onion,23,Dharwad,FAQ,Hubli (Amaragol),2000,500,1130,Karnataka,Puna,2022,7,3
2022-07-08,Onion,23,Dharwad,FAQ,Hubli (Amaragol),2000,500,1150,Karnataka,Puna,2022,7,4
2022-07-09,Onion,23,Dharwad,FAQ,Hubli (Amaragol),1900,500,1080,Karnataka,Puna,2022,7,5
2022-07-11,Onion,23,Dharwad,FAQ,Hubli (Amaragol),2000,500,1100,Karnataka,Puna,2022,7,0
2022-07-13,Onion,23,Dharwad,FAQ,Hubli (Amaragol),2200,550,1200,Karnataka,Puna,2022,7,2
2022-07-14,Onion,23,Dharwad,FAQ,Hubli (Amaragol),2100,600,1250,Karnataka,Puna,2022,7,3
2022-07-20,Onion,23,Dharwad,FAQ,Hubli (Amaragol),1900,500,1100,Karnataka,Puna,2022,7,2
2022-07-29,Onion,23,Dharwad,FAQ,Hubli (Amaragol),1800,500,1120,Karnataka,Puna,2022,7,4
2022-08-03,Onion,23,Dharwad,FAQ,Hubli (Amaragol),1800,550,1150,Karnataka,Puna,2022,8,2
2022-08-05,Onion,23,Dharwad,FAQ,Hubli (Amaragol),1900,500,1180,Karnataka,Puna,2022,8,4
2022-08-06,Onion,23,Dharwad,FAQ,Hubli (Amaragol),1900,500,1150,Karnataka,Puna,2022,8,5
2022-08-08,Onion,23,Dharwad,FAQ,Hubli (Amaragol),1800,500,1150,Karnataka,Puna,2022,8,0
2022-08-22,Onion,23,Dharwad,FAQ,Hubli (Amaragol),2000,500,1160,Karnataka,Puna,2022,8,0
2022-09-10,Onion,23,Dharwad,FAQ,Hubli (Amaragol),2000,500,1210,Karnataka,Puna,2022,9,5
2022-09-24,Onion,23,Dharwad,FAQ,Hubli (Amaragol),2000,500,1180,Karnataka,Puna,2022,9,5
2022-10-06,Onion,23,Dharwad,FAQ,Hubli (Amaragol),1700,500,830,Karnataka,Puna,2022,10,3
2022-10-11,Onion,23,Dharwad,FAQ,Hubli (Amaragol),2200,500,1050,Karnataka,Puna,2022,10,1
2022-10-15,Onion,23,Dharwad,FAQ,Hubli (Amaragol),2400,500,1200,Karnataka,Puna,2022,10,5
2022-10-21,Onion,23,Dharwad,FAQ,Hubli (Amaragol),2700,500,1280,Karnataka,Puna,2022,10,4
2022-10-27,Onion,23,Dharwad,FAQ,Hubli (Amaragol),3000,800,1350,Karnataka,Puna,2022,10,3
2022-11-04,Onion,23,Dharwad,FAQ,Hubli (Amaragol),4000,1000,1700,Karnataka,Puna,2022,11,4
2022-11-17,Onion,23,Dharwad,FAQ,Hubli (Amaragol),3000,500,1450,Karnataka,Puna,2022,11,3
2022-11-21,Onion,23,Dharwad,FAQ,Hubli (Amaragol),2350,500,1200,Karnataka,Puna,2022,11,0
2022-11-23,Onion,23,Dharwad,FAQ,Hubli (Amaragol),2500,500,1050,Karnataka,Puna,2022,11,2
2022-12-06,Onion,23,Dharwad,FAQ,Hubli (Amaragol),2000,500,730,Karnataka,Puna,2022,12,1
2022-12-17,Onion,23,Dharwad,FAQ,Hubli (Amaragol),2150,500,850,Karnataka,Puna,2022,12,5
2022-12-24,Onion,23,Dharwad,FAQ,Hubli (Amaragol),2700,700,1200,Karnataka,Puna,2022,12,5
2022-01-03,Onion,23,Dharwad,FAQ,Hubli (Amaragol),2800,800,1350,Karnataka,Telagi,2022,1,0
2022-01-18,Onion,23,Dharwad,FAQ,Hubli (Amaragol),2400,1200,1500,Karnataka,Telagi,2022,1,1
2022-01-22,Onion,23,Dharwad,FAQ,Hubli (Amaragol),2200,300,1100,Karnataka,Telagi,2022,1,5
2022-01-27,Onion,23,Dharwad,FAQ,Hubli (Amaragol),2200,500,1200,Karnataka,Telagi,2022,1,3
2022-01-28,Onion,23,Dharwad,FAQ,Hubli (Amaragol),2250,500,1200,Karnataka,Telagi,2022,1,4
2022-02-11,Onion,23,Dharwad,FAQ,Hubli (Amaragol),3000,300,1400,Karnataka,Telagi,2022,2,4
2022-02-15,Onion,23,Dharwad,FAQ,Hubli (Amaragol),2500,200,1200,Karnataka,Telagi,2022,2,1
2022-02-22,Onion,23,Dharwad,FAQ,Hubli (Amaragol),3200,500,1450,Karnataka,Telagi,2022,2,1
2022-03-15,Onion,23,Dharwad,FAQ,Hubli (Amaragol),1300,300,800,Karnataka,Telagi,2022,3,1
2022-03-18,Onion,23,Dharwad,FAQ,Hubli (Amaragol),1300,200,850,Karnataka,Telagi,2022,3,4
2022-03-19,Onion,23,Dharwad,FAQ,Hubli (Amaragol),1400,200,730,Karnataka,Telagi,2022,3,5
2022-03-21,Onion,23,Dharwad,FAQ,Hubli (Amaragol),1400,200,730,Karnataka,Telagi,2022,3,0
2022-03-23,Onion,23,Dharwad,FAQ,Hubli (Amaragol),1600,200,730,Karnataka,Telagi,2022,3,2
2022-03-30,Onion,23,Dharwad,FAQ,Hubli (Amaragol),1200,200,600,Karnataka,Telagi,2022,3,2
2022-04-08,Onion,23,Dharwad,FAQ,Hubli (Amaragol),1220,200,630,Karnataka,Telagi,2022,4,4
2022-04-12,Onion,23,Dharwad,FAQ,Hubli (Amaragol),1000,300,580,Karnataka,Telagi,2022,4,1
2022-04-25,Onion,23,Dharwad,FAQ,Hubli (Amaragol),1200,300,780,Karnataka,Telagi,2022,4,0
2022-04-29,Onion,23,Dharwad,FAQ,Hubli (Amaragol),1150,200,640,Karnataka,Telagi,2022,4,4
2022-04-30,Onion,23,Dharwad,FAQ,Hubli (Amaragol),1000,200,580,Karnataka,Telagi,2022,4,5
2022-05-04,Onion,23,Dharwad,FAQ,Hubli (Amaragol),900,200,560,Karnataka,Telagi,2022,5,2
2022-05-09,Onion,23,Dharwad,FAQ,Hubli (Amaragol),1100,200,580,Karnataka,Telagi,2022,5,0
2022-05-14,Onion,23,Dharwad,FAQ,Hubli (Amaragol),1000,200,590,Karnataka,Telagi,2022,5,5
2022-05-17,Onion,23,Dharwad,FAQ,Hubli (Amaragol),930,200,600,Karnataka,Telagi,2022,5,1
2022-05-30,Onion,23,Dharwad,FAQ,Hubli (Amaragol),1100,300,580,Karnataka,Telagi,2022,5,0
2022-05-31,Onion,23,Dharwad,FAQ,Hubli (Amaragol),1200,200,580,Karnataka,Telagi,2022,5,1
2022-06-03,Onion,23,Dharwad,FAQ,Hubli (Amaragol),1300,200,700,Karnataka,Telagi,2022,6,4
2022-06-10,Onion,23,Dharwad,FAQ,Hubli (Amaragol),1300,150,680,Karnataka,Telagi,2022,6,4
2022-06-11,Onion,23,Dharwad,FAQ,Hubli (Amaragol),1550,300,870,Karnataka,Telagi,2022,6,5
2022-06-14,Onion,23,Dharwad,FAQ,Hubli (Amaragol),1450,200,780,Karnataka,Telagi,2022,6,1
2022-07-01,Onion,23,Dharwad,FAQ,Hubli (Amaragol),1500,200,830,Karnataka,Telagi,2022,7,4
2022-07-19,Onion,23,Dharwad,FAQ,Hubli (Amaragol),1510,200,740,Karnataka,Telagi,2022,7,1
2022-07-21,Onion,23,Dharwad,FAQ,Hubli (Amaragol),1500,200,830,Karnataka,Telagi,2022,7,3
2022-07-22,Onion,23,Dharwad,FAQ,Hubli (Amaragol),1350,200,750,Karnataka,Telagi,2022,7,4
2022-08-08,Onion,23,Dharwad,FAQ,Hubli (Amaragol),1400,200,780,Karnataka,Telagi,2022,8,0
2022-08-29,Onion,23,Dharwad,FAQ,Hubli (Amaragol),1400,250,770,Karnataka,Telagi,2022,8,0
2022-08-30,Onion,23,Dharwad,FAQ,Hubli (Amaragol),1400,300,820,Karnataka,Telagi,2022,8,1
2022-09-02,Onion,23,Dharwad,FAQ,Hubli (Amaragol),1300,250,780,Karnataka,Telagi,2022,9,4
2022-09-07,Onion,23,Dharwad,FAQ,Hubli (Amaragol),1400,200,810,Karnataka,Telagi,2022,9,2
2022-09-10,Onion,23,Dharwad,FAQ,Hubli (Amaragol),1810,300,850,Karnataka,Telagi,2022,9,5
2022-09-16,Onion,23,Dharwad,FAQ,Hubli (Amaragol),1300,300,780,Karnataka,Telagi,2022,9,4
2022-09-17,Onion,23,Dharwad,FAQ,Hubli (Amaragol),1300,250,830,Karnataka,Telagi,2022,9,5
2022-10-20,Onion,23,Dharwad,FAQ,Hubli (Amaragol),1900,200,880,Karnataka,Telagi,2022,10,3
2022-11-11,Onion,23,Dharwad,FAQ,Hubli (Amaragol),1400,200,760,Karnataka,Telagi,2022,11,4
2022-11-15,Onion,23,Dharwad,FAQ,Hubli (Amaragol),1800,500,880,Karnataka,Telagi,2022,11,1
2022-12-01,Onion,23,Dharwad,FAQ,Hubli (Amaragol),1800,400,860,Karnataka,Telagi,2022,12,3
2022-12-06,Onion,23,Dharwad,FAQ,Hubli (Amaragol),1600,200,700,Karnataka,Telagi,2022,12,1
2022-12-09,Onion,23,Dharwad,FAQ,Hubli (Amaragol),1400,300,700,Karnataka,Telagi,2022,12,4
2022-12-29,Onion,23,Dharwad,FAQ,Hubli (Amaragol),1900,400,910,Karnataka,Telagi,2022,12,3
2021-12-31,Onion,23,Dharwad,FAQ,Hubli (Amaragol),3300,500,1700,Karnataka,Puna,2021,12,4
2023-02-07,Potato,24,Dharwad,FAQ,Hubli (Amaragol),1600,900,1200,Karnataka,Other,2023,2,1
2023-02-13,Potato,24,Dharwad,FAQ,Hubli (Amaragol),1600,1100,1350,Karnataka,Other,2023,2,0
2023-03-07,Potato,24,Dharwad,FAQ,Hubli (Amaragol),1100,1100,1100,Karnataka,Other,2023,3,1
2023-03-14,Potato,24,Dharwad,FAQ,Hubli (Amaragol),1650,1650,1650,Karnataka,Other,2023,3,1
2023-05-12,Potato,24,Dharwad,FAQ,Hubli (Amaragol),2100,2100,2100,Karnataka,Other,2023,5,4
2023-07-12,Potato,24,Dharwad,FAQ,Hubli (Amaragol),2000,2000,2000,Karnataka,Other,2023,7,2
2023-08-07,Potato,24,Dharwad,FAQ,Hubli (Amaragol),2350,2350,2350,Karnataka,Other,2023,8,0
2023-08-11,Potato,24,Dharwad,FAQ,Hubli (Amaragol),1600,1500,1550,Karnataka,Other,2023,8,4
2023-08-28,Potato,24,Dharwad,FAQ,Hubli (Amaragol),1600,1500,1550,Karnataka,Other,2023,8,0
2023-09-20,Potato,24,Dharwad,FAQ,Hubli (Amaragol),2000,2000,2000,Karnataka,Other,2023,9,2
2023-09-25,Potato,24,Dharwad,FAQ,Hubli (Amaragol),2050,2050,2050,Karnataka,Other,2023,9,0
2023-01-05,Potato,24,Dharwad,FAQ,Hubli (Amaragol),2500,1000,1700,Karnataka,Potato,2023,1,3
2023-01-10,Potato,24,Dharwad,FAQ,Hubli (Amaragol),2200,500,1500,Karnataka,Potato,2023,1,1
2023-01-28,Potato,24,Dharwad,FAQ,Hubli (Amaragol),1300,1000,1150,Karnataka,Potato,2023,1,5
2023-02-03,Potato,24,Dharwad,FAQ,Hubli (Amaragol),1250,500,1000,Karnataka,Potato,2023,2,4
2023-02-08,Potato,24,Dharwad,FAQ,Hubli (Amaragol),1000,1000,1000,Karnataka,Potato,2023,2,2
2023-04-06,Potato,24,Dharwad,FAQ,Hubli (Amaragol),1350,800,1050,Karnataka,Potato,2023,4,3
2023-04-24,Potato,24,Dharwad,FAQ,Hubli (Amaragol),1580,1300,1400,Karnataka,Potato,2023,4,0
2023-04-25,Potato,24,Dharwad,FAQ,Hubli (Amaragol),1500,1500,1500,Karnataka,Potato,2023,4,1
2023-04-26,Potato,24,Dharwad,FAQ,Hubli (Amaragol),1500,1300,1400,Karnataka,Potato,2023,4,2
2023-04-27,Potato,24,Dharwad,FAQ,Hubli (Amaragol),1550,1200,1350,Karnataka,Potato,2023,4,3
2023-05-02,Potato,24,Dharwad,FAQ,Hubli (Amaragol),1550,1300,1400,Karnataka,Potato,2023,5,1
2023-05-03,Potato,24,Dharwad,FAQ,Hubli (Amaragol),1450,1300,1360,Karnataka,Potato,2023,5,2
2023-05-04,Potato,24,Dharwad,FAQ,Hubli (Amaragol),1400,1000,1200,Karnataka,Potato,2023,5,3
2023-05-08,Potato,24,Dharwad,FAQ,Hubli (Amaragol),1500,1400,1450,Karnataka,Potato,2023,5,0
2023-05-11,Potato,24,Dharwad,FAQ,Hubli (Amaragol),1450,1200,1300,Karnataka,Potato,2023,5,3
2023-05-13,Potato,24,Dharwad,FAQ,Hubli (Amaragol),1450,1250,1320,Karnataka,Potato,2023,5,5
2023-05-17,Potato,24,Dharwad,FAQ,Hubli (Amaragol),1400,1300,1350,Karnataka,Potato,2023,5,2
2023-05-23,Potato,24,Dharwad,FAQ,Hubli (Amaragol),1400,1300,1350,Karnataka,Potato,2023,5,1
2023-05-25,Potato,24,Dharwad,FAQ,Hubli (Amaragol),1400,1200,1300,Karnataka,Potato,2023,5,3
2023-05-29,Potato,24,Dharwad,FAQ,Hubli (Amaragol),1400,1300,1350,Karnataka,Potato,2023,5,0
2023-06-02,Potato,24,Dharwad,FAQ,Hubli (Amaragol),1400,1000,1200,Karnataka,Potato,2023,6,4
2023-06-06,Potato,24,Dharwad,FAQ,Hubli (Amaragol),1450,1300,1370,Karnataka,Potato,2023,6,1
2023-06-07,Potato,24,Dharwad,FAQ,Hubli (Amaragol),1400,1000,1200,Karnataka,Potato,2023,6,2
2023-06-12,Potato,24,Dharwad,FAQ,Hubli (Amaragol),1500,1250,1350,Karnataka,Potato,2023,6,0
2023-06-15,Potato,24,Dharwad,FAQ,Hubli (Amaragol),1400,1300,1350,Karnataka,Potato,2023,6,3
2023-06-23,Potato,24,Dharwad,FAQ,Hubli (Amaragol),1400,1200,1300,Karnataka,Potato,2023,6,4
2023-06-27,Potato,24,Dharwad,FAQ,Hubli (Amaragol),1500,1400,1450,Karnataka,Potato,2023,6,1
2023-07-01,Potato,24,Dharwad,FAQ,Hubli (Amaragol),1450,1300,1350,Karnataka,Potato,2023,7,5
2023-07-05,Potato,24,Dharwad,FAQ,Hubli (Amaragol),1600,1300,1450,Karnataka,Potato,2023,7,2
2023-07-10,Potato,24,Dharwad,FAQ,Hubli (Amaragol),1700,1550,1600,Karnataka,Potato,2023,7,0
2023-07-14,Potato,24,Dharwad,FAQ,Hubli (Amaragol),1600,1200,1400,Karnataka,Potato,2023,7,4
2023-07-15,Potato,24,Dharwad,FAQ,Hubli (Amaragol),1650,1400,1500,Karnataka,Potato,2023,7,5
2023-07-19,Potato,24,Dharwad,FAQ,Hubli (Amaragol),1500,1200,1350,Karnataka,Potato,2023,7,2
2023-07-24,Potato,24,Dharwad,FAQ,Hubli (Amaragol),1600,1500,1550,Karnataka,Potato,2023,7,0
2023-08-02,Potato,24,Dharwad,FAQ,Hubli (Amaragol),1700,1300,1450,Karnataka,Potato,2023,8,2
2023-08-12,Potato,24,Dharwad,FAQ,Hubli (Amaragol),1550,1000,1350,Karnataka,Potato,2023,8,5
2023-08-18,Potato,24,Dharwad,FAQ,Hubli (Amaragol),1700,1450,1550,Karnataka,Potato,2023,8,4
2023-08-28,Potato,24,Dharwad,FAQ,Hubli (Amaragol),1600,1400,1500,Karnataka,Potato,2023,8,0
2023-09-04,Potato,24,Dharwad,FAQ,Hubli (Amaragol),1550,1000,1250,Karnataka,Potato,2023,9,0
2023-09-09,Potato,24,Dharwad,FAQ,Hubli (Amaragol),1650,1200,1400,Karnataka,Potato,2023,9,5
2023-09-21,Potato,24,Dharwad,FAQ,Hubli (Amaragol),1600,1300,1450,Karnataka,Potato,2023,9,3
2023-09-27,Potato,24,Dharwad,FAQ,Hubli (Amaragol),1500,1400,1450,Karnataka,Potato,2023,9,2
2023-09-28,Potato,24,Dharwad,FAQ,Hubli (Amaragol),1500,1200,1350,Karnataka,Potato,2023,9,3
2023-10-06,Potato,24,Dharwad,FAQ,Hubli (Amaragol),1700,1400,1550,Karnataka,Potato,2023,10,4
2023-10-10,Potato,24,Dharwad,FAQ,Hubli (Amaragol),1650,1300,1450,Karnataka,Potato,2023,10,1
2023-10-11,Potato,24,Dharwad,FAQ,Hubli (Amaragol),1650,1300,1450,Karnataka,Potato,2023,10,2
2023-10-14,Potato,24,Dharwad,FAQ,Hubli (Amaragol),1600,1300,1450,Karnataka,Potato,2023,10,5
2023-10-18,Potato,24,Dharwad,FAQ,Hubli (Amaragol),1400,1300,1350,Karnataka,Potato,2023,10,2
2023-10-26,Potato,24,Dharwad,FAQ,Hubli (Amaragol),1650,1300,1450,Karnataka,Potato,2023,10,3
2023-10-30,Potato,24,Dharwad,FAQ,Hubli (Amaragol),1600,1200,1400,Karnataka,Potato,2023,10,0
2023-11-08,Potato,24,Dharwad,FAQ,Hubli (Amaragol),1500,1000,1300,Karnataka,Potato,2023,11,2
2023-11-09,Potato,24,Dharwad,FAQ,Hubli (Amaragol),1450,1200,1300,Karnataka,Potato,2023,11,3
2023-11-10,Potato,24,Dharwad,FAQ,Hubli (Amaragol),1500,1200,1350,Karnataka,Potato,2023,11,4
2023-11-16,Potato,24,Dharwad,FAQ,Hubli (Amaragol),1600,1400,1500,Karnataka,Potato,2023,11,3
2023-11-29,Potato,24,Dharwad,FAQ,Hubli (Amaragol),1800,1300,1550,Karnataka,Potato,2023,11,2
2023-12-01,Potato,24,Dharwad,FAQ,Hubli (Amaragol),1450,1000,1250,Karnataka,Potato,2023,12,4
2023-12-04,Potato,24,Dharwad,FAQ,Hubli (Amaragol),1650,1200,1450,Karnataka,Potato,2023,12,0
2023-12-07,Potato,24,Dharwad,FAQ,Hubli (Amaragol),1900,1700,1800,Karnataka,Potato,2023,12,3
2023-12-14,Potato,24,Dharwad,FAQ,Hubli (Amaragol),1700,1100,1500,Karnataka,Potato,2023,12,3
2023-12-15,Potato,24,Dharwad,FAQ,Hubli (Amaragol),1600,1000,1350,Karnataka,Potato,2023,12,4
2023-12-16,Potato,24,Dharwad,FAQ,Hubli (Amaragol),1750,1000,1400,Karnataka,Potato,2023,12,5
2023-12-20,Potato,24,Dharwad,FAQ,Hubli (Amaragol),1700,1000,1400,Karnataka,Potato,2023,12,2
2023-12-27,Potato,24,Dharwad,FAQ,Hubli (Amaragol),1700,1500,1600,Karnataka,Potato,2023,12,2
2023-12-28,Potato,24,Dharwad,FAQ,Hubli (Amaragol),1750,1200,1500,Karnataka,Potato,2023,12,3
2023-01-05,Potato,24,Dharwad,FAQ,Hubli (Amaragol),2200,2100,2150,Karnataka,Other,2023,1,3
2023-01-13,Potato,24,Dharwad,FAQ,Hubli (Amaragol),1650,1400,1500,Karnataka,Other,2023,1,4
2023-01-17,Potato,24,Dharwad,FAQ,Hubli (Amaragol),2000,1600,1800,Karnataka,Other,2023,1,1
2023-01-30,Potato,24,Dharwad,FAQ,Hubli (Amaragol),1800,1100,1500,Karnataka,Other,2023,1,0
2023-02-03,Potato,24,Dharwad,FAQ,Hubli (Amaragol),1800,1200,1400,Karnataka,Other,2023,2,4
2023-06-16,Onion,23,Dharwad,FAQ,Hubli (Amaragol),1500,300,880,Karnataka,Puna,2023,6,4
2023-06-30,Onion,23,Dharwad,FAQ,Hubli (Amaragol),1800,400,1020,Karnataka,Puna,2023,6,4
2023-07-07,Onion,23,Dharwad,FAQ,Hubli (Amaragol),2300,500,1150,Karnataka,Puna,2023,7,4
2023-07-22,Onion,23,Dharwad,FAQ,Hubli (Amaragol),2050,500,1020,Karnataka,Puna,2023,7,5
2023-08-01,Onion,23,Dharwad,FAQ,Hubli (Amaragol),2100,500,1050,Karnataka,Puna,2023,8,1
2023-08-07,Onion,23,Dharwad,FAQ,Hubli (Amaragol),2000,500,1000,Karnataka,Puna,2023,8,0
2023-08-08,Onion,23,Dharwad,FAQ,Hubli (Amaragol),2300,500,1050,Karnataka,Puna,2023,8,1
2023-08-09,Onion,23,Dharwad,FAQ,Hubli (Amaragol),2200,500,1050,Karnataka,Puna,2023,8,2
2023-08-12,Onion,23,Dharwad,FAQ,Hubli (Amaragol),2500,500,1220,Karnataka,Puna,2023,8,5
2023-08-31,Onion,23,Dharwad,FAQ,Hubli (Amaragol),2400,500,1150,Karnataka,Puna,2023,8,3
2023-09-06,Onion,23,Dharwad,FAQ,Hubli (Amaragol),2800,600,1500,Karnataka,Puna,2023,9,2
2023-09-12,Onion,23,Dharwad,FAQ,Hubli (Amaragol),2500,550,1250,Karnataka,Puna,2023,9,1
2023-09-13,Onion,23,Dharwad,FAQ,Hubli (Amaragol),2600,600,1100,Karnataka,Puna,2023,9,2
2023-09-20,Onion,23,Dharwad,FAQ,Hubli (Amaragol),2600,500,1250,Karnataka,Puna,2023,9,2
2023-09-22,Onion,23,Dharwad,FAQ,Hubli (Amaragol),2800,600,1450,Karnataka,Puna,2023,9,4
2023-09-25,Onion,23,Dharwad,FAQ,Hubli (Amaragol),3000,800,1650,Karnataka,Puna,2023,9,0
2023-09-26,Onion,23,Dharwad,FAQ,Hubli (Amaragol),2900,800,1300,Karnataka,Puna,2023,9,1
2023-09-27,Onion,23,Dharwad,FAQ,Hubli (Amaragol),3000,800,1550,Karnataka,Puna,2023,9,2
2023-10-11,Onion,23,Dharwad,FAQ,Hubli (Amaragol),2900,800,1500,Karnataka,Puna,2023,10,2
2023-10-18,Onion,23,Dharwad,FAQ,Hubli (Amaragol),4200,1000,2000,Karnataka,Puna,2023,10,2
2023-10-21,Onion,23,Dharwad,FAQ,Hubli (Amaragol),4000,1000,1800,Karnataka,Puna,2023,10,5
2023-10-26,Onion,23,Dharwad,FAQ,Hubli (Amaragol),6600,1500,2300,Karnataka,Puna,2023,10,3
2023-10-27,Onion,23,Dharwad,FAQ,Hubli (Amaragol),6000,1500,2300,Karnataka,Puna,2023,10,4
2023-11-03,Onion,23,Dharwad,FAQ,Hubli (Amaragol),5100,1000,2000,Karnataka,Puna,2023,11,4
2023-11-08,Onion,23,Dharwad,FAQ,Hubli (Amaragol),4800,1000,2200,Karnataka,Puna,2023,11,2
2023-11-15,Onion,23,Dharwad,FAQ,Hubli (Amaragol),4500,1000,2100,Karnataka,Puna,2023,11,2
2023-11-16,Onion,23,Dharwad,FAQ,Hubli (Amaragol),5200,1000,2300,Karnataka,Puna,2023,11,3
2023-11-23,Onion,23,Dharwad,FAQ,Hubli (Amaragol),4300,1000,1800,Karnataka,Puna,2023,11,3
2023-11-25,Onion,23,Dharwad,FAQ,Hubli (Amaragol),4000,500,2000,Karnataka,Puna,2023,11,5
2023-11-29,Onion,23,Dharwad,FAQ,Hubli (Amaragol),4700,2000,3000,Karnataka,Puna,2023,11,2
2023-12-04,Onion,23,Dharwad,FAQ,Hubli (Amaragol),4300,1000,2100,Karnataka,Puna,2023,12,0
2023-12-20,Onion,23,Dharwad,FAQ,Hubli (Amaragol),2600,500,1350,Karnataka,Puna,2023,12,2
2023-12-23,Onion,23,Dharwad,FAQ,Hubli (Amaragol),2800,500,1400,Karnataka,Puna,2023,12,5
2023-12-26,Onion,23,Dharwad,FAQ,Hubli (Amaragol),3000,600,1400,Karnataka,Puna,2023,12,1
2023-01-04,Onion,23,Dharwad,FAQ,Hubli (Amaragol),2200,200,930,Karnataka,Telagi,2023,1,2
2023-01-07,Onion,23,Dharwad,FAQ,Hubli (Amaragol),2500,600,1220,Karnataka,Telagi,2023,1,5
2023-01-11,Onion,23,Dharwad,FAQ,Hubli (Amaragol),1900,300,980,Karnataka,Telagi,2023,1,2
2023-01-12,Onion,23,Dharwad,FAQ,Hubli (Amaragol),1800,200,900,Karnataka,Telagi,2023,1,3
2023-01-28,Onion,23,Dharwad,FAQ,Hubli (Amaragol),1550,300,830,Karnataka,Telagi,2023,1,5
2023-01-30,Onion,23,Dharwad,FAQ,Hubli (Amaragol),1450,400,870,Karnataka,Telagi,2023,1,0
2023-01-31,Onion,23,Dharwad,FAQ,Hubli (Amaragol),1500,300,820,Karnataka,Telagi,2023,1,1
2023-02-02,Onion,23,Dharwad,FAQ,Hubli (Amaragol),1300,250,750,Karnataka,Telagi,2023,2,3
2023-02-13,Onion,23,Dharwad,FAQ,Hubli (Amaragol),1500,300,800,Karnataka,Telagi,2023,2,0
2023-02-16,Onion,23,Dharwad,FAQ,Hubli (Amaragol),1000,300,530,Karnataka,Telagi,2023,2,3
2023-02-21,Onion,23,Dharwad,FAQ,Hubli (Amaragol),900,200,500,Karnataka,Telagi,2023,2,1
2023-02-24,Onion,23,Dharwad,FAQ,Hubli (Amaragol),800,200,500,Karnataka,Telagi,2023,2,4
2023-03-07,Onion,23,Dharwad,FAQ,Hubli (Amaragol),1100,220,580,Karnataka,Telagi,2023,3,1
2023-03-10,Onion,23,Dharwad,FAQ,Hubli (Amaragol),1300,200,850,Karnataka,Telagi,2023,3,4
2023-03-27,Onion,23,Dharwad,FAQ,Hubli (Amaragol),1050,200,550,Karnataka,Telagi,2023,3,0
2023-03-28,Onion,23,Dharwad,FAQ,Hubli (Amaragol),900,200,520,Karnataka,Telagi,2023,3,1
2023-04-06,Onion,23,Dharwad,FAQ,Hubli (Amaragol),900,200,500,Karnataka,Telagi,2023,4,3
2023-05-11,Onion,23,Dharwad,FAQ,Hubli (Amaragol),850,250,530,Karnataka,Telagi,2023,5,3
2023-06-01,Onion,23,Dharwad,FAQ,Hubli (Amaragol),1150,200,560,Karnataka,Telagi,2023,6,3
2023-06-13,Onion,23,Dharwad,FAQ,Hubli (Amaragol),1400,300,730,Karnataka,Telagi,2023,6,1
2023-06-14,Onion,23,Dharwad,FAQ,Hubli (Amaragol),1350,200,730,Karnataka,Telagi,2023,6,2
2023-06-24,Onion,23,Dharwad,FAQ,Hubli (Amaragol),1500,200,720,Karnataka,Telagi,2023,6,5
2023-07-04,Onion,23,Dharwad,FAQ,Hubli (Amaragol),1500,300,740,Karnataka,Telagi,2023,7,1
2023-07-05,Onion,23,Dharwad,FAQ,Hubli (Amaragol),1610,500,830,Karnataka,Telagi,2023,7,2
2023-07-11,Onion,23,Dharwad,FAQ,Hubli (Amaragol),1500,300,700,Karnataka,Telagi,2023,7,1
2023-07-22,Onion,23,Dharwad,FAQ,Hubli (Amaragol),1550,400,860,Karnataka,Telagi,2023,7,5
2023-07-27,Onion,23,Dharwad,FAQ,Hubli (Amaragol),1450,200,720,Karnataka,Telagi,2023,7,3
2023-08-09,Onion,23,Dharwad,FAQ,Hubli (Amaragol),2050,400,1020,Karnataka,Telagi,2023,8,2
2023-08-12,Onion,23,Dharwad,FAQ,Hubli (Amaragol),2200,300,1080,Karnataka,Telagi,2023,8,5
2023-08-21,Onion,23,Dharwad,FAQ,Hubli (Amaragol),2500,600,1230,Karnataka,Telagi,2023,8,0
2023-09-02,Onion,23,Dharwad,FAQ,Hubli (Amaragol),2200,400,1060,Karnataka,Telagi,2023,9,5
2023-09-30,Onion,23,Dharwad,FAQ,Hubli (Amaragol),2550,500,1200,Karnataka,Telagi,2023,9,5
2023-10-06,Onion,23,Dharwad,FAQ,Hubli (Amaragol),2300,500,1250,Karnataka,Telagi,2023,10,4
2023-10-11,Onion,23,Dharwad,FAQ,Hubli (Amaragol),2500,500,1250,Karnataka,Telagi,2023,10,2
2023-10-17,Onion,23,Dharwad,FAQ,Hubli (Amaragol),3500,1000,1600,Karnataka,Telagi,2023,10,1
2023-11-17,Onion,23,Dharwad,FAQ,Hubli (Amaragol),4100,600,1800,Karnataka,Telagi,2023,11,4
2023-11-21,Onion,23,Dharwad,FAQ,Hubli (Amaragol),4500,1000,2000,Karnataka,Telagi,2023,11,1
2023-12-04,Onion,23,Dharwad,FAQ,Hubli (Amaragol),4000,1000,2000,Karnataka,Telagi,2023,12,0
2023-12-11,Onion,23,Dharwad,FAQ,Hubli (Amaragol),3700,500,1800,Karnataka,Telagi,2023,12,0
2023-12-20,Onion,23,Dharwad,FAQ,Hubli (Amaragol),2850,500,1350,Karnataka,Telagi,2023,12,2
2023-12-21,Onion,23,Dharwad,FAQ,Hubli (Amaragol),2400,500,1200,Karnataka,Telagi,2023,12,3
2023-12-28,Onion,23,Dharwad,FAQ,Hubli (Amaragol),2000,500,1000,Karnataka,Telagi,2023,12,3
2023-01-10,Onion,23,Dharwad,FAQ,Hubli (Amaragol),1800,250,950,Karnataka,Local,2023,1,1
2023-01-17,Onion,23,Dharwad,FAQ,Hubli (Amaragol),1500,200,800,Karnataka,Local,2023,1,1
2023-01-21,Onion,23,Dharwad,FAQ,Hubli (Amaragol),1800,200,900,Karnataka,Local,2023,1,5
2023-02-02,Onion,23,Dharwad,FAQ,Hubli (Amaragol),1100,200,550,Karnataka,Local,2023,2,3
2023-02-04,Onion,23,Dharwad,FAQ,Hubli (Amaragol),1300,200,680,Karnataka,Local,2023,2,5
2023-02-14,Onion,23,Dharwad,FAQ,Hubli (Amaragol),1100,200,550,Karnataka,Local,2023,2,1
2023-02-28,Onion,23,Dharwad,Medium,Hubli (Amaragol),650,150,410,Karnataka,Local,2023,2,1
2023-09-14,Onion,23,Dharwad,FAQ,Hubli (Amaragol),2200,1100,1400,Karnataka,Local,2023,9,3
2023-10-07,Onion,23,Dharwad,FAQ,Hubli (Amaragol),2700,300,1300,Karnataka,Local,2023,10,5
2023-10-17,Onion,23,Dharwad,FAQ,Hubli (Amaragol),3800,800,1650,Karnataka,Local,2023,10,1
2023-10-26,Onion,23,Dharwad,FAQ,Hubli (Amaragol),6000,800,1850,Karnataka,Local,2023,10,3
2023-11-02,Onion,23,Dharwad,FAQ,Hubli (Amaragol),5500,500,2200,Karnataka,Local,2023,11,3
2023-11-04,Onion,23,Dharwad,FAQ,Hubli (Amaragol),5000,800,2400,Karnataka,Local,2023,11,5
2023-11-08,Onion,23,Dharwad,FAQ,Hubli (Amaragol),4500,800,1700,Karnataka,Local,2023,11,2
2023-11-15,Onion,23,Dharwad,FAQ,Hubli (Amaragol),5000,500,2200,Karnataka,Local,2023,11,2
2023-11-21,Onion,23,Dharwad,FAQ,Hubli (Amaragol),4500,1000,2050,Karnataka,Local,2023,11,1
2023-11-25,Onion,23,Dharwad,FAQ,Hubli (Amaragol),3500,500,1600,Karnataka,Local,2023,11,5
2023-11-29,Onion,23,Dharwad,FAQ,Hubli (Amaragol),4500,500,2000,Karnataka,Local,2023,11,2
2023-12-27,Onion,23,Dharwad,FAQ,Hubli (Amaragol),2500,500,1200,Karnataka,Local,2023,12,2
2023-12-28,Onion,23,Dharwad,FAQ,Hubli (Amaragol),2400,300,1200,Karnataka,Local,2023,12,3
2023-12-29,Onion,23,Dharwad,FAQ,Hubli (Amaragol),2400,400,1180,Karnataka,Local,2023,12,4
2023-01-04,Onion,23,Dharwad,FAQ,Hubli (Amaragol),2500,500,1150,Karnataka,Other,2023,1,2
2023-05-12,Onion,23,Dharwad,FAQ,Hubli (Amaragol),1550,1300,1400,Karnataka,Other,2023,5,4
2023-09-16,Onion,23,Dharwad,FAQ,Hubli (Amaragol),1800,1500,1650,Karnataka,Other,2023,9,5
2023-09-25,Onion,23,Dharwad,FAQ,Hubli (Amaragol),1950,1500,1700,Karnataka,Other,2023,9,0
2023-01-02,Onion,23,Dharwad,FAQ,Hubli (Amaragol),2400,500,1130,Karnataka,Puna,2023,1,0
2023-01-13,Onion,23,Dharwad,FAQ,Hubli (Amaragol),2100,500,1050,Karnataka,Puna,2023,1,4
2023-01-17,Onion,23,Dharwad,FAQ,Hubli (Amaragol),2100,500,1200,Karnataka,Puna,2023,1,1
2023-01-18,Onion,23,Dharwad,FAQ,Hubli (Amaragol),2200,500,1100,Karnataka,Puna,2023,1,2
2023-02-03,Onion,23,Dharwad,FAQ,Hubli (Amaragol),1600,500,850,Karnataka,Puna,2023,2,4
2023-02-09,Onion,23,Dharwad,FAQ,Hubli (Amaragol),1600,500,900,Karnataka,Puna,2023,2,3
2023-02-17,Onion,23,Dharwad,FAQ,Hubli (Amaragol),1450,500,930,Karnataka,Puna,2023,2,4
2023-02-20,Onion,23,Dharwad,FAQ,Hubli (Amaragol),1500,500,900,Karnataka,Puna,2023,2,0
2023-02-21,Onion,23,Dharwad,FAQ,Hubli (Amaragol),1300,500,850,Karnataka,Puna,2023,2,1
2023-02-27,Onion,23,Dharwad,FAQ,Hubli (Amaragol),1400,300,850,Karnataka,Puna,2023,2,0
2023-03-04,Onion,23,Dharwad,FAQ,Hubli (Amaragol),1400,300,800,Karnataka,Puna,2023,3,5
2023-03-15,Onion,23,Dharwad,FAQ,Hubli (Amaragol),1430,300,700,Karnataka,Puna,2023,3,2
2023-03-18,Onion,23,Dharwad,Medium,Hubli (Amaragol),1200,250,450,Karnataka,Puna,2023,3,5
2023-03-30,Onion,23,Dharwad,FAQ,Hubli (Amaragol),1200,300,620,Karnataka,Puna,2023,3,3
2023-04-05,Onion,23,Dharwad,FAQ,Hubli (Amaragol),1150,300,620,Karnataka,Puna,2023,4,2
2023-04-06,Onion,23,Dharwad,FAQ,Hubli (Amaragol),1130,300,600,Karnataka,Puna,2023,4,3
2023-04-08,Onion,23,Dharwad,FAQ,Hubli (Amaragol),1200,200,650,Karnataka,Puna,2023,4,5
2023-04-17,Onion,23,Dharwad,FAQ,Hubli (Amaragol),1110,200,620,Karnataka,Puna,2023,4,0
2023-04-18,Onion,23,Dharwad,FAQ,Hubli (Amaragol),1100,250,630,Karnataka,Puna,2023,4,1
2023-05-09,Onion,23,Dharwad,FAQ,Hubli (Amaragol),1100,300,630,Karnataka,Puna,2023,5,1
2023-05-11,Onion,23,Dharwad,FAQ,Hubli (Amaragol),1200,300,670,Karnataka,Puna,2023,5,3
2023-05-23,Onion,23,Dharwad,FAQ,Hubli (Amaragol),1200,300,730,Karnataka,Puna,2023,5,1
2023-05-25,Onion,23,Dharwad,FAQ,Hubli (Amaragol),1200,300,680,Karnataka,Puna,2023,5,3
2023-05-31,Onion,23,Dharwad,FAQ,Hubli (Amaragol),1400,300,820,Karnataka,Puna,2023,5,2
2023-06-03,Onion,23,Dharwad,FAQ,Hubli (Amaragol),1400,300,790,Karnataka,Puna,2023,6,5
2023-06-13,Onion,23,Dharwad,FAQ,Hubli (Amaragol),1600,350,850,Karnataka,Puna,2023,6,1
2021-12-31,Maize,4,Dharwad,FAQ,Dharwar,1700,1700,1700,Karnataka,Local,2021,12,4
