Arrival_Date,State,District,Market,Commodity,Variety,Min_Price,Max_Price,Modal_Price,Predicted_Price,Prediction_Error,Anomaly,Risk_Level,Volatility_Score,Year,Month,Season
2026-04-01,Karnataka,Bengaluru,"Binny Mill (F&V), Bengaluru APMC",Banana,Nauti Bale,700,1600,1150,1221.8217827301462,-71.8217827301462,0,Medium,0.363926649946666,2026,4,Summer
2026-04-01,Karnataka,Bengaluru,"Binny Mill (F&V), Bengaluru APMC",Banana,Nendra Bale,1000,2000,1500,1351.8965920857831,148.10340791421686,0,Medium,0.363926649946666,2026,4,Summer
2026-04-01,Karnataka,Bengaluru,"Binny Mill (F&V), Bengaluru APMC",Banana,Elakki Bale,1000,3800,2400,1622.0870836924576,777.9129163075424,0,Medium,0.363926649946666,2026,4,Summer
2026-04-02,Karnataka,Bengaluru,"Binny Mill (F&V), Bengaluru APMC",Banana,Pachha Bale,600,1800,1200,1424.6098188914366,-224.6098188914366,0,Medium,0.363926649946666,2026,4,Summer
2026-04-02,Karnataka,Bengaluru,"Binny Mill (F&V), Bengaluru APMC",Banana,Elakki Bale,1000,3800,2400,1760.1095056368135,639.8904943631865,0,Medium,0.363926649946666,2026,4,Summer
2026-04-02,Karnataka,Bengaluru,"Binny Mill (F&V), Bengaluru APMC",Banana,Nendra Bale,1000,2000,1500,1574.180493525301,-74.18049352530102,0,Medium,0.363926649946666,2026,4,Summer
2026-04-04,Karnataka,Bengaluru,"Binny Mill (F&V), Bengaluru APMC",Banana,Nauti Bale,700,1600,1150,1702.6315112634386,-552.6315112634386,0,Medium,0.363926649946666,2026,4,Summer
2026-04-04,Karnataka,Bengaluru,"Binny Mill (F&V), Bengaluru APMC",Banana,Pachha Bale,600,1800,1200,1758.2720635828914,-558.2720635828914,0,Medium,0.363926649946666,2026,4,Summer
2026-04-04,Karnataka,Bengaluru,"Binny Mill (F&V), Bengaluru APMC",Banana,Elakki Bale,1000,4000,2500,1914.061496507558,585.9385034924419,0,Medium,0.363926649946666,2026,4,Summer
2026-04-04,Karnataka,Bengaluru,"Binny Mill (F&V), Bengaluru APMC",Banana,Nendra Bale,1000,2000,1500,1591.2702877108743,-91.2702877108743,0,Medium,0.363926649946666,2026,4,Summer
2026-04-06,Karnataka,Bengaluru,"Binny Mill (F&V), Bengaluru APMC",Banana,Nendra Bale,1000,2100,1550,1747.9027043424837,-197.90270434248373,0,Medium,0.363926649946666,2026,4,Summer
2026-04-06,Karnataka,Bengaluru,"Binny Mill (F&V), Bengaluru APMC",Banana,Elakki Bale,1000,3900,2450,1749.244158025659,700.7558419743409,0,Medium,0.363926649946666,2026,4,Summer
2026-04-06,Karnataka,Bengaluru,"Binny Mill (F&V), Bengaluru APMC",Banana,Pachha Bale,600,1900,1250,1586.4269810304836,-336.4269810304836,0,Medium,0.363926649946666,2026,4,Summer
2026-04-07,Karnataka,Bengaluru,"Binny Mill (F&V), Bengaluru APMC",Banana,Pachha Bale,600,1800,1200,1764.6565613616383,-564.6565613616383,0,Medium,0.363926649946666,2026,4,Summer
2026-04-07,Karnataka,Bengaluru,"Binny Mill (F&V), Bengaluru APMC",Banana,Nendra Bale,1000,2200,1600,1836.4746767928532,-236.4746767928532,0,Medium,0.363926649946666,2026,4,Summer
2026-04-07,Karnataka,Bengaluru,"Binny Mill (F&V), Bengaluru APMC",Banana,Elakki Bale,1000,4100,2550,1790.3044191692861,759.6955808307139,0,Medium,0.363926649946666,2026,4,Summer
2026-04-08,Karnataka,Bengaluru,"Binny Mill (F&V), Bengaluru APMC",Banana,Nendra Bale,1000,2100,1550,1676.676344330447,-126.67634433044691,0,Medium,0.363926649946666,2026,4,Summer
2026-04-08,Karnataka,Bengaluru,"Binny Mill (F&V), Bengaluru APMC",Banana,Nauti Bale,700,1700,1200,1755.5222038321713,-555.5222038321713,0,Medium,0.363926649946666,2026,4,Summer
2026-04-08,Karnataka,Bengaluru,"Binny Mill (F&V), Bengaluru APMC",Banana,Elakki Bale,1000,4200,2600,1827.4204381770444,772.5795618229556,0,Medium,0.363926649946666,2026,4,Summer
2026-04-08,Karnataka,Bengaluru,"Binny Mill (F&V), Bengaluru APMC",Banana,Pachha Bale,600,1900,1250,1637.3735929500717,-387.3735929500717,0,Medium,0.363926649946666,2026,4,Summer
2026-04-09,Karnataka,Bengaluru,"Binny Mill (F&V), Bengaluru APMC",Banana,Pachha Bale,600,1800,1200,1827.8364942571206,-627.8364942571206,0,Medium,0.363926649946666,2026,4,Summer
2026-04-09,Karnataka,Bengaluru,"Binny Mill (F&V), Bengaluru APMC",Banana,Nendra Bale,1000,2200,1600,1834.6238815866554,-234.62388158665544,0,Medium,0.363926649946666,2026,4,Summer
2026-04-09,Karnataka,Bengaluru,"Binny Mill (F&V), Bengaluru APMC",Banana,Nauti Bale,700,1800,1250,1568.9749166199163,-318.97491661991626,0,Medium,0.363926649946666,2026,4,Summer
2026-04-09,Karnataka,Bengaluru,"Binny Mill (F&V), Bengaluru APMC",Banana,Elakki Bale,1000,4100,2500,1770.9346071681505,729.0653928318495,0,Medium,0.363926649946666,2026,4,Summer
2026-04-10,Karnataka,Bengaluru,"Binny Mill (F&V), Bengaluru APMC",Banana,Nendra Bale,1000,2100,1550,1665.3552544283637,-115.35525442836365,0,Medium,0.363926649946666,2026,4,Summer
2026-04-10,Karnataka,Bengaluru,"Binny Mill (F&V), Bengaluru APMC",Banana,Pachha Bale,600,1900,1250,1574.8369063463522,-324.8369063463522,0,Medium,0.363926649946666,2026,4,Summer
2026-04-10,Karnataka,Bengaluru,"Binny Mill (F&V), Bengaluru APMC",Banana,Elakki Bale,1000,4000,2500,1818.7822556413118,681.2177443586882,0,Medium,0.363926649946666,2026,4,Summer
2026-04-13,Karnataka,Bengaluru,"Binny Mill (F&V), Bengaluru APMC",Banana,Nendra Bale,1000,2200,1600,1685.3145268661794,-85.31452686617945,0,Medium,0.363926649946666,2026,4,Summer
2026-04-13,Karnataka,Bengaluru,"Binny Mill (F&V), Bengaluru APMC",Banana,Pachha Bale,600,1800,1200,1742.4567706961243,-542.4567706961243,0,Medium,0.363926649946666,2026,4,Summer
2026-04-13,Karnataka,Bengaluru,"Binny Mill (F&V), Bengaluru APMC",Banana,Elakki Bale,1000,4100,2550,2008.1057356628637,541.8942643371363,0,Medium,0.363926649946666,2026,4,Summer
2026-04-15,Karnataka,Bengaluru,"Binny Mill (F&V), Bengaluru APMC",Banana,Pachha Bale,600,1900,1250,1636.0321392668966,-386.0321392668966,0,Medium,0.363926649946666,2026,4,Summer
2026-04-15,Karnataka,Bengaluru,"Binny Mill (F&V), Bengaluru APMC",Banana,Elakki Bale,1000,4200,2600,1983.2098711017104,616.7901288982896,0,Medium,0.363926649946666,2026,4,Summer
2026-04-15,Karnataka,Bengaluru,"Binny Mill (F&V), Bengaluru APMC",Banana,Nendra Bale,1000,2000,1500,1840.5946182678226,-340.5946182678226,0,Medium,0.363926649946666,2026,4,Summer
2026-04-16,Karnataka,Bengaluru,"Binny Mill (F&V), Bengaluru APMC",Banana,Nauti Bale,700,2100,1400,1818.2860806475776,-418.2860806475776,0,Medium,0.363926649946666,2026,4,Summer
2026-04-16,Karnataka,Bengaluru,"Binny Mill (F&V), Bengaluru APMC",Banana,Elakki Bale,1000,4300,2650,2002.5665165735581,647.4334834264419,0,Medium,0.363926649946666,2026,4,Summer
2026-04-16,Karnataka,Bengaluru,"Binny Mill (F&V), Bengaluru APMC",Banana,Nendra Bale,1000,2000,1500,1881.65487941145,-381.6548794114501,0,Medium,0.363926649946666,2026,4,Summer
2026-04-16,Karnataka,Bengaluru,"Binny Mill (F&V), Bengaluru APMC",Banana,Pachha Bale,600,2000,1300,1834.5437626729972,-534.5437626729972,0,Medium,0.363926649946666,2026,4,Summer
2026-04-17,Karnataka,Bengaluru,"Binny Mill (F&V), Bengaluru APMC",Banana,Elakki Bale,1000,4400,2700,2104.6331447693383,595.3668552306617,0,Medium,0.363926649946666,2026,4,Summer
2026-04-17,Karnataka,Bengaluru,"Binny Mill (F&V), Bengaluru APMC",Banana,Nauti Bale,700,2000,1350,1711.3652742246147,-361.3652742246147,0,Medium,0.363926649946666,2026,4,Summer
2026-04-17,Karnataka,Bengaluru,"Binny Mill (F&V), Bengaluru APMC",Banana,Pachha Bale,600,2100,1350,1870.2382090839228,-520.2382090839228,0,Medium,0.363926649946666,2026,4,Summer
2026-04-17,Karnataka,Bengaluru,"Binny Mill (F&V), Bengaluru APMC",Banana,Nendra Bale,1000,1900,1450,1878.3670500966327,-428.36705009663274,0,Medium,0.363926649946666,2026,4,Summer
2026-04-18,Karnataka,Bengaluru,"Binny Mill (F&V), Bengaluru APMC",Banana,Nauti Bale,700,2100,1400,1668.7746935294235,-268.77469352942353,0,Medium,0.363926649946666,2026,4,Summer
2026-04-18,Karnataka,Bengaluru,"Binny Mill (F&V), Bengaluru APMC",Banana,Elakki Bale,1000,4500,2700,1870.654265163999,829.3457348360009,0,Medium,0.363926649946666,2026,4,Summer
2026-04-18,Karnataka,Bengaluru,"Binny Mill (F&V), Bengaluru APMC",Banana,Pachha Bale,600,2000,1300,1694.182194596096,-394.182194596096,0,Medium,0.363926649946666,2026,4,Summer
2026-04-18,Karnataka,Bengaluru,"Binny Mill (F&V), Bengaluru APMC",Banana,Nendra Bale,1000,2000,1500,1689.1368555180277,-189.1368555180277,0,Medium,0.363926649946666,2026,4,Summer
2026-04-21,Karnataka,Bengaluru,"Binny Mill (F&V), Bengaluru APMC",Banana,Elakki Bale,1000,4500,2750,1860.7810809173257,889.2189190826743,0,Medium,0.363926649946666,2026,4,Summer
2026-04-21,Karnataka,Bengaluru,"Binny Mill (F&V), Bengaluru APMC",Banana,Pachha Bale,600,2000,1300,1682.9675566662465,-382.96755666624654,0,Medium,0.363926649946666,2026,4,Summer
2026-04-21,Karnataka,Bengaluru,"Binny Mill (F&V), Bengaluru APMC",Banana,Nauti Bale,700,2100,1400,1871.672948210044,-471.67294821004407,0,Medium,0.363926649946666,2026,4,Summer
2026-04-21,Karnataka,Bengaluru,"Binny Mill (F&V), Bengaluru APMC",Banana,Nendra Bale,1000,2000,1500,1874.3558555763952,-374.35585557639524,0,Medium,0.363926649946666,2026,4,Summer
2026-04-22,Karnataka,Bengaluru,"Binny Mill (F&V), Bengaluru APMC",Banana,Pachha Bale,600,2000,1300,1640.3769759710556,-340.3769759710556,0,Medium,0.363926649946666,2026,4,Summer
2026-04-22,Karnataka,Bengaluru,"Binny Mill (F&V), Bengaluru APMC",Banana,Nendra Bale,1000,2000,1500,1700.0418893400342,-200.04188934003423,0,Medium,0.363926649946666,2026,4,Summer
2026-04-22,Karnataka,Bengaluru,"Binny Mill (F&V), Bengaluru APMC",Banana,Elakki Bale,1000,4500,2750,1876.1133653396466,873.8866346603534,0,Medium,0.363926649946666,2026,4,Summer
2026-04-23,Karnataka,Bengaluru,"Binny Mill (F&V), Bengaluru APMC",Banana,Elakki Bale,1000,4400,2700,1705.5032844981795,994.4967155018205,0,Medium,0.363926649946666,2026,4,Summer
2026-04-23,Karnataka,Bengaluru,"Binny Mill (F&V), Bengaluru APMC",Banana,Pachha Bale,600,1900,1250,1704.1618308150037,-454.16183081500367,0,Medium,0.363926649946666,2026,4,Summer
2026-04-23,Karnataka,Bengaluru,"Binny Mill (F&V), Bengaluru APMC",Banana,Nendra Bale,1000,2100,1550,1925.3825864096414,-375.38258640964136,0,Medium,0.363926649946666,2026,4,Summer
2026-04-24,Karnataka,Bengaluru,"Binny Mill (F&V), Bengaluru APMC",Banana,Elakki Bale,1000,4500,2750,2095.082731159796,654.9172688402041,0,Medium,0.363926649946666,2026,4,Summer
2026-04-24,Karnataka,Bengaluru,"Binny Mill (F&V), Bengaluru APMC",Banana,Nendra Bale,1000,2000,1500,1964.7007993018017,-464.7007993018017,0,Medium,0.363926649946666,2026,4,Summer
2026-04-24,Karnataka,Bengaluru,"Binny Mill (F&V), Bengaluru APMC",Banana,Pachha Bale,600,1900,1250,2093.74127747662,-843.7412774766199,0,Medium,0.363926649946666,2026,4,Summer
2026-04-27,Karnataka,Bengaluru,"Binny Mill (F&V), Bengaluru APMC",Banana,Nendra Bale,1000,2600,1800,1944.4164612443585,-144.41646124435852,0,Medium,0.363926649946666,2026,4,Summer
2026-04-27,Karnataka,Bengaluru,"Binny Mill (F&V), Bengaluru APMC",Banana,Pachha Bale,600,1800,1200,1625.8899702381748,-425.8899702381748,0,Medium,0.363926649946666,2026,4,Summer
2026-04-27,Karnataka,Bengaluru,"Binny Mill (F&V), Bengaluru APMC",Banana,Elakki Bale,1000,4600,2800,1959.3326895866028,840.6673104133972,0,Medium,0.363926649946666,2026,4,Summer
2026-04-28,Karnataka,Bengaluru,"Binny Mill (F&V), Bengaluru APMC",Banana,Nendra Bale,1000,2500,1750,1781.8551025019433,-31.855102501943293,0,Medium,0.363926649946666,2026,4,Summer
2026-04-28,Karnataka,Bengaluru,"Binny Mill (F&V), Bengaluru APMC",Banana,Pachha Bale,600,1900,1250,1680.525006040871,-430.52500604087095,0,Medium,0.363926649946666,2026,4,Summer
2026-04-28,Karnataka,Bengaluru,"Binny Mill (F&V), Bengaluru APMC",Banana,Elakki Bale,1000,4400,2700,1943.4910636412599,756.5089363587401,0,Medium,0.363926649946666,2026,4,Summer
2026-04-29,Karnataka,Bengaluru,"Binny Mill (F&V), Bengaluru APMC",Banana,Elakki Bale,1000,4500,2750,1997.7255048756645,752.2744951243355,0,Medium,0.363926649946666,2026,4,Summer
2026-04-29,Karnataka,Bengaluru,"Binny Mill (F&V), Bengaluru APMC",Banana,Nendra Bale,1000,2600,1800,1990.9381175461297,-190.93811754612966,0,Medium,0.363926649946666,2026,4,Summer
2026-04-29,Karnataka,Bengaluru,"Binny Mill (F&V), Bengaluru APMC",Banana,Pachha Bale,600,2000,1300,2136.15615883271,-836.1561588327099,0,Medium,0.363926649946666,2026,4,Summer
2026-04-30,Karnataka,Bengaluru,"Binny Mill (F&V), Bengaluru APMC",Banana,Nauti Bale,700,2100,1400,1983.625927181787,-583.6259271817869,0,Medium,0.363926649946666,2026,4,Summer
2026-04-30,Karnataka,Bengaluru,"Binny Mill (F&V), Bengaluru APMC",Banana,Pachha Bale,600,1900,1250,1888.7627423956174,-638.7627423956174,0,Medium,0.363926649946666,2026,4,Summer
2026-04-30,Karnataka,Bengaluru,"Binny Mill (F&V), Bengaluru APMC",Banana,Nendra Bale,1000,2500,1750,1990.4133145113217,-240.4133145113217,0,Medium,0.363926649946666,2026,4,Summer
2026-04-30,Karnataka,Bengaluru,"Binny Mill (F&V), Bengaluru APMC",Banana,Elakki Bale,1000,4400,2700,1922.5394412159744,777.4605587840256,0,Medium,0.363926649946666,2026,4,Summer
2026-05-02,Karnataka,Bengaluru,"Binny Mill (F&V), Bengaluru APMC",Banana,Pachha Bale,600,1800,1200,1546.086974744581,-346.0869747445811,0,Medium,0.363926649946666,2026,5,Summer
2026-05-02,Karnataka,Bengaluru,"Binny Mill (F&V), Bengaluru APMC",Banana,Nauti Bale,700,2000,1350,1676.5490255162322,-326.5490255162322,0,Medium,0.363926649946666,2026,5,Summer
2026-05-04,Karnataka,Bengaluru,"Binny Mill (F&V), Bengaluru APMC",Banana,Nauti Bale,1000,2300,1650,1677.071533568543,-27.071533568542918,0,Medium,0.363926649946666,2026,5,Summer
2026-05-04,Karnataka,Bengaluru,"Binny Mill (F&V), Bengaluru APMC",Banana,Pachha Bale,600,1700,1150,1595.7030045277847,-445.70300452778474,0,Medium,0.363926649946666,2026,5,Summer
2026-05-04,Karnataka,Bengaluru,"Binny Mill (F&V), Bengaluru APMC",Banana,Elakki Bale,700,1900,1300,1671.7057188358417,-371.7057188358417,0,Medium,0.363926649946666,2026,5,Summer
2026-05-04,Karnataka,Bengaluru,"Binny Mill (F&V), Bengaluru APMC",Banana,Nendra Bale,1000,2300,1650,1635.085874821817,14.914125178182985,0,Medium,0.363926649946666,2026,5,Summer
2026-05-05,Karnataka,Bengaluru,"Binny Mill (F&V), Bengaluru APMC",Banana,Nauti Bale,700,2100,1400,1383.4277405942241,16.572259405775867,0,Medium,0.363926649946666,2026,5,Summer
2026-05-05,Karnataka,Bengaluru,"Binny Mill (F&V), Bengaluru APMC",Banana,Elakki Bale,1000,4700,2850,1685.616430661329,1164.383569338671,0,Medium,0.363926649946666,2026,5,Summer
2026-05-05,Karnataka,Bengaluru,"Binny Mill (F&V), Bengaluru APMC",Banana,Nendra Bale,1000,2200,1600,1529.4264031683724,70.57359683162758,0,Medium,0.363926649946666,2026,5,Summer
2026-05-05,Karnataka,Bengaluru,"Binny Mill (F&V), Bengaluru APMC",Banana,Pachha Bale,600,1700,1150,1617.8226762796403,-467.8226762796403,0,Medium,0.363926649946666,2026,5,Summer
2026-05-06,Karnataka,Bengaluru,"Binny Mill (F&V), Bengaluru APMC",Banana,Nauti Bale,700,2000,1350,1718.627969705904,-368.627969705904,0,Medium,0.363926649946666,2026,5,Summer
2026-05-06,Karnataka,Bengaluru,"Binny Mill (F&V), Bengaluru APMC",Banana,Pachha Bale,600,1800,1200,1675.2207383623452,-475.2207383623452,0,Medium,0.363926649946666,2026,5,Summer
2026-05-06,Karnataka,Bengaluru,"Binny Mill (F&V), Bengaluru APMC",Banana,Nendra Bale,1000,2100,1550,1679.3252183255292,-129.32521832552925,0,Medium,0.363926649946666,2026,5,Summer
2026-05-07,Karnataka,Bengaluru,"Binny Mill (F&V), Bengaluru APMC",Banana,Pachha Bale,600,1700,1150,1598.3727453648469,-448.3727453648469,0,Medium,0.363926649946666,2026,5,Summer
2026-05-07,Karnataka,Bengaluru,"Binny Mill (F&V), Bengaluru APMC",Banana,Elakki Bale,1000,4500,2750,1636.4141619757047,1113.5858380242953,0,Medium,0.363926649946666,2026,5,Summer
2026-05-07,Karnataka,Bengaluru,"Binny Mill (F&V), Bengaluru APMC",Banana,Nendra Bale,1000,2000,1500,1402.9600854051728,97.03991459482722,0,Medium,0.363926649946666,2026,5,Summer
2026-05-08,Karnataka,Bengaluru,"Binny Mill (F&V), Bengaluru APMC",Banana,Pachha Bale,600,1900,1250,1596.1058940785726,-346.10589407857265,0,Medium,0.363926649946666,2026,5,Summer
2026-05-08,Karnataka,Bengaluru,"Binny Mill (F&V), Bengaluru APMC",Banana,Elakki Bale,1000,4400,2700,1849.5215380694178,850.4784619305822,0,Medium,0.363926649946666,2026,5,Summer
2026-05-08,Karnataka,Bengaluru,"Binny Mill (F&V), Bengaluru APMC",Banana,Nendra Bale,1000,2000,1500,1701.4603515891702,-201.46035158917016,0,Medium,0.363926649946666,2026,5,Summer
2026-05-11,Karnataka,Bengaluru,"Binny Mill (F&V), Bengaluru APMC",Banana,Nendra Bale,1000,2000,1500,1827.4150328468495,-327.4150328468495,0,Medium,0.363926649946666,2026,5,Summer
2026-05-11,Karnataka,Bengaluru,"Binny Mill (F&V), Bengaluru APMC",Banana,Pachha Bale,600,2000,1300,1851.8015558849797,-551.8015558849797,0,Medium,0.363926649946666,2026,5,Summer
2026-05-11,Karnataka,Bengaluru,"Binny Mill (F&V), Bengaluru APMC",Banana,Elakki Bale,1000,4700,2800,1887.0799462158288,912.9200537841712,0,Medium,0.363926649946666,2026,5,Summer
2026-05-11,Karnataka,Bengaluru,"Binny Mill (F&V), Bengaluru APMC",Banana,Nauti Bale,700,2100,1400,1667.200644304367,-267.20064430436696,0,Medium,0.363926649946666,2026,5,Summer
2026-05-12,Karnataka,Bengaluru,"Binny Mill (F&V), Bengaluru APMC",Banana,Elakki Bale,1000,4600,2800,2116.4450043349616,683.5549956650384,0,Medium,0.363926649946666,2026,5,Summer
2026-05-12,Karnataka,Bengaluru,"Binny Mill (F&V), Bengaluru APMC",Banana,Pachha Bale,600,2000,1800,1780.079020879209,19.92097912079089,0,Medium,0.363926649946666,2026,5,Summer
2026-05-12,Karnataka,Bengaluru,"Binny Mill (F&V), Bengaluru APMC",Banana,Nendra Bale,1000,2000,1500,1915.8267674699036,-415.82676746990364,0,Medium,0.363926649946666,2026,5,Summer
2026-05-13,Karnataka,Bengaluru,"Binny Mill (F&V), Bengaluru APMC",Banana,Nendra Bale,1000,2000,1500,1963.7545348567232,-463.75453485672324,0,Medium,0.363926649946666,2026,5,Summer
2026-05-13,Karnataka,Bengaluru,"Binny Mill (F&V), Bengaluru APMC",Banana,Pachha Bale,600,2000,1300,1963.7545348567232,-663.7545348567232,0,Medium,0.363926649946666,2026,5,Summer
2026-05-13,Karnataka,Bengaluru,"Binny Mill (F&V), Bengaluru APMC",Banana,Elakki Bale,1000,4600,2800,1990.9040841748622,809.0959158251378,0,Medium,0.363926649946666,2026,5,Summer
2026-05-14,Karnataka,Bengaluru,"Binny Mill (F&V), Bengaluru APMC",Banana,Nendra Bale,1000,2000,1500,1810.7435897238506,-310.7435897238506,0,Medium,0.363926649946666,2026,5,Summer
2026-05-14,Karnataka,Bengaluru,"Binny Mill (F&V), Bengaluru APMC",Banana,Pachha Bale,700,2000,1350,1751.4792709231626,-401.47927092316263,0,Medium,0.363926649946666,2026,5,Summer
2026-05-15,Karnataka,Bengaluru,"Binny Mill (F&V), Bengaluru APMC",Banana,Elakki Bale,1000,4600,2800,1941.6216965755793,858.3783034244207,0,Medium,0.363926649946666,2026,5,Summer
2026-05-15,Karnataka,Bengaluru,"Binny Mill (F&V), Bengaluru APMC",Banana,Pachha Bale,600,2200,1400,1728.5297819936513,-328.52978199365134,0,Medium,0.363926649946666,2026,5,Summer
2026-05-15,Karnataka,Bengaluru,"Binny Mill (F&V), Bengaluru APMC",Banana,Nendra Bale,1000,2000,1500,1918.5766272206238,-418.5766272206238,0,Medium,0.363926649946666,2026,5,Summer
2026-05-16,Karnataka,Bengaluru,"Binny Mill (F&V), Bengaluru APMC",Banana,Pachha Bale,600,2200,1400,1928.4629779965862,-528.4629779965862,0,Medium,0.363926649946666,2026,5,Summer
2026-05-16,Karnataka,Bengaluru,"Binny Mill (F&V), Bengaluru APMC",Banana,Elakki Bale,1000,4600,2800,1942.0377526556558,857.9622473443442,0,Medium,0.363926649946666,2026,5,Summer
2026-05-18,Karnataka,Bengaluru,"Binny Mill (F&V), Bengaluru APMC",Banana,Pachha Bale,600,2300,1450,1707.844849367917,-257.84484936791705,0,Medium,0.363926649946666,2026,5,Summer
2026-05-18,Karnataka,Bengaluru,"Binny Mill (F&V), Bengaluru APMC",Banana,Elakki Bale,1000,4400,2700,2110.583014608526,589.4169853914741,0,Medium,0.363926649946666,2026,5,Summer
2026-05-18,Karnataka,Bengaluru,"Binny Mill (F&V), Bengaluru APMC",Banana,Nendra Bale,1000,2300,1650,1753.9349880778266,-103.93498807782657,0,Medium,0.363926649946666,2026,5,Summer
2026-05-19,Karnataka,Bengaluru,"Binny Mill (F&V), Bengaluru APMC",Banana,Elakki Bale,1000,4500,2700,2115.0234317381282,584.9765682618718,0,Medium,0.363926649946666,2026,5,Summer
2026-05-19,Karnataka,Bengaluru,"Binny Mill (F&V), Bengaluru APMC",Banana,Pachha Bale,600,2200,1400,1956.2306157924788,-556.2306157924788,0,Medium,0.363926649946666,2026,5,Summer
2026-05-20,Karnataka,Bengaluru,"Binny Mill (F&V), Bengaluru APMC",Banana,Elakki Bale,1000,4400,2700,2351.255996100454,348.744003899546,0,Medium,0.363926649946666,2026,5,Summer
2026-05-20,Karnataka,Bengaluru,"Binny Mill (F&V), Bengaluru APMC",Banana,Nendra Bale,1000,2500,1750,2004.0782642656402,-254.0782642656402,0,Medium,0.363926649946666,2026,5,Summer
2026-05-20,Karnataka,Bengaluru,"Binny Mill (F&V), Bengaluru APMC",Banana,Nauti Bale,700,1900,1300,2108.6521004886704,-808.6521004886704,0,Medium,0.363926649946666,2026,5,Summer
2026-05-21,Karnataka,Bengaluru,"Binny Mill (F&V), Bengaluru APMC",Banana,Pachha Bale,600,2500,1550,1989.9786865717626,-439.97868657176264,0,Medium,0.363926649946666,2026,5,Summer
2026-05-21,Karnataka,Bengaluru,"Binny Mill (F&V), Bengaluru APMC",Banana,Elakki Bale,1000,4500,2750,2134.8762522037105,615.1237477962895,0,Medium,0.363926649946666,2026,5,Summer
2026-05-21,Karnataka,Bengaluru,"Binny Mill (F&V), Bengaluru APMC",Banana,Nauti Bale,700,2000,1350,1752.5002489517053,-402.5002489517053,0,Medium,0.363926649946666,2026,5,Summer
2026-05-22,Karnataka,Bengaluru,"Binny Mill (F&V), Bengaluru APMC",Banana,Nendra Bale,1000,2600,2100,2063.5543117662296,36.4456882337704,0,Medium,0.363926649946666,2026,5,Summer
2026-05-22,Karnataka,Bengaluru,"Binny Mill (F&V), Bengaluru APMC",Banana,Pachha Bale,600,2600,1600,1782.908999543587,-182.90899954358702,0,Medium,0.363926649946666,2026,5,Summer
2026-05-22,Karnataka,Bengaluru,"Binny Mill (F&V), Bengaluru APMC",Banana,Elakki Bale,1000,4400,2700,2005.2308520804256,694.7691479195744,0,Medium,0.363926649946666,2026,5,Summer
2026-05-25,Karnataka,Bengaluru,"Binny Mill (F&V), Bengaluru APMC",Banana,Elakki Bale,1000,4400,2700,2054.702105548098,645.2978944519018,0,Medium,0.363926649946666,2026,5,Summer
2026-05-25,Karnataka,Bengaluru,"Binny Mill (F&V), Bengaluru APMC",Banana,Nendra Bale,1000,2300,1650,2070.959787573519,-420.95978757351895,0,Medium,0.363926649946666,2026,5,Summer
2026-05-25,Karnataka,Bengaluru,"Binny Mill (F&V), Bengaluru APMC",Banana,Pachha Bale,600,2200,1400,1994.0162141505768,-594.0162141505768,0,Medium,0.363926649946666,2026,5,Summer
2026-05-26,Karnataka,Bengaluru,"Binny Mill (F&V), Bengaluru APMC",Banana,Pachha Bale,600,2400,1500,2059.5431172459917,-559.5431172459917,0,Medium,0.363926649946666,2026,5,Summer
2026-05-26,Karnataka,Bengaluru,"Binny Mill (F&V), Bengaluru APMC",Banana,Nendra Bale,700,2500,1600,1964.6799324598219,-364.6799324598219,0,Medium,0.363926649946666,2026,5,Summer
2026-05-27,Karnataka,Bengaluru,"Binny Mill (F&V), Bengaluru APMC",Banana,Elakki Bale,1000,4600,2800,2153.400785515404,646.5992144845959,0,Medium,0.363926649946666,2026,5,Summer
2026-05-27,Karnataka,Bengaluru,"Binny Mill (F&V), Bengaluru APMC",Banana,Nauti Bale,700,2700,1700,1827.9266693523696,-127.92666935236957,0,Medium,0.363926649946666,2026,5,Summer
2026-05-27,Karnataka,Bengaluru,"Binny Mill (F&V), Bengaluru APMC",Banana,Nendra Bale,1000,2400,1700,1814.6723703479329,-114.67237034793288,0,Medium,0.363926649946666,2026,5,Summer
2026-05-29,Karnataka,Bengaluru,"Binny Mill (F&V), Bengaluru APMC",Banana,Nauti Bale,700,2500,1600,1820.950416154445,-220.95041615444507,0,Medium,0.363926649946666,2026,5,Summer
2026-05-29,Karnataka,Bengaluru,"Binny Mill (F&V), Bengaluru APMC",Banana,Nendra Bale,1000,2500,1750,1891.4270779024848,-141.42707790248483,0,Medium,0.363926649946666,2026,5,Summer
2026-05-30,Karnataka,Bengaluru,"Binny Mill (F&V), Bengaluru APMC",Banana,Elakki Bale,1000,4500,2750,2081.489384641243,668.5106153587571,0,Medium,0.363926649946666,2026,5,Summer
2026-05-30,Karnataka,Bengaluru,"Binny Mill (F&V), Bengaluru APMC",Banana,Nendra Bale,1000,2600,1800,1978.2570021013887,-178.2570021013887,0,Medium,0.363926649946666,2026,5,Summer
2026-05-30,Karnataka,Bengaluru,"Binny Mill (F&V), Bengaluru APMC",Banana,Pachha Bale,600,2500,1550,1903.9963360447969,-353.99633604479686,0,Medium,0.363926649946666,2026,5,Summer
2026-06-01,Karnataka,Bengaluru,"Binny Mill (F&V), Bengaluru APMC",Banana,Nendra Bale,1000,2600,1800,1927.5660835037083,-127.56608350370834,0,Medium,0.363926649946666,2026,6,Monsoon
2026-06-01,Karnataka,Bengaluru,"Binny Mill (F&V), Bengaluru APMC",Banana,Elakki Bale,1000,4500,2750,2064.334808122946,685.665191877054,0,Medium,0.363926649946666,2026,6,Monsoon
2026-06-02,Karnataka,Bengaluru,"Binny Mill (F&V), Bengaluru APMC",Banana,Pachha Bale,600,2500,1550,1934.4490512586867,-384.4490512586867,0,Medium,0.363926649946666,2026,6,Monsoon
2026-06-02,Karnataka,Bengaluru,"Binny Mill (F&V), Bengaluru APMC",Banana,Elakki Bale,1000,4500,2750,2259.9231674217212,490.07683257827875,0,Medium,0.363926649946666,2026,6,Monsoon
2026-06-02,Karnataka,Bengaluru,"Binny Mill (F&V), Bengaluru APMC",Banana,Nauti Bale,700,2200,1450,1885.6760051824267,-435.6760051824267,0,Medium,0.363926649946666,2026,6,Monsoon
2026-06-03,Karnataka,Bengaluru,"Binny Mill (F&V), Bengaluru APMC",Banana,Elakki Bale,1000,4500,2750,2223.7994984014317,526.2005015985683,0,Medium,0.363926649946666,2026,6,Monsoon
2026-06-03,Karnataka,Bengaluru,"Binny Mill (F&V), Bengaluru APMC",Banana,Pachha Bale,600,2500,1550,2047.3274278335284,-497.3274278335284,0,Medium,0.363926649946666,2026,6,Monsoon
2026-06-03,Karnataka,Bengaluru,"Binny Mill (F&V), Bengaluru APMC",Banana,Nendra Bale,1000,2500,1700,2193.9670417169427,-493.96704171694273,0,Medium,0.363926649946666,2026,6,Monsoon
2026-06-03,Karnataka,Bengaluru,"Binny Mill (F&V), Bengaluru APMC",Banana,Nauti Bale,700,2200,1450,1962.2550133978764,-512.2550133978764,0,Medium,0.363926649946666,2026,6,Monsoon
2026-06-04,Karnataka,Bengaluru,"Binny Mill (F&V), Bengaluru APMC",Banana,Nendra Bale,1000,2500,1750,2035.9107575060018,-285.9107575060018,0,Medium,0.363926649946666,2026,6,Monsoon
2026-06-04,Karnataka,Bengaluru,"Binny Mill (F&V), Bengaluru APMC",Banana,Elakki Bale,1000,4500,2750,1995.1864335287935,754.8135664712065,0,Medium,0.363926649946666,2026,6,Monsoon
2026-06-05,Karnataka,Bengaluru,"Binny Mill (F&V), Bengaluru APMC",Banana,Pachha Bale,600,2600,1600,1891.0286533858393,-291.02865338583933,0,Medium,0.363926649946666,2026,6,Monsoon
2026-06-06,Karnataka,Bengaluru,"Binny Mill (F&V), Bengaluru APMC",Banana,Pachha Bale,600,2600,1600,1867.378662082418,-267.37866208241803,0,Medium,0.363926649946666,2026,6,Monsoon
2026-06-08,Karnataka,Bengaluru,"Binny Mill (F&V), Bengaluru APMC",Banana,Pachha Bale,600,2700,1650,1847.6191270597833,-197.6191270597833,0,Medium,0.363926649946666,2026,6,Monsoon
2026-06-09,Karnataka,Bengaluru,"Binny Mill (F&V), Bengaluru APMC",Banana,Nendra Bale,1000,2500,1750,1856.1640241525697,-106.16402415256971,0,Medium,0.363926649946666,2026,6,Monsoon
2026-06-09,Karnataka,Bengaluru,"Binny Mill (F&V), Bengaluru APMC",Banana,Elakki Bale,1000,4500,2750,2053.9391158239614,696.0608841760386,0,Medium,0.363926649946666,2026,6,Monsoon
2026-06-10,Karnataka,Bengaluru,"Binny Mill (F&V), Bengaluru APMC",Banana,Pachha Bale,600,2500,1550,1892.8794485920375,-342.87944859203753,0,Medium,0.363926649946666,2026,6,Monsoon
2026-06-11,Karnataka,Bengaluru,"Binny Mill (F&V), Bengaluru APMC",Banana,Elakki Bale,1000,44000,2700,2054.851346897772,645.1486531022279,0,Medium,0.363926649946666,2026,6,Monsoon
2026-06-11,Karnataka,Bengaluru,"Binny Mill (F&V), Bengaluru APMC",Banana,Nendra Bale,1000,2500,1750,1923.127961356604,-173.12796135660392,0,Medium,0.363926649946666,2026,6,Monsoon
2026-06-11,Karnataka,Bengaluru,"Binny Mill (F&V), Bengaluru APMC",Banana,Pachha Bale,600,2500,1550,2043.9594796050535,-493.9594796050535,0,Medium,0.363926649946666,2026,6,Monsoon
2026-06-12,Karnataka,Bengaluru,"Binny Mill (F&V), Bengaluru APMC",Banana,Pachha Bale,600,2500,1550,2062.0547903073834,-512.0547903073834,0,Medium,0.363926649946666,2026,6,Monsoon
2026-06-12,Karnataka,Bengaluru,"Binny Mill (F&V), Bengaluru APMC",Banana,Nendra Bale,1000,2600,1800,2070.1836313200934,-270.18363132009335,0,Medium,0.363926649946666,2026,6,Monsoon
2026-06-12,Karnataka,Bengaluru,"Binny Mill (F&V), Bengaluru APMC",Banana,Elakki Bale,1000,4400,2700,2028.1178536597097,671.8821463402903,0,Medium,0.363926649946666,2026,6,Monsoon
2026-06-15,Karnataka,Bengaluru,"Binny Mill (F&V), Bengaluru APMC",Banana,Pachha Bale,600,2600,1600,1885.2599491023502,-285.2599491023502,0,Medium,0.363926649946666,2026,6,Monsoon
2026-06-15,Karnataka,Bengaluru,"Binny Mill (F&V), Bengaluru APMC",Banana,Elakki Bale,1000,4600,2800,2050.8401523775347,749.1598476224653,0,Medium,0.363926649946666,2026,6,Monsoon
2026-06-16,Karnataka,Bengaluru,"Binny Mill (F&V), Bengaluru APMC",Banana,Nendra Bale,1000,2500,1750,1895.146299878312,-145.146299878312,0,Medium,0.363926649946666,2026,6,Monsoon
2026-06-16,Karnataka,Bengaluru,"Binny Mill (F&V), Bengaluru APMC",Banana,Pachha Bale,600,2600,1600,2045.8102748112522,-445.81027481125216,0,Medium,0.363926649946666,2026,6,Monsoon
2026-06-17,Karnataka,Bengaluru,"Binny Mill (F&V), Bengaluru APMC",Banana,Pachha Bale,600,2500,1550,2073.375880209467,-523.3758802094671,0,Medium,0.363926649946666,2026,6,Monsoon
2026-06-18,Karnataka,Bengaluru,"Binny Mill (F&V), Bengaluru APMC",Banana,Elakki Bale,1000,5000,3000,2282.4588952536533,717.5411047463467,0,Medium,0.363926649946666,2026,6,Monsoon
2026-06-18,Karnataka,Bengaluru,"Binny Mill (F&V), Bengaluru APMC",Banana,Pachha Bale,600,2500,1550,1898.6613194048157,-348.6613194048157,0,Medium,0.363926649946666,2026,6,Monsoon
2026-06-19,Karnataka,Bengaluru,"Binny Mill (F&V), Bengaluru APMC",Banana,Pachha Bale,600,2700,1650,2110.8278363836434,-460.82783638364344,0,Medium,0.363926649946666,2026,6,Monsoon
2026-06-19,Karnataka,Bengaluru,"Binny Mill (F&V), Bengaluru APMC",Banana,Elakki Bale,1000,5100,3350,2186.670312864385,1163.3296871356151,1,Medium,0.363926649946666,2026,6,Monsoon
2026-06-19,Karnataka,Bengaluru,"Binny Mill (F&V), Bengaluru APMC",Banana,Nendra Bale,1000,2500,1750,1955.8991436602034,-205.89914366020344,0,Medium,0.363926649946666,2026,6,Monsoon
2026-06-20,Karnataka,Bengaluru,"Binny Mill (F&V), Bengaluru APMC",Banana,Pachha Bale,600,2500,1550,2172.1701406022166,-622.1701406022166,0,Medium,0.363926649946666,2026,6,Monsoon
2026-06-20,Karnataka,Bengaluru,"Binny Mill (F&V), Bengaluru APMC",Banana,Elakki Bale,1000,5000,3000,2435.0560792889464,564.9439207110536,0,Medium,0.363926649946666,2026,6,Monsoon
2026-06-22,Karnataka,Bengaluru,"Binny Mill (F&V), Bengaluru APMC",Banana,Pachha Bale,600,2500,1550,1966.4682403157924,-416.4682403157924,0,Medium,0.363926649946666,2026,6,Monsoon
2026-06-22,Karnataka,Bengaluru,"Binny Mill (F&V), Bengaluru APMC",Banana,Nauti Bale,700,2500,1550,2163.3024728723,-613.3024728722999,0,Medium,0.363926649946666,2026,6,Monsoon
2026-06-22,Karnataka,Bengaluru,"Binny Mill (F&V), Bengaluru APMC",Banana,Nendra Bale,1000,2400,1700,2171.43131388501,-471.4313138850098,0,Medium,0.363926649946666,2026,6,Monsoon
2026-06-22,Karnataka,Bengaluru,"Binny Mill (F&V), Bengaluru APMC",Banana,Elakki Bale,1000,5000,3000,2094.1672648074355,905.8327351925645,0,Medium,0.363926649946666,2026,6,Monsoon
2026-06-23,Karnataka,Bengaluru,"Binny Mill (F&V), Bengaluru APMC",Banana,Nendra Bale,1000,2600,1800,1933.027478661854,-133.02747866185405,0,Medium,0.363926649946666,2026,6,Monsoon
2026-06-23,Karnataka,Bengaluru,"Binny Mill (F&V), Bengaluru APMC",Banana,Pachha Bale,600,2500,1550,2095.924774570688,-545.924774570688,0,Medium,0.363926649946666,2026,6,Monsoon
2026-06-23,Karnataka,Bengaluru,"Binny Mill (F&V), Bengaluru APMC",Banana,Nauti Bale,700,2500,1600,1902.25416286248,-302.2541628624799,0,Medium,0.363926649946666,2026,6,Monsoon
2026-06-24,Karnataka,Bengaluru,"Binny Mill (F&V), Bengaluru APMC",Banana,Nendra Bale,1000,2500,1750,1935.1855829933957,-185.18558299339566,0,Medium,0.363926649946666,2026,6,Monsoon
2026-06-24,Karnataka,Bengaluru,"Binny Mill (F&V), Bengaluru APMC",Banana,Elakki Bale,1000,5500,3250,2191.2040154369333,1058.7959845630667,1,Medium,0.363926649946666,2026,6,Monsoon
2026-06-25,Karnataka,Bengaluru,"Binny Mill (F&V), Bengaluru APMC",Banana,Pachha Bale,600,2600,1600,1978.528156935082,-378.52815693508205,0,Medium,0.363926649946666,2026,6,Monsoon
2026-06-25,Karnataka,Bengaluru,"Binny Mill (F&V), Bengaluru APMC",Banana,Elakki Bale,1000,5500,3250,2243.156143873279,1006.8438561267212,1,Medium,0.363926649946666,2026,6,Monsoon
2026-06-25,Karnataka,Bengaluru,"Binny Mill (F&V), Bengaluru APMC",Banana,Nendra Bale,1000,2600,1800,2019.1723619986321,-219.17236199863214,0,Medium,0.363926649946666,2026,6,Monsoon
2026-06-29,Karnataka,Bengaluru,"Binny Mill (F&V), Bengaluru APMC",Banana,Nendra Bale,1000,3000,2000,2267.555833440697,-267.5558334406969,0,Medium,0.363926649946666,2026,6,Monsoon
2026-06-29,Karnataka,Bengaluru,"Binny Mill (F&V), Bengaluru APMC",Banana,Elakki Bale,1000,6200,3600,2565.5599246309603,1034.4400753690397,1,Medium,0.363926649946666,2026,6,Monsoon
2026-06-30,Karnataka,Bengaluru,"Binny Mill (F&V), Bengaluru APMC",Banana,Nendra Bale,1000,2500,1750,2355.5669734954595,-605.5669734954595,0,Medium,0.363926649946666,2026,6,Monsoon
2026-06-30,Karnataka,Bengaluru,"Binny Mill (F&V), Bengaluru APMC",Banana,Pachha Bale,600,2700,1750,2362.835074306943,-612.8350743069432,0,Medium,0.363926649946666,2026,6,Monsoon
2026-06-30,Karnataka,Bengaluru,"Binny Mill (F&V), Bengaluru APMC",Banana,Elakki Bale,1000,6200,1750,2387.2215973450743,-637.2215973450743,0,Medium,0.363926649946666,2026,6,Monsoon
2026-07-01,Karnataka,Bengaluru,"Binny Mill (F&V), Bengaluru APMC",Banana,Elakki Bale,1000,6500,3750,2465.8085282463403,1284.1914717536597,0,Medium,0.363926649946666,2026,7,Monsoon
2026-07-01,Karnataka,Bengaluru,"Binny Mill (F&V), Bengaluru APMC",Banana,Nendra Bale,1000,2600,1800,2194.313035064951,-394.3130350649508,0,Medium,0.363926649946666,2026,7,Monsoon
2026-07-02,Karnataka,Bengaluru,"Binny Mill (F&V), Bengaluru APMC",Banana,Nendra Bale,1000,2700,1850,2441.8380612882875,-591.8380612882875,0,Medium,0.363926649946666,2026,7,Monsoon
2026-07-02,Karnataka,Bengaluru,"Binny Mill (F&V), Bengaluru APMC",Banana,Pachha Bale,600,2700,1650,2118.02587446306,-468.02587446306006,0,Medium,0.363926649946666,2026,7,Monsoon
2026-07-02,Karnataka,Bengaluru,"Binny Mill (F&V), Bengaluru APMC",Banana,Elakki Bale,1000,6600,3800,2478.4579053023112,1321.5420946976888,0,Medium,0.363926649946666,2026,7,Monsoon
2026-07-04,Karnataka,Bengaluru,"Binny Mill (F&V), Bengaluru APMC",Banana,Elakki Bale,1000,6600,3800,2534.2896184726515,1265.7103815273485,0,Medium,0.363926649946666,2026,7,Monsoon
2026-07-04,Karnataka,Bengaluru,"Binny Mill (F&V), Bengaluru APMC",Banana,Nendra Bale,1000,2700,1850,2550.5473004980713,-700.5473004980713,0,Medium,0.363926649946666,2026,7,Monsoon
2026-07-04,Karnataka,Bengaluru,"Binny Mill (F&V), Bengaluru APMC",Banana,Pachha Bale,600,2700,1650,2473.844083816104,-823.8440838161041,0,Medium,0.363926649946666,2026,7,Monsoon
2026-07-06,Karnataka,Bengaluru,"Binny Mill (F&V), Bengaluru APMC",Banana,Pachha Bale,600,2600,1600,2432.4610520353476,-832.4610520353476,0,Medium,0.363926649946666,2026,7,Monsoon
2026-07-06,Karnataka,Bengaluru,"Binny Mill (F&V), Bengaluru APMC",Banana,Nendra Bale,1000,2600,1800,2431.119598352172,-631.119598352172,0,Medium,0.363926649946666,2026,7,Monsoon
2026-07-07,Karnataka,Bengaluru,"Binny Mill (F&V), Bengaluru APMC",Banana,Pachha Bale,600,2700,1650,2411.1734924436446,-761.1734924436446,0,Medium,0.363926649946666,2026,7,Monsoon
2026-07-07,Karnataka,Bengaluru,"Binny Mill (F&V), Bengaluru APMC",Banana,Nendra Bale,1000,2500,1750,2098.2531729111365,-348.2531729111365,0,Medium,0.363926649946666,2026,7,Monsoon
2026-07-07,Karnataka,Bengaluru,"Binny Mill (F&V), Bengaluru APMC",Banana,Elakki Bale,1000,6600,3800,2084.6783982520674,1715.3216017479326,0,Medium,0.363926649946666,2026,7,Monsoon
2026-07-08,Karnataka,Bengaluru,"Binny Mill (F&V), Bengaluru APMC",Banana,Pachha Bale,600,2600,1600,1772.9547560872043,-172.95475608720426,0,Medium,0.363926649946666,2026,7,Monsoon
2026-07-08,Karnataka,Bengaluru,"Binny Mill (F&V), Bengaluru APMC",Banana,Elakki Bale,1000,6500,3750,2413.011121120554,1336.988878879446,0,Medium,0.363926649946666,2026,7,Monsoon
2026-07-08,Karnataka,Bengaluru,"Binny Mill (F&V), Bengaluru APMC",Banana,Nendra Bale,1000,2600,1800,2153.668830001401,-353.66883000140115,0,Medium,0.363926649946666,2026,7,Monsoon
2026-07-09,Karnataka,Bengaluru,"Binny Mill (F&V), Bengaluru APMC",Banana,Elakki Bale,1000,6700,3850,2758.8628607839782,1091.1371392160218,1,Medium,0.363926649946666,2026,7,Monsoon
2026-07-09,Karnataka,Bengaluru,"Binny Mill (F&V), Bengaluru APMC",Banana,Pachha Bale,600,2800,1700,2488.7088212857648,-788.7088212857648,0,Medium,0.363926649946666,2026,7,Monsoon
2026-07-09,Karnataka,Bengaluru,"Binny Mill (F&V), Bengaluru APMC",Banana,Nendra Bale,1000,2700,1850,2796.824158481179,-946.824158481179,0,Medium,0.363926649946666,2026,7,Monsoon
2026-07-10,Karnataka,Bengaluru,"Binny Mill (F&V), Bengaluru APMC",Banana,Elakki Bale,1000,6800,3900,2799.923121927605,1100.0768780723952,1,Medium,0.363926649946666,2026,7,Monsoon
2026-07-10,Karnataka,Bengaluru,"Binny Mill (F&V), Bengaluru APMC",Banana,Pachha Bale,600,2600,1600,2521.640241416681,-921.640241416681,0,Medium,0.363926649946666,2026,7,Monsoon
2026-07-13,Karnataka,Bengaluru,"Binny Mill (F&V), Bengaluru APMC",Banana,Nendra Bale,1000,2400,1700,2471.7638034157226,-771.7638034157226,0,Medium,0.363926649946666,2026,7,Monsoon
2026-07-13,Karnataka,Bengaluru,"Binny Mill (F&V), Bengaluru APMC",Banana,Pachha Bale,600,3000,1800,2458.189028756653,-658.189028756653,0,Medium,0.363926649946666,2026,7,Monsoon
2026-07-13,Karnataka,Bengaluru,"Binny Mill (F&V), Bengaluru APMC",Banana,Elakki Bale,1000,6500,3750,2428.356572072163,1321.643427927837,0,Medium,0.363926649946666,2026,7,Monsoon
2026-07-14,Karnataka,Bengaluru,"Binny Mill (F&V), Bengaluru APMC",Banana,Nendra Bale,1000,2400,1700,2170.8519096299196,-470.85190962991965,0,Medium,0.363926649946666,2026,7,Monsoon
2026-07-15,Karnataka,Bengaluru,"Binny Mill (F&V), Bengaluru APMC",Banana,Elakki Bale,1000,6500,3750,2765.234192033437,984.765807966563,0,Medium,0.363926649946666,2026,7,Monsoon
2026-07-15,Karnataka,Bengaluru,"Binny Mill (F&V), Bengaluru APMC",Banana,Pachha Bale,600,3000,1800,2145.5399889886908,-345.53998898869077,0,Medium,0.363926649946666,2026,7,Monsoon
2026-07-15,Karnataka,Bengaluru,"Binny Mill (F&V), Bengaluru APMC",Banana,Nauti Bale,700,2500,1600,2410.2480948405455,-810.2480948405455,0,Medium,0.363926649946666,2026,7,Monsoon
2026-07-16,Karnataka,Bengaluru,"Binny Mill (F&V), Bengaluru APMC",Banana,Nendra Bale,1000,2900,1950,2485.2452926318456,-535.2452926318456,0,Medium,0.363926649946666,2026,7,Monsoon
2026-07-17,Karnataka,Bengaluru,"Binny Mill (F&V), Bengaluru APMC",Banana,Pachha Bale,600,3100,2050,2485.5812297982648,-435.58122979826476,0,Medium,0.363926649946666,2026,7,Monsoon
2026-07-17,Karnataka,Bengaluru,"Binny Mill (F&V), Bengaluru APMC",Banana,Nauti Bale,700,2600,1650,2130.595132605373,-480.5951326053728,0,Medium,0.363926649946666,2026,7,Monsoon
2026-07-17,Karnataka,Bengaluru,"Binny Mill (F&V), Bengaluru APMC",Banana,Elakki Bale,1000,7000,4000,2558.820917826313,1441.1790821736872,0,Medium,0.363926649946666,2026,7,Monsoon
2026-07-18,Karnataka,Bengaluru,"Binny Mill (F&V), Bengaluru APMC",Banana,Elakki Bale,1000,7000,4000,2287.6613618113415,1712.3386381886585,0,Medium,0.363926649946666,2026,7,Monsoon
2026-07-18,Karnataka,Bengaluru,"Binny Mill (F&V), Bengaluru APMC",Banana,Pachha Bale,600,3000,1800,2287.6613618113415,-487.6613618113415,0,Medium,0.363926649946666,2026,7,Monsoon
2026-07-18,Karnataka,Bengaluru,"Binny Mill (F&V), Bengaluru APMC",Banana,Nendra Bale,1000,2900,1950,2643.2082913998397,-693.2082913998397,0,Medium,0.363926649946666,2026,7,Monsoon
2026-07-20,Karnataka,Bengaluru,"Binny Mill (F&V), Bengaluru APMC",Banana,Elakki Bale,1000,7100,1650,2538.05586628692,-888.0558662869198,0,Medium,0.363926649946666,2026,7,Monsoon
2026-07-20,Karnataka,Bengaluru,"Binny Mill (F&V), Bengaluru APMC",Banana,Pachha Bale,600,2700,1650,2513.7494621624483,-863.7494621624483,0,Medium,0.363926649946666,2026,7,Monsoon
2026-07-21,Karnataka,Bengaluru,"Binny Mill (F&V), Bengaluru APMC",Banana,Nendra Bale,1000,2800,1900,2561.59711063561,-661.5971106356101,0,Medium,0.363926649946666,2026,7,Monsoon
2026-07-21,Karnataka,Bengaluru,"Binny Mill (F&V), Bengaluru APMC",Banana,Pachha Bale,600,2600,1600,2137.4758053778532,-537.4758053778532,0,Medium,0.363926649946666,2026,7,Monsoon
2026-06-01,Karnataka,Bengaluru,Binny Mill (FF&V) Bengaluru APMC,Banana,Pachha Bale,600,2500,1550,2106.3332045929565,-556.3332045929565,0,Medium,0.363926649946666,2026,6,Monsoon
2026-06-01,Karnataka,Bengaluru,Binny Mill (FF&V) Bengaluru APMC,Banana,Nendra Bale,1000,2600,1800,2136.459430627526,-336.4594306275262,0,Medium,0.363926649946666,2026,6,Monsoon
2026-06-02,Karnataka,Bengaluru,Binny Mill (FF&V) Bengaluru APMC,Banana,Elakki Bale,1000,4500,2750,2313.6243661249405,436.3756338750595,0,Medium,0.363926649946666,2026,6,Monsoon
2026-06-02,Karnataka,Bengaluru,Binny Mill (FF&V) Bengaluru APMC,Banana,Pachha Bale,600,2500,1550,2033.8740060780092,-483.8740060780092,0,Medium,0.363926649946666,2026,6,Monsoon
2026-06-02,Karnataka,Bengaluru,Binny Mill (FF&V) Bengaluru APMC,Banana,Nauti Bale,700,2200,1450,2077.277339100005,-627.2773391000051,0,Medium,0.363926649946666,2026,6,Monsoon
2026-06-02,Karnataka,Bengaluru,Binny Mill (FF&V) Bengaluru APMC,Banana,Nendra Bale,1000,2500,1750,2054.272329201879,-304.2723292018791,0,Medium,0.363926649946666,2026,6,Monsoon
2026-06-03,Karnataka,Bengaluru,Binny Mill (FF&V) Bengaluru APMC,Banana,Pachha Bale,600,2500,1550,1825.6592643292408,-275.65926432924084,0,Medium,0.363926649946666,2026,6,Monsoon
2026-06-03,Karnataka,Bengaluru,Binny Mill (FF&V) Bengaluru APMC,Banana,Elakki Bale,1000,4500,2750,2047.9009979524212,702.0990020475788,0,Medium,0.363926649946666,2026,6,Monsoon
2026-06-03,Karnataka,Bengaluru,Binny Mill (FF&V) Bengaluru APMC,Banana,Nauti Bale,700,2200,1450,1828.101814954617,-378.1018149546171,0,Medium,0.363926649946666,2026,6,Monsoon
2026-06-03,Karnataka,Bengaluru,Binny Mill (FF&V) Bengaluru APMC,Banana,Nendra Bale,1000,2500,1700,1833.8682242556092,-133.86822425560922,0,Medium,0.363926649946666,2026,6,Monsoon
2026-06-04,Karnataka,Bengaluru,Binny Mill (FF&V) Bengaluru APMC,Banana,Nauti Bale,700,2200,1450,1790.877048992127,-340.8770489921269,0,Medium,0.363926649946666,2026,6,Monsoon
2026-06-04,Karnataka,Bengaluru,Binny Mill (FF&V) Bengaluru APMC,Banana,Pachha Bale,600,2600,1600,1849.2005086779304,-249.20050867793043,0,Medium,0.363926649946666,2026,6,Monsoon
2026-06-04,Karnataka,Bengaluru,Binny Mill (FF&V) Bengaluru APMC,Banana,Elakki Bale,1000,4500,2750,1991.4151669435273,758.5848330564727,0,Medium,0.363926649946666,2026,6,Monsoon
2026-06-04,Karnataka,Bengaluru,Binny Mill (FF&V) Bengaluru APMC,Banana,Nendra Bale,1000,2500,1750,1867.820622415069,-117.82062241506901,0,Medium,0.363926649946666,2026,6,Monsoon
2026-06-05,Karnataka,Bengaluru,Binny Mill (FF&V) Bengaluru APMC,Banana,Elakki Bale,1000,4500,2750,2010.771812415375,739.228187584625,0,Medium,0.363926649946666,2026,6,Monsoon
2026-06-05,Karnataka,Bengaluru,Binny Mill (FF&V) Bengaluru APMC,Banana,Nendra Bale,700,2500,1600,1899.4105888628096,-299.4105888628096,0,Medium,0.363926649946666,2026,6,Monsoon
2026-06-05,Karnataka,Bengaluru,Binny Mill (FF&V) Bengaluru APMC,Banana,Pachha Bale,600,2600,1600,2039.2628154166887,-439.2628154166887,0,Medium,0.363926649946666,2026,6,Monsoon
2026-06-06,Karnataka,Bengaluru,Binny Mill (FF&V) Bengaluru APMC,Banana,Pachha Bale,600,2600,1600,2070.8527818644297,-470.85278186442974,0,Medium,0.363926649946666,2026,6,Monsoon
2026-06-06,Karnataka,Bengaluru,Binny Mill (FF&V) Bengaluru APMC,Banana,Nendra Bale,1000,2500,1750,2095.2393049025604,-345.23930490256043,0,Medium,0.363926649946666,2026,6,Monsoon
2026-06-06,Karnataka,Bengaluru,Binny Mill (FF&V) Bengaluru APMC,Banana,Elakki Bale,1000,4500,2750,2074.877142913956,675.122857086044,0,Medium,0.363926649946666,2026,6,Monsoon
2026-06-08,Karnataka,Bengaluru,Binny Mill (FF&V) Bengaluru APMC,Banana,Pachha Bale,600,2700,1650,1886.8544972497853,-236.85449724978525,0,Medium,0.363926649946666,2026,6,Monsoon
2026-06-08,Karnataka,Bengaluru,Binny Mill (FF&V) Bengaluru APMC,Banana,Elakki Bale,1000,4600,2600,2011.7904954614191,588.2095045385809,0,Medium,0.363926649946666,2026,6,Monsoon
2026-06-09,Karnataka,Bengaluru,Binny Mill (FF&V) Bengaluru APMC,Banana,Elakki Bale,1000,4500,2750,2076.9969229022017,673.0030770977983,0,Medium,0.363926649946666,2026,6,Monsoon
2026-06-09,Karnataka,Bengaluru,Binny Mill (FF&V) Bengaluru APMC,Banana,Nendra Bale,1000,2500,1750,2081.021283951728,-331.02128395172804,0,Medium,0.363926649946666,2026,6,Monsoon
2026-06-09,Karnataka,Bengaluru,Binny Mill (FF&V) Bengaluru APMC,Banana,Pachha Bale,600,2600,1600,2216.7690305424226,-616.7690305424226,0,Medium,0.363926649946666,2026,6,Monsoon
2026-06-10,Karnataka,Bengaluru,Binny Mill (FF&V) Bengaluru APMC,Banana,Elakki Bale,1000,4600,2800,2415.040297207549,384.959702792451,0,Medium,0.363926649946666,2026,6,Monsoon
2026-06-10,Karnataka,Bengaluru,Binny Mill (FF&V) Bengaluru APMC,Banana,Pachha Bale,600,2500,1550,2057.050816993674,-507.05081699367383,0,Medium,0.363926649946666,2026,6,Monsoon
2026-06-11,Karnataka,Bengaluru,Binny Mill (FF&V) Bengaluru APMC,Banana,Pachha Bale,600,2500,1550,2217.681261616233,-667.6812616162329,0,Medium,0.363926649946666,2026,6,Monsoon
2026-06-11,Karnataka,Bengaluru,Binny Mill (FF&V) Bengaluru APMC,Banana,Elakki Bale,1000,44000,2700,2233.9389436416527,466.0610563583473,0,Medium,0.363926649946666,2026,6,Monsoon
2026-06-12,Karnataka,Bengaluru,Binny Mill (FF&V) Bengaluru APMC,Banana,Pachha Bale,600,2500,1550,1889.9402941669246,-339.94029416692456,0,Medium,0.363926649946666,2026,6,Monsoon
2026-06-12,Karnataka,Bengaluru,Binny Mill (FF&V) Bengaluru APMC,Banana,Nendra Bale,1000,2600,1800,2054.179043758933,-254.17904375893295,0,Medium,0.363926649946666,2026,6,Monsoon
2026-06-12,Karnataka,Bengaluru,Binny Mill (FF&V) Bengaluru APMC,Banana,Elakki Bale,1000,4400,2700,2199.07660939088,500.9233906091199,0,Medium,0.363926649946666,2026,6,Monsoon
2026-06-15,Karnataka,Bengaluru,Binny Mill (FF&V) Bengaluru APMC,Banana,Elakki Bale,1000,4600,2800,2048.089863820811,751.9101361791891,0,Medium,0.363926649946666,2026,6,Monsoon
2026-06-15,Karnataka,Bengaluru,Binny Mill (FF&V) Bengaluru APMC,Banana,Nendra Bale,1000,2500,1750,2067.030453212583,-317.03045321258287,0,Medium,0.363926649946666,2026,6,Monsoon
2026-06-15,Karnataka,Bengaluru,Binny Mill (FF&V) Bengaluru APMC,Banana,Pachha Bale,600,2600,1600,2217.6944281455208,-617.6944281455208,0,Medium,0.363926649946666,2026,6,Monsoon
2026-06-16,Karnataka,Bengaluru,Binny Mill (FF&V) Bengaluru APMC,Banana,Elakki Bale,1000,4600,2800,2261.5177155691563,538.4822844308437,0,Medium,0.363926649946666,2026,6,Monsoon
2026-06-16,Karnataka,Bengaluru,Binny Mill (FF&V) Bengaluru APMC,Banana,Pachha Bale,600,2600,1600,2106.749260673033,-506.74926067303295,0,Medium,0.363926649946666,2026,6,Monsoon
2026-06-17,Karnataka,Bengaluru,Binny Mill (FF&V) Bengaluru APMC,Banana,Elakki Bale,1000,4700,2850,2447.5556612583887,402.4443387416113,0,Medium,0.363926649946666,2026,6,Monsoon
2026-06-17,Karnataka,Bengaluru,Binny Mill (FF&V) Bengaluru APMC,Banana,Pachha Bale,600,2500,1550,2090.9076347276896,-540.9076347276896,0,Medium,0.363926649946666,2026,6,Monsoon
2026-06-18,Karnataka,Bengaluru,Binny Mill (FF&V) Bengaluru APMC,Banana,Pachha Bale,600,2500,1550,2071.3621233874524,-521.3621233874524,0,Medium,0.363926649946666,2026,6,Monsoon
2026-06-18,Karnataka,Bengaluru,Binny Mill (FF&V) Bengaluru APMC,Banana,Elakki Bale,1000,5000,3000,2274.5831487052033,725.4168512947967,0,Medium,0.363926649946666,2026,6,Monsoon
2026-06-19,Karnataka,Bengaluru,Binny Mill (FF&V) Bengaluru APMC,Banana,Pachha Bale,600,2700,1650,2093.081200571017,-443.0812005710168,0,Medium,0.363926649946666,2026,6,Monsoon
2026-06-19,Karnataka,Bengaluru,Binny Mill (FF&V) Bengaluru APMC,Banana,Elakki Bale,1000,5100,3350,2365.7579096082663,984.2420903917337,1,Medium,0.363926649946666,2026,6,Monsoon
2026-06-19,Karnataka,Bengaluru,Binny Mill (FF&V) Bengaluru APMC,Banana,Nendra Bale,1000,2500,1750,2159.373263442214,-409.373263442214,0,Medium,0.363926649946666,2026,6,Monsoon
2026-06-20,Karnataka,Bengaluru,Binny Mill (FF&V) Bengaluru APMC,Banana,Nendra Bale,1000,2400,1700,2196.809758104606,-496.80975810460586,0,Medium,0.363926649946666,2026,6,Monsoon
2026-06-20,Karnataka,Bengaluru,Binny Mill (FF&V) Bengaluru APMC,Banana,Elakki Bale,1000,5000,3000,2439.333534802732,560.6664651972678,0,Medium,0.363926649946666,2026,6,Monsoon
2026-06-22,Karnataka,Bengaluru,Binny Mill (FF&V) Bengaluru APMC,Banana,Nauti Bale,700,2500,1550,2226.8442471867734,-676.8442471867734,0,Medium,0.363926649946666,2026,6,Monsoon
2026-06-22,Karnataka,Bengaluru,Binny Mill (FF&V) Bengaluru APMC,Banana,Pachha Bale,600,2500,1550,2187.942090374689,-637.9420903746891,0,Medium,0.363926649946666,2026,6,Monsoon
2026-06-22,Karnataka,Bengaluru,Binny Mill (FF&V) Bengaluru APMC,Banana,Elakki Bale,1000,5000,3000,2407.420797717861,592.5792022821388,0,Medium,0.363926649946666,2026,6,Monsoon
2026-06-23,Karnataka,Bengaluru,Binny Mill (FF&V) Bengaluru APMC,Banana,Pachha Bale,600,2500,1550,1925.151732113403,-375.1517321134031,0,Medium,0.363926649946666,2026,6,Monsoon
2026-06-23,Karnataka,Bengaluru,Binny Mill (FF&V) Bengaluru APMC,Banana,Nauti Bale,700,2500,1600,2097.5994416317803,-497.59944163178034,0,Medium,0.363926649946666,2026,6,Monsoon
2026-06-23,Karnataka,Bengaluru,Binny Mill (FF&V) Bengaluru APMC,Banana,Elakki Bale,1000,5500,3250,2342.8061256962565,907.1938743037435,1,Medium,0.363926649946666,2026,6,Monsoon
2026-06-24,Karnataka,Bengaluru,Binny Mill (FF&V) Bengaluru APMC,Banana,Pachha Bale,600,2500,1550,1890.2893978626305,-340.2893978626305,0,Medium,0.363926649946666,2026,6,Monsoon
2026-06-24,Karnataka,Bengaluru,Binny Mill (FF&V) Bengaluru APMC,Banana,Nauti Bale,700,2500,1600,2129.189408079522,-529.1894080795219,0,Medium,0.363926649946666,2026,6,Monsoon
2026-06-24,Karnataka,Bengaluru,Binny Mill (FF&V) Bengaluru APMC,Banana,Nendra Bale,1000,2500,1750,2154.9173848008268,-404.91738480082677,0,Medium,0.363926649946666,2026,6,Monsoon
2026-06-25,Karnataka,Bengaluru,Binny Mill (FF&V) Bengaluru APMC,Banana,Pachha Bale,600,2600,1600,1914.1511178659528,-314.15111786595276,0,Medium,0.363926649946666,2026,6,Monsoon
2026-06-29,Karnataka,Bengaluru,Binny Mill (FF&V) Bengaluru APMC,Banana,Pachha Bale,600,3000,1800,1953.547154689274,-153.54715468927407,0,Medium,0.363926649946666,2026,6,Monsoon
2026-06-29,Karnataka,Bengaluru,Binny Mill (FF&V) Bengaluru APMC,Banana,Elakki Bale,1000,6200,3600,2251.5512458795365,1348.4487541204635,1,Medium,0.363926649946666,2026,6,Monsoon
2026-06-29,Karnataka,Bengaluru,Binny Mill (FF&V) Bengaluru APMC,Banana,Nendra Bale,1000,3000,2000,1803.984276698535,196.01572330146496,0,Medium,0.363926649946666,2026,6,Monsoon
2026-06-30,Karnataka,Bengaluru,Binny Mill (FF&V) Bengaluru APMC,Banana,Nendra Bale,1000,2500,1750,2060.899478704098,-310.8994787040979,0,Medium,0.363926649946666,2026,6,Monsoon
2026-06-30,Karnataka,Bengaluru,Binny Mill (FF&V) Bengaluru APMC,Banana,Elakki Bale,1000,6200,1750,2119.222938389901,-369.2229383899012,0,Medium,0.363926649946666,2026,6,Monsoon
2026-07-01,Karnataka,Bengaluru,Binny Mill (FF&V) Bengaluru APMC,Banana,Nendra Bale,1000,2600,1800,2124.6503001767787,-324.6503001767787,0,Medium,0.363926649946666,2026,7,Monsoon
2026-07-01,Karnataka,Bengaluru,Binny Mill (FF&V) Bengaluru APMC,Banana,Pachha Bale,600,2800,1700,2134.120594872664,-434.1205948726638,0,Medium,0.363926649946666,2026,7,Monsoon
2026-07-02,Karnataka,Bengaluru,Binny Mill (FF&V) Bengaluru APMC,Banana,Nauti Bale,700,2500,1600,2122.383448890504,-522.383448890504,0,Medium,0.363926649946666,2026,7,Monsoon
2026-07-02,Karnataka,Bengaluru,Binny Mill (FF&V) Bengaluru APMC,Banana,Nendra Bale,1000,2700,1850,1851.448788104722,-1.448788104722098,0,Medium,0.363926649946666,2026,7,Monsoon
2026-07-03,Karnataka,Bengaluru,Binny Mill (FF&V) Bengaluru APMC,Banana,Pachha Bale,600,2600,1600,1759.6845667649784,-159.6845667649784,0,Medium,0.363926649946666,2026,7,Monsoon
2026-07-03,Karnataka,Bengaluru,Binny Mill (FF&V) Bengaluru APMC,Banana,Elakki Bale,1000,6500,3750,2118.775143921054,1631.2248560789458,0,Medium,0.363926649946666,2026,7,Monsoon
2026-07-04,Karnataka,Bengaluru,Binny Mill (FF&V) Bengaluru APMC,Banana,Elakki Bale,1000,6600,3800,2167.4034136817836,1632.5965863182164,0,Medium,0.363926649946666,2026,7,Monsoon
2026-07-04,Karnataka,Bengaluru,Binny Mill (FF&V) Bengaluru APMC,Banana,Nendra Bale,1000,2700,1850,2168.7448673649587,-318.74486736495874,0,Medium,0.363926649946666,2026,7,Monsoon
2026-07-04,Karnataka,Bengaluru,Binny Mill (FF&V) Bengaluru APMC,Banana,Pachha Bale,600,2700,1650,2425.3241322041035,-775.3241322041035,0,Medium,0.363926649946666,2026,7,Monsoon
2026-07-06,Karnataka,Bengaluru,Binny Mill (FF&V) Bengaluru APMC,Banana,Pachha Bale,600,2600,1600,2416.456464474187,-816.4564644741872,0,Medium,0.363926649946666,2026,7,Monsoon
2026-07-06,Karnataka,Bengaluru,Binny Mill (FF&V) Bengaluru APMC,Banana,Nendra Bale,1000,2600,1800,2415.1150107910116,-615.1150107910116,0,Medium,0.363926649946666,2026,7,Monsoon
2026-07-06,Karnataka,Bengaluru,Binny Mill (FF&V) Bengaluru APMC,Banana,Elakki Bale,1000,6500,3750,2737.5056250194048,1012.4943749805952,0,Medium,0.363926649946666,2026,7,Monsoon
2026-07-07,Karnataka,Bengaluru,Binny Mill (FF&V) Bengaluru APMC,Banana,Elakki Bale,1000,6600,3800,2488.1298035898712,1311.8701964101288,0,Medium,0.363926649946666,2026,7,Monsoon
2026-07-07,Karnataka,Bengaluru,Binny Mill (FF&V) Bengaluru APMC,Banana,Nendra Bale,1000,2500,1750,2148.0599347392244,-398.05993473922445,0,Medium,0.363926649946666,2026,7,Monsoon
2026-07-07,Karnataka,Bengaluru,Binny Mill (FF&V) Bengaluru APMC,Banana,Pachha Bale,600,2700,1650,2393.8274511993086,-743.8274511993086,0,Medium,0.363926649946666,2026,7,Monsoon
2026-07-08,Karnataka,Bengaluru,Binny Mill (FF&V) Bengaluru APMC,Banana,Nendra Bale,1000,2600,1800,2438.9921923061197,-638.9921923061197,0,Medium,0.363926649946666,2026,7,Monsoon
2026-07-08,Karnataka,Bengaluru,Binny Mill (FF&V) Bengaluru APMC,Banana,Elakki Bale,1000,6500,3750,2768.1701938640467,981.8298061359533,0,Medium,0.363926649946666,2026,7,Monsoon
2026-07-08,Karnataka,Bengaluru,Binny Mill (FF&V) Bengaluru APMC,Banana,Nauti Bale,700,2700,1700,2487.204405986772,-787.2044059867721,0,Medium,0.363926649946666,2026,7,Monsoon
2026-07-09,Karnataka,Bengaluru,Binny Mill (FF&V) Bengaluru APMC,Banana,Nendra Bale,1000,2700,1850,2463.7947714243255,-613.7947714243255,0,Medium,0.363926649946666,2026,7,Monsoon
2026-07-10,Karnataka,Bengaluru,Binny Mill (FF&V) Bengaluru APMC,Banana,Pachha Bale,600,2600,1600,2092.967048286091,-492.9670482860911,0,Medium,0.363926649946666,2026,7,Monsoon
2026-07-14,Karnataka,Bengaluru,Binny Mill (FF&V) Bengaluru APMC,Banana,Nendra Bale,1000,2400,1700,2097.1648136922213,-397.1648136922213,0,Medium,0.363926649946666,2026,7,Monsoon
2026-07-15,Karnataka,Bengaluru,Binny Mill (FF&V) Bengaluru APMC,Banana,Nendra Bale,1000,2800,1900,2131.4376875063135,-231.43768750631352,0,Medium,0.363926649946666,2026,7,Monsoon
2026-07-15,Karnataka,Bengaluru,Binny Mill (FF&V) Bengaluru APMC,Banana,Nauti Bale,700,2500,1600,2071.772774137334,-471.7727741373342,0,Medium,0.363926649946666,2026,7,Monsoon
2026-07-16,Karnataka,Bengaluru,Binny Mill (FF&V) Bengaluru APMC,Banana,Nendra Bale,1000,2900,1950,1827.0622650665916,122.93773493340836,0,Medium,0.363926649946666,2026,7,Monsoon
2026-07-16,Karnataka,Bengaluru,Binny Mill (FF&V) Bengaluru APMC,Banana,Pachha Bale,600,3000,1800,1795.8082357852684,4.19176421473162,0,Medium,0.363926649946666,2026,7,Monsoon
2026-07-16,Karnataka,Bengaluru,Binny Mill (FF&V) Bengaluru APMC,Banana,Elakki Bale,1000,7000,4000,2165.7105613204044,1834.2894386795956,0,Medium,0.363926649946666,2026,7,Monsoon
2026-07-16,Karnataka,Bengaluru,Binny Mill (FF&V) Bengaluru APMC,Banana,Nauti Bale,700,2500,1600,1867.0655188208764,-267.0655188208764,0,Medium,0.363926649946666,2026,7,Monsoon
2026-07-17,Karnataka,Bengaluru,Binny Mill (FF&V) Bengaluru APMC,Banana,Pachha Bale,600,3100,2050,2256.965441137125,-206.9654411371248,0,Medium,0.363926649946666,2026,7,Monsoon
2026-07-18,Karnataka,Bengaluru,Binny Mill (FF&V) Bengaluru APMC,Banana,Pachha Bale,600,3000,1800,2186.8247165555035,-386.8247165555035,0,Medium,0.363926649946666,2026,7,Monsoon
2026-07-18,Karnataka,Bengaluru,Binny Mill (FF&V) Bengaluru APMC,Banana,Nendra Bale,1000,2900,1950,2277.663540292147,-327.663540292147,0,Medium,0.363926649946666,2026,7,Monsoon
2026-07-21,Karnataka,Bengaluru,Binny Mill (FF&V) Bengaluru APMC,Banana,Nauti Bale,700,2900,1800,2204.101081626968,-404.10108162696815,0,Medium,0.363926649946666,2026,7,Monsoon
2026-07-21,Karnataka,Bengaluru,Binny Mill (FF&V) Bengaluru APMC,Banana,Nendra Bale,1000,2800,1900,2240.7209256409933,-340.7209256409933,0,Medium,0.363926649946666,2026,7,Monsoon
2026-07-22,Karnataka,Bengaluru,Binny Mill (FF&V) Bengaluru APMC,Banana,Elakki Bale,1000,7100,1050,1754.7479746416423,-704.7479746416423,1,Medium,0.363926649946666,2026,7,Monsoon
2026-07-22,Karnataka,Bengaluru,Binny Mill (FF&V) Bengaluru APMC,Banana,Pachha Bale,600,2700,1650,1878.2624002564426,-228.26240025644256,0,Medium,0.363926649946666,2026,7,Monsoon
2026-07-22,Karnataka,Bengaluru,Binny Mill (FF&V) Bengaluru APMC,Banana,Nendra Bale,1000,2900,1950,1780.556070276606,169.44392972339392,0,Medium,0.363926649946666,2026,7,Monsoon
2026-07-23,Karnataka,Bengaluru,Binny Mill (FF&V) Bengaluru APMC,Banana,Pachha Bale,600,2800,1700,1730.7775076835883,-30.777507683588283,0,Medium,0.363926649946666,2026,7,Monsoon
2026-07-23,Karnataka,Bengaluru,Binny Mill (FF&V) Bengaluru APMC,Banana,Nauti Bale,700,2900,1800,1740.3279212931318,59.672078706868206,0,Medium,0.363926649946666,2026,7,Monsoon
2026-07-24,Karnataka,Bengaluru,Binny Mill (FF&V) Bengaluru APMC,Banana,Nendra Bale,1000,2900,1950,1758.3431130818035,191.6568869181965,0,Medium,0.363926649946666,2026,7,Monsoon
2026-07-24,Karnataka,Bengaluru,Binny Mill (FF&V) Bengaluru APMC,Banana,Elakki Bale,1000,7100,4050,2087.521114639732,1962.4788853602681,1,Medium,0.363926649946666,2026,7,Monsoon
2026-07-24,Karnataka,Bengaluru,Binny Mill (FF&V) Bengaluru APMC,Banana,Pachha Bale,600,2700,1650,1899.996938951793,-249.99693895179303,0,Medium,0.363926649946666,2026,7,Monsoon
2026-07-24,Karnataka,Bengaluru,Binny Mill (FF&V) Bengaluru APMC,Banana,Nauti Bale,700,2800,1750,2242.049212794881,-492.049212794881,0,Medium,0.363926649946666,2026,7,Monsoon
2026-07-27,Karnataka,Bengaluru,Binny Mill (FF&V) Bengaluru APMC,Banana,Nauti Bale,700,3000,1850,2183.4029824719464,-333.4029824719464,0,Medium,0.363926649946666,2026,7,Monsoon
2026-07-27,Karnataka,Bengaluru,Binny Mill (FF&V) Bengaluru APMC,Banana,Pachha Bale,600,2700,1650,2161.6993668001664,-511.69936680016644,0,Medium,0.363926649946666,2026,7,Monsoon
2026-07-27,Karnataka,Bengaluru,Binny Mill (FF&V) Bengaluru APMC,Banana,Elakki Bale,1000,7100,4050,2554.6467616902587,1495.3532383097413,1,Medium,0.363926649946666,2026,7,Monsoon
2026-07-28,Karnataka,Bengaluru,Binny Mill (FF&V) Bengaluru APMC,Banana,Nendra Bale,1000,3000,2000,2244.1844542949116,-244.18445429491157,0,Medium,0.363926649946666,2026,7,Monsoon
2026-07-28,Karnataka,Bengaluru,Binny Mill (FF&V) Bengaluru APMC,Banana,Nauti Bale,700,2900,1800,2156.669489233884,-356.6694892338842,0,Medium,0.363926649946666,2026,7,Monsoon
2026-07-29,Karnataka,Bengaluru,Binny Mill (FF&V) Bengaluru APMC,Banana,Pachha Bale,600,2500,1550,2174.7647999362134,-624.7647999362134,0,Medium,0.363926649946666,2026,7,Monsoon
2026-07-29,Karnataka,Bengaluru,Binny Mill (FF&V) Bengaluru APMC,Banana,Nendra Bale,1000,2800,1900,2233.088259622017,-333.0882596220172,0,Medium,0.363926649946666,2026,7,Monsoon
2026-07-29,Karnataka,Bengaluru,Binny Mill (FF&V) Bengaluru APMC,Banana,Nauti Bale,700,2700,1700,2161.190025277144,-461.19002527714383,0,Medium,0.363926649946666,2026,7,Monsoon
2026-07-30,Karnataka,Bengaluru,Binny Mill (FF&V) Bengaluru APMC,Banana,Elakki Bale,1000,7100,4050,2585.7273866149762,1464.2726133850238,1,Medium,0.363926649946666,2026,7,Monsoon
2026-07-30,Karnataka,Bengaluru,Binny Mill (FF&V) Bengaluru APMC,Banana,Nauti Bale,700,2800,1750,1892.7934955421822,-142.7934955421822,0,Medium,0.363926649946666,2026,7,Monsoon
2026-07-30,Karnataka,Bengaluru,Binny Mill (FF&V) Bengaluru APMC,Banana,Pachha Bale,600,2800,1700,2156.2402666245193,-456.24026662451934,0,Medium,0.363926649946666,2026,7,Monsoon
2026-07-31,Karnataka,Bengaluru,Binny Mill (FF&V) Bengaluru APMC,Banana,Nendra Bale,1000,2900,1950,2194.617620401795,-244.6176204017952,0,Medium,0.363926649946666,2026,7,Monsoon
2026-07-31,Karnataka,Bengaluru,Binny Mill (FF&V) Bengaluru APMC,Banana,Elakki Bale,1000,7200,4100,2575.2515754023334,1524.7484245976666,1,Medium,0.363926649946666,2026,7,Monsoon
2026-07-31,Karnataka,Bengaluru,Binny Mill (FF&V) Bengaluru APMC,Banana,Pachha Bale,600,2900,1950,2291.5227612450503,-341.52276124505033,0,Medium,0.363926649946666,2026,7,Monsoon
2026-08-01,Karnataka,Bengaluru,Binny Mill (FF&V) Bengaluru APMC,Banana,Pachha Bale,600,3000,1800,2596.936619214631,-796.9366192146308,0,Medium,0.363926649946666,2026,8,Monsoon
2026-08-01,Karnataka,Bengaluru,Binny Mill (FF&V) Bengaluru APMC,Banana,Nauti Bale,1000,2500,1750,2243.372094618572,-493.3720946185722,0,Medium,0.363926649946666,2026,8,Monsoon
2026-08-01,Karnataka,Bengaluru,Binny Mill (FF&V) Bengaluru APMC,Banana,Elakki Bale,1000,7000,4000,2615.957327520059,1384.0426724799408,0,Medium,0.363926649946666,2026,8,Monsoon
2026-08-03,Karnataka,Bengaluru,Binny Mill (FF&V) Bengaluru APMC,Banana,Nendra Bale,1000,2900,1950,2315.151885706491,-365.15188570649116,0,Medium,0.363926649946666,2026,8,Monsoon
2026-08-03,Karnataka,Bengaluru,Binny Mill (FF&V) Bengaluru APMC,Banana,Nauti Bale,700,3000,1850,2577.177084191995,-727.1770841919952,0,Medium,0.363926649946666,2026,8,Monsoon
2026-08-03,Karnataka,Bengaluru,Binny Mill (FF&V) Bengaluru APMC,Banana,Pachha Bale,600,2800,1700,2200.567490240982,-500.5674902409819,0,Medium,0.363926649946666,2026,8,Monsoon
2026-08-04,Karnataka,Bengaluru,Binny Mill (FF&V) Bengaluru APMC,Banana,Elakki Bale,1000,7100,4050,2569.5444181730195,1480.4555818269805,1,Medium,0.363926649946666,2026,8,Monsoon
2026-08-04,Karnataka,Bengaluru,Binny Mill (FF&V) Bengaluru APMC,Banana,Nauti Bale,700,3000,1850,2258.6660546975972,-408.66605469759725,0,Medium,0.363926649946666,2026,8,Monsoon
2026-08-04,Karnataka,Bengaluru,Binny Mill (FF&V) Bengaluru APMC,Banana,Nendra Bale,1000,2900,1950,2589.826461247965,-639.8264612479652,0,Medium,0.363926649946666,2026,8,Monsoon
2026-08-04,Karnataka,Bengaluru,Binny Mill (FF&V) Bengaluru APMC,Banana,Pachha Bale,600,2800,1700,2202.3250000042344,-502.3250000042344,0,Medium,0.363926649946666,2026,8,Monsoon
2026-08-05,Karnataka,Bengaluru,Binny Mill (FF&V) Bengaluru APMC,Banana,Nendra Bale,1000,2900,1950,2243.4653800615188,-293.4653800615188,0,Medium,0.363926649946666,2026,8,Monsoon
2026-08-05,Karnataka,Bengaluru,Binny Mill (FF&V) Bengaluru APMC,Banana,Nauti Bale,700,3000,1850,2209.528443413845,-359.5284434138448,0,Medium,0.363926649946666,2026,8,Monsoon
2026-08-06,Karnataka,Bengaluru,Binny Mill (FF&V) Bengaluru APMC,Banana,Elakki Bale,1000,7200,4100,2620.4910300926076,1479.5089699073924,1,Medium,0.363926649946666,2026,8,Monsoon
2026-08-06,Karnataka,Bengaluru,Binny Mill (FF&V) Bengaluru APMC,Banana,Nauti Bale,700,3000,1850,1957.389595704303,-107.38959570430302,0,Medium,0.363926649946666,2026,8,Monsoon
2026-08-07,Karnataka,Bengaluru,Binny Mill (FF&V) Bengaluru APMC,Banana,Pachha Bale,600,2800,1700,2245.638945904847,-545.6389459048469,0,Medium,0.363926649946666,2026,8,Monsoon
2026-08-07,Karnataka,Bengaluru,Binny Mill (FF&V) Bengaluru APMC,Banana,Nauti Bale,700,2800,1750,2233.4857438426106,-483.48574384261065,0,Medium,0.363926649946666,2026,8,Monsoon
2026-08-07,Karnataka,Bengaluru,Binny Mill (FF&V) Bengaluru APMC,Banana,Elakki Bale,1000,7000,4000,2600.6250430977384,1399.3749569022616,0,Medium,0.363926649946666,2026,8,Monsoon
2026-08-04,Karnataka,Mysuru,Mysuru APMC,Banana,Pachha Bale,2260,2260,2260,2167.8926168667576,92.10738313324237,1,Medium,0.363926649946666,2026,8,Monsoon
2024-12-10,Telangana,Warangal,Warangal,Banana,Banana - Ripe,2800,2800,2800,2835.762242158731,-35.76224215873117,0,Medium,0.363926649946666,2024,12,Winter
2026-04-02,Karnataka,Bengaluru,"Binny Mill (F&V), Bengaluru APMC",Brinjal,Brinjal,1600,2000,1800,1940.7601393399598,-140.76013933995978,0,Low,0.2842290683787467,2026,4,Summer
2026-04-04,Karnataka,Bengaluru,"Binny Mill (F&V), Bengaluru APMC",Brinjal,Brinjal,1800,2200,2000,2020.2511668699676,-20.25116686996762,0,Low,0.2842290683787467,2026,4,Summer
2026-04-06,Karnataka,Bengaluru,"Binny Mill (F&V), Bengaluru APMC",Brinjal,Brinjal,2000,2200,2100,2004.502639744582,95.49736025541802,0,Low,0.2842290683787467,2026,4,Summer
2026-04-07,Karnataka,Bengaluru,"Binny Mill (F&V), Bengaluru APMC",Brinjal,Brinjal,2000,2200,2100,2026.5822520396086,73.41774796039135,0,Low,0.2842290683787467,2026,4,Summer
2026-04-08,Karnataka,Bengaluru,"Binny Mill (F&V), Bengaluru APMC",Brinjal,Brinjal,2000,2200,2100,2052.7529911455435,47.24700885445645,0,Low,0.2842290683787467,2026,4,Summer
2026-04-10,Karnataka,Bengaluru,"Binny Mill (F&V), Bengaluru APMC",Brinjal,Brinjal,2000,2400,2200,2096.9656283447025,103.03437165529749,0,Low,0.2842290683787467,2026,4,Summer
2026-04-13,Karnataka,Bengaluru,"Binny Mill (F&V), Bengaluru APMC",Brinjal,Brinjal,2000,2400,2200,2087.0924440980293,112.90755590197068,0,Low,0.2842290683787467,2026,4,Summer
2026-04-15,Karnataka,Bengaluru,"Binny Mill (F&V), Bengaluru APMC",Brinjal,Brinjal,2200,2600,2400,2199.0454230697715,200.95457693022854,0,Low,0.2842290683787467,2026,4,Summer
2026-04-16,Karnataka,Bengaluru,"Binny Mill (F&V), Bengaluru APMC",Brinjal,Brinjal,2300,2700,2500,2260.3877272883437,239.61227271165626,0,Low,0.2842290683787467,2026,4,Summer
2026-04-17,Karnataka,Bengaluru,"Binny Mill (F&V), Bengaluru APMC",Brinjal,Brinjal,2400,2800,2600,2335.304806165986,264.69519383401393,0,Low,0.2842290683787467,2026,4,Summer
2026-04-18,Karnataka,Bengaluru,"Binny Mill (F&V), Bengaluru APMC",Brinjal,Brinjal,2500,2900,2700,2426.4795670690482,273.52043293095176,0,Low,0.2842290683787467,2026,4,Summer
2026-04-21,Karnataka,Bengaluru,"Binny Mill (F&V), Bengaluru APMC",Brinjal,Brinjal,2200,2600,2400,2432.864064847795,-32.86406484779491,0,Low,0.2842290683787467,2026,4,Summer
2026-04-22,Karnataka,Bengaluru,"Binny Mill (F&V), Bengaluru APMC",Brinjal,Brinjal,2000,2500,2300,2497.0495142600344,-197.04951426003436,0,Low,0.2842290683787467,2026,4,Summer
2026-04-23,Karnataka,Bengaluru,"Binny Mill (F&V), Bengaluru APMC",Brinjal,Brinjal,2200,2500,2400,2550.3430963795554,-150.3430963795554,0,Low,0.2842290683787467,2026,4,Summer
2026-04-24,Karnataka,Bengaluru,"Binny Mill (F&V), Bengaluru APMC",Brinjal,Brinjal,2400,2800,2600,2576.487129180937,23.51287081906321,0,Low,0.2842290683787467,2026,4,Summer
2026-04-27,Karnataka,Bengaluru,"Binny Mill (F&V), Bengaluru APMC",Brinjal,Brinjal,2400,2600,2500,2520.5238062243534,-20.523806224353393,0,Low,0.2842290683787467,2026,4,Summer
2026-04-28,Karnataka,Bengaluru,"Binny Mill (F&V), Bengaluru APMC",Brinjal,Brinjal,2400,2600,2500,2525.044342267614,-25.044342267613956,0,Low,0.2842290683787467,2026,4,Summer
2026-04-29,Karnataka,Bengaluru,"Binny Mill (F&V), Bengaluru APMC",Brinjal,Brinjal,2500,3000,2800,2548.505467702645,251.4945322973549,0,Low,0.2842290683787467,2026,4,Summer
2026-04-30,Karnataka,Bengaluru,"Binny Mill (F&V), Bengaluru APMC",Brinjal,Brinjal,2500,2700,2600,2547.4999511858878,52.50004881411223,0,Low,0.2842290683787467,2026,4,Summer
2026-05-02,Karnataka,Bengaluru,"Binny Mill (F&V), Bengaluru APMC",Brinjal,Brinjal,2600,3100,2900,2676.697556840325,223.30244315967502,0,Low,0.2842290683787467,2026,5,Summer
2026-05-04,Karnataka,Bengaluru,"Binny Mill (F&V), Bengaluru APMC",Brinjal,Brinjal,2700,3200,3000,2697.5021079675817,302.49789203241835,0,Low,0.2842290683787467,2026,5,Summer
2026-05-07,Karnataka,Bengaluru,"Binny Mill (F&V), Bengaluru APMC",Brinjal,Brinjal,3000,3200,3100,2786.8260736644465,313.17392633555346,0,Low,0.2842290683787467,2026,5,Summer
2026-05-08,Karnataka,Bengaluru,"Binny Mill (F&V), Bengaluru APMC",Brinjal,Brinjal,2800,3200,3000,2861.743152542088,138.25684745791204,0,Low,0.2842290683787467,2026,5,Summer
2026-05-12,Karnataka,Bengaluru,"Binny Mill (F&V), Bengaluru APMC",Brinjal,Brinjal,2900,3300,3100,2951.2536891248446,148.74631087515536,0,Low,0.2842290683787467,2026,5,Summer
2026-05-13,Karnataka,Bengaluru,"Binny Mill (F&V), Bengaluru APMC",Brinjal,Brinjal,3000,3400,3200,3009.9130859770667,190.08691402293334,0,Low,0.2842290683787467,2026,5,Summer
2026-05-15,Karnataka,Bengaluru,"Binny Mill (F&V), Bengaluru APMC",Brinjal,Brinjal,3000,3300,3200,3108.2912902897406,91.70870971025943,0,Low,0.2842290683787467,2026,5,Summer
2026-05-16,Karnataka,Bengaluru,"Binny Mill (F&V), Bengaluru APMC",Brinjal,Brinjal,3000,3300,3200,3164.2677797756114,35.732220224388584,0,Low,0.2842290683787467,2026,5,Summer
2026-05-18,Karnataka,Bengaluru,"Binny Mill (F&V), Bengaluru APMC",Brinjal,Brinjal,3200,3500,3400,3193.281290829237,206.71870917076285,0,Low,0.2842290683787467,2026,5,Summer
2026-05-19,Karnataka,Bengaluru,"Binny Mill (F&V), Bengaluru APMC",Brinjal,Brinjal,3000,3300,3200,3189.5928669461287,10.407133053871348,0,Low,0.2842290683787467,2026,5,Summer
2026-05-20,Karnataka,Bengaluru,"Binny Mill (F&V), Bengaluru APMC",Brinjal,Brinjal,3000,3300,3200,3256.461223724719,-56.46122372471882,0,Low,0.2842290683787467,2026,5,Summer
2026-05-21,Karnataka,Bengaluru,"Binny Mill (F&V), Bengaluru APMC",Brinjal,Brinjal,2800,3000,2900,3231.14930308349,-331.14930308348994,0,Low,0.2842290683787467,2026,5,Summer
2026-05-25,Karnataka,Bengaluru,"Binny Mill (F&V), Bengaluru APMC",Brinjal,Brinjal,2800,3000,2900,3201.4902507556044,-301.4902507556044,0,Low,0.2842290683787467,2026,5,Summer
2026-05-26,Karnataka,Bengaluru,"Binny Mill (F&V), Bengaluru APMC",Brinjal,Brinjal,300,3200,3100,3192.4360121397954,-92.43601213979537,0,Low,0.2842290683787467,2026,5,Summer
2026-05-29,Karnataka,Bengaluru,"Binny Mill (F&V), Bengaluru APMC",Brinjal,Brinjal,3000,3500,3300,3203.1544750759094,96.84552492409057,0,Low,0.2842290683787467,2026,5,Summer
2026-05-30,Karnataka,Bengaluru,"Binny Mill (F&V), Bengaluru APMC",Brinjal,Brinjal,3300,3500,3400,3183.208369167382,216.791630832618,0,Low,0.2842290683787467,2026,5,Summer
2026-06-01,Karnataka,Bengaluru,"Binny Mill (F&V), Bengaluru APMC",Brinjal,Brinjal,3300,3500,3400,3175.5240873449707,224.47591265502933,0,Low,0.2842290683787467,2026,6,Monsoon
2026-06-02,Karnataka,Bengaluru,"Binny Mill (F&V), Bengaluru APMC",Brinjal,Brinjal,3000,3500,3300,3198.985212780002,101.0147872199982,0,Low,0.2842290683787467,2026,6,Monsoon
2026-06-03,Karnataka,Bengaluru,"Binny Mill (F&V), Bengaluru APMC",Brinjal,Brinjal,3000,3300,3200,3268.536476924942,-68.53647692494178,0,Low,0.2842290683787467,2026,6,Monsoon
2026-06-04,Karnataka,Bengaluru,"Binny Mill (F&V), Bengaluru APMC",Brinjal,Brinjal,3000,3300,3200,3338.0877410698836,-138.08774106988358,0,Low,0.2842290683787467,2026,6,Monsoon
2026-06-05,Karnataka,Bengaluru,"Binny Mill (F&V), Bengaluru APMC",Brinjal,Brinjal,2800,3100,3000,3329.033502454074,-329.0335024540741,0,Low,0.2842290683787467,2026,6,Monsoon
2026-06-06,Karnataka,Bengaluru,"Binny Mill (F&V), Bengaluru APMC",Brinjal,Brinjal,2700,3000,2900,3298.3557670801433,-398.3557670801433,0,Low,0.2842290683787467,2026,6,Monsoon
2026-06-08,Karnataka,Bengaluru,"Binny Mill (F&V), Bengaluru APMC",Brinjal,Brinjal,2700,3000,2900,3194.6249145640572,-294.62491456405724,0,Low,0.2842290683787467,2026,6,Monsoon
2026-06-09,Karnataka,Bengaluru,"Binny Mill (F&V), Bengaluru APMC",Brinjal,Brinjal,2800,3200,3000,3136.7976298719886,-136.79762987198865,0,Low,0.2842290683787467,2026,6,Monsoon
2026-06-10,Karnataka,Bengaluru,"Binny Mill (F&V), Bengaluru APMC",Brinjal,Brinjal,2800,3200,3000,3081.653252546269,-81.65325254626896,0,Low,0.2842290683787467,2026,6,Monsoon
2026-06-11,Karnataka,Bengaluru,"Binny Mill (F&V), Bengaluru APMC",Brinjal,Brinjal,2700,3000,2900,3040.08364987962,-140.08364987962022,0,Low,0.2842290683787467,2026,6,Monsoon
2026-06-12,Karnataka,Bengaluru,"Binny Mill (F&V), Bengaluru APMC",Brinjal,Brinjal,3000,3200,3100,3044.6041859228812,55.39581407711876,0,Low,0.2842290683787467,2026,6,Monsoon
2026-06-15,Karnataka,Bengaluru,"Binny Mill (F&V), Bengaluru APMC",Brinjal,Brinjal,2800,3000,2900,2972.3831809408775,-72.38318094087754,0,Low,0.2842290683787467,2026,6,Monsoon
2026-06-16,Karnataka,Bengaluru,"Binny Mill (F&V), Bengaluru APMC",Brinjal,Brinjal,2500,3000,2800,2990.478491643207,-190.47849164320678,0,Low,0.2842290683787467,2026,6,Monsoon
2026-06-17,Karnataka,Bengaluru,"Binny Mill (F&V), Bengaluru APMC",Brinjal,Brinjal,2800,3000,2900,3011.2567097118877,-111.25670971188765,0,Low,0.2842290683787467,2026,6,Monsoon
2026-06-18,Karnataka,Bengaluru,"Binny Mill (F&V), Bengaluru APMC",Brinjal,Brinjal,3000,3300,3200,3037.40074251327,162.59925748673004,0,Low,0.2842290683787467,2026,6,Monsoon
2026-06-19,Karnataka,Bengaluru,"Binny Mill (F&V), Bengaluru APMC",Brinjal,Brinjal,3600,4000,3800,3133.941318149033,666.0586818509669,1,Low,0.2842290683787467,2026,6,Monsoon
2026-06-20,Karnataka,Bengaluru,"Binny Mill (F&V), Bengaluru APMC",Brinjal,Brinjal,3500,3900,3700,3189.7575698075875,510.2424301924125,0,Low,0.2842290683787467,2026,6,Monsoon
2026-06-22,Karnataka,Bengaluru,"Binny Mill (F&V), Bengaluru APMC",Brinjal,Brinjal,3300,3700,3500,3232.3458555202824,267.6541444797176,0,Low,0.2842290683787467,2026,6,Monsoon
2026-06-23,Karnataka,Bengaluru,"Binny Mill (F&V), Bengaluru APMC",Brinjal,Brinjal,3400,3800,3600,3380.502622425973,219.4973775740268,0,Low,0.2842290683787467,2026,6,Monsoon
2026-06-24,Karnataka,Bengaluru,"Binny Mill (F&V), Bengaluru APMC",Brinjal,Brinjal,3500,4000,3700,3520.4504294052954,179.54957059470462,0,Low,0.2842290683787467,2026,6,Monsoon
2026-06-25,Karnataka,Bengaluru,"Binny Mill (F&V), Bengaluru APMC",Brinjal,Brinjal,3500,4000,3700,3644.1405543591977,55.85944564080228,0,Low,0.2842290683787467,2026,6,Monsoon
2026-06-29,Karnataka,Bengaluru,"Binny Mill (F&V), Bengaluru APMC",Brinjal,Brinjal,3500,4000,3700,3703.818634257466,-3.818634257465874,0,Low,0.2842290683787467,2026,6,Monsoon
2026-06-30,Karnataka,Bengaluru,"Binny Mill (F&V), Bengaluru APMC",Brinjal,Brinjal,3500,4000,3700,3694.7643956416555,5.235604358344517,0,Low,0.2842290683787467,2026,6,Monsoon
2026-07-01,Karnataka,Bengaluru,"Binny Mill (F&V), Bengaluru APMC",Brinjal,Brinjal,3500,4000,3700,3692.062916415822,7.937083584177799,0,Low,0.2842290683787467,2026,7,Monsoon
2026-07-02,Karnataka,Bengaluru,"Binny Mill (F&V), Bengaluru APMC",Brinjal,Brinjal,3500,4000,3700,3731.781723876273,-31.78172387627319,0,Low,0.2842290683787467,2026,7,Monsoon
2026-07-03,Karnataka,Bengaluru,"Binny Mill (F&V), Bengaluru APMC",Brinjal,Brinjal,3500,4000,3700,3755.2428493113043,-55.242849311304326,0,Low,0.2842290683787467,2026,7,Monsoon
2026-07-04,Karnataka,Bengaluru,"Binny Mill (F&V), Bengaluru APMC",Brinjal,Brinjal,3200,4000,3600,3746.1886106954958,-146.18861069549575,0,Low,0.2842290683787467,2026,7,Monsoon
2026-07-06,Karnataka,Bengaluru,"Binny Mill (F&V), Bengaluru APMC",Brinjal,Brinjal,2500,3000,2700,3561.1693480523086,-861.1693480523086,0,Low,0.2842290683787467,2026,7,Monsoon
2026-07-07,Karnataka,Bengaluru,"Binny Mill (F&V), Bengaluru APMC",Brinjal,Brinjal,2300,2500,2400,3479.1958970630844,-1079.1958970630844,0,Low,0.2842290683787467,2026,7,Monsoon
2026-07-08,Karnataka,Bengaluru,"Binny Mill (F&V), Bengaluru APMC",Brinjal,Brinjal,2300,2500,2400,3315.773798119443,-915.7737981194432,0,Low,0.2842290683787467,2026,7,Monsoon
2026-07-09,Karnataka,Bengaluru,"Binny Mill (F&V), Bengaluru APMC",Brinjal,Brinjal,2000,2500,2400,3111.6273751985927,-711.6273751985927,0,Low,0.2842290683787467,2026,7,Monsoon
2026-07-10,Karnataka,Bengaluru,"Binny Mill (F&V), Bengaluru APMC",Brinjal,Brinjal,2000,2500,2400,2907.4809522777423,-507.4809522777423,0,Low,0.2842290683787467,2026,7,Monsoon
2026-07-13,Karnataka,Bengaluru,"Binny Mill (F&V), Bengaluru APMC",Brinjal,Brinjal,2200,2600,2400,2667.317312308837,-267.3173123088368,0,Low,0.2842290683787467,2026,7,Monsoon
2026-07-14,Karnataka,Bengaluru,"Binny Mill (F&V), Bengaluru APMC",Brinjal,Brinjal,2000,2400,2300,2463.170889387987,-163.1708893879868,0,Low,0.2842290683787467,2026,7,Monsoon
2026-07-15,Karnataka,Bengaluru,"Binny Mill (F&V), Bengaluru APMC",Brinjal,Brinjal,2300,2600,2400,2435.1760613804067,-35.176061380406736,0,Low,0.2842290683787467,2026,7,Monsoon
2026-07-16,Karnataka,Bengaluru,"Binny Mill (F&V), Bengaluru APMC",Brinjal,Brinjal,2300,2600,2400,2428.804730130949,-28.804730130948883,0,Low,0.2842290683787467,2026,7,Monsoon
2026-07-17,Karnataka,Bengaluru,"Binny Mill (F&V), Bengaluru APMC",Brinjal,Brinjal,2300,2600,2400,2436.0081735405597,-36.00817354055971,0,Low,0.2842290683787467,2026,7,Monsoon
2026-07-18,Karnataka,Bengaluru,"Binny Mill (F&V), Bengaluru APMC",Brinjal,Brinjal,2500,2800,2700,2491.984663026431,208.015336973569,0,Low,0.2842290683787467,2026,7,Monsoon
2026-07-20,Karnataka,Bengaluru,"Binny Mill (F&V), Bengaluru APMC",Brinjal,Brinjal,2400,2800,2700,2464.0161680774277,235.98383192257234,0,Low,0.2842290683787467,2026,7,Monsoon
2026-07-21,Karnataka,Bengaluru,"Binny Mill (F&V), Bengaluru APMC",Brinjal,Brinjal,2500,2800,2700,2519.9926575632985,180.0073424367015,0,Low,0.2842290683787467,2026,7,Monsoon
2026-06-05,Karnataka,Bengaluru,Binny Mill (FF&V) Bengaluru APMC,Brinjal,Brinjal,2800,3100,3000,3237.1063194985145,-237.1063194985145,0,Low,0.2842290683787467,2026,6,Monsoon
2026-06-09,Karnataka,Bengaluru,Binny Mill (FF&V) Bengaluru APMC,Brinjal,Brinjal,2800,3200,3000,3193.925905120665,-193.925905120665,0,Low,0.2842290683787467,2026,6,Monsoon
2026-06-11,Karnataka,Bengaluru,Binny Mill (FF&V) Bengaluru APMC,Brinjal,Brinjal,2700,3000,2900,3141.9472570027556,-241.94725700275558,0,Low,0.2842290683787467,2026,6,Monsoon
2026-06-12,Karnataka,Bengaluru,Binny Mill (FF&V) Bengaluru APMC,Brinjal,Brinjal,3000,3200,3100,3168.415663780333,-68.41566378033303,0,Low,0.2842290683787467,2026,6,Monsoon
2026-06-15,Karnataka,Bengaluru,Binny Mill (FF&V) Bengaluru APMC,Brinjal,Brinjal,2800,3000,2900,3078.311208570368,-178.31120857036785,0,Low,0.2842290683787467,2026,6,Monsoon
2026-06-17,Karnataka,Bengaluru,Binny Mill (FF&V) Bengaluru APMC,Brinjal,Brinjal,2800,3000,2900,3095.4811216695985,-195.48112166959845,0,Low,0.2842290683787467,2026,6,Monsoon
2026-06-19,Karnataka,Bengaluru,Binny Mill (FF&V) Bengaluru APMC,Brinjal,Brinjal,3600,4000,3800,3174.9187365905013,625.0812634094987,1,Low,0.2842290683787467,2026,6,Monsoon
2026-06-20,Karnataka,Bengaluru,Binny Mill (FF&V) Bengaluru APMC,Brinjal,Brinjal,3500,3900,3700,3173.7529822464276,526.2470177535724,0,Low,0.2842290683787467,2026,6,Monsoon
2026-06-22,Karnataka,Bengaluru,Binny Mill (FF&V) Bengaluru APMC,Brinjal,Brinjal,3300,3700,3500,3232.5989499845423,267.4010500154577,0,Low,0.2842290683787467,2026,6,Monsoon
2026-06-23,Karnataka,Bengaluru,Binny Mill (FF&V) Bengaluru APMC,Brinjal,Brinjal,3400,3800,3600,3380.755716890233,219.2442831097669,0,Low,0.2842290683787467,2026,6,Monsoon
2026-06-24,Karnataka,Bengaluru,Binny Mill (FF&V) Bengaluru APMC,Brinjal,Brinjal,3500,4000,3700,3471.930477793295,228.0695222067052,0,Low,0.2842290683787467,2026,6,Monsoon
2026-06-25,Karnataka,Bengaluru,Binny Mill (FF&V) Bengaluru APMC,Brinjal,Brinjal,3500,4000,3700,3595.6206027471976,104.37939725280239,0,Low,0.2842290683787467,2026,6,Monsoon
2026-06-29,Karnataka,Bengaluru,Binny Mill (FF&V) Bengaluru APMC,Brinjal,Brinjal,3500,4000,3700,3704.071728721726,-4.071728721725776,0,Low,0.2842290683787467,2026,6,Monsoon
2026-07-01,Karnataka,Bengaluru,Binny Mill (FF&V) Bengaluru APMC,Brinjal,Brinjal,3500,4000,3700,3692.316010880082,7.6839891199178965,0,Low,0.2842290683787467,2026,7,Monsoon
2026-07-03,Karnataka,Bengaluru,Binny Mill (FF&V) Bengaluru APMC,Brinjal,Brinjal,3500,4000,3700,3706.7228976993038,-6.722897699303758,0,Low,0.2842290683787467,2026,7,Monsoon
2026-07-09,Karnataka,Bengaluru,Binny Mill (FF&V) Bengaluru APMC,Brinjal,Brinjal,2000,2500,2400,3520.6849520100723,-1120.6849520100723,0,Low,0.2842290683787467,2026,7,Monsoon
2026-07-13,Karnataka,Bengaluru,Binny Mill (FF&V) Bengaluru APMC,Brinjal,Brinjal,2200,2600,2400,3480.454508044101,-1080.4545080441012,0,Low,0.2842290683787467,2026,7,Monsoon
2026-07-15,Karnataka,Bengaluru,Binny Mill (FF&V) Bengaluru APMC,Brinjal,Brinjal,2300,2600,2400,3283.511528532862,-883.511528532862,0,Low,0.2842290683787467,2026,7,Monsoon
2026-07-17,Karnataka,Bengaluru,Binny Mill (FF&V) Bengaluru APMC,Brinjal,Brinjal,2300,2600,2400,3086.5685490216233,-686.5685490216233,0,Low,0.2842290683787467,2026,7,Monsoon
2026-07-20,Karnataka,Bengaluru,Binny Mill (FF&V) Bengaluru APMC,Brinjal,Brinjal,2400,2800,2700,2895.177955128978,-195.17795512897783,0,Low,0.2842290683787467,2026,7,Monsoon
2026-07-21,Karnataka,Bengaluru,Binny Mill (FF&V) Bengaluru APMC,Brinjal,Brinjal,2500,2800,2700,2699.0802543071804,0.9197456928195606,0,Low,0.2842290683787467,2026,7,Monsoon
2026-07-23,Karnataka,Bengaluru,Binny Mill (FF&V) Bengaluru APMC,Brinjal,Brinjal,2500,2800,2700,2550.910320872201,149.08967912779917,0,Low,0.2842290683787467,2026,7,Monsoon
2026-07-24,Karnataka,Bengaluru,Binny Mill (FF&V) Bengaluru APMC,Brinjal,Brinjal,2500,2800,2700,2606.8868103580726,93.11318964192742,0,Low,0.2842290683787467,2026,7,Monsoon
2026-07-27,Karnataka,Bengaluru,Binny Mill (FF&V) Bengaluru APMC,Brinjal,Brinjal,2500,2800,2700,2626.846082795888,73.15391720411208,0,Low,0.2842290683787467,2026,7,Monsoon
2026-07-28,Karnataka,Bengaluru,Binny Mill (FF&V) Bengaluru APMC,Brinjal,Brinjal,2600,3100,2900,2715.3379363325994,184.66206366740062,0,Low,0.2842290683787467,2026,7,Monsoon
2026-07-29,Karnataka,Bengaluru,Binny Mill (FF&V) Bengaluru APMC,Brinjal,Brinjal,2600,3100,2900,2776.6802405511726,123.31975944882743,0,Low,0.2842290683787467,2026,7,Monsoon
2026-07-30,Karnataka,Bengaluru,Binny Mill (FF&V) Bengaluru APMC,Brinjal,Brinjal,2600,3100,2900,2816.3990480116236,83.60095198837644,0,Low,0.2842290683787467,2026,7,Monsoon
2026-08-01,Karnataka,Bengaluru,Binny Mill (FF&V) Bengaluru APMC,Brinjal,Brinjal,2700,3100,2900,2853.4163762462413,46.58362375375873,0,Low,0.2842290683787467,2026,8,Monsoon
2026-08-04,Karnataka,Bengaluru,Binny Mill (FF&V) Bengaluru APMC,Brinjal,Brinjal,2600,3000,2800,2840.860284633217,-40.86028463321691,0,Low,0.2842290683787467,2026,8,Monsoon
2026-08-05,Karnataka,Bengaluru,Binny Mill (FF&V) Bengaluru APMC,Brinjal,Brinjal,2600,3000,2800,2877.8961847273176,-77.89618472731763,0,Low,0.2842290683787467,2026,8,Monsoon
2026-08-06,Karnataka,Bengaluru,Binny Mill (FF&V) Bengaluru APMC,Brinjal,Brinjal,2200,2800,2400,2836.326582060669,-436.3265820606689,0,Low,0.2842290683787467,2026,8,Monsoon
2026-04-02,Karnataka,Mysuru,Mysuru APMC,Brinjal,Brinjal,1800,2000,1900,1949.7037674909348,-49.70376749093475,0,Low,0.2842290683787467,2026,4,Summer
2026-04-02,Karnataka,Mysuru,Mysuru APMC,Brinjal,Round,1200,1400,1300,1722.0962191350536,-422.0962191350536,1,Low,0.2842290683787467,2026,4,Summer
2026-04-03,Karnataka,Mysuru,Mysuru APMC,Brinjal,Round,1200,1400,1300,1696.9445363211407,-396.94453632114073,1,Low,0.2842290683787467,2026,4,Summer
2026-04-03,Karnataka,Mysuru,Mysuru APMC,Brinjal,Brinjal,2300,2500,2400,1879.0305750058458,520.9694249941542,0,Low,0.2842290683787467,2026,4,Summer
2026-04-05,Karnataka,Mysuru,Mysuru APMC,Brinjal,Round,1400,1600,1500,1694.799971764863,-194.7999717648629,0,Low,0.2842290683787467,2026,4,Summer
2026-04-05,Karnataka,Mysuru,Mysuru APMC,Brinjal,Brinjal,2800,3000,2900,2009.3555143306257,890.6444856693743,0,Low,0.2842290683787467,2026,4,Summer
2026-04-06,Karnataka,Mysuru,Mysuru APMC,Brinjal,Round,1800,2000,1900,1776.0880086459865,123.91199135401348,0,Low,0.2842290683787467,2026,4,Summer
2026-04-07,Karnataka,Mysuru,Mysuru APMC,Brinjal,Brinjal,2800,3000,2900,2081.6160189004936,818.3839810995064,0,Low,0.2842290683787467,2026,4,Summer
2026-04-08,Karnataka,Mysuru,Mysuru APMC,Brinjal,Round,2300,2500,2400,2131.906217999031,268.093782000969,0,Low,0.2842290683787467,2026,4,Summer
2026-04-08,Karnataka,Mysuru,Mysuru APMC,Brinjal,Brinjal,2800,3000,2900,2459.9030037011,440.0969962989002,0,Low,0.2842290683787467,2026,4,Summer
2026-04-09,Karnataka,Mysuru,Mysuru APMC,Brinjal,Round,2000,2200,2100,2350.4595277391036,-250.45952773910358,0,Low,0.2842290683787467,2026,4,Summer
2026-04-10,Karnataka,Mysuru,Mysuru APMC,Brinjal,Brinjal,2800,3000,2900,2693.868716777152,206.1312832228482,0,Low,0.2842290683787467,2026,4,Summer
2026-04-10,Karnataka,Mysuru,Mysuru APMC,Brinjal,Round,2000,2200,2100,2455.209063301235,-355.2090633012349,0,Low,0.2842290683787467,2026,4,Summer
2026-04-12,Karnataka,Mysuru,Mysuru APMC,Brinjal,Round,2400,2600,2500,2675.760239545533,-175.76023954553284,0,Low,0.2842290683787467,2026,4,Summer
2026-04-12,Karnataka,Mysuru,Mysuru APMC,Brinjal,Brinjal,3300,3500,3400,2702.7495510363556,697.2504489636444,0,Low,0.2842290683787467,2026,4,Summer
2026-04-13,Karnataka,Mysuru,Mysuru APMC,Brinjal,Brinjal,3800,4000,3900,2781.2211490283653,1118.7788509716347,1,Low,0.2842290683787467,2026,4,Summer
2026-04-13,Karnataka,Mysuru,Mysuru APMC,Brinjal,Round,2800,3000,2900,2713.3472757330183,186.65272426698175,0,Low,0.2842290683787467,2026,4,Summer
2026-04-14,Karnataka,Mysuru,Mysuru APMC,Brinjal,Brinjal,3300,3500,3400,3067.648332063785,332.3516679362151,0,Low,0.2842290683787467,2026,4,Summer
2026-04-15,Karnataka,Mysuru,Mysuru APMC,Brinjal,Brinjal,3300,3500,3400,3088.2663123051493,311.7336876948507,0,Low,0.2842290683787467,2026,4,Summer
2026-04-15,Karnataka,Mysuru,Mysuru APMC,Brinjal,Round,2500,2700,2600,3169.5547224322495,-569.5547224322495,0,Low,0.2842290683787467,2026,4,Summer
2026-04-16,Karnataka,Mysuru,Mysuru APMC,Brinjal,Round,2300,2500,2400,3269.0986810889963,-869.0986810889963,0,Low,0.2842290683787467,2026,4,Summer
2026-04-17,Karnataka,Mysuru,Mysuru APMC,Brinjal,Brinjal,3800,4000,3900,3384.740083943847,515.2599160561531,1,Low,0.2842290683787467,2026,4,Summer
2026-04-17,Karnataka,Mysuru,Mysuru APMC,Brinjal,Round,2500,2700,2600,2969.7685977273436,-369.7685977273436,0,Low,0.2842290683787467,2026,4,Summer
2026-04-19,Karnataka,Mysuru,Mysuru APMC,Brinjal,Brinjal,3800,4000,3900,3323.2243753686703,576.7756246313297,1,Low,0.2842290683787467,2026,4,Summer
2026-04-20,Karnataka,Mysuru,Mysuru APMC,Brinjal,Brinjal,3100,3300,3200,3071.01628029226,128.98371970773997,0,Low,0.2842290683787467,2026,4,Summer
2026-04-21,Karnataka,Mysuru,Mysuru APMC,Brinjal,Round,2300,2500,2400,3010.6663260611567,-610.6663260611567,0,Low,0.2842290683787467,2026,4,Summer
2026-04-21,Karnataka,Mysuru,Mysuru APMC,Brinjal,Brinjal,3300,3500,3400,3249.325979537073,150.67402046292682,0,Low,0.2842290683787467,2026,4,Summer
2026-04-22,Karnataka,Mysuru,Mysuru APMC,Brinjal,Brinjal,3300,3500,3400,3283.3584966101903,116.64150338980971,0,Low,0.2842290683787467,2026,4,Summer
2026-04-24,Karnataka,Mysuru,Mysuru APMC,Brinjal,Brinjal,3300,3500,3400,3216.4769733023118,183.52302669768824,0,Low,0.2842290683787467,2026,4,Summer
2026-04-24,Karnataka,Mysuru,Mysuru APMC,Brinjal,Round,2500,2700,2600,3216.4769733023118,-616.4769733023118,0,Low,0.2842290683787467,2026,4,Summer
2026-04-27,Karnataka,Mysuru,Mysuru APMC,Brinjal,Brinjal,3100,3300,3200,3182.4576227584826,17.542377241517443,0,Low,0.2842290683787467,2026,4,Summer
2026-04-27,Karnataka,Mysuru,Mysuru APMC,Brinjal,Round,2300,2500,2400,2970.947518600706,-570.9475186007062,0,Low,0.2842290683787467,2026,4,Summer
2026-04-28,Karnataka,Mysuru,Mysuru APMC,Brinjal,Round,2200,2400,2300,3070.4914772574525,-770.4914772574525,0,Low,0.2842290683787467,2026,4,Summer
2026-04-29,Karnataka,Mysuru,Mysuru APMC,Brinjal,Round,1800,2000,1900,2847.4044649448306,-947.4044649448306,0,Low,0.2842290683787467,2026,4,Summer
2026-04-29,Karnataka,Mysuru,Mysuru APMC,Brinjal,Brinjal,1800,2000,1900,2657.8383331998075,-757.8383331998075,0,Low,0.2842290683787467,2026,4,Summer
2026-04-30,Karnataka,Mysuru,Mysuru APMC,Brinjal,Brinjal,1800,2000,1900,2421.1765462281173,-521.1765462281173,0,Low,0.2842290683787467,2026,4,Summer
2026-04-30,Karnataka,Mysuru,Mysuru APMC,Brinjal,Round,1500,1700,1600,2258.599725973917,-658.599725973917,0,Low,0.2842290683787467,2026,4,Summer
2026-05-01,Karnataka,Mysuru,Mysuru APMC,Brinjal,Brinjal,1300,1500,1400,2003.9842942677299,-603.9842942677299,0,Low,0.2842290683787467,2026,5,Summer
2026-05-01,Karnataka,Mysuru,Mysuru APMC,Brinjal,Round,1500,1700,1600,1901.0723873825082,-301.07238738250817,0,Low,0.2842290683787467,2026,5,Summer
2026-05-03,Karnataka,Mysuru,Mysuru APMC,Brinjal,Round,1800,2000,1900,1823.298996781911,76.701003218089,0,Low,0.2842290683787467,2026,5,Summer
2026-05-03,Karnataka,Mysuru,Mysuru APMC,Brinjal,Brinjal,1300,1500,1400,1701.2862626776018,-301.2862626776018,0,Low,0.2842290683787467,2026,5,Summer
2026-05-04,Karnataka,Mysuru,Mysuru APMC,Brinjal,Round,1600,1800,1700,1693.4241114644428,6.575888535557169,0,Low,0.2842290683787467,2026,5,Summer
2026-05-04,Karnataka,Mysuru,Mysuru APMC,Brinjal,Brinjal,1300,1500,1400,1571.4113773601334,-171.41137736013343,0,Low,0.2842290683787467,2026,5,Summer
2026-05-05,Karnataka,Mysuru,Mysuru APMC,Brinjal,Brinjal,1500,1700,1600,1619.339144746953,-19.339144746953025,0,Low,0.2842290683787467,2026,5,Summer
2026-05-05,Karnataka,Mysuru,Mysuru APMC,Brinjal,Round,1400,1600,1500,1608.4472774542346,-108.44727745423461,0,Low,0.2842290683787467,2026,5,Summer
2026-05-06,Karnataka,Mysuru,Mysuru APMC,Brinjal,Round,1100,1300,1200,1564.194767421235,-364.1947674212349,1,Low,0.2842290683787467,2026,5,Summer
2026-05-07,Karnataka,Mysuru,Mysuru APMC,Brinjal,Brinjal,1500,1700,1600,1563.349488731794,36.650511268205946,0,Low,0.2842290683787467,2026,5,Summer
2026-05-07,Karnataka,Mysuru,Mysuru APMC,Brinjal,Round,1500,1700,1600,1541.565754146356,58.434245853643915,0,Low,0.2842290683787467,2026,5,Summer
2026-05-08,Karnataka,Mysuru,Mysuru APMC,Brinjal,Brinjal,1100,1300,1200,1467.480787428867,-267.48078742886696,1,Low,0.2842290683787467,2026,5,Summer
2026-05-10,Karnataka,Mysuru,Mysuru APMC,Brinjal,Round,1300,1500,1400,1536.186772884367,-136.18677288436697,0,Low,0.2842290683787467,2026,5,Summer
2026-05-10,Karnataka,Mysuru,Mysuru APMC,Brinjal,Brinjal,1100,1300,1200,1444.0064954645477,-244.0064954645477,1,Low,0.2842290683787467,2026,5,Summer
2026-05-11,Karnataka,Mysuru,Mysuru APMC,Brinjal,Brinjal,1100,1300,1200,1379.1623382487599,-179.16233824875985,1,Low,0.2842290683787467,2026,5,Summer
2026-05-11,Karnataka,Mysuru,Mysuru APMC,Brinjal,Round,1300,1500,1400,1411.6777022995996,-11.67770229959956,0,Low,0.2842290683787467,2026,5,Summer
2026-05-12,Karnataka,Mysuru,Mysuru APMC,Brinjal,Brinjal,1300,1500,1400,1359.216232340232,40.783767659768046,0,Low,0.2842290683787467,2026,5,Summer
2026-05-12,Karnataka,Mysuru,Mysuru APMC,Brinjal,Round,1300,1500,1400,1326.7008682893916,73.29913171060844,0,Low,0.2842290683787467,2026,5,Summer
2026-05-13,Karnataka,Mysuru,Mysuru APMC,Brinjal,Round,1500,1700,1600,1398.9350398006827,201.06496019931728,0,Low,0.2842290683787467,2026,5,Summer
2026-05-13,Karnataka,Mysuru,Mysuru APMC,Brinjal,Brinjal,1300,1500,1400,1371.7854904825438,28.214509517456236,0,Low,0.2842290683787467,2026,5,Summer
2026-05-15,Karnataka,Mysuru,Mysuru APMC,Brinjal,Brinjal,1000,1200,1100,1397.0842445944852,-297.0842445944852,1,Low,0.2842290683787467,2026,5,Summer
2026-05-17,Karnataka,Mysuru,Mysuru APMC,Brinjal,Round,1600,1800,1700,1533.5038655180165,166.49613448198352,0,Low,0.2842290683787467,2026,5,Summer
2026-05-17,Karnataka,Mysuru,Mysuru APMC,Brinjal,Brinjal,1300,1500,1400,1452.0552175635999,-52.055217563599854,0,Low,0.2842290683787467,2026,5,Summer
2026-05-18,Karnataka,Mysuru,Mysuru APMC,Brinjal,Round,1600,1800,1700,1498.3319271594012,201.66807284059882,0,Low,0.2842290683787467,2026,5,Summer
2026-05-18,Karnataka,Mysuru,Mysuru APMC,Brinjal,Brinjal,1300,1500,1400,1457.6076031821926,-57.60760318219263,0,Low,0.2842290683787467,2026,5,Summer
2026-05-19,Karnataka,Mysuru,Mysuru APMC,Brinjal,Round,1600,1800,1700,1521.793052594433,178.206947405567,0,Low,0.2842290683787467,2026,5,Summer
2026-05-19,Karnataka,Mysuru,Mysuru APMC,Brinjal,Brinjal,1300,1500,1400,1481.0687286172247,-81.06872861722468,0,Low,0.2842290683787467,2026,5,Summer
2026-05-20,Karnataka,Mysuru,Mysuru APMC,Brinjal,Brinjal,1300,1500,1400,1577.7695420803045,-177.76954208030452,0,Low,0.2842290683787467,2026,5,Summer
2026-05-21,Karnataka,Mysuru,Mysuru APMC,Brinjal,Round,1600,1800,1700,1584.9729854899156,115.02701451008443,0,Low,0.2842290683787467,2026,5,Summer
2026-05-21,Karnataka,Mysuru,Mysuru APMC,Brinjal,Brinjal,1500,1700,1600,1576.764025563547,23.235974436453034,0,Low,0.2842290683787467,2026,5,Summer
2026-05-22,Karnataka,Mysuru,Mysuru APMC,Brinjal,Brinjal,1800,2000,1900,1630.0576076830678,269.9423923169322,0,Low,0.2842290683787467,2026,5,Summer
2026-05-22,Karnataka,Mysuru,Mysuru APMC,Brinjal,Round,1800,2000,1900,1670.6216938329599,229.37830616704014,0,Low,0.2842290683787467,2026,5,Summer
2026-05-24,Karnataka,Mysuru,Mysuru APMC,Brinjal,Round,2100,2300,2200,1766.3169907792826,433.6830092207174,0,Low,0.2842290683787467,2026,5,Summer
2026-05-24,Karnataka,Mysuru,Mysuru APMC,Brinjal,Brinjal,2100,2300,2200,1855.654123005435,344.34587699456506,0,Low,0.2842290683787467,2026,5,Summer
2026-05-26,Karnataka,Mysuru,Mysuru APMC,Brinjal,Round,2100,2300,2200,1949.69836216074,250.3016378392599,0,Low,0.2842290683787467,2026,5,Summer
2026-05-27,Karnataka,Mysuru,Mysuru APMC,Brinjal,Round,1800,2000,1900,1989.417169621191,-89.41716962119108,0,Low,0.2842290683787467,2026,5,Summer
2026-05-27,Karnataka,Mysuru,Mysuru APMC,Brinjal,Brinjal,2300,2500,2400,2160.2029498017605,239.7970501982395,0,Low,0.2842290683787467,2026,5,Summer
2026-05-27,Karnataka,Mysuru,Mysuru APMC,Brinjal,Round,1800,2000,1900,2092.329076506413,-192.329076506413,0,Low,0.2842290683787467,2026,5,Summer
2026-05-28,Karnataka,Mysuru,Mysuru APMC,Brinjal,Brinjal,2300,2500,2400,2248.6948033384724,151.3051966615276,0,Low,0.2842290683787467,2026,5,Summer
2026-05-28,Karnataka,Mysuru,Mysuru APMC,Brinjal,Round,1800,2000,1900,2132.0478839668644,-232.04788396686445,0,Low,0.2842290683787467,2026,5,Summer
2026-05-28,Karnataka,Mysuru,Mysuru APMC,Brinjal,Brinjal,2300,2500,2400,2232.437121313052,167.5628786869479,0,Low,0.2842290683787467,2026,5,Summer
2026-05-29,Karnataka,Mysuru,Mysuru APMC,Brinjal,Round,2100,2300,2200,2171.766691427316,28.23330857268411,0,Low,0.2842290683787467,2026,5,Summer
2026-05-29,Karnataka,Mysuru,Mysuru APMC,Brinjal,Brinjal,2300,2500,2400,2280.204650872555,119.7953491274452,0,Low,0.2842290683787467,2026,5,Summer
2026-05-31,Karnataka,Mysuru,Mysuru APMC,Brinjal,Round,2300,2500,2400,2267.461988373638,132.53801162636182,0,Low,0.2842290683787467,2026,5,Summer
2026-05-31,Karnataka,Mysuru,Mysuru APMC,Brinjal,Brinjal,2600,2800,2700,2397.523444576999,302.4765554230012,0,Low,0.2842290683787467,2026,5,Summer
2026-06-01,Karnataka,Mysuru,Mysuru APMC,Brinjal,Round,2400,2600,2500,2339.228488001417,160.7715119985828,0,Low,0.2842290683787467,2026,6,Monsoon
2026-06-02,Karnataka,Mysuru,Mysuru APMC,Brinjal,Round,2800,3000,2900,2536.158300983368,363.841699016632,0,Low,0.2842290683787467,2026,6,Monsoon
2026-06-02,Karnataka,Mysuru,Mysuru APMC,Brinjal,Brinjal,3000,3200,3100,2595.6629765250304,504.33702347496956,0,Low,0.2842290683787467,2026,6,Monsoon
2026-06-03,Karnataka,Mysuru,Mysuru APMC,Brinjal,Brinjal,3000,3200,3100,2722.0360088452835,377.9639911547165,0,Low,0.2842290683787467,2026,6,Monsoon
2026-06-03,Karnataka,Mysuru,Mysuru APMC,Brinjal,Round,2800,3000,2900,2803.324418972384,96.67558102761586,0,Low,0.2842290683787467,2026,6,Monsoon
2026-06-04,Karnataka,Mysuru,Mysuru APMC,Brinjal,Round,2800,3000,2900,2918.9658218272352,-18.96582182723523,0,Low,0.2842290683787467,2026,6,Monsoon
2026-06-04,Karnataka,Mysuru,Mysuru APMC,Brinjal,Brinjal,3000,3200,3100,2983.9965499289146,116.00345007108535,0,Low,0.2842290683787467,2026,6,Monsoon
2026-06-05,Karnataka,Mysuru,Mysuru APMC,Brinjal,Round,2800,3000,2900,3029.0811721220675,-129.08117212206753,0,Low,0.2842290683787467,2026,6,Monsoon
2026-06-05,Karnataka,Mysuru,Mysuru APMC,Brinjal,Brinjal,3000,3200,3100,3088.7460854910464,11.253914508953585,0,Low,0.2842290683787467,2026,6,Monsoon
2026-06-07,Karnataka,Mysuru,Mysuru APMC,Brinjal,Brinjal,3000,3200,3100,3076.00342299213,23.9965770078702,0,Low,0.2842290683787467,2026,6,Monsoon
2026-06-07,Karnataka,Mysuru,Mysuru APMC,Brinjal,Round,3000,3200,3100,3076.00342299213,23.9965770078702,0,Low,0.2842290683787467,2026,6,Monsoon
2026-06-08,Karnataka,Mysuru,Mysuru APMC,Brinjal,Brinjal,3000,3200,3100,3065.298126585303,34.70187341469682,0,Low,0.2842290683787467,2026,6,Monsoon
2026-06-09,Karnataka,Mysuru,Mysuru APMC,Brinjal,Brinjal,3000,3200,3100,3105.0169340457555,-5.016934045755534,0,Low,0.2842290683787467,2026,6,Monsoon
2026-06-09,Karnataka,Mysuru,Mysuru APMC,Brinjal,Round,2600,2800,2700,3039.9862059440743,-339.9862059440743,0,Low,0.2842290683787467,2026,6,Monsoon
2026-06-10,Karnataka,Mysuru,Mysuru APMC,Brinjal,Round,2800,3000,2900,3101.488747989963,-201.48874798996303,0,Low,0.2842290683787467,2026,6,Monsoon
2026-06-11,Karnataka,Mysuru,Mysuru APMC,Brinjal,Brinjal,3000,3200,3100,3081.542642081435,18.457357918564867,0,Low,0.2842290683787467,2026,6,Monsoon
2026-06-11,Karnataka,Mysuru,Mysuru APMC,Brinjal,Round,2800,3000,2900,3021.8777287124567,-121.8777287124567,0,Low,0.2842290683787467,2026,6,Monsoon
2026-06-12,Karnataka,Mysuru,Mysuru APMC,Brinjal,Round,2800,3000,2900,3023.715357389366,-123.71535738936609,0,Low,0.2842290683787467,2026,6,Monsoon
2026-06-12,Karnataka,Mysuru,Mysuru APMC,Brinjal,Brinjal,3000,3200,3100,3023.715357389366,76.28464261063391,0,Low,0.2842290683787467,2026,6,Monsoon
2026-06-14,Karnataka,Mysuru,Mysuru APMC,Brinjal,Round,2600,2800,2700,2945.941966788769,-245.94196678876915,0,Low,0.2842290683787467,2026,6,Monsoon
2026-06-14,Karnataka,Mysuru,Mysuru APMC,Brinjal,Brinjal,2800,3000,2900,3032.756429475887,-132.75642947588722,0,Low,0.2842290683787467,2026,6,Monsoon
2026-06-15,Karnataka,Mysuru,Mysuru APMC,Brinjal,Round,2800,3000,2900,2962.3862197000813,-62.386219700081256,0,Low,0.2842290683787467,2026,6,Monsoon
2026-06-15,Karnataka,Mysuru,Mysuru APMC,Brinjal,Brinjal,2800,3000,2900,2929.8708556492415,-29.87085564924155,0,Low,0.2842290683787467,2026,6,Monsoon
2026-06-16,Karnataka,Mysuru,Mysuru APMC,Brinjal,Round,2800,3000,2900,2937.0742990588524,-37.074299058852375,0,Low,0.2842290683787467,2026,6,Monsoon
2026-06-17,Karnataka,Mysuru,Mysuru APMC,Brinjal,Brinjal,3000,3200,3100,2976.7931065193034,123.20689348069664,0,Low,0.2842290683787467,2026,6,Monsoon
2026-06-18,Karnataka,Mysuru,Mysuru APMC,Brinjal,Round,2800,3000,2900,2924.3316365599358,-24.33163655993576,0,Low,0.2842290683787467,2026,6,Monsoon
2026-06-19,Karnataka,Mysuru,Mysuru APMC,Brinjal,Round,3000,3200,3100,3023.715357389366,76.28464261063391,0,Low,0.2842290683787467,2026,6,Monsoon
2026-06-19,Karnataka,Mysuru,Mysuru APMC,Brinjal,Brinjal,3000,3200,3100,3029.0811721220675,70.91882787793247,0,Low,0.2842290683787467,2026,6,Monsoon
2026-06-21,Karnataka,Mysuru,Mysuru APMC,Brinjal,Brinjal,3000,3200,3100,3076.00342299213,23.9965770078702,0,Low,0.2842290683787467,2026,6,Monsoon
2026-06-22,Karnataka,Mysuru,Mysuru APMC,Brinjal,Brinjal,3000,3200,3100,3065.298126585303,34.70187341469682,0,Low,0.2842290683787467,2026,6,Monsoon
2026-06-22,Karnataka,Mysuru,Mysuru APMC,Brinjal,Round,3000,3200,3100,3097.8134906361443,2.1865093638557482,0,Low,0.2842290683787467,2026,6,Monsoon
2026-06-23,Karnataka,Mysuru,Mysuru APMC,Brinjal,Brinjal,2800,3000,2900,3072.5015699949145,-172.50156999491446,0,Low,0.2842290683787467,2026,6,Monsoon
2026-06-23,Karnataka,Mysuru,Mysuru APMC,Brinjal,Round,3000,3200,3100,3132.1664833638943,-32.16648336389426,0,Low,0.2842290683787467,2026,6,Monsoon
2026-06-24,Karnataka,Mysuru,Mysuru APMC,Brinjal,Brinjal,2600,2800,2700,3047.1896493536856,-347.1896493536856,0,Low,0.2842290683787467,2026,6,Monsoon
2026-06-25,Karnataka,Mysuru,Mysuru APMC,Brinjal,Brinjal,2300,2500,2400,2994.8884172216335,-594.8884172216335,0,Low,0.2842290683787467,2026,6,Monsoon
2026-06-25,Karnataka,Mysuru,Mysuru APMC,Brinjal,Round,3000,3200,3100,3035.6127411988423,64.38725880115771,0,Low,0.2842290683787467,2026,6,Monsoon
2026-06-26,Karnataka,Mysuru,Mysuru APMC,Brinjal,Brinjal,2300,2500,2400,2833.9889878170266,-433.98898781702655,0,Low,0.2842290683787467,2026,6,Monsoon
2026-06-29,Karnataka,Mysuru,Mysuru APMC,Brinjal,Round,2300,2500,2400,2786.3948626141278,-386.39486261412776,0,Low,0.2842290683787467,2026,6,Monsoon
2026-06-29,Karnataka,Mysuru,Mysuru APMC,Brinjal,Brinjal,1800,2000,1900,2623.8180423599274,-723.8180423599274,0,Low,0.2842290683787467,2026,6,Monsoon
2026-06-30,Karnataka,Mysuru,Mysuru APMC,Brinjal,Round,2000,2200,2100,2536.318538810684,-436.318538810684,0,Low,0.2842290683787467,2026,6,Monsoon
2026-06-30,Karnataka,Mysuru,Mysuru APMC,Brinjal,Brinjal,1600,1800,1700,2346.5921692383445,-646.5921692383445,0,Low,0.2842290683787467,2026,6,Monsoon
2026-07-01,Karnataka,Mysuru,Mysuru APMC,Brinjal,Brinjal,1600,1800,1700,2284.3860144708483,-584.3860144708483,0,Low,0.2842290683787467,2026,7,Monsoon
2026-07-01,Karnataka,Mysuru,Mysuru APMC,Brinjal,Round,1500,1700,1600,2040.5207840895475,-440.52078408954753,0,Low,0.2842290683787467,2026,7,Monsoon
2026-07-02,Karnataka,Mysuru,Mysuru APMC,Brinjal,Brinjal,1600,1800,1700,1947.4952279802874,-247.49522798028738,0,Low,0.2842290683787467,2026,7,Monsoon
2026-07-02,Karnataka,Mysuru,Mysuru APMC,Brinjal,Round,1300,1500,1400,1771.3436330670168,-371.34363306701675,0,Low,0.2842290683787467,2026,7,Monsoon
2026-07-03,Karnataka,Mysuru,Mysuru APMC,Brinjal,Round,1500,1700,1600,1770.4983543775759,-170.49835437757588,0,Low,0.2842290683787467,2026,7,Monsoon
2026-07-03,Karnataka,Mysuru,Mysuru APMC,Brinjal,Brinjal,1600,1800,1700,1678.3180769577568,21.68192304224317,0,Low,0.2842290683787467,2026,7,Monsoon
2026-07-05,Karnataka,Mysuru,Mysuru APMC,Brinjal,Brinjal,1800,2000,1900,1711.665553168749,188.33444683125094,0,Low,0.2842290683787467,2026,7,Monsoon
2026-07-05,Karnataka,Mysuru,Mysuru APMC,Brinjal,Round,1500,1700,1600,1668.2583218251905,-68.25832182519048,0,Low,0.2842290683787467,2026,7,Monsoon
2026-07-06,Karnataka,Mysuru,Mysuru APMC,Brinjal,Round,1800,2000,1900,1714.5350314209925,185.46496857900752,0,Low,0.2842290683787467,2026,7,Monsoon
2026-07-06,Karnataka,Mysuru,Mysuru APMC,Brinjal,Brinjal,2000,2200,2100,1738.8414355454645,361.1585644545355,0,Low,0.2842290683787467,2026,7,Monsoon
2026-07-07,Karnataka,Mysuru,Mysuru APMC,Brinjal,Brinjal,2000,2200,2100,1832.6991038148774,267.3008961851226,0,Low,0.2842290683787467,2026,7,Monsoon
2026-07-07,Karnataka,Mysuru,Mysuru APMC,Brinjal,Round,2000,2200,2100,1913.987513941978,186.01248605802198,0,Low,0.2842290683787467,2026,7,Monsoon
2026-07-08,Karnataka,Mysuru,Mysuru APMC,Brinjal,Round,2000,2200,2100,1986.2216854532696,113.77831454673037,0,Low,0.2842290683787467,2026,7,Monsoon
2026-07-08,Karnataka,Mysuru,Mysuru APMC,Brinjal,Brinjal,2000,2200,2100,2018.7370495041093,81.26295049589066,0,Low,0.2842290683787467,2026,7,Monsoon
2026-07-09,Karnataka,Mysuru,Mysuru APMC,Brinjal,Round,1800,2000,1900,2074.7135389899804,-174.7135389899804,0,Low,0.2842290683787467,2026,7,Monsoon
2026-07-09,Karnataka,Mysuru,Mysuru APMC,Brinjal,Brinjal,1800,2000,1900,2101.8630883081196,-201.8630883081196,0,Low,0.2842290683787467,2026,7,Monsoon
2026-07-10,Karnataka,Mysuru,Mysuru APMC,Brinjal,Brinjal,1600,1800,1700,2044.03580361605,-344.0358036160501,0,Low,0.2842290683787467,2026,7,Monsoon
2026-07-10,Karnataka,Mysuru,Mysuru APMC,Brinjal,Round,1300,1500,1400,1957.3815787562482,-557.3815787562482,0,Low,0.2842290683787467,2026,7,Monsoon
2026-07-12,Karnataka,Mysuru,Mysuru APMC,Brinjal,Brinjal,1600,1800,1700,1947.4820614509993,-247.48206145099925,0,Low,0.2842290683787467,2026,7,Monsoon
2026-07-12,Karnataka,Mysuru,Mysuru APMC,Brinjal,Round,1300,1500,1400,1792.9539632958501,-392.95396329585014,0,Low,0.2842290683787467,2026,7,Monsoon
2026-07-13,Karnataka,Mysuru,Mysuru APMC,Brinjal,Brinjal,1600,1800,1700,1725.426898713711,-25.426898713710898,0,Low,0.2842290683787467,2026,7,Monsoon
2026-07-13,Karnataka,Mysuru,Mysuru APMC,Brinjal,Round,1600,1800,1700,1652.1872106856629,47.812789314337124,0,Low,0.2842290683787467,2026,7,Monsoon
2026-07-14,Karnataka,Mysuru,Mysuru APMC,Brinjal,Brinjal,1800,2000,1900,1659.3906540952737,240.6093459047263,0,Low,0.2842290683787467,2026,7,Monsoon
2026-07-14,Karnataka,Mysuru,Mysuru APMC,Brinjal,Round,1800,2000,1900,1664.7564688279747,235.2435311720253,0,Low,0.2842290683787467,2026,7,Monsoon
2026-07-15,Karnataka,Mysuru,Mysuru APMC,Brinjal,Brinjal,1800,2000,1900,1753.2483223646866,146.7516776353134,0,Low,0.2842290683787467,2026,7,Monsoon
2026-07-15,Karnataka,Mysuru,Mysuru APMC,Brinjal,Round,2000,2200,2100,1818.2790504663672,281.72094953363285,0,Low,0.2842290683787467,2026,7,Monsoon
2026-07-16,Karnataka,Mysuru,Mysuru APMC,Brinjal,Round,1800,2000,1900,1879.6213546849401,20.378645315059885,0,Low,0.2842290683787467,2026,7,Monsoon
2026-07-16,Karnataka,Mysuru,Mysuru APMC,Brinjal,Brinjal,1600,1800,1700,1906.770904003079,-206.77090400307907,0,Low,0.2842290683787467,2026,7,Monsoon
2026-07-17,Karnataka,Mysuru,Mysuru APMC,Brinjal,Brinjal,1600,1800,1700,1941.1238967308293,-241.1238967308293,0,Low,0.2842290683787467,2026,7,Monsoon
2026-07-17,Karnataka,Mysuru,Mysuru APMC,Brinjal,Round,1600,1800,1700,1908.6085326799882,-208.60853267998823,0,Low,0.2842290683787467,2026,7,Monsoon
2026-07-19,Karnataka,Mysuru,Mysuru APMC,Brinjal,Brinjal,1800,2000,1900,1923.0154194992108,-23.015419499210793,0,Low,0.2842290683787467,2026,7,Monsoon
2026-07-19,Karnataka,Mysuru,Mysuru APMC,Brinjal,Round,1800,2000,1900,1895.8658701810718,4.134129818928159,0,Low,0.2842290683787467,2026,7,Monsoon
2026-07-20,Karnataka,Mysuru,Mysuru APMC,Brinjal,Round,1800,2000,1900,1820.129845672565,79.8701543274351,0,Low,0.2842290683787467,2026,7,Monsoon
2026-07-20,Karnataka,Mysuru,Mysuru APMC,Brinjal,Brinjal,1800,2000,1900,1820.129845672565,79.8701543274351,0,Low,0.2842290683787467,2026,7,Monsoon
2026-07-21,Karnataka,Mysuru,Mysuru APMC,Brinjal,Brinjal,1800,2000,1900,1859.8486531330163,40.15134686698366,0,Low,0.2842290683787467,2026,7,Monsoon
2026-07-21,Karnataka,Mysuru,Mysuru APMC,Brinjal,Round,1800,2000,1900,1892.364017183857,7.635982816143041,0,Low,0.2842290683787467,2026,7,Monsoon
2026-07-22,Karnataka,Mysuru,Mysuru APMC,Brinjal,Round,1300,1500,1400,1850.7944145172073,-450.7944145172073,0,Low,0.2842290683787467,2026,7,Monsoon
2026-07-22,Karnataka,Mysuru,Mysuru APMC,Brinjal,Brinjal,1800,2000,1900,1918.6682878125546,-18.66828781255458,0,Low,0.2842290683787467,2026,7,Monsoon
2026-07-23,Karnataka,Mysuru,Mysuru APMC,Brinjal,Brinjal,1800,2000,1900,1857.9978579268186,42.0021420731814,0,Low,0.2842290683787467,2026,7,Monsoon
2026-07-23,Karnataka,Mysuru,Mysuru APMC,Brinjal,Round,1300,1500,1400,1776.7094477997177,-376.70944779971774,0,Low,0.2842290683787467,2026,7,Monsoon
2026-07-24,Karnataka,Mysuru,Mysuru APMC,Brinjal,Round,1600,1800,1700,1819.2714004538363,-119.27140045383635,0,Low,0.2842290683787467,2026,7,Monsoon
2026-07-24,Karnataka,Mysuru,Mysuru APMC,Brinjal,Brinjal,2000,2200,2100,1811.0624405274677,288.93755947253226,0,Low,0.2842290683787467,2026,7,Monsoon
2026-07-26,Karnataka,Mysuru,Mysuru APMC,Brinjal,Brinjal,2200,2400,2300,1836.2009568120927,463.7990431879073,0,Low,0.2842290683787467,2026,7,Monsoon
2026-07-26,Karnataka,Mysuru,Mysuru APMC,Brinjal,Round,1300,1500,1400,1809.0514074939538,-409.0514074939538,0,Low,0.2842290683787467,2026,7,Monsoon
2026-07-27,Karnataka,Mysuru,Mysuru APMC,Brinjal,Round,1500,1700,1600,1839.2306728916515,-239.23067289165147,0,Low,0.2842290683787467,2026,7,Monsoon
2026-07-27,Karnataka,Mysuru,Mysuru APMC,Brinjal,Brinjal,2200,2400,2300,1877.1118516751935,422.8881483248065,0,Low,0.2842290683787467,2026,7,Monsoon
2026-07-28,Karnataka,Mysuru,Mysuru APMC,Brinjal,Round,1300,1500,1400,1789.2918724713186,-389.2918724713186,0,Low,0.2842290683787467,2026,7,Monsoon
2026-07-28,Karnataka,Mysuru,Mysuru APMC,Brinjal,Brinjal,2300,2500,2400,2025.2686185808845,374.73138141911545,0,Low,0.2842290683787467,2026,7,Monsoon
2026-07-29,Karnataka,Mysuru,Mysuru APMC,Brinjal,Round,1100,1300,1200,1750.40517717102,-550.4051771710199,1,Low,0.2842290683787467,2026,7,Monsoon
2026-07-29,Karnataka,Mysuru,Mysuru APMC,Brinjal,Brinjal,2300,2500,2400,1929.5601551052737,470.4398448947263,0,Low,0.2842290683787467,2026,7,Monsoon
2026-07-30,Karnataka,Mysuru,Mysuru APMC,Brinjal,Round,800,1000,900,1692.5778924789504,-792.5778924789504,1,Low,0.2842290683787467,2026,7,Monsoon
2026-07-30,Karnataka,Mysuru,Mysuru APMC,Brinjal,Brinjal,2300,2500,2400,2026.2609685683528,373.73903143164716,0,Low,0.2842290683787467,2026,7,Monsoon
2026-07-31,Karnataka,Mysuru,Mysuru APMC,Brinjal,Brinjal,2300,2500,2400,1846.100474117343,553.8995258826569,0,Low,0.2842290683787467,2026,7,Monsoon
2026-07-31,Karnataka,Mysuru,Mysuru APMC,Brinjal,Round,1000,1200,1100,1797.3274280410826,-697.3274280410826,1,Low,0.2842290683787467,2026,7,Monsoon
2026-08-02,Karnataka,Mysuru,Mysuru APMC,Brinjal,Brinjal,2300,2500,2400,1978.301462792763,421.698537207237,0,Low,0.2842290683787467,2026,8,Monsoon
2026-08-02,Karnataka,Mysuru,Mysuru APMC,Brinjal,Round,1300,1500,1400,1834.3447562756999,-434.34475627569987,0,Low,0.2842290683787467,2026,8,Monsoon
2026-08-03,Karnataka,Mysuru,Mysuru APMC,Brinjal,Round,1300,1500,1400,1764.2950221545268,-364.2950221545268,0,Low,0.2842290683787467,2026,8,Monsoon
2026-08-03,Karnataka,Mysuru,Mysuru APMC,Brinjal,Brinjal,2300,2500,2400,2008.1602525358287,391.8397474641713,0,Low,0.2842290683787467,2026,8,Monsoon
2026-08-04,Karnataka,Mysuru,Mysuru APMC,Brinjal,Brinjal,2300,2500,2400,1879.6159493547455,520.3840506452545,0,Low,0.2842290683787467,2026,8,Monsoon
2026-08-04,Karnataka,Mysuru,Mysuru APMC,Brinjal,Round,1300,1500,1400,1717.0391291005437,-317.03912910054373,0,Low,0.2842290683787467,2026,8,Monsoon
2026-08-05,Karnataka,Mysuru,Mysuru APMC,Brinjal,Brinjal,2300,2500,2400,2071.3401854313115,328.6598145686885,0,Low,0.2842290683787467,2026,8,Monsoon
2026-08-05,Karnataka,Mysuru,Mysuru APMC,Brinjal,Round,1300,1500,1400,1773.0156185864155,-373.0156185864155,0,Low,0.2842290683787467,2026,8,Monsoon
2026-08-06,Karnataka,Mysuru,Mysuru APMC,Brinjal,Round,1500,1700,1600,1948.482172637561,-348.482172637561,0,Low,0.2842290683787467,2026,8,Monsoon
2026-08-06,Karnataka,Mysuru,Mysuru APMC,Brinjal,Brinjal,2300,2500,2400,2083.909443573623,316.09055642637713,0,Low,0.2842290683787467,2026,8,Monsoon
2026-08-07,Karnataka,Mysuru,Mysuru APMC,Brinjal,Brinjal,2000,2200,2100,1933.741643634418,166.2583563655819,0,Low,0.2842290683787467,2026,8,Monsoon
2026-08-07,Karnataka,Mysuru,Mysuru APMC,Brinjal,Round,1500,1700,1600,1844.4045114082658,-244.40451140826576,0,Low,0.2842290683787467,2026,8,Monsoon
2026-04-06,Karnataka,Mysuru,Nanjangud APMC,Brinjal,Round,2083,2380,2222,2190.859223899564,31.140776100436142,0,Low,0.2842290683787467,2026,4,Summer
2026-04-07,Karnataka,Mysuru,Nanjangud APMC,Brinjal,Brinjal,2083,2222,2083,2152.8291895151783,-69.82918951517831,0,Low,0.2842290683787467,2026,4,Summer
2026-04-08,Karnataka,Mysuru,Nanjangud APMC,Brinjal,Brinjal,2083,2222,2083,2165.719299191952,-82.7192991919519,0,Low,0.2842290683787467,2026,4,Summer
2026-04-09,Karnataka,Mysuru,Nanjangud APMC,Brinjal,Brinjal,2083,2222,2083,2165.0133802961964,-82.01338029619637,0,Low,0.2842290683787467,2026,4,Summer
2026-04-10,Karnataka,Mysuru,Nanjangud APMC,Brinjal,Brinjal,2380,2777,2564,2258.1766078015444,305.8233921984556,0,Low,0.2842290683787467,2026,4,Summer
2026-04-13,Karnataka,Mysuru,Nanjangud APMC,Brinjal,Brinjal,2083,2222,2083,2147.2685632933753,-64.26856329337534,0,Low,0.2842290683787467,2026,4,Summer
2026-04-15,Karnataka,Mysuru,Nanjangud APMC,Brinjal,Brinjal,2380,27777,2564,2305.1695667649924,258.8304332350076,0,Low,0.2842290683787467,2026,4,Summer
2026-04-16,Karnataka,Mysuru,Nanjangud APMC,Brinjal,Brinjal,2380,27777,2564,2302.6796165914166,261.32038340858344,0,Low,0.2842290683787467,2026,4,Summer
2026-04-17,Karnataka,Mysuru,Nanjangud APMC,Brinjal,Brinjal,2380,27777,2564,2388.0825105432978,175.91748945670224,0,Low,0.2842290683787467,2026,4,Summer
2026-04-21,Karnataka,Mysuru,Nanjangud APMC,Brinjal,Brinjal,3030,4166,3703,2629.8466291262703,1073.1533708737297,0,Low,0.2842290683787467,2026,4,Summer
2026-04-22,Karnataka,Mysuru,Nanjangud APMC,Brinjal,Brinjal,3030,3333,3030,2636.393637949808,393.6063620501918,0,Low,0.2842290683787467,2026,4,Summer
2026-04-23,Karnataka,Mysuru,Nanjangud APMC,Brinjal,Brinjal,3030,3333,3030,2810.716113053415,219.28388694658497,0,Low,0.2842290683787467,2026,4,Summer
2026-04-27,Karnataka,Mysuru,Nanjangud APMC,Brinjal,Brinjal,3030,3333,3030,2943.0660316053104,86.9339683946896,0,Low,0.2842290683787467,2026,4,Summer
2026-04-28,Karnataka,Mysuru,Nanjangud APMC,Brinjal,Brinjal,3030,4166,3703,3135.444473284456,567.5555267155441,0,Low,0.2842290683787467,2026,4,Summer
2026-04-29,Karnataka,Mysuru,Nanjangud APMC,Brinjal,Brinjal,3030,4166,3030,3127.0504814769865,-97.05048147698653,0,Low,0.2842290683787467,2026,4,Summer
2026-04-30,Karnataka,Mysuru,Nanjangud APMC,Brinjal,Round,2083,3030,2564,3225.6121583421354,-661.6121583421354,0,Low,0.2842290683787467,2026,4,Summer
2026-05-04,Karnataka,Mysuru,Nanjangud APMC,Brinjal,Brinjal,3700,5555,4166,3332.628423166816,833.371576833184,1,Low,0.2842290683787467,2026,5,Summer
2026-05-05,Karnataka,Mysuru,Nanjangud APMC,Brinjal,Brinjal,3333,4166,3700,3231.290446108449,468.70955389155097,0,Low,0.2842290683787467,2026,5,Summer
2026-05-06,Karnataka,Mysuru,Nanjangud APMC,Brinjal,Brinjal,3703,5555,4166,3486.4396072380955,679.5603927619045,1,Low,0.2842290683787467,2026,5,Summer
2026-05-07,Karnataka,Mysuru,Nanjangud APMC,Brinjal,Brinjal,3030,4166,3030,3430.384600736443,-400.3846007364432,0,Low,0.2842290683787467,2026,5,Summer
2026-05-08,Karnataka,Mysuru,Nanjangud APMC,Brinjal,Brinjal,3030,4166,3703,3591.7974842730837,111.20251572691632,0,Low,0.2842290683787467,2026,5,Summer
2026-05-11,Karnataka,Mysuru,Nanjangud APMC,Brinjal,Brinjal,3030,3703,3333,3520.886253716125,-187.88625371612488,0,Low,0.2842290683787467,2026,5,Summer
2026-05-16,Karnataka,Mysuru,Nanjangud APMC,Brinjal,Brinjal,2380,3030,2777,3641.7589997168816,-864.7589997168816,0,Low,0.2842290683787467,2026,5,Summer
2026-05-18,Karnataka,Mysuru,Nanjangud APMC,Brinjal,Brinjal,3030,3703,3333,3545.791038501503,-212.79103850150295,0,Low,0.2842290683787467,2026,5,Summer
2026-05-19,Karnataka,Mysuru,Nanjangud APMC,Brinjal,Brinjal,3030,4166,3703,3478.0064652674505,224.9935347325495,0,Low,0.2842290683787467,2026,5,Summer
2026-05-20,Karnataka,Mysuru,Nanjangud APMC,Brinjal,Brinjal,2380,3703,2777,3209.1640391054198,-432.16403910541976,0,Low,0.2842290683787467,2026,5,Summer
2026-05-21,Karnataka,Mysuru,Nanjangud APMC,Brinjal,Brinjal,2380,3030,2777,3300.937960333702,-523.937960333702,0,Low,0.2842290683787467,2026,5,Summer
2026-05-22,Karnataka,Mysuru,Nanjangud APMC,Brinjal,Brinjal,3030,4166,3703,3308.141403743313,394.8585962566872,0,Low,0.2842290683787467,2026,5,Summer
2026-05-25,Karnataka,Mysuru,Nanjangud APMC,Brinjal,Brinjal,3030,4166,3703,3213.778640255939,489.2213597440609,0,Low,0.2842290683787467,2026,5,Summer
2026-05-26,Karnataka,Mysuru,Nanjangud APMC,Brinjal,Brinjal,3030,3703,3333,3311.374795726886,21.625204273113923,0,Low,0.2842290683787467,2026,5,Summer
2026-05-27,Karnataka,Mysuru,Nanjangud APMC,Brinjal,Brinjal,2380,2777,2564,3243.783330599573,-679.7833305995732,0,Low,0.2842290683787467,2026,5,Summer
2026-06-01,Karnataka,Mysuru,Nanjangud APMC,Brinjal,Brinjal,2083,2564,2083,3079.784357930664,-996.7843579306641,0,Low,0.2842290683787467,2026,6,Monsoon
2026-06-02,Karnataka,Mysuru,Nanjangud APMC,Brinjal,Brinjal,2380,3703,2564,3117.653604736254,-553.6536047362538,0,Low,0.2842290683787467,2026,6,Monsoon
2026-06-04,Karnataka,Mysuru,Nanjangud APMC,Brinjal,Brinjal,2083,3030,2564,3032.136962731207,-468.13696273120695,0,Low,0.2842290683787467,2026,6,Monsoon
2026-06-05,Karnataka,Mysuru,Nanjangud APMC,Brinjal,Round,2083,2564,2222,2798.5641353443466,-576.5641353443466,0,Low,0.2842290683787467,2026,6,Monsoon
2026-06-06,Karnataka,Mysuru,Nanjangud APMC,Brinjal,Brinjal,2380,4166,3030,2742.7791080568977,287.2208919431023,0,Low,0.2842290683787467,2026,6,Monsoon
2026-06-08,Karnataka,Mysuru,Nanjangud APMC,Brinjal,Brinjal,2380,4166,3030,2547.816935226538,482.18306477346187,0,Low,0.2842290683787467,2026,6,Monsoon
2026-06-10,Karnataka,Mysuru,Nanjangud APMC,Brinjal,Brinjal,2380,4166,3030,2637.9846202842186,392.01537971578136,0,Low,0.2842290683787467,2026,6,Monsoon
2026-06-11,Karnataka,Mysuru,Nanjangud APMC,Brinjal,Brinjal,2380,4166,3030,2799.148312474558,230.85168752544178,0,Low,0.2842290683787467,2026,6,Monsoon
2026-06-12,Karnataka,Mysuru,Nanjangud APMC,Brinjal,Brinjal,2380,4166,3030,2882.112554122626,147.88744587737392,0,Low,0.2842290683787467,2026,6,Monsoon
2026-06-16,Karnataka,Mysuru,Nanjangud APMC,Brinjal,Brinjal,2380,4166,3030,2936.2630221322506,93.73697786774937,0,Low,0.2842290683787467,2026,6,Monsoon
2026-06-17,Karnataka,Mysuru,Nanjangud APMC,Brinjal,Brinjal,2380,4166,3030,3074.828536307256,-44.828536307255945,0,Low,0.2842290683787467,2026,6,Monsoon
2026-06-18,Karnataka,Mysuru,Nanjangud APMC,Brinjal,Brinjal,2380,4166,3030,3082.031979716867,-52.03197971686723,0,Low,0.2842290683787467,2026,6,Monsoon
2026-06-19,Karnataka,Mysuru,Nanjangud APMC,Brinjal,Brinjal,2380,2777,2564,3013.474624888021,-449.474624888021,0,Low,0.2842290683787467,2026,6,Monsoon
2026-06-20,Karnataka,Mysuru,Nanjangud APMC,Brinjal,Brinjal,2380,3703,2777,3042.8045826845823,-265.80458268458233,0,Low,0.2842290683787467,2026,6,Monsoon
2026-06-22,Karnataka,Mysuru,Nanjangud APMC,Brinjal,Brinjal,3030,4166,3703,3087.287295643787,615.7127043562132,0,Low,0.2842290683787467,2026,6,Monsoon
2026-06-23,Karnataka,Mysuru,Nanjangud APMC,Brinjal,Brinjal,2380,4166,3030,2968.788325710415,61.21167428958506,0,Low,0.2842290683787467,2026,6,Monsoon
2026-06-24,Karnataka,Mysuru,Nanjangud APMC,Brinjal,Brinjal,3030,3703,3333,3116.6107791125855,216.38922088741447,0,Low,0.2842290683787467,2026,6,Monsoon
2026-06-25,Karnataka,Mysuru,Nanjangud APMC,Brinjal,Brinjal,3030,4166,3703,3192.0968553362936,510.90314466370637,0,Low,0.2842290683787467,2026,6,Monsoon
2026-06-30,Karnataka,Mysuru,Nanjangud APMC,Brinjal,Brinjal,3030,3703,3333,3176.7240788155373,156.27592118446273,0,Low,0.2842290683787467,2026,6,Monsoon
2026-07-01,Karnataka,Mysuru,Nanjangud APMC,Brinjal,Brinjal,3030,3703,3333,3349.270840603741,-16.270840603740908,0,Low,0.2842290683787467,2026,7,Monsoon
2026-07-02,Karnataka,Mysuru,Nanjangud APMC,Brinjal,Brinjal,2380,3703,2777,3356.474284013352,-579.4742840133522,0,Low,0.2842290683787467,2026,7,Monsoon
2026-07-03,Karnataka,Mysuru,Nanjangud APMC,Brinjal,Brinjal,3030,4166,3703,3439.1534745273893,263.84652547261067,0,Low,0.2842290683787467,2026,7,Monsoon
2026-07-04,Karnataka,Mysuru,Nanjangud APMC,Brinjal,Brinjal,3030,3703,3333,3369.91528113104,-36.91528113104005,0,Low,0.2842290683787467,2026,7,Monsoon
2026-07-06,Karnataka,Mysuru,Nanjangud APMC,Brinjal,Brinjal,2380,3703,2777,3293.732018260206,-516.7320182602061,0,Low,0.2842290683787467,2026,7,Monsoon
2026-07-07,Karnataka,Mysuru,Nanjangud APMC,Brinjal,Brinjal,3030,4166,3703,3376.4112087742433,326.5887912257567,0,Low,0.2842290683787467,2026,7,Monsoon
2026-07-08,Karnataka,Mysuru,Nanjangud APMC,Brinjal,Brinjal,3030,3703,3333,3257.912238840871,75.08776115912906,0,Low,0.2842290683787467,2026,7,Monsoon
2026-07-09,Karnataka,Mysuru,Nanjangud APMC,Brinjal,Brinjal,2380,4166,3030,3266.081571952016,-236.08157195201602,0,Low,0.2842290683787467,2026,7,Monsoon
2026-07-10,Karnataka,Mysuru,Nanjangud APMC,Brinjal,Brinjal,3030,3703,3333,3404.809294639944,-71.8092946399438,0,Low,0.2842290683787467,2026,7,Monsoon
2026-07-13,Karnataka,Mysuru,Nanjangud APMC,Brinjal,Brinjal,3030,3703,3333,3274.7105302904647,58.2894697095353,0,Low,0.2842290683787467,2026,7,Monsoon
2026-07-14,Karnataka,Mysuru,Nanjangud APMC,Brinjal,Brinjal,2380,3703,2777,3191.52126163874,-414.5212616387398,0,Low,0.2842290683787467,2026,7,Monsoon
2026-07-15,Karnataka,Mysuru,Nanjangud APMC,Brinjal,Brinjal,3030,4166,3703,3424.746587708167,278.2534122918328,0,Low,0.2842290683787467,2026,7,Monsoon
2026-07-16,Karnataka,Mysuru,Nanjangud APMC,Brinjal,Brinjal,2380,4166,3030,3196.8334177437177,-166.83341774371775,0,Low,0.2842290683787467,2026,7,Monsoon
2026-07-17,Karnataka,Mysuru,Nanjangud APMC,Brinjal,Brinjal,3030,4166,3703,3355.548518102921,347.4514818970788,0,Low,0.2842290683787467,2026,7,Monsoon
2026-07-18,Karnataka,Mysuru,Nanjangud APMC,Brinjal,Brinjal,3030,3703,3333,3320.6545045940175,12.345495405982547,0,Low,0.2842290683787467,2026,7,Monsoon
2026-07-20,Karnataka,Mysuru,Nanjangud APMC,Brinjal,Brinjal,3030,3703,3333,3334.8639537845193,-1.8639537845192535,0,Low,0.2842290683787467,2026,7,Monsoon
2026-07-22,Karnataka,Mysuru,Nanjangud APMC,Brinjal,Brinjal,3030,4166,3703,3409.4242640977955,293.57573590220454,0,Low,0.2842290683787467,2026,7,Monsoon
2026-07-23,Karnataka,Mysuru,Nanjangud APMC,Brinjal,Brinjal,2380,3703,2777,3366.4010412688494,-589.4010412688494,0,Low,0.2842290683787467,2026,7,Monsoon
2026-07-30,Karnataka,Mysuru,Nanjangud APMC,Brinjal,Brinjal,3030,3703,3333,3431.9500311177785,-98.95003111777851,0,Low,0.2842290683787467,2026,7,Monsoon
2026-08-01,Karnataka,Mysuru,Nanjangud APMC,Brinjal,Brinjal,2380,3030,2777,3319.844312672817,-542.8443126728171,0,Low,0.2842290683787467,2026,8,Monsoon
2026-08-06,Karnataka,Mysuru,Nanjangud APMC,Brinjal,Brinjal,3030,3703,3333,3320.7597494639667,12.240250536033273,0,Low,0.2842290683787467,2026,8,Monsoon
2026-06-19,Karnataka,Mysuru,Santhesargur APMC,Brinjal,Brinjal,1660,1660,1660,1597.600595072676,62.399404927323985,0,Low,0.2842290683787467,2026,6,Monsoon
2026-07-23,Karnataka,Mysuru,Santhesargur APMC,Brinjal,Brinjal,1383,1383,1383,1490.350694143182,-107.35069414318195,0,Low,0.2842290683787467,2026,7,Monsoon
2026-04-06,Karnataka,Mysuru,T. Narasipura APMC,Brinjal,Brinjal,1500,2000,2000,2030.60028695931,-30.600286959310097,0,Low,0.2842290683787467,2026,4,Summer
2026-04-08,Karnataka,Mysuru,T. Narasipura APMC,Brinjal,Brinjal,1500,2000,2000,2045.0071737785322,-45.007173778532206,0,Low,0.2842290683787467,2026,4,Summer
2026-04-09,Karnataka,Mysuru,T. Narasipura APMC,Brinjal,Brinjal,1500,2000,2000,2052.2106171881433,-52.21061718814326,0,Low,0.2842290683787467,2026,4,Summer
2026-04-13,Karnataka,Mysuru,T. Narasipura APMC,Brinjal,Brinjal,1500,2000,2000,2030.60028695931,-30.600286959310097,0,Low,0.2842290683787467,2026,4,Summer
2026-04-15,Karnataka,Mysuru,T. Narasipura APMC,Brinjal,Brinjal,1500,2000,2000,2045.0071737785322,-45.007173778532206,0,Low,0.2842290683787467,2026,4,Summer
2026-04-16,Karnataka,Mysuru,T. Narasipura APMC,Brinjal,Brinjal,3500,4000,4000,2377.3642576965453,1622.6357423034547,1,Low,0.2842290683787467,2026,4,Summer
2026-05-02,Karnataka,Mysuru,T. Narasipura APMC,Brinjal,Brinjal,2000,3000,2000,2110.3707286989334,-110.37072869893336,0,Low,0.2842290683787467,2026,5,Summer
2026-05-04,Karnataka,Mysuru,T. Narasipura APMC,Brinjal,Brinjal,2000,3000,3000,2508.425825086468,491.5741749135318,0,Low,0.2842290683787467,2026,5,Summer
2026-05-07,Karnataka,Mysuru,T. Narasipura APMC,Brinjal,Brinjal,1500,2000,2000,2394.2884087246066,-394.2884087246066,0,Low,0.2842290683787467,2026,5,Summer
2026-05-08,Karnataka,Mysuru,T. Narasipura APMC,Brinjal,Brinjal,1500,2000,2000,2537.2395987249124,-537.2395987249124,0,Low,0.2842290683787467,2026,5,Summer
2026-05-13,Karnataka,Mysuru,T. Narasipura APMC,Brinjal,Brinjal,1500,2000,2000,2522.8327119056903,-522.8327119056903,0,Low,0.2842290683787467,2026,5,Summer
2026-05-14,Karnataka,Mysuru,T. Narasipura APMC,Brinjal,Brinjal,1500,2000,2000,2530.0361553153016,-530.0361553153016,0,Low,0.2842290683787467,2026,5,Summer
2026-05-15,Karnataka,Mysuru,T. Narasipura APMC,Brinjal,Brinjal,1500,2000,2000,2212.085958216511,-212.0859582165108,0,Low,0.2842290683787467,2026,5,Summer
2026-06-01,Karnataka,Mysuru,T. Narasipura APMC,Brinjal,Brinjal,1500,2000,2000,2192.664530411939,-192.6645304119388,0,Low,0.2842290683787467,2026,6,Monsoon
2026-06-03,Karnataka,Mysuru,T. Narasipura APMC,Brinjal,Brinjal,1500,2000,2000,2044.4945969769606,-44.494596976960565,0,Low,0.2842290683787467,2026,6,Monsoon
2026-06-04,Karnataka,Mysuru,T. Narasipura APMC,Brinjal,Brinjal,1500,2000,2000,2051.6980403865714,-51.69804038657139,0,Low,0.2842290683787467,2026,6,Monsoon
2026-06-05,Karnataka,Mysuru,T. Narasipura APMC,Brinjal,Brinjal,1500,2000,2000,2058.9014837961827,-58.901483796182674,0,Low,0.2842290683787467,2026,6,Monsoon
2026-06-06,Karnataka,Mysuru,T. Narasipura APMC,Brinjal,Brinjal,1500,2000,2000,2066.104927205794,-66.10492720579396,0,Low,0.2842290683787467,2026,6,Monsoon
2026-06-08,Karnataka,Mysuru,T. Narasipura APMC,Brinjal,Brinjal,1500,2000,2000,2030.0877101577385,-30.087710157738456,0,Low,0.2842290683787467,2026,6,Monsoon
2024-12-17,Telangana,Warangal,Warangal,Brinjal,Brinjal,1600,2000,1800,2153.6813378769643,-353.68133787696434,0,Low,0.2842290683787467,2024,12,Winter
2024-12-25,Telangana,Warangal,Warangal,Brinjal,Brinjal,1600,2000,1800,2109.6558314326626,-309.6558314326626,0,Low,0.2842290683787467,2024,12,Winter
2024-12-28,Telangana,Warangal,Warangal,Brinjal,Brinjal,1000,1500,1250,1884.6913176092912,-634.6913176092912,1,Low,0.2842290683787467,2024,12,Winter
2024-12-31,Telangana,Warangal,Warangal,Brinjal,Brinjal,1000,1500,1250,1782.5938981644063,-532.5938981644063,1,Low,0.2842290683787467,2024,12,Winter
2026-04-18,Karnataka,Belagavi,Belgaum APMC,Cabbage,Cabbage,300,400,380,927.5709378166606,-547.5709378166606,1,Medium,0.4212845108717072,2026,4,Summer
2026-04-23,Karnataka,Belagavi,Belgaum APMC,Cabbage,Cabbage,300,400,380,852.767815380194,-472.76781538019395,1,Medium,0.4212845108717072,2026,4,Summer
2026-05-02,Karnataka,Belagavi,Belgaum APMC,Cabbage,Cabbage,400,1000,800,870.5468865513978,-70.54688655139785,1,Medium,0.4212845108717072,2026,5,Summer
2026-04-02,Karnataka,Bengaluru,"Binny Mill (F&V), Bengaluru APMC",Cabbage,Cabbage,800,1000,900,947.300666493006,-47.30066649300602,0,Medium,0.4212845108717072,2026,4,Summer
2026-04-04,Karnataka,Bengaluru,"Binny Mill (F&V), Bengaluru APMC",Cabbage,Cabbage,900,1100,1000,999.6421447048751,0.3578552951248639,0,Medium,0.4212845108717072,2026,4,Summer
2026-04-06,Karnataka,Bengaluru,"Binny Mill (F&V), Bengaluru APMC",Cabbage,Cabbage,900,1100,1000,969.0174486940736,30.98255130592645,0,Medium,0.4212845108717072,2026,4,Summer
2026-04-08,Karnataka,Bengaluru,"Binny Mill (F&V), Bengaluru APMC",Cabbage,Cabbage,900,1100,1000,994.8047129310897,5.195287068910261,0,Medium,0.4212845108717072,2026,4,Summer
2026-04-09,Karnataka,Bengaluru,"Binny Mill (F&V), Bengaluru APMC",Cabbage,Cabbage,900,1100,1000,1009.5950746192303,-9.595074619230331,0,Medium,0.4212845108717072,2026,4,Summer
2026-04-10,Karnataka,Bengaluru,"Binny Mill (F&V), Bengaluru APMC",Cabbage,Cabbage,900,1100,1000,1022.217745370648,-22.217745370648004,0,Medium,0.4212845108717072,2026,4,Summer
2026-04-13,Karnataka,Bengaluru,"Binny Mill (F&V), Bengaluru APMC",Cabbage,Cabbage,1000,1200,1100,1025.919335783044,74.08066421695594,0,Medium,0.4212845108717072,2026,4,Summer
2026-04-15,Karnataka,Bengaluru,"Binny Mill (F&V), Bengaluru APMC",Cabbage,Cabbage,1000,1200,1100,1059.2668119940372,40.7331880059628,0,Medium,0.4212845108717072,2026,4,Summer
2026-04-16,Karnataka,Bengaluru,"Binny Mill (F&V), Bengaluru APMC",Cabbage,Cabbage,1000,1200,1100,1082.7279374290679,17.27206257093212,0,Medium,0.4212845108717072,2026,4,Summer
2026-04-17,Karnataka,Bengaluru,"Binny Mill (F&V), Bengaluru APMC",Cabbage,Cabbage,1000,1200,1100,1106.189062864099,-6.189062864099014,0,Medium,0.4212845108717072,2026,4,Summer
2026-04-18,Karnataka,Bengaluru,"Binny Mill (F&V), Bengaluru APMC",Cabbage,Cabbage,1000,1200,1100,1129.65018829913,-29.650188299129923,0,Medium,0.4212845108717072,2026,4,Summer
2026-04-21,Karnataka,Bengaluru,"Binny Mill (F&V), Bengaluru APMC",Cabbage,Cabbage,900,1100,1000,1100.8364146606855,-100.83641466068548,0,Medium,0.4212845108717072,2026,4,Summer
2026-04-22,Karnataka,Bengaluru,"Binny Mill (F&V), Bengaluru APMC",Cabbage,Cabbage,800,1000,900,1105.3569507039465,-205.3569507039465,0,Medium,0.4212845108717072,2026,4,Summer
2026-04-23,Karnataka,Bengaluru,"Binny Mill (F&V), Bengaluru APMC",Cabbage,Cabbage,700,900,800,1077.362122696367,-277.3621226963669,1,Medium,0.4212845108717072,2026,4,Summer
2026-04-24,Karnataka,Bengaluru,"Binny Mill (F&V), Bengaluru APMC",Cabbage,Cabbage,1000,1200,1100,1098.1403407650475,1.8596592349524599,0,Medium,0.4212845108717072,2026,4,Summer
2026-04-27,Karnataka,Bengaluru,"Binny Mill (F&V), Bengaluru APMC",Cabbage,Cabbage,1000,1200,1100,1028.6022431493948,71.39775685060522,0,Medium,0.4212845108717072,2026,4,Summer
2026-04-28,Karnataka,Bengaluru,"Binny Mill (F&V), Bengaluru APMC",Cabbage,Cabbage,1000,1200,1100,1035.8056865590058,64.19431344099416,0,Medium,0.4212845108717072,2026,4,Summer
2026-04-29,Karnataka,Bengaluru,"Binny Mill (F&V), Bengaluru APMC",Cabbage,Cabbage,900,1100,1000,1026.7514479431966,-26.75144794319658,0,Medium,0.4212845108717072,2026,4,Summer
2026-04-30,Karnataka,Bengaluru,"Binny Mill (F&V), Bengaluru APMC",Cabbage,Cabbage,1000,1200,1100,1063.7873480372973,36.212651962702694,0,Medium,0.4212845108717072,2026,4,Summer
2026-05-07,Karnataka,Bengaluru,"Binny Mill (F&V), Bengaluru APMC",Cabbage,Cabbage,900,1100,1000,1056.5653327682037,-56.56533276820369,0,Medium,0.4212845108717072,2026,5,Summer
2026-05-08,Karnataka,Bengaluru,"Binny Mill (F&V), Bengaluru APMC",Cabbage,Cabbage,1000,1100,1000,1109.858914887724,-109.85891488772404,0,Medium,0.4212845108717072,2026,5,Summer
2026-05-11,Karnataka,Bengaluru,"Binny Mill (F&V), Bengaluru APMC",Cabbage,Cabbage,900,1100,1000,1064.7874592238597,-64.78745922385974,0,Medium,0.4212845108717072,2026,5,Summer
2026-05-12,Karnataka,Bengaluru,"Binny Mill (F&V), Bengaluru APMC",Cabbage,Cabbage,1000,1200,1100,1071.9909026334708,28.009097366529204,0,Medium,0.4212845108717072,2026,5,Summer
2026-05-14,Karnataka,Bengaluru,"Binny Mill (F&V), Bengaluru APMC",Cabbage,Cabbage,1000,1200,1100,1072.8230147936233,27.176985206376685,0,Medium,0.4212845108717072,2026,5,Summer
2026-05-18,Karnataka,Bengaluru,"Binny Mill (F&V), Bengaluru APMC",Cabbage,Cabbage,1300,1500,1400,1116.2434126664705,283.7565873335295,0,Medium,0.4212845108717072,2026,5,Summer
2026-05-20,Karnataka,Bengaluru,"Binny Mill (F&V), Bengaluru APMC",Cabbage,Cabbage,1200,1400,1300,1122.441339559325,177.5586604406751,0,Medium,0.4212845108717072,2026,5,Summer
2026-05-21,Karnataka,Bengaluru,"Binny Mill (F&V), Bengaluru APMC",Cabbage,Cabbage,1300,1500,1400,1208.2502857296854,191.7497142703146,0,Medium,0.4212845108717072,2026,5,Summer
2026-05-22,Karnataka,Bengaluru,"Binny Mill (F&V), Bengaluru APMC",Cabbage,Cabbage,1400,1600,1500,1283.1673646073275,216.8326353926725,0,Medium,0.4212845108717072,2026,5,Summer
2026-05-25,Karnataka,Bengaluru,"Binny Mill (F&V), Bengaluru APMC",Cabbage,Cabbage,1400,1600,1500,1322.0672264369143,177.93277356308568,0,Medium,0.4212845108717072,2026,5,Summer
2026-05-27,Karnataka,Bengaluru,"Binny Mill (F&V), Bengaluru APMC",Cabbage,Cabbage,3600,4600,4100,1824.2045740187389,2275.7954259812614,1,Medium,0.4212845108717072,2026,5,Summer
2026-05-29,Karnataka,Bengaluru,"Binny Mill (F&V), Bengaluru APMC",Cabbage,Cabbage,1500,1700,1600,1566.955729829256,33.044270170744085,0,Medium,0.4212845108717072,2026,5,Summer
2026-06-01,Karnataka,Bengaluru,"Binny Mill (F&V), Bengaluru APMC",Cabbage,Cabbage,1600,1800,1700,1935.6767145776819,-235.67671457768188,0,Medium,0.4212845108717072,2026,6,Monsoon
2026-06-02,Karnataka,Bengaluru,"Binny Mill (F&V), Bengaluru APMC",Cabbage,Cabbage,1600,1800,1700,1994.3361114299037,-294.33611142990367,0,Medium,0.4212845108717072,2026,6,Monsoon
2026-06-03,Karnataka,Bengaluru,"Binny Mill (F&V), Bengaluru APMC",Cabbage,Cabbage,1500,1700,1600,2034.0549188903542,-434.0549188903542,0,Medium,0.4212845108717072,2026,6,Monsoon
2026-06-04,Karnataka,Bengaluru,"Binny Mill (F&V), Bengaluru APMC",Cabbage,Cabbage,1600,1800,1700,2087.348501009875,-387.3485010098748,0,Medium,0.4212845108717072,2026,6,Monsoon
2026-06-05,Karnataka,Bengaluru,"Binny Mill (F&V), Bengaluru APMC",Cabbage,Cabbage,1700,1900,1800,2129.7502158366774,-329.7502158366774,0,Medium,0.4212845108717072,2026,6,Monsoon
2026-06-06,Karnataka,Bengaluru,"Binny Mill (F&V), Bengaluru APMC",Cabbage,Cabbage,1600,1800,1700,1733.1945159771365,-33.19451597713646,0,Medium,0.4212845108717072,2026,6,Monsoon
2026-06-08,Karnataka,Bengaluru,"Binny Mill (F&V), Bengaluru APMC",Cabbage,Cabbage,1700,1900,1800,1743.2674376389905,56.73256236100951,0,Medium,0.4212845108717072,2026,6,Monsoon
2026-06-09,Karnataka,Bengaluru,"Binny Mill (F&V), Bengaluru APMC",Cabbage,Cabbage,1600,2000,1800,1753.1537884149527,46.846211585047286,0,Medium,0.4212845108717072,2026,6,Monsoon
2026-06-10,Karnataka,Bengaluru,"Binny Mill (F&V), Bengaluru APMC",Cabbage,Cabbage,1600,2000,1800,1776.6149138499834,23.385086150016605,0,Medium,0.4212845108717072,2026,6,Monsoon
2026-06-11,Karnataka,Bengaluru,"Binny Mill (F&V), Bengaluru APMC",Cabbage,Cabbage,1600,2000,1800,1816.3337213104344,-16.333721310434385,0,Medium,0.4212845108717072,2026,6,Monsoon
2026-06-12,Karnataka,Bengaluru,"Binny Mill (F&V), Bengaluru APMC",Cabbage,Cabbage,1800,2000,1900,1856.052528770886,43.947471229113944,0,Medium,0.4212845108717072,2026,6,Monsoon
2026-06-15,Karnataka,Bengaluru,"Binny Mill (F&V), Bengaluru APMC",Cabbage,Cabbage,1800,2000,1900,1829.9216624987923,70.07833750120767,0,Medium,0.4212845108717072,2026,6,Monsoon
2026-06-16,Karnataka,Bengaluru,"Binny Mill (F&V), Bengaluru APMC",Cabbage,Cabbage,1700,1900,1800,1853.382787933824,-53.38278793382392,0,Medium,0.4212845108717072,2026,6,Monsoon
2026-06-17,Karnataka,Bengaluru,"Binny Mill (F&V), Bengaluru APMC",Cabbage,Cabbage,2000,2200,2100,1922.934052078765,177.06594792123497,0,Medium,0.4212845108717072,2026,6,Monsoon
2026-06-18,Karnataka,Bengaluru,"Binny Mill (F&V), Bengaluru APMC",Cabbage,Cabbage,1800,2000,1900,1905.670853536587,-5.670853536586947,0,Medium,0.4212845108717072,2026,6,Monsoon
2026-06-19,Karnataka,Bengaluru,"Binny Mill (F&V), Bengaluru APMC",Cabbage,Cabbage,1800,2000,1900,1956.281528289757,-56.281528289757034,0,Medium,0.4212845108717072,2026,6,Monsoon
2026-06-20,Karnataka,Bengaluru,"Binny Mill (F&V), Bengaluru APMC",Cabbage,Cabbage,5000,6000,5500,2565.0192066399113,2934.9807933600887,1,Medium,0.4212845108717072,2026,6,Monsoon
2026-06-22,Karnataka,Bengaluru,"Binny Mill (F&V), Bengaluru APMC",Cabbage,Cabbage,1800,2000,1900,2040.3101018653551,-140.31010186535514,0,Medium,0.4212845108717072,2026,6,Monsoon
2026-06-23,Karnataka,Bengaluru,"Binny Mill (F&V), Bengaluru APMC",Cabbage,Cabbage,1800,2000,1900,2536.205433001467,-636.2054330014671,0,Medium,0.4212845108717072,2026,6,Monsoon
2026-06-24,Karnataka,Bengaluru,"Binny Mill (F&V), Bengaluru APMC",Cabbage,Cabbage,1800,2000,1900,2559.6665584364982,-659.6665584364982,0,Medium,0.4212845108717072,2026,6,Monsoon
2026-06-25,Karnataka,Bengaluru,"Binny Mill (F&V), Bengaluru APMC",Cabbage,Cabbage,1800,2000,1900,2534.354637795269,-634.3546377952689,0,Medium,0.4212845108717072,2026,6,Monsoon
2026-06-29,Karnataka,Bengaluru,"Binny Mill (F&V), Bengaluru APMC",Cabbage,Cabbage,1700,1900,1800,2496.4866255410157,-696.4866255410157,0,Medium,0.4212845108717072,2026,6,Monsoon
2026-06-30,Karnataka,Bengaluru,"Binny Mill (F&V), Bengaluru APMC",Cabbage,Cabbage,1700,1900,1800,2501.0071615842767,-701.0071615842767,0,Medium,0.4212845108717072,2026,6,Monsoon
2026-07-01,Karnataka,Bengaluru,"Binny Mill (F&V), Bengaluru APMC",Cabbage,Cabbage,1800,2000,1900,1913.0291294433205,-13.029129443320471,0,Medium,0.4212845108717072,2026,7,Monsoon
2026-07-02,Karnataka,Bengaluru,"Binny Mill (F&V), Bengaluru APMC",Cabbage,Cabbage,1800,2000,1900,1906.657798193862,-6.657798193861936,0,Medium,0.4212845108717072,2026,7,Monsoon
2026-07-03,Karnataka,Bengaluru,"Binny Mill (F&V), Bengaluru APMC",Cabbage,Cabbage,1900,2100,2000,1930.1189236288922,69.88107637110784,0,Medium,0.4212845108717072,2026,7,Monsoon
2026-07-04,Karnataka,Bengaluru,"Binny Mill (F&V), Bengaluru APMC",Cabbage,Cabbage,1800,2000,1900,1923.7475923794339,-23.747592379433854,0,Medium,0.4212845108717072,2026,7,Monsoon
2026-07-06,Karnataka,Bengaluru,"Binny Mill (F&V), Bengaluru APMC",Cabbage,Cabbage,1800,2000,1900,1901.305149990448,-1.3051499904479442,0,Medium,0.4212845108717072,2026,7,Monsoon
2026-07-07,Karnataka,Bengaluru,"Binny Mill (F&V), Bengaluru APMC",Cabbage,Cabbage,1700,2000,1800,1908.5085934000592,-108.50859340005923,0,Medium,0.4212845108717072,2026,7,Monsoon
2026-07-08,Karnataka,Bengaluru,"Binny Mill (F&V), Bengaluru APMC",Cabbage,Cabbage,1800,2100,1900,1945.5444934941597,-45.544493494159724,0,Medium,0.4212845108717072,2026,7,Monsoon
2026-07-09,Karnataka,Bengaluru,"Binny Mill (F&V), Bengaluru APMC",Cabbage,Cabbage,1700,1900,1800,1922.9154802192813,-122.91548021928133,0,Medium,0.4212845108717072,2026,7,Monsoon
2026-07-10,Karnataka,Bengaluru,"Binny Mill (F&V), Bengaluru APMC",Cabbage,Cabbage,1700,1900,1800,1927.4360162625426,-127.43601626254258,0,Medium,0.4212845108717072,2026,7,Monsoon
2026-07-14,Karnataka,Bengaluru,"Binny Mill (F&V), Bengaluru APMC",Cabbage,Cabbage,1900,2100,2000,1905.8256860337092,94.17431396629081,0,Medium,0.4212845108717072,2026,7,Monsoon
2026-07-15,Karnataka,Bengaluru,"Binny Mill (F&V), Bengaluru APMC",Cabbage,Cabbage,1400,1600,1500,1820.8488520235007,-320.84885202350074,0,Medium,0.4212845108717072,2026,7,Monsoon
2026-07-16,Karnataka,Bengaluru,"Binny Mill (F&V), Bengaluru APMC",Cabbage,Cabbage,1400,1600,1500,1830.8954406267785,-330.8954406267785,0,Medium,0.4212845108717072,2026,7,Monsoon
2026-07-17,Karnataka,Bengaluru,"Binny Mill (F&V), Bengaluru APMC",Cabbage,Cabbage,1600,1800,1700,1821.8412020109695,-121.84120201096948,0,Medium,0.4212845108717072,2026,7,Monsoon
2026-07-18,Karnataka,Bengaluru,"Binny Mill (F&V), Bengaluru APMC",Cabbage,Cabbage,1400,1600,1500,1736.8643680007613,-236.86436800076126,0,Medium,0.4212845108717072,2026,7,Monsoon
2026-07-20,Karnataka,Bengaluru,"Binny Mill (F&V), Bengaluru APMC",Cabbage,Cabbage,1600,1800,1700,1711.7390182454242,-11.739018245424177,0,Medium,0.4212845108717072,2026,7,Monsoon
2026-06-02,Karnataka,Bengaluru,Binny Mill (FF&V) Bengaluru APMC,Cabbage,Cabbage,1600,1800,1700,1734.4662934874411,-34.466293487441135,0,Medium,0.4212845108717072,2026,6,Monsoon
2026-06-03,Karnataka,Bengaluru,Binny Mill (FF&V) Bengaluru APMC,Cabbage,Cabbage,1500,1700,1600,1703.7351455044056,-103.73514550440564,0,Medium,0.4212845108717072,2026,6,Monsoon
2026-06-04,Karnataka,Bengaluru,Binny Mill (FF&V) Bengaluru APMC,Cabbage,Cabbage,1600,1800,1700,1733.9970114212476,-33.997011421247635,0,Medium,0.4212845108717072,2026,6,Monsoon
2026-06-05,Karnataka,Bengaluru,Binny Mill (FF&V) Bengaluru APMC,Cabbage,Cabbage,1700,1900,1800,1756.0766237162745,43.923376283725474,0,Medium,0.4212845108717072,2026,6,Monsoon
2026-06-06,Karnataka,Bengaluru,Binny Mill (FF&V) Bengaluru APMC,Cabbage,Cabbage,1600,1800,1700,1749.705292466816,-49.70529246681599,0,Medium,0.4212845108717072,2026,6,Monsoon
2026-06-11,Karnataka,Bengaluru,Binny Mill (FF&V) Bengaluru APMC,Cabbage,Cabbage,1600,2000,1800,1765.1308623320836,34.86913766791645,0,Medium,0.4212845108717072,2026,6,Monsoon
2026-06-12,Karnataka,Bengaluru,Binny Mill (FF&V) Bengaluru APMC,Cabbage,Cabbage,1800,2000,1900,1791.2748951334654,108.7251048665346,0,Medium,0.4212845108717072,2026,6,Monsoon
2026-06-16,Karnataka,Bengaluru,Binny Mill (FF&V) Bengaluru APMC,Cabbage,Cabbage,1700,1900,1800,1772.3474722709827,27.652527729017265,0,Medium,0.4212845108717072,2026,6,Monsoon
2026-06-17,Karnataka,Bengaluru,Binny Mill (FF&V) Bengaluru APMC,Cabbage,Cabbage,2000,2200,2100,1874.4141004667638,225.58589953323622,0,Medium,0.4212845108717072,2026,6,Monsoon
2026-06-19,Karnataka,Bengaluru,Binny Mill (FF&V) Bengaluru APMC,Cabbage,Cabbage,1800,2000,1900,1880.6120273596177,19.38797264038226,0,Medium,0.4212845108717072,2026,6,Monsoon
2026-06-20,Karnataka,Bengaluru,Binny Mill (FF&V) Bengaluru APMC,Cabbage,Cabbage,5000,6000,5500,2516.499255027911,2983.500744972089,1,Medium,0.4212845108717072,2026,6,Monsoon
2026-06-22,Karnataka,Bengaluru,Binny Mill (FF&V) Bengaluru APMC,Cabbage,Cabbage,1800,2000,1900,2024.305514304195,-124.30551430419496,0,Medium,0.4212845108717072,2026,6,Monsoon
2026-06-23,Karnataka,Bengaluru,Binny Mill (FF&V) Bengaluru APMC,Cabbage,Cabbage,1800,2000,1900,2536.458527465727,-636.458527465727,0,Medium,0.4212845108717072,2026,6,Monsoon
2026-06-24,Karnataka,Bengaluru,Binny Mill (FF&V) Bengaluru APMC,Cabbage,Cabbage,1800,2000,1900,2543.661970875338,-643.6619708753378,0,Medium,0.4212845108717072,2026,6,Monsoon
2026-07-02,Karnataka,Bengaluru,Binny Mill (FF&V) Bengaluru APMC,Cabbage,Cabbage,1800,2000,1900,2557.2181736749244,-657.2181736749244,0,Medium,0.4212845108717072,2026,7,Monsoon
2026-07-04,Karnataka,Bengaluru,Binny Mill (FF&V) Bengaluru APMC,Cabbage,Cabbage,1800,2000,1900,2539.109696443307,-639.1096964433068,0,Medium,0.4212845108717072,2026,7,Monsoon
2026-07-06,Karnataka,Bengaluru,Binny Mill (FF&V) Bengaluru APMC,Cabbage,Cabbage,1800,2000,1900,2503.0924793952513,-603.0924793952513,0,Medium,0.4212845108717072,2026,7,Monsoon
2026-07-07,Karnataka,Bengaluru,Binny Mill (FF&V) Bengaluru APMC,Cabbage,Cabbage,1700,2000,1800,1908.761687864319,-108.7616878643189,0,Medium,0.4212845108717072,2026,7,Monsoon
2026-07-08,Karnataka,Bengaluru,Binny Mill (FF&V) Bengaluru APMC,Cabbage,Cabbage,1800,2100,1900,1929.539905932999,-29.53990593299909,0,Medium,0.4212845108717072,2026,7,Monsoon
2026-07-10,Karnataka,Bengaluru,Binny Mill (FF&V) Bengaluru APMC,Cabbage,Cabbage,1700,1900,1800,1914.114336067733,-114.11433606773289,0,Medium,0.4212845108717072,2026,7,Monsoon
2026-07-13,Karnataka,Bengaluru,Binny Mill (FF&V) Bengaluru APMC,Cabbage,Cabbage,1900,2100,2000,1915.133019113777,84.86698088622302,0,Medium,0.4212845108717072,2026,7,Monsoon
2026-07-14,Karnataka,Bengaluru,Binny Mill (FF&V) Bengaluru APMC,Cabbage,Cabbage,1900,2100,2000,1911.4445952306696,88.55540476933038,0,Medium,0.4212845108717072,2026,7,Monsoon
2026-07-15,Karnataka,Bengaluru,Binny Mill (FF&V) Bengaluru APMC,Cabbage,Cabbage,1400,1600,1500,1853.6173105386001,-353.6173105386001,0,Medium,0.4212845108717072,2026,7,Monsoon
2026-07-16,Karnataka,Bengaluru,Binny Mill (FF&V) Bengaluru APMC,Cabbage,Cabbage,1400,1600,1500,1863.6638991418783,-363.66389914187835,0,Medium,0.4212845108717072,2026,7,Monsoon
2026-07-17,Karnataka,Bengaluru,Binny Mill (FF&V) Bengaluru APMC,Cabbage,Cabbage,1600,1800,1700,1854.6096605260689,-154.60966052606886,0,Medium,0.4212845108717072,2026,7,Monsoon
2026-07-18,Karnataka,Bengaluru,Binny Mill (FF&V) Bengaluru APMC,Cabbage,Cabbage,1400,1600,1500,1769.632826515861,-269.6328265158611,0,Medium,0.4212845108717072,2026,7,Monsoon
2026-07-20,Karnataka,Bengaluru,Binny Mill (FF&V) Bengaluru APMC,Cabbage,Cabbage,1600,1800,1700,1744.5074767605245,-44.50747676052447,0,Medium,0.4212845108717072,2026,7,Monsoon
2026-07-21,Karnataka,Bengaluru,Binny Mill (FF&V) Bengaluru APMC,Cabbage,Cabbage,1600,1800,1700,1675.7883247757366,24.211675224263445,0,Medium,0.4212845108717072,2026,7,Monsoon
2026-07-22,Karnataka,Bengaluru,Binny Mill (FF&V) Bengaluru APMC,Cabbage,Cabbage,1600,1800,1700,1634.218722109087,65.78127789091309,0,Medium,0.4212845108717072,2026,7,Monsoon
2026-07-23,Karnataka,Bengaluru,Binny Mill (FF&V) Bengaluru APMC,Cabbage,Cabbage,1700,1900,1800,1690.1952115949587,109.80478840504134,0,Medium,0.4212845108717072,2026,7,Monsoon
2026-07-27,Karnataka,Bengaluru,Binny Mill (FF&V) Bengaluru APMC,Cabbage,Cabbage,1600,1800,1700,1687.525470757896,12.474529242103927,0,Medium,0.4212845108717072,2026,7,Monsoon
2026-07-28,Karnataka,Bengaluru,Binny Mill (FF&V) Bengaluru APMC,Cabbage,Cabbage,1600,1800,1700,1708.3036888265767,-8.303688826576717,0,Medium,0.4212845108717072,2026,7,Monsoon
2026-07-29,Karnataka,Bengaluru,Binny Mill (FF&V) Bengaluru APMC,Cabbage,Cabbage,1600,1800,1700,1748.0224962870277,-48.02249628702771,0,Medium,0.4212845108717072,2026,7,Monsoon
2026-07-30,Karnataka,Bengaluru,Binny Mill (FF&V) Bengaluru APMC,Cabbage,Cabbage,1700,1900,1800,1771.4836217220593,28.516378277940703,0,Medium,0.4212845108717072,2026,7,Monsoon
2026-07-31,Karnataka,Bengaluru,Binny Mill (FF&V) Bengaluru APMC,Cabbage,Cabbage,1800,2000,1900,1797.6276545234407,102.3723454765593,0,Medium,0.4212845108717072,2026,7,Monsoon
2026-08-03,Karnataka,Bengaluru,Binny Mill (FF&V) Bengaluru APMC,Cabbage,Cabbage,1800,2000,1900,1777.8495476413227,122.15045235867728,0,Medium,0.4212845108717072,2026,8,Monsoon
2026-08-04,Karnataka,Bengaluru,Binny Mill (FF&V) Bengaluru APMC,Cabbage,Cabbage,2000,2200,2100,1833.8260371271945,266.17396287280553,0,Medium,0.4212845108717072,2026,8,Monsoon
2026-08-05,Karnataka,Bengaluru,Binny Mill (FF&V) Bengaluru APMC,Cabbage,Cabbage,2000,2200,2100,1878.9106593203462,221.0893406796538,0,Medium,0.4212845108717072,2026,8,Monsoon
2026-08-07,Karnataka,Bengaluru,Binny Mill (FF&V) Bengaluru APMC,Cabbage,Cabbage,1500,1700,1600,1877.0598641141494,-277.0598641141494,0,Medium,0.4212845108717072,2026,8,Monsoon
2024-10-31,Telangana,Warangal,Hanmarkonda(Rythu Bazar),Cabbage,Cabbage,4400,4800,4600,4591.434331885443,8.565668114557411,1,Medium,0.4212845108717072,2024,10,PostMonsoon
2023-01-21,Telangana,Karimnagar,Karimnagar,Cabbage,Cabbage,600,600,600,806.9619296752721,-206.96192967527213,0,Medium,0.4212845108717072,2023,1,Winter
2023-01-26,Telangana,Karimnagar,Karimnagar,Cabbage,Cabbage,600,600,600,776.3774797442882,-176.37747974428817,0,Medium,0.4212845108717072,2023,1,Winter
2023-01-28,Telangana,Karimnagar,Karimnagar,Cabbage,Cabbage,500,500,500,733.88247947454,-233.88247947454,0,Medium,0.4212845108717072,2023,1,Winter
2023-01-31,Telangana,Karimnagar,Karimnagar,Cabbage,Cabbage,500,500,500,684.5023482417828,-184.50234824178278,0,Medium,0.4212845108717072,2023,1,Winter
2023-02-07,Telangana,Karimnagar,Karimnagar,Cabbage,Cabbage,500,500,500,651.8366707707503,-151.8366707707503,0,Medium,0.4212845108717072,2023,2,Winter
2023-02-14,Telangana,Karimnagar,Karimnagar,Cabbage,Cabbage,700,700,700,668.0943527961704,31.90564720382963,1,Medium,0.4212845108717072,2023,2,Winter
2023-02-28,Telangana,Karimnagar,Karimnagar,Cabbage,Cabbage,600,600,600,592.1717574017712,7.828242598228826,0,Medium,0.4212845108717072,2023,2,Winter
2023-03-03,Telangana,Karimnagar,Karimnagar,Cabbage,Cabbage,600,600,600,627.100573888888,-27.100573888887993,0,Medium,0.4212845108717072,2023,3,Summer
2023-03-04,Telangana,Karimnagar,Karimnagar,Cabbage,Cabbage,600,600,600,634.3040172984992,-34.30401729849916,0,Medium,0.4212845108717072,2023,3,Summer
2023-03-08,Telangana,Karimnagar,Karimnagar,Cabbage,Cabbage,600,600,600,628.9513690950859,-28.95136909508585,0,Medium,0.4212845108717072,2023,3,Summer
2023-03-10,Telangana,Karimnagar,Karimnagar,Cabbage,Cabbage,3000,3000,3000,1049.8003065498103,1950.1996934501897,0,Medium,0.4212845108717072,2023,3,Summer
2023-03-16,Telangana,Karimnagar,Karimnagar,Cabbage,Cabbage,500,500,500,716.8022713225321,-216.80227132253208,0,Medium,0.4212845108717072,2023,3,Summer
2023-03-18,Telangana,Karimnagar,Karimnagar,Cabbage,Cabbage,500,500,500,1038.0631605676508,-538.0631605676508,0,Medium,0.4212845108717072,2023,3,Summer
2023-03-19,Telangana,Karimnagar,Karimnagar,Cabbage,Cabbage,500,500,500,1029.0089219518418,-529.0089219518418,0,Medium,0.4212845108717072,2023,3,Summer
2023-03-23,Telangana,Karimnagar,Karimnagar,Cabbage,Cabbage,500,500,500,991.1409096975884,-491.1409096975884,0,Medium,0.4212845108717072,2023,3,Summer
2023-03-24,Telangana,Karimnagar,Karimnagar,Cabbage,Cabbage,500,700,600,998.3443531071995,-398.3443531071995,0,Medium,0.4212845108717072,2023,3,Summer
2023-03-25,Telangana,Karimnagar,Karimnagar,Cabbage,Cabbage,600,600,600,991.9730218577411,-391.97302185774106,0,Medium,0.4212845108717072,2023,3,Summer
2023-04-01,Telangana,Karimnagar,Karimnagar,Cabbage,Cabbage,500,500,500,575.6260485867942,-75.62604858679424,0,Medium,0.4212845108717072,2023,4,Summer
2023-04-04,Telangana,Karimnagar,Karimnagar,Cabbage,Cabbage,500,500,500,560.3870496074194,-60.387049607419385,0,Medium,0.4212845108717072,2023,4,Summer
2023-04-10,Telangana,Karimnagar,Karimnagar,Cabbage,Cabbage,500,500,500,553.1836061978083,-53.18360619780833,0,Medium,0.4212845108717072,2023,4,Summer
2023-04-28,Telangana,Karimnagar,Karimnagar,Cabbage,Cabbage,900,900,900,647.028107937933,252.971892062067,0,Medium,0.4212845108717072,2023,4,Summer
2023-05-01,Telangana,Karimnagar,Karimnagar,Cabbage,Cabbage,900,900,900,619.0410411294466,280.9589588705534,0,Medium,0.4212845108717072,2023,5,Summer
2023-05-04,Telangana,Karimnagar,Karimnagar,Cabbage,Cabbage,1000,1000,1000,705.6820994599602,294.3179005400398,0,Medium,0.4212845108717072,2023,5,Summer
2023-05-13,Telangana,Karimnagar,Karimnagar,Cabbage,Cabbage,1200,1200,1200,804.0603037726333,395.93969622736665,0,Medium,0.4212845108717072,2023,5,Summer
2023-05-19,Telangana,Karimnagar,Karimnagar,Cabbage,Cabbage,1000,1000,1000,850.9957211719837,149.00427882801625,0,Medium,0.4212845108717072,2023,5,Summer
2023-05-27,Telangana,Karimnagar,Karimnagar,Cabbage,Cabbage,1000,1000,1000,966.6371240268344,33.362875973165615,0,Medium,0.4212845108717072,2023,5,Summer
2023-05-30,Telangana,Karimnagar,Karimnagar,Cabbage,Cabbage,1000,1000,1000,1019.1117605154906,-19.111760515490573,0,Medium,0.4212845108717072,2023,5,Summer
2023-06-07,Telangana,Karimnagar,Karimnagar,Cabbage,Cabbage,1000,1000,1000,1051.9652317843947,-51.965231784394746,0,Medium,0.4212845108717072,2023,6,Monsoon
2023-06-14,Telangana,Karimnagar,Karimnagar,Cabbage,Cabbage,1000,1000,1000,1068.222913809815,-68.22291380981505,0,Medium,0.4212845108717072,2023,6,Monsoon
2023-06-24,Telangana,Karimnagar,Karimnagar,Cabbage,Cabbage,1100,1100,1100,1106.0909260640683,-6.090926064068299,0,Medium,0.4212845108717072,2023,6,Monsoon
2023-06-26,Telangana,Karimnagar,Karimnagar,Cabbage,Cabbage,1100,1100,1100,1040.2412523315234,59.758747668476644,0,Medium,0.4212845108717072,2023,6,Monsoon
2023-06-27,Telangana,Karimnagar,Karimnagar,Cabbage,Cabbage,1000,1400,1200,1079.9600597919743,120.03994020802566,0,Medium,0.4212845108717072,2023,6,Monsoon
2023-06-28,Telangana,Karimnagar,Karimnagar,Cabbage,Cabbage,1300,1300,1300,1122.361774618776,177.63822538122395,0,Medium,0.4212845108717072,2023,6,Monsoon
2023-07-07,Telangana,Karimnagar,Karimnagar,Cabbage,Cabbage,1500,1500,1500,1194.5773742705842,305.4226257294158,0,Medium,0.4212845108717072,2023,7,Monsoon
2023-07-08,Telangana,Karimnagar,Karimnagar,Cabbage,Cabbage,1500,1500,1500,1255.9196784891571,244.08032151084285,0,Medium,0.4212845108717072,2023,7,Monsoon
2023-07-10,Telangana,Karimnagar,Karimnagar,Cabbage,Cabbage,1500,1500,1500,1301.1908715682023,198.80912843179772,0,Medium,0.4212845108717072,2023,7,Monsoon
2023-07-13,Telangana,Karimnagar,Karimnagar,Cabbage,Cabbage,1300,1300,1300,1355.3165658478758,-55.316565847875836,0,Medium,0.4212845108717072,2023,7,Monsoon
2023-07-23,Telangana,Karimnagar,Karimnagar,Cabbage,Cabbage,1700,1700,1700,1501.6225375473687,198.37746245263133,0,Medium,0.4212845108717072,2023,7,Monsoon
2023-08-10,Telangana,Karimnagar,Karimnagar,Cabbage,Cabbage,2200,2200,2200,1578.3850063010134,621.6149936989866,0,Medium,0.4212845108717072,2023,8,Monsoon
2023-08-23,Telangana,Karimnagar,Karimnagar,Cabbage,Cabbage,1600,1600,1600,1552.0807356723155,47.91926432768446,0,Medium,0.4212845108717072,2023,8,Monsoon
2023-08-29,Telangana,Karimnagar,Karimnagar,Cabbage,Cabbage,1000,1000,1000,1545.037530090021,-545.0375300900209,0,Medium,0.4212845108717072,2023,8,Monsoon
2023-09-23,Telangana,Karimnagar,Karimnagar,Cabbage,Cabbage,1000,1000,1000,1564.1066189203366,-564.1066189203366,0,Medium,0.4212845108717072,2023,9,Monsoon
2023-09-25,Telangana,Karimnagar,Karimnagar,Cabbage,Cabbage,1000,1000,1000,1446.8009917451811,-446.80099174518114,0,Medium,0.4212845108717072,2023,9,Monsoon
2023-10-06,Telangana,Karimnagar,Karimnagar,Cabbage,Cabbage,1200,1500,1350,1464.1900495262323,-114.19004952623231,0,Medium,0.4212845108717072,2023,10,PostMonsoon
2023-10-13,Telangana,Karimnagar,Karimnagar,Cabbage,Cabbage,1200,1200,1200,1335.3899280923888,-135.3899280923888,0,Medium,0.4212845108717072,2023,10,PostMonsoon
2023-10-30,Telangana,Karimnagar,Karimnagar,Cabbage,Cabbage,1400,1400,1400,1196.8768602391874,203.1231397608126,0,Medium,0.4212845108717072,2023,10,PostMonsoon
2023-10-31,Telangana,Karimnagar,Karimnagar,Cabbage,Cabbage,1400,1400,1400,1144.4153902798198,255.5846097201802,0,Medium,0.4212845108717072,2023,10,PostMonsoon
2023-11-04,Telangana,Karimnagar,Karimnagar,Cabbage,Cabbage,1200,1200,1200,1195.8396053336594,4.160394666340608,0,Medium,0.4212845108717072,2023,11,PostMonsoon
2023-11-10,Telangana,Karimnagar,Karimnagar,Cabbage,Cabbage,1200,1200,1200,1248.3010752930277,-48.30107529302768,0,Medium,0.4212845108717072,2023,11,PostMonsoon
2023-11-27,Telangana,Karimnagar,Karimnagar,Cabbage,Cabbage,700,700,700,1170.7142555783232,-470.7142555783232,1,Medium,0.4212845108717072,2023,11,PostMonsoon
2023-12-17,Telangana,Karimnagar,Karimnagar,Cabbage,Cabbage,1000,1000,1000,1195.7047111376046,-195.7047111376046,0,Medium,0.4212845108717072,2023,12,Winter
2023-01-18,Telangana,Karimnagar,Karimnagar(Rythu Bazar),Cabbage,Cabbage,1200,2000,1500,1557.6843522908364,-57.68435229083639,0,Medium,0.4212845108717072,2023,1,Winter
2023-01-28,Telangana,Karimnagar,Karimnagar(Rythu Bazar),Cabbage,Cabbage,1500,2000,1500,1579.2946825196698,-79.29468251966978,0,Medium,0.4212845108717072,2023,1,Winter
2023-02-20,Telangana,Karimnagar,Karimnagar(Rythu Bazar),Cabbage,Cabbage,1500,1500,1500,1533.3725428361697,-33.372542836169714,0,Medium,0.4212845108717072,2023,2,Winter
2023-02-22,Telangana,Karimnagar,Karimnagar(Rythu Bazar),Cabbage,Cabbage,1500,1500,1500,1547.7794296553918,-47.77942965539182,0,Medium,0.4212845108717072,2023,2,Winter
2023-03-21,Telangana,Karimnagar,Karimnagar(Rythu Bazar),Cabbage,Cabbage,1000,2000,1500,1540.319697844995,-40.31969784499506,0,Medium,0.4212845108717072,2023,3,Summer
2023-05-07,Telangana,Karimnagar,Karimnagar(Rythu Bazar),Cabbage,Cabbage,1000,1000,1000,1475.2386594950613,-475.23865949506126,0,Medium,0.4212845108717072,2023,5,Summer
2023-05-13,Telangana,Karimnagar,Karimnagar(Rythu Bazar),Cabbage,Cabbage,1000,1500,1200,1487.1360433045372,-287.1360433045372,0,Medium,0.4212845108717072,2023,5,Summer
2023-05-16,Telangana,Karimnagar,Karimnagar(Rythu Bazar),Cabbage,Cabbage,1100,1100,1100,1366.1419922462737,-266.14199224627373,0,Medium,0.4212845108717072,2023,5,Summer
2023-05-26,Telangana,Karimnagar,Karimnagar(Rythu Bazar),Cabbage,Cabbage,1200,2000,1500,1401.3270971341765,98.67290286582352,0,Medium,0.4212845108717072,2023,5,Summer
2023-05-27,Telangana,Karimnagar,Karimnagar(Rythu Bazar),Cabbage,Cabbage,1500,2000,1500,1354.2314419075096,145.76855809249037,0,Medium,0.4212845108717072,2023,5,Summer
2023-06-13,Telangana,Karimnagar,Karimnagar(Rythu Bazar),Cabbage,Cabbage,1000,1500,1500,1334.8100141029383,165.18998589706166,0,Medium,0.4212845108717072,2023,6,Monsoon
2023-07-19,Telangana,Karimnagar,Karimnagar(Rythu Bazar),Cabbage,Cabbage,2000,2500,2000,1413.3969450042048,586.6030549957952,0,Medium,0.4212845108717072,2023,7,Monsoon
2023-07-21,Telangana,Karimnagar,Karimnagar(Rythu Bazar),Cabbage,Cabbage,2000,2500,2000,1522.5067787822807,477.49322121771934,0,Medium,0.4212845108717072,2023,7,Monsoon
2023-07-25,Telangana,Karimnagar,Karimnagar(Rythu Bazar),Cabbage,Cabbage,2000,2500,2000,1630.9579047568081,369.04209524319185,0,Medium,0.4212845108717072,2023,7,Monsoon
2023-08-02,Telangana,Karimnagar,Karimnagar(Rythu Bazar),Cabbage,Cabbage,1800,2500,2000,1774.5755637597556,225.4244362402444,0,Medium,0.4212845108717072,2023,8,Monsoon
2023-09-06,Telangana,Karimnagar,Karimnagar(Rythu Bazar),Cabbage,Cabbage,2000,2500,2000,1845.9590512514114,154.04094874858856,0,Medium,0.4212845108717072,2023,9,Monsoon
2023-09-20,Telangana,Karimnagar,Karimnagar(Rythu Bazar),Cabbage,Cabbage,1500,2000,1500,1845.9590512514114,-345.95905125141144,0,Medium,0.4212845108717072,2023,9,Monsoon
2023-11-17,Telangana,Karimnagar,Karimnagar(Rythu Bazar),Cabbage,Cabbage,1500,2000,1500,1898.781331860433,-398.78133186043306,0,Medium,0.4212845108717072,2023,11,PostMonsoon
2023-11-28,Telangana,Karimnagar,Karimnagar(Rythu Bazar),Cabbage,Cabbage,1500,2000,1500,1795.8825915044993,-295.88259150449926,0,Medium,0.4212845108717072,2023,11,PostMonsoon
2023-01-09,Telangana,Nalgonda,Miryalguda(Rythu Bazar),Cabbage,Cabbage,1500,1500,1500,1756.5850765100326,-256.58507651003265,0,Medium,0.4212845108717072,2023,1,Winter
2023-01-14,Telangana,Nalgonda,Miryalguda(Rythu Bazar),Cabbage,Cabbage,2000,2000,2000,1955.3126453350524,44.687354664947634,0,Medium,0.4212845108717072,2023,1,Winter
2023-01-28,Telangana,Nalgonda,Miryalguda(Rythu Bazar),Cabbage,Cabbage,1000,1000,1000,1650.3475758356624,-650.3475758356624,0,Medium,0.4212845108717072,2023,1,Winter
2023-02-12,Telangana,Nalgonda,Miryalguda(Rythu Bazar),Cabbage,Cabbage,2000,2000,2000,1868.746673833979,131.253326166021,0,Medium,0.4212845108717072,2023,2,Winter
2023-02-13,Telangana,Nalgonda,Miryalguda(Rythu Bazar),Cabbage,Cabbage,2000,2000,2000,1746.680153874588,253.3198461254119,0,Medium,0.4212845108717072,2023,2,Winter
2023-02-14,Telangana,Nalgonda,Miryalguda(Rythu Bazar),Cabbage,Cabbage,2000,2000,2000,1794.5278023477495,205.47219765225054,0,Medium,0.4212845108717072,2023,2,Winter
2023-02-24,Telangana,Nalgonda,Miryalguda(Rythu Bazar),Cabbage,Cabbage,1600,1600,1600,1751.1074044749028,-151.10740447490275,0,Medium,0.4212845108717072,2023,2,Winter
2023-03-09,Telangana,Nalgonda,Miryalguda(Rythu Bazar),Cabbage,Cabbage,1200,1200,1200,1749.173725224523,-549.173725224523,0,Medium,0.4212845108717072,2023,3,Summer
2023-03-17,Telangana,Nalgonda,Miryalguda(Rythu Bazar),Cabbage,Cabbage,1000,1000,1000,1648.0994470162111,-648.0994470162111,0,Medium,0.4212845108717072,2023,3,Summer
2023-04-03,Telangana,Nalgonda,Miryalguda(Rythu Bazar),Cabbage,Cabbage,1400,1400,1400,1701.5610281621414,-301.5610281621414,0,Medium,0.4212845108717072,2023,4,Summer
2023-04-12,Telangana,Nalgonda,Miryalguda(Rythu Bazar),Cabbage,Cabbage,1600,1600,1600,1596.6380882434055,3.361911756594509,0,Medium,0.4212845108717072,2023,4,Summer
2023-04-21,Telangana,Nalgonda,Miryalguda(Rythu Bazar),Cabbage,Cabbage,2000,2000,2000,1583.8954257444886,416.10457425551135,0,Medium,0.4212845108717072,2023,4,Summer
2023-05-04,Telangana,Nalgonda,Miryalguda(Rythu Bazar),Cabbage,Cabbage,2000,2000,2000,1512.4879610631551,487.5120389368449,0,Medium,0.4212845108717072,2023,5,Summer
2023-05-13,Telangana,Nalgonda,Miryalguda(Rythu Bazar),Cabbage,Cabbage,2500,2500,2500,1673.2139861111577,826.7860138888423,0,Medium,0.4212845108717072,2023,5,Summer
2023-05-15,Telangana,Nalgonda,Miryalguda(Rythu Bazar),Cabbage,Cabbage,2000,2400,2200,1731.8997160219562,468.10028397804376,0,Medium,0.4212845108717072,2023,5,Summer
2023-05-20,Telangana,Nalgonda,Miryalguda(Rythu Bazar),Cabbage,Cabbage,2500,2500,2500,2052.5064874285217,447.4935125714783,0,Medium,0.4212845108717072,2023,5,Summer
2023-05-22,Telangana,Nalgonda,Miryalguda(Rythu Bazar),Cabbage,Cabbage,2500,2500,2500,2154.599448682879,345.40055131712097,0,Medium,0.4212845108717072,2023,5,Summer
2023-05-30,Telangana,Nalgonda,Miryalguda(Rythu Bazar),Cabbage,Cabbage,2500,2500,2500,2308.122030321271,191.8779696787292,0,Medium,0.4212845108717072,2023,5,Summer
2023-06-06,Telangana,Nalgonda,Miryalguda(Rythu Bazar),Cabbage,Cabbage,2500,2500,2500,2398.802786282244,101.19721371775586,0,Medium,0.4212845108717072,2023,6,Monsoon
2023-06-19,Telangana,Nalgonda,Miryalguda(Rythu Bazar),Cabbage,Cabbage,2500,2500,2500,2472.8877529997335,27.112247000266507,0,Medium,0.4212845108717072,2023,6,Monsoon
2023-06-21,Telangana,Nalgonda,Miryalguda(Rythu Bazar),Cabbage,Cabbage,2500,2500,2500,2487.2946398189556,12.705360181044398,0,Medium,0.4212845108717072,2023,6,Monsoon
2023-06-24,Telangana,Nalgonda,Miryalguda(Rythu Bazar),Cabbage,Cabbage,2000,2000,2000,2476.3896059969484,-476.3896059969484,0,Medium,0.4212845108717072,2023,6,Monsoon
2023-06-26,Telangana,Nalgonda,Miryalguda(Rythu Bazar),Cabbage,Cabbage,2500,2500,2500,2508.2462622442404,-8.24626224424037,0,Medium,0.4212845108717072,2023,6,Monsoon
2023-06-27,Telangana,Nalgonda,Miryalguda(Rythu Bazar),Cabbage,Cabbage,2000,2000,2000,2366.287422231404,-366.287422231404,0,Medium,0.4212845108717072,2023,6,Monsoon
2023-07-09,Telangana,Nalgonda,Miryalguda(Rythu Bazar),Cabbage,Cabbage,3000,3000,3000,2541.562000066462,458.43799993353787,0,Medium,0.4212845108717072,2023,7,Monsoon
2023-07-10,Telangana,Nalgonda,Miryalguda(Rythu Bazar),Cabbage,Cabbage,3000,3400,3200,2476.3973671960416,723.6026328039584,1,Medium,0.4212845108717072,2023,7,Monsoon
2023-07-18,Telangana,Nalgonda,Miryalguda(Rythu Bazar),Cabbage,Cabbage,3000,3000,3000,2537.7396714146143,462.26032858538565,0,Medium,0.4212845108717072,2023,7,Monsoon
2023-08-24,Telangana,Nalgonda,Miryalguda(Rythu Bazar),Cabbage,Cabbage,2500,3000,2500,2569.3911849165306,-69.39118491653062,0,Medium,0.4212845108717072,2023,8,Monsoon
2023-08-27,Telangana,Nalgonda,Miryalguda(Rythu Bazar),Cabbage,Cabbage,2500,2500,2500,2740.1637985678126,-240.1637985678126,0,Medium,0.4212845108717072,2023,8,Monsoon
2023-09-03,Telangana,Nalgonda,Miryalguda(Rythu Bazar),Cabbage,Cabbage,3000,3000,3000,2811.5472860594678,188.45271394053225,0,Medium,0.4212845108717072,2023,9,Monsoon
2023-09-11,Telangana,Nalgonda,Miryalguda(Rythu Bazar),Cabbage,Cabbage,3000,3000,3000,2863.0295725606547,136.97042743934526,0,Medium,0.4212845108717072,2023,9,Monsoon
2023-09-15,Telangana,Nalgonda,Miryalguda(Rythu Bazar),Cabbage,Cabbage,2500,2500,2500,2810.554936071999,-310.5549360719988,0,Medium,0.4212845108717072,2023,9,Monsoon
2023-09-16,Telangana,Nalgonda,Miryalguda(Rythu Bazar),Cabbage,Cabbage,3000,3000,3000,2853.116888726117,146.88311127388306,0,Medium,0.4212845108717072,2023,9,Monsoon
2023-09-24,Telangana,Nalgonda,Miryalguda(Rythu Bazar),Cabbage,Cabbage,2500,2500,2500,2711.15804871328,-211.1580487132801,0,Medium,0.4212845108717072,2023,9,Monsoon
2023-09-27,Telangana,Nalgonda,Miryalguda(Rythu Bazar),Cabbage,Cabbage,3000,3000,3000,2831.506558497284,168.493441502716,0,Medium,0.4212845108717072,2023,9,Monsoon
2023-10-08,Telangana,Nalgonda,Miryalguda(Rythu Bazar),Cabbage,Cabbage,2000,2000,2000,2691.6044918431767,-691.6044918431767,0,Medium,0.4212845108717072,2023,10,PostMonsoon
2023-10-09,Telangana,Nalgonda,Miryalguda(Rythu Bazar),Cabbage,Cabbage,2000,2000,2000,2621.554757722005,-621.554757722005,0,Medium,0.4212845108717072,2023,10,PostMonsoon
2023-10-13,Telangana,Nalgonda,Miryalguda(Rythu Bazar),Cabbage,Cabbage,2000,2000,2000,2487.7917111062475,-487.7917111062475,0,Medium,0.4212845108717072,2023,10,PostMonsoon
2023-10-21,Telangana,Nalgonda,Miryalguda(Rythu Bazar),Cabbage,Cabbage,2000,2000,2000,2413.7067443887586,-413.7067443887586,0,Medium,0.4212845108717072,2023,10,PostMonsoon
2023-10-30,Telangana,Nalgonda,Miryalguda(Rythu Bazar),Cabbage,Cabbage,2500,2500,2500,2296.4011172136024,203.59888278639755,0,Medium,0.4212845108717072,2023,10,PostMonsoon
2023-11-03,Telangana,Nalgonda,Miryalguda(Rythu Bazar),Cabbage,Cabbage,2000,2000,2000,2166.1476847941544,-166.14768479415443,0,Medium,0.4212845108717072,2023,11,PostMonsoon
2023-11-16,Telangana,Nalgonda,Miryalguda(Rythu Bazar),Cabbage,Cabbage,2000,2000,2000,2064.241294425691,-64.2412944256912,0,Medium,0.4212845108717072,2023,11,PostMonsoon
2023-12-12,Telangana,Nalgonda,Miryalguda(Rythu Bazar),Cabbage,Cabbage,2500,2500,2500,2101.920626628806,398.0793733711939,0,Medium,0.4212845108717072,2023,12,Winter
2023-12-16,Telangana,Nalgonda,Miryalguda(Rythu Bazar),Cabbage,Cabbage,2500,2500,2500,2144.1489370990034,355.85106290099657,0,Medium,0.4212845108717072,2023,12,Winter
2023-12-22,Telangana,Nalgonda,Miryalguda(Rythu Bazar),Cabbage,Cabbage,2000,2000,2000,2136.9454936893926,-136.9454936893926,0,Medium,0.4212845108717072,2023,12,Winter
2023-12-23,Telangana,Nalgonda,Miryalguda(Rythu Bazar),Cabbage,Cabbage,2500,2500,2500,2293.3112205214516,206.68877947854844,0,Medium,0.4212845108717072,2023,12,Winter
2023-12-27,Telangana,Nalgonda,Miryalguda(Rythu Bazar),Cabbage,Cabbage,2500,2500,2500,2203.8270169972707,296.1729830027293,0,Medium,0.4212845108717072,2023,12,Winter
2023-12-30,Telangana,Nalgonda,Miryalguda(Rythu Bazar),Cabbage,Cabbage,2500,2500,2500,2306.7257573532047,193.2742426467953,0,Medium,0.4212845108717072,2023,12,Winter
2026-04-02,Karnataka,Mysuru,Mysuru APMC,Cabbage,Cabbage,500,700,600,641.9825214282982,-41.98252142829824,0,Medium,0.4212845108717072,2026,4,Summer
2026-04-03,Karnataka,Mysuru,Mysuru APMC,Cabbage,Cabbage,500,700,600,649.1859648379093,-49.185964837909296,0,Medium,0.4212845108717072,2026,4,Summer
2026-04-05,Karnataka,Mysuru,Mysuru APMC,Cabbage,Cabbage,500,700,600,663.5928516571314,-63.592851657131405,0,Medium,0.4212845108717072,2026,4,Summer
2026-04-06,Karnataka,Mysuru,Mysuru APMC,Cabbage,Cabbage,500,700,600,620.3721911994649,-20.37219119946485,0,Medium,0.4212845108717072,2026,4,Summer
2026-04-07,Karnataka,Mysuru,Mysuru APMC,Cabbage,Cabbage,500,700,500,608.6083389127527,-108.60833891275274,0,Medium,0.4212845108717072,2026,4,Summer
2026-04-09,Karnataka,Mysuru,Mysuru APMC,Cabbage,Cabbage,500,700,600,639.2996140619475,-39.29961406194752,0,Medium,0.4212845108717072,2026,4,Summer
2026-04-10,Karnataka,Mysuru,Mysuru APMC,Cabbage,Cabbage,500,700,600,632.9282828124892,-32.928282812489215,0,Medium,0.4212845108717072,2026,4,Summer
2026-04-12,Karnataka,Mysuru,Mysuru APMC,Cabbage,Cabbage,600,800,700,663.5928516571314,36.407148342868595,1,Medium,0.4212845108717072,2026,4,Summer
2026-04-13,Karnataka,Mysuru,Mysuru APMC,Cabbage,Cabbage,600,800,700,623.0550985658156,76.94490143418443,1,Medium,0.4212845108717072,2026,4,Summer
2026-04-14,Karnataka,Mysuru,Mysuru APMC,Cabbage,Cabbage,600,800,700,646.5162240008467,53.483775999153295,1,Medium,0.4212845108717072,2026,4,Summer
2026-04-17,Karnataka,Mysuru,Mysuru APMC,Cabbage,Cabbage,700,900,800,700.64191828052,99.35808171947997,1,Medium,0.4212845108717072,2026,4,Summer
2026-04-19,Karnataka,Mysuru,Mysuru APMC,Cabbage,Cabbage,700,900,800,750.2470765169332,49.75292348306675,1,Medium,0.4212845108717072,2026,4,Summer
2026-04-20,Karnataka,Mysuru,Mysuru APMC,Cabbage,Cabbage,800,1000,900,755.7994621355269,144.20053786447306,0,Medium,0.4212845108717072,2026,4,Summer
2026-04-21,Karnataka,Mysuru,Mysuru APMC,Cabbage,Cabbage,700,1000,800,781.9434949369088,18.05650506309121,1,Medium,0.4212845108717072,2026,4,Summer
2026-04-22,Karnataka,Mysuru,Mysuru APMC,Cabbage,Cabbage,800,1000,900,835.2370770564294,64.76292294357063,0,Medium,0.4212845108717072,2026,4,Summer
2026-04-23,Karnataka,Mysuru,Mysuru APMC,Cabbage,Cabbage,700,1000,800,845.1234278323911,-45.123427832391144,1,Medium,0.4212845108717072,2026,4,Summer
2026-04-26,Karnataka,Mysuru,Mysuru APMC,Cabbage,Cabbage,1000,1200,1100,945.3392608219742,154.66073917802578,0,Medium,0.4212845108717072,2026,4,Summer
2026-04-27,Karnataka,Mysuru,Mysuru APMC,Cabbage,Cabbage,900,1400,1100,910.1673224633596,189.8326775366404,0,Medium,0.4212845108717072,2026,4,Summer
2026-04-28,Karnataka,Mysuru,Mysuru APMC,Cabbage,Cabbage,1200,1400,1300,998.6591760000708,301.34082399992917,0,Medium,0.4212845108717072,2026,4,Summer
2026-04-29,Karnataka,Mysuru,Mysuru APMC,Cabbage,Cabbage,1200,1600,1300,1043.7437981932235,256.2562018067765,0,Medium,0.4212845108717072,2026,4,Summer
2026-04-30,Karnataka,Mysuru,Mysuru APMC,Cabbage,Cabbage,1200,1700,1500,1164.7510157807753,335.24898421922467,0,Medium,0.4212845108717072,2026,4,Summer
2026-05-01,Karnataka,Mysuru,Mysuru APMC,Cabbage,Cabbage,1200,1700,1500,1232.4460793893238,267.5539206106762,0,Medium,0.4212845108717072,2026,5,Summer
2026-05-03,Karnataka,Mysuru,Mysuru APMC,Cabbage,Cabbage,1500,1700,1600,1376.9144224119063,223.08557758809366,0,Medium,0.4212845108717072,2026,5,Summer
2026-05-05,Karnataka,Mysuru,Mysuru APMC,Cabbage,Cabbage,1700,2000,1900,1457.3838869081421,442.61611309185787,0,Medium,0.4212845108717072,2026,5,Summer
2026-05-06,Karnataka,Mysuru,Mysuru APMC,Cabbage,Cabbage,1700,2000,1900,1553.9244625439053,346.0755374560947,0,Medium,0.4212845108717072,2026,5,Summer
2026-05-07,Karnataka,Mysuru,Mysuru APMC,Cabbage,Cabbage,1700,2000,1800,1642.4163160806172,157.5836839193828,0,Medium,0.4212845108717072,2026,5,Summer
2026-05-10,Karnataka,Mysuru,Mysuru APMC,Cabbage,Cabbage,1700,2200,2000,1791.4051951464605,208.59480485353947,0,Medium,0.4212845108717072,2026,5,Summer
2026-05-11,Karnataka,Mysuru,Mysuru APMC,Cabbage,Cabbage,2000,2400,2200,1834.8387595485956,365.1612404514044,0,Medium,0.4212845108717072,2026,5,Summer
2026-05-12,Karnataka,Mysuru,Mysuru APMC,Cabbage,Cabbage,2000,2400,2300,1944.9541098434286,355.04589015657143,0,Medium,0.4212845108717072,2026,5,Summer
2026-05-14,Karnataka,Mysuru,Mysuru APMC,Cabbage,Cabbage,1500,2500,2000,2010.8169501052616,-10.81695010526164,0,Medium,0.4212845108717072,2026,5,Summer
2026-05-15,Karnataka,Mysuru,Mysuru APMC,Cabbage,Cabbage,1200,2000,1800,2042.487035466661,-242.48703546666093,0,Medium,0.4212845108717072,2026,5,Summer
2026-05-17,Karnataka,Mysuru,Mysuru APMC,Cabbage,Cabbage,1200,20000,1500,2019.0127435023417,-519.0127435023417,0,Medium,0.4212845108717072,2026,5,Summer
2026-05-18,Karnataka,Mysuru,Mysuru APMC,Cabbage,Cabbage,1500,2000,1800,2016.5164070218837,-216.51640702188365,0,Medium,0.4212845108717072,2026,5,Summer
2026-05-19,Karnataka,Mysuru,Mysuru APMC,Cabbage,Cabbage,1500,2000,1800,1950.4801624034465,-150.48016240344646,0,Medium,0.4212845108717072,2026,5,Summer
2026-05-20,Karnataka,Mysuru,Mysuru APMC,Cabbage,Cabbage,1500,1900,1800,1892.652877711377,-92.65287771137696,0,Medium,0.4212845108717072,2026,5,Summer
2026-05-21,Karnataka,Mysuru,Mysuru APMC,Cabbage,Cabbage,1500,1900,1600,1786.0525469430472,-186.05254694304722,0,Medium,0.4212845108717072,2026,5,Summer
2026-05-22,Karnataka,Mysuru,Mysuru APMC,Cabbage,Cabbage,1500,2000,1800,1787.8901756199575,12.109824380042483,0,Medium,0.4212845108717072,2026,5,Summer
2026-05-25,Karnataka,Mysuru,Mysuru APMC,Cabbage,Cabbage,2000,2400,2200,1796.9575807650542,403.0424192349458,0,Medium,0.4212845108717072,2026,5,Summer
2026-05-26,Karnataka,Mysuru,Mysuru APMC,Cabbage,Cabbage,2000,2500,2300,1879.9233817417482,420.07661825825176,0,Medium,0.4212845108717072,2026,5,Summer
2026-05-27,Karnataka,Mysuru,Mysuru APMC,Cabbage,Cabbage,2000,2500,2300,1954.8404606193908,345.1595393806092,0,Medium,0.4212845108717072,2026,5,Summer
2026-05-28,Karnataka,Mysuru,Mysuru APMC,Cabbage,Cabbage,2000,2700,2500,2075.847678206943,424.1523217930571,0,Medium,0.4212845108717072,2026,5,Summer
2026-05-29,Karnataka,Mysuru,Mysuru APMC,Cabbage,Cabbage,2500,3000,2800,2218.4783925526153,581.5216074473847,0,Medium,0.4212845108717072,2026,5,Summer
2026-05-31,Karnataka,Mysuru,Mysuru APMC,Cabbage,Cabbage,2500,3000,2800,2387.25313969967,412.7468603003299,0,Medium,0.4212845108717072,2026,5,Summer
2026-06-02,Karnataka,Mysuru,Mysuru APMC,Cabbage,Cabbage,2500,3000,2800,2523.205088739688,276.7949112603119,0,Medium,0.4212845108717072,2026,6,Monsoon
2026-06-03,Karnataka,Mysuru,Mysuru APMC,Cabbage,Cabbage,2500,3000,2800,2627.95462430182,172.04537569818012,0,Medium,0.4212845108717072,2026,6,Monsoon
2026-06-04,Karnataka,Mysuru,Mysuru APMC,Cabbage,Cabbage,2500,3000,2800,2716.446477838532,83.55352216146821,0,Medium,0.4212845108717072,2026,6,Monsoon
2026-06-07,Karnataka,Mysuru,Mysuru APMC,Cabbage,Cabbage,2600,3200,3000,2851.8605822453055,148.13941775469448,0,Medium,0.4212845108717072,2026,6,Monsoon
2026-06-09,Karnataka,Mysuru,Mysuru APMC,Cabbage,Cabbage,2600,3200,3000,2869.9822260062115,130.01777399378852,0,Medium,0.4212845108717072,2026,6,Monsoon
2026-06-10,Karnataka,Mysuru,Mysuru APMC,Cabbage,Cabbage,2600,3600,3000,2909.7010334666625,90.29896653333753,0,Medium,0.4212845108717072,2026,6,Monsoon
2026-06-11,Karnataka,Mysuru,Mysuru APMC,Cabbage,Cabbage,2500,3200,3000,2949.419840927114,50.58015907288609,0,Medium,0.4212845108717072,2026,6,Monsoon
2026-06-12,Karnataka,Mysuru,Mysuru APMC,Cabbage,Cabbage,2500,3200,3000,2989.138648387565,10.8613516124351,0,Medium,0.4212845108717072,2026,6,Monsoon
2026-06-15,Karnataka,Mysuru,Mysuru APMC,Cabbage,Cabbage,2300,2900,2600,2927.8095106982805,-327.8095106982805,0,Medium,0.4212845108717072,2026,6,Monsoon
2026-06-16,Karnataka,Mysuru,Mysuru APMC,Cabbage,Cabbage,2500,2900,2800,2989.3120527441693,-189.31205274416925,0,Medium,0.4212845108717072,2026,6,Monsoon
2026-06-17,Karnataka,Mysuru,Mysuru APMC,Cabbage,Cabbage,2500,2900,2800,2936.8505827848016,-136.85058278480165,0,Medium,0.4212845108717072,2026,6,Monsoon
2026-06-18,Karnataka,Mysuru,Mysuru APMC,Cabbage,Cabbage,2500,2900,2800,2911.5386621435728,-111.53866214357276,0,Medium,0.4212845108717072,2026,6,Monsoon
2026-06-19,Karnataka,Mysuru,Mysuru APMC,Cabbage,Cabbage,2500,2900,2700,2869.9690594769236,-169.96905947692358,0,Medium,0.4212845108717072,2026,6,Monsoon
2026-06-21,Karnataka,Mysuru,Mysuru APMC,Cabbage,Cabbage,2600,2900,2700,2849.1776748789557,-149.1776748789557,0,Medium,0.4212845108717072,2026,6,Monsoon
2026-06-22,Karnataka,Mysuru,Mysuru APMC,Cabbage,Cabbage,2600,2900,2800,2773.4416503704474,26.558349629552595,0,Medium,0.4212845108717072,2026,6,Monsoon
2026-06-23,Karnataka,Mysuru,Mysuru APMC,Cabbage,Cabbage,2600,2900,2700,2783.32800114641,-83.32800114640986,0,Medium,0.4212845108717072,2026,6,Monsoon
2026-06-24,Karnataka,Mysuru,Mysuru APMC,Cabbage,Cabbage,2600,2900,2700,2787.84853718967,-87.84853718966997,0,Medium,0.4212845108717072,2026,6,Monsoon
2026-06-25,Karnataka,Mysuru,Mysuru APMC,Cabbage,Cabbage,2600,2800,2700,2778.7942985738614,-78.7942985738614,0,Medium,0.4212845108717072,2026,6,Monsoon
2026-06-28,Karnataka,Mysuru,Mysuru APMC,Cabbage,Cabbage,2300,2500,2400,2735.373900701015,-335.3739007010149,0,Medium,0.4212845108717072,2026,6,Monsoon
2026-06-29,Karnataka,Mysuru,Mysuru APMC,Cabbage,Cabbage,2200,2400,2300,2667.8468361188757,-367.8468361188757,0,Medium,0.4212845108717072,2026,6,Monsoon
2026-06-30,Karnataka,Mysuru,Mysuru APMC,Cabbage,Cabbage,2200,2300,2250,2615.4654850731654,-365.4654850731654,0,Medium,0.4212845108717072,2026,6,Monsoon
2026-07-01,Karnataka,Mysuru,Mysuru APMC,Cabbage,Cabbage,2000,2200,2100,2505.747618998926,-405.7476189989261,0,Medium,0.4212845108717072,2026,7,Monsoon
2026-07-02,Karnataka,Mysuru,Mysuru APMC,Cabbage,Cabbage,1800,2000,1900,2403.251768193781,-503.2517681937811,0,Medium,0.4212845108717072,2026,7,Monsoon
2026-07-03,Karnataka,Mysuru,Mysuru APMC,Cabbage,Cabbage,1800,2000,1900,2307.543304718171,-407.54330471817093,0,Medium,0.4212845108717072,2026,7,Monsoon
2026-07-05,Karnataka,Mysuru,Mysuru APMC,Cabbage,Cabbage,1800,2000,1900,2191.888735334032,-291.88873533403194,0,Medium,0.4212845108717072,2026,7,Monsoon
2026-07-06,Karnataka,Mysuru,Mysuru APMC,Cabbage,Cabbage,1700,1900,1800,2051.1219827238456,-251.12198272384558,0,Medium,0.4212845108717072,2026,7,Monsoon
2026-07-07,Karnataka,Mysuru,Mysuru APMC,Cabbage,Cabbage,1600,1800,1700,1974.3541086400046,-274.3541086400046,0,Medium,0.4212845108717072,2026,7,Monsoon
2026-07-08,Karnataka,Mysuru,Mysuru APMC,Cabbage,Cabbage,1600,1800,1700,1905.715075568875,-205.7150755688749,0,Medium,0.4212845108717072,2026,7,Monsoon
2026-07-09,Karnataka,Mysuru,Mysuru APMC,Cabbage,Cabbage,1500,1700,1600,1831.6301088513856,-231.63010885138556,0,Medium,0.4212845108717072,2026,7,Monsoon
2026-07-10,Karnataka,Mysuru,Mysuru APMC,Cabbage,Cabbage,1500,1700,1600,1803.6352808438057,-203.63528084380573,0,Medium,0.4212845108717072,2026,7,Monsoon
2026-07-12,Karnataka,Mysuru,Mysuru APMC,Cabbage,Cabbage,1400,1600,1500,1753.0114395613475,-253.01143956134752,0,Medium,0.4212845108717072,2026,7,Monsoon
2026-07-13,Karnataka,Mysuru,Mysuru APMC,Cabbage,Cabbage,1500,1700,1600,1674.59250768649,-74.59250768649008,0,Medium,0.4212845108717072,2026,7,Monsoon
2026-07-14,Karnataka,Mysuru,Mysuru APMC,Cabbage,Cabbage,1600,1800,1700,1651.963494411612,48.03650558838808,0,Medium,0.4212845108717072,2026,7,Monsoon
2026-07-15,Karnataka,Mysuru,Mysuru APMC,Cabbage,Cabbage,1600,1800,1700,1645.5921631621536,54.40783683784639,0,Medium,0.4212845108717072,2026,7,Monsoon
2026-07-16,Karnataka,Mysuru,Mysuru APMC,Cabbage,Cabbage,1800,2000,1900,1685.3109706226046,214.6890293773954,0,Medium,0.4212845108717072,2026,7,Monsoon
2026-07-17,Karnataka,Mysuru,Mysuru APMC,Cabbage,Cabbage,1900,2100,2000,1730.395592815757,269.604407184243,0,Medium,0.4212845108717072,2026,7,Monsoon
2026-07-19,Karnataka,Mysuru,Mysuru APMC,Cabbage,Cabbage,2000,2400,2300,1845.0314791538506,454.96852084614943,0,Medium,0.4212845108717072,2026,7,Monsoon
2026-07-20,Karnataka,Mysuru,Mysuru APMC,Cabbage,Cabbage,2100,2500,2300,1891.1479509223366,408.8520490776634,0,Medium,0.4212845108717072,2026,7,Monsoon
2026-07-21,Karnataka,Mysuru,Mysuru APMC,Cabbage,Cabbage,2100,2500,2300,2012.1551685098882,287.8448314901118,0,Medium,0.4212845108717072,2026,7,Monsoon
2026-07-22,Karnataka,Mysuru,Mysuru APMC,Cabbage,Cabbage,2200,2500,2300,2116.9047040720197,183.09529592798026,0,Medium,0.4212845108717072,2026,7,Monsoon
2026-07-23,Karnataka,Mysuru,Mysuru APMC,Cabbage,Cabbage,2200,2500,2300,2221.654239634151,78.34576036584895,0,Medium,0.4212845108717072,2026,7,Monsoon
2026-07-24,Karnataka,Mysuru,Mysuru APMC,Cabbage,Cabbage,2000,2200,2100,2261.373047094602,-161.37304709460204,0,Medium,0.4212845108717072,2026,7,Monsoon
2026-07-26,Karnataka,Mysuru,Mysuru APMC,Cabbage,Cabbage,1600,1800,1700,2254.1564371557033,-554.1564371557033,0,Medium,0.4212845108717072,2026,7,Monsoon
2026-07-27,Karnataka,Mysuru,Mysuru APMC,Cabbage,Cabbage,1600,1800,1700,2167.688783181794,-467.68878318179395,0,Medium,0.4212845108717072,2026,7,Monsoon
2026-07-28,Karnataka,Mysuru,Mysuru APMC,Cabbage,Cabbage,1600,1800,1700,2077.3461344388847,-377.34613443888475,0,Medium,0.4212845108717072,2026,7,Monsoon
2026-07-29,Karnataka,Mysuru,Mysuru APMC,Cabbage,Cabbage,1400,1600,1500,1954.488121645135,-454.4881216451349,0,Medium,0.4212845108717072,2026,7,Monsoon
2026-07-30,Karnataka,Mysuru,Mysuru APMC,Cabbage,Cabbage,1300,1500,1400,1842.521976144104,-442.521976144104,0,Medium,0.4212845108717072,2026,7,Monsoon
2026-07-31,Karnataka,Mysuru,Mysuru APMC,Cabbage,Cabbage,1200,1400,1300,1700.7233739585843,-400.72337395858426,0,Medium,0.4212845108717072,2026,7,Monsoon
2026-08-02,Karnataka,Mysuru,Mysuru APMC,Cabbage,Cabbage,1000,1200,1100,1556.22329254723,-456.2232925472299,0,Medium,0.4212845108717072,2026,8,Monsoon
2026-08-03,Karnataka,Mysuru,Mysuru APMC,Cabbage,Cabbage,1000,1200,1100,1442.6060892551818,-342.6060892551818,0,Medium,0.4212845108717072,2026,8,Monsoon
2026-08-04,Karnataka,Mysuru,Mysuru APMC,Cabbage,Cabbage,1000,1200,1100,1352.2634405122722,-252.26344051227215,0,Medium,0.4212845108717072,2026,8,Monsoon
2026-08-05,Karnataka,Mysuru,Mysuru APMC,Cabbage,Cabbage,1000,1200,1100,1261.9207917693632,-161.92079176936318,0,Medium,0.4212845108717072,2026,8,Monsoon
2026-08-06,Karnataka,Mysuru,Mysuru APMC,Cabbage,Cabbage,1000,1200,1100,1204.0935070772932,-104.09350707729322,0,Medium,0.4212845108717072,2026,8,Monsoon
2026-08-07,Karnataka,Mysuru,Mysuru APMC,Cabbage,Cabbage,1000,1200,1100,1162.5239044106447,-62.52390441064472,0,Medium,0.4212845108717072,2026,8,Monsoon
2026-05-08,Karnataka,Mysuru,Santhesargur APMC,Cabbage,Cabbage,1383,1383,1383,1425.8457696850437,-42.845769685043706,0,Medium,0.4212845108717072,2026,5,Summer
2026-04-08,Karnataka,Mysuru,T. Narasipura APMC,Cabbage,Cabbage,1500,2000,2000,2040.2629214612207,-40.262921461220685,0,Medium,0.4212845108717072,2026,4,Summer
2026-04-15,Karnataka,Mysuru,T. Narasipura APMC,Cabbage,Cabbage,1500,2000,2000,2040.2629214612207,-40.262921461220685,0,Medium,0.4212845108717072,2026,4,Summer
2026-05-11,Karnataka,Mysuru,T. Narasipura APMC,Cabbage,Cabbage,1500,2000,2000,2015.951112006554,-15.951112006554013,0,Medium,0.4212845108717072,2026,5,Summer
2026-05-13,Karnataka,Mysuru,T. Narasipura APMC,Cabbage,Cabbage,1500,2000,2000,2030.3579988257761,-30.35799882577612,0,Medium,0.4212845108717072,2026,5,Summer
2026-06-03,Karnataka,Mysuru,T. Narasipura APMC,Cabbage,Cabbage,1500,2000,2000,2039.750344659649,-39.750344659649045,0,Medium,0.4212845108717072,2026,6,Monsoon
2023-01-06,Telangana,Nalgonda,Venkateswarnagar,Cabbage,Cabbage,1000,1000,1000,1070.4023295114735,-70.40232951147345,0,Medium,0.4212845108717072,2023,1,Winter
2023-01-20,Telangana,Nalgonda,Venkateswarnagar,Cabbage,Cabbage,1500,1500,1500,1260.0752864747083,239.92471352529174,0,Medium,0.4212845108717072,2023,1,Winter
2023-01-23,Telangana,Nalgonda,Venkateswarnagar,Cabbage,Cabbage,1000,1000,1000,1115.9694003001077,-115.96940030010774,0,Medium,0.4212845108717072,2023,1,Winter
2023-01-28,Telangana,Nalgonda,Venkateswarnagar,Cabbage,Cabbage,1000,1000,1000,1191.4095470990255,-191.40954709902553,0,Medium,0.4212845108717072,2023,1,Winter
2023-02-01,Telangana,Nalgonda,Venkateswarnagar,Cabbage,Cabbage,1500,1500,1500,1235.7634770200416,264.2365229799584,0,Medium,0.4212845108717072,2023,2,Winter
2023-02-02,Telangana,Nalgonda,Venkateswarnagar,Cabbage,Cabbage,2000,2000,2000,1310.5737306794724,689.4262693205276,0,Medium,0.4212845108717072,2023,2,Winter
2023-02-03,Telangana,Nalgonda,Venkateswarnagar,Cabbage,Cabbage,2000,2000,2000,1412.4801210479375,587.5198789520625,0,Medium,0.4212845108717072,2023,2,Winter
2023-02-06,Telangana,Nalgonda,Venkateswarnagar,Cabbage,Cabbage,3000,3000,3000,1708.8199879178944,1291.1800120821056,0,Medium,0.4212845108717072,2023,2,Winter
2023-02-07,Telangana,Nalgonda,Venkateswarnagar,Cabbage,Cabbage,2000,2000,2000,1661.5640948639116,338.4359051360884,0,Medium,0.4212845108717072,2023,2,Winter
2023-02-15,Telangana,Nalgonda,Venkateswarnagar,Cabbage,Cabbage,2500,2500,2500,2048.380515245519,451.61948475448116,0,Medium,0.4212845108717072,2023,2,Winter
2023-02-18,Telangana,Nalgonda,Venkateswarnagar,Cabbage,Cabbage,2000,2000,2000,2164.693792433205,-164.6937924332051,0,Medium,0.4212845108717072,2023,2,Winter
2023-02-27,Telangana,Nalgonda,Venkateswarnagar,Cabbage,Cabbage,3000,3000,3000,2440.415679061799,559.584320938201,0,Medium,0.4212845108717072,2023,2,Winter
2023-02-28,Telangana,Nalgonda,Venkateswarnagar,Cabbage,Cabbage,3000,3000,3000,2474.448196134916,525.5518038650839,0,Medium,0.4212845108717072,2023,2,Winter
2023-03-05,Telangana,Nalgonda,Venkateswarnagar,Cabbage,Cabbage,2500,2500,2500,2591.4975349092865,-91.49753490928651,0,Medium,0.4212845108717072,2023,3,Summer
2023-03-09,Telangana,Nalgonda,Venkateswarnagar,Cabbage,Cabbage,2000,2000,2000,2475.1842577215994,-475.18425772159935,0,Medium,0.4212845108717072,2023,3,Summer
2023-03-12,Telangana,Nalgonda,Venkateswarnagar,Cabbage,Cabbage,3000,3000,3000,2727.2452814999815,272.7547185000185,0,Medium,0.4212845108717072,2023,3,Summer
2023-03-21,Telangana,Nalgonda,Venkateswarnagar,Cabbage,Cabbage,2000,2000,2000,2474.1919077341304,-474.1919077341304,0,Medium,0.4212845108717072,2023,3,Summer
2023-03-27,Telangana,Nalgonda,Venkateswarnagar,Cabbage,Cabbage,3000,3000,3000,2765.313031169415,234.6869688305851,0,Medium,0.4212845108717072,2023,3,Summer
2023-04-16,Telangana,Nalgonda,Venkateswarnagar,Cabbage,Cabbage,1500,1500,1500,2419.0157920196402,-919.0157920196402,0,Medium,0.4212845108717072,2023,4,Summer
2023-04-27,Telangana,Nalgonda,Venkateswarnagar,Cabbage,Cabbage,2500,2500,2500,2519.738671549749,-19.738671549749142,0,Medium,0.4212845108717072,2023,4,Summer
2023-05-03,Telangana,Nalgonda,Venkateswarnagar,Cabbage,Cabbage,2500,2500,2500,2366.8825589139988,133.11744108600124,0,Medium,0.4212845108717072,2023,5,Summer
2023-05-07,Telangana,Nalgonda,Venkateswarnagar,Cabbage,Cabbage,3000,3000,3000,2558.273152806644,441.7268471933562,0,Medium,0.4212845108717072,2023,5,Summer
2023-05-09,Telangana,Nalgonda,Venkateswarnagar,Cabbage,Cabbage,2500,2500,2500,2373.0936523361406,126.90634766385938,0,Medium,0.4212845108717072,2023,5,Summer
2023-05-16,Telangana,Nalgonda,Venkateswarnagar,Cabbage,Cabbage,3000,3000,3000,2603.54434588569,396.45565411431016,0,Medium,0.4212845108717072,2023,5,Summer
2023-05-18,Telangana,Nalgonda,Venkateswarnagar,Cabbage,Cabbage,3000,3000,3000,2550.0773594095645,449.92264059043555,0,Medium,0.4212845108717072,2023,5,Summer
2023-05-20,Telangana,Nalgonda,Venkateswarnagar,Cabbage,Cabbage,3000,3000,3000,2808.349476610087,191.6505233899129,0,Medium,0.4212845108717072,2023,5,Summer
2023-05-29,Telangana,Nalgonda,Venkateswarnagar,Cabbage,Cabbage,3000,3000,3000,2853.6206696891322,146.37933031086777,0,Medium,0.4212845108717072,2023,5,Summer
2023-06-04,Telangana,Nalgonda,Venkateswarnagar,Cabbage,Cabbage,2500,2500,2500,2906.2336759806717,-406.2336759806717,0,Medium,0.4212845108717072,2023,6,Monsoon
2023-06-08,Telangana,Nalgonda,Venkateswarnagar,Cabbage,Cabbage,3000,3000,3000,2952.497219047186,47.50278095281419,0,Medium,0.4212845108717072,2023,6,Monsoon
2023-06-14,Telangana,Nalgonda,Venkateswarnagar,Cabbage,Cabbage,3000,3000,3000,2958.708312469327,41.29168753067279,0,Medium,0.4212845108717072,2023,6,Monsoon
2023-06-26,Telangana,Nalgonda,Venkateswarnagar,Cabbage,Cabbage,2000,2000,2000,2781.7246053959047,-781.7246053959047,0,Medium,0.4212845108717072,2023,6,Monsoon
2023-07-02,Telangana,Nalgonda,Venkateswarnagar,Cabbage,Cabbage,3000,3000,3000,2950.7880898088215,49.211910191178504,0,Medium,0.4212845108717072,2023,7,Monsoon
2023-07-31,Telangana,Nalgonda,Venkateswarnagar,Cabbage,Cabbage,3000,3000,3000,2771.81968276046,228.18031723953982,0,Medium,0.4212845108717072,2023,7,Monsoon
2023-08-03,Telangana,Nalgonda,Venkateswarnagar,Cabbage,Cabbage,3000,3000,3000,2783.5250903538486,216.47490964615145,0,Medium,0.4212845108717072,2023,8,Monsoon
2023-08-10,Telangana,Nalgonda,Venkateswarnagar,Cabbage,Cabbage,3500,3500,3500,2946.1019106080494,553.8980893919506,1,Medium,0.4212845108717072,2023,8,Monsoon
2023-08-15,Telangana,Nalgonda,Venkateswarnagar,Cabbage,Cabbage,3500,3500,3500,2945.109560620581,554.8904393794191,1,Medium,0.4212845108717072,2023,8,Monsoon
2023-08-22,Telangana,Nalgonda,Venkateswarnagar,Cabbage,Cabbage,1000,1000,1000,2619.955920112179,-1619.9559201121788,0,Medium,0.4212845108717072,2023,8,Monsoon
2023-08-24,Telangana,Nalgonda,Venkateswarnagar,Cabbage,Cabbage,1000,1000,1000,2811.1553531539375,-1811.1553531539375,0,Medium,0.4212845108717072,2023,8,Monsoon
2023-09-06,Telangana,Nalgonda,Venkateswarnagar,Cabbage,Cabbage,2000,2000,2000,2631.47016685468,-631.47016685468,0,Medium,0.4212845108717072,2023,9,Monsoon
2023-09-18,Telangana,Nalgonda,Venkateswarnagar,Cabbage,Cabbage,2000,2000,2000,2318.7387131905625,-318.7387131905625,0,Medium,0.4212845108717072,2023,9,Monsoon
2023-09-30,Telangana,Nalgonda,Venkateswarnagar,Cabbage,Cabbage,1500,1500,1500,2110.8906998573175,-610.8906998573175,0,Medium,0.4212845108717072,2023,9,Monsoon
2023-10-02,Telangana,Nalgonda,Venkateswarnagar,Cabbage,Cabbage,1500,1500,1500,1798.0401587261035,-298.0401587261035,0,Medium,0.4212845108717072,2023,10,PostMonsoon
2023-10-12,Telangana,Nalgonda,Venkateswarnagar,Cabbage,Cabbage,1500,1500,1500,1494.496848446535,5.503151553464932,0,Medium,0.4212845108717072,2023,10,PostMonsoon
2023-10-13,Telangana,Nalgonda,Venkateswarnagar,Cabbage,Cabbage,1500,1500,1500,1582.988701983246,-82.98870198324607,0,Medium,0.4212845108717072,2023,10,PostMonsoon
2023-10-14,Telangana,Nalgonda,Venkateswarnagar,Cabbage,Cabbage,1500,1500,1500,1671.480555519958,-171.480555519958,0,Medium,0.4212845108717072,2023,10,PostMonsoon
2023-10-15,Telangana,Nalgonda,Venkateswarnagar,Cabbage,Cabbage,1500,1500,1500,1597.3955888024684,-97.39558880246841,0,Medium,0.4212845108717072,2023,10,PostMonsoon
2023-10-16,Telangana,Nalgonda,Venkateswarnagar,Cabbage,Cabbage,1500,1500,1500,1472.8865182177017,27.113481782298322,0,Medium,0.4212845108717072,2023,10,PostMonsoon
2023-10-18,Telangana,Nalgonda,Venkateswarnagar,Cabbage,Cabbage,1500,1500,1500,1487.2934050369238,12.706594963076213,0,Medium,0.4212845108717072,2023,10,PostMonsoon
2023-10-21,Telangana,Nalgonda,Venkateswarnagar,Cabbage,Cabbage,1500,1500,1500,1508.9037352657572,-8.903735265757177,0,Medium,0.4212845108717072,2023,10,PostMonsoon
2023-10-28,Telangana,Nalgonda,Venkateswarnagar,Cabbage,Cabbage,1800,1800,1800,1557.6767813420174,242.32321865798258,0,Medium,0.4212845108717072,2023,10,PostMonsoon
2023-11-05,Telangana,Nalgonda,Venkateswarnagar,Cabbage,Cabbage,2000,2000,2000,1595.5393882660758,404.4606117339242,0,Medium,0.4212845108717072,2023,11,PostMonsoon
2023-11-11,Telangana,Nalgonda,Venkateswarnagar,Cabbage,Cabbage,1500,1500,1500,1561.1863955383258,-61.18639553832577,0,Medium,0.4212845108717072,2023,11,PostMonsoon
2023-11-14,Telangana,Nalgonda,Venkateswarnagar,Cabbage,Cabbage,1500,1500,1500,1600.2464951952288,-100.24649519522882,0,Medium,0.4212845108717072,2023,11,PostMonsoon
2023-12-14,Telangana,Nalgonda,Venkateswarnagar,Cabbage,Cabbage,1500,1500,1500,1585.451190909689,-85.4511909096891,0,Medium,0.4212845108717072,2023,12,Winter
2023-12-16,Telangana,Nalgonda,Venkateswarnagar,Cabbage,Cabbage,1500,1500,1500,1599.8580777289112,-99.85807772891121,0,Medium,0.4212845108717072,2023,12,Winter
2023-12-17,Telangana,Nalgonda,Venkateswarnagar,Cabbage,Cabbage,1500,1500,1500,1607.0615211385223,-107.06152113852227,0,Medium,0.4212845108717072,2023,12,Winter
2023-12-18,Telangana,Nalgonda,Venkateswarnagar,Cabbage,Cabbage,1500,1500,1500,1515.0678146045952,-15.067814604595242,0,Medium,0.4212845108717072,2023,12,Winter
2023-12-28,Telangana,Nalgonda,Venkateswarnagar,Cabbage,Cabbage,2000,2000,2000,1536.6781448334284,463.3218551665716,0,Medium,0.4212845108717072,2023,12,Winter
2024-09-13,Telangana,Warangal,Warangal,Cabbage,Cabbage,1400,1600,1500,1646.894857047827,-146.89485704782692,0,Medium,0.4212845108717072,2024,9,Monsoon
2024-09-23,Telangana,Warangal,Warangal,Cabbage,Cabbage,1200,1600,1400,1563.9689289049738,-163.96892890497384,0,Medium,0.4212845108717072,2024,9,Monsoon
2024-09-26,Telangana,Warangal,Warangal,Cabbage,Cabbage,1600,2000,1800,1665.5395687300086,134.46043126999143,0,Medium,0.4212845108717072,2024,9,Monsoon
2024-09-27,Telangana,Warangal,Warangal,Cabbage,Cabbage,1600,2000,1800,1658.275234465621,141.724765534379,0,Medium,0.4212845108717072,2024,9,Monsoon
2024-10-23,Telangana,Warangal,Warangal,Cabbage,Cabbage,2200,2500,2350,1755.1891310809272,594.8108689190728,0,Medium,0.4212845108717072,2024,10,PostMonsoon
2024-12-17,Telangana,Warangal,Warangal,Cabbage,Cabbage,1200,1600,1400,1573.2510057109018,-173.25100571090184,0,Medium,0.4212845108717072,2024,12,Winter
2024-12-18,Telangana,Warangal,Warangal,Cabbage,Cabbage,2200,2600,2400,1806.9609005341938,593.0390994658062,0,Medium,0.4212845108717072,2024,12,Winter
2024-12-24,Telangana,Warangal,Warangal,Cabbage,Cabbage,2200,2600,2400,1810.328848762669,589.6711512373311,0,Medium,0.4212845108717072,2024,12,Winter
2024-12-27,Telangana,Warangal,Warangal,Cabbage,Cabbage,1000,1400,1200,1799.4238149406622,-599.4238149406622,0,Medium,0.4212845108717072,2024,12,Winter
2024-12-30,Telangana,Warangal,Warangal,Cabbage,Cabbage,800,1000,900,1787.1881989822707,-887.1881989822707,0,Medium,0.4212845108717072,2024,12,Winter
2026-04-02,Karnataka,Bengaluru,"Binny Mill (F&V), Bengaluru APMC",Carrot,Carrot,2000,2500,2300,2389.0895198697917,-89.08951986979173,0,Medium,0.360055195647587,2026,4,Summer
2026-04-04,Karnataka,Bengaluru,"Binny Mill (F&V), Bengaluru APMC",Carrot,Carrot,2000,2400,2200,2360.169294259113,-160.16929425911303,0,Medium,0.360055195647587,2026,4,Summer
2026-04-06,Karnataka,Bengaluru,"Binny Mill (F&V), Bengaluru APMC",Carrot,Carrot,2000,2500,2400,2366.1777954146123,33.82220458538768,0,Medium,0.360055195647587,2026,4,Summer
2026-04-07,Karnataka,Bengaluru,"Binny Mill (F&V), Bengaluru APMC",Carrot,Carrot,2000,2500,2400,2363.3022556327755,36.69774436722446,0,Medium,0.360055195647587,2026,4,Summer
2026-04-08,Karnataka,Bengaluru,"Binny Mill (F&V), Bengaluru APMC",Carrot,Carrot,2000,2500,2400,2381.886076460181,18.113923539819098,0,Medium,0.360055195647587,2026,4,Summer
2026-04-09,Karnataka,Bengaluru,"Binny Mill (F&V), Bengaluru APMC",Carrot,Carrot,2000,2500,2400,2397.218360882502,2.781639117497889,0,Medium,0.360055195647587,2026,4,Summer
2026-04-10,Karnataka,Bengaluru,"Binny Mill (F&V), Bengaluru APMC",Carrot,Carrot,2000,2500,2400,2404.4218042921134,-4.421804292113393,0,Medium,0.360055195647587,2026,4,Summer
2026-04-15,Karnataka,Bengaluru,"Binny Mill (F&V), Bengaluru APMC",Carrot,Carrot,2200,2600,2400,2406.2725994983116,-6.2725994983115925,0,Medium,0.360055195647587,2026,4,Summer
2026-04-16,Karnataka,Bengaluru,"Binny Mill (F&V), Bengaluru APMC",Carrot,Carrot,2200,2600,2400,2445.991406958762,-45.99140695876213,0,Medium,0.360055195647587,2026,4,Summer
2026-04-17,Karnataka,Bengaluru,"Binny Mill (F&V), Bengaluru APMC",Carrot,Carrot,2200,2600,2400,2453.1948503683734,-53.19485036837341,0,Medium,0.360055195647587,2026,4,Summer
2026-04-18,Karnataka,Bengaluru,"Binny Mill (F&V), Bengaluru APMC",Carrot,Carrot,2200,2600,2400,2460.3982937779842,-60.398293777984236,0,Medium,0.360055195647587,2026,4,Summer
2026-04-21,Karnataka,Bengaluru,"Binny Mill (F&V), Bengaluru APMC",Carrot,Carrot,2400,2800,2600,2464.09988419038,135.90011580961982,0,Medium,0.360055195647587,2026,4,Summer
2026-04-22,Karnataka,Bengaluru,"Binny Mill (F&V), Bengaluru APMC",Carrot,Carrot,2500,3000,2800,2509.1845063835326,290.8154936164674,0,Medium,0.360055195647587,2026,4,Summer
2026-04-24,Karnataka,Bengaluru,"Binny Mill (F&V), Bengaluru APMC",Carrot,Carrot,2200,2600,2400,2496.441843884616,-96.44184388461599,0,Medium,0.360055195647587,2026,4,Summer
2026-04-27,Karnataka,Bengaluru,"Binny Mill (F&V), Bengaluru APMC",Carrot,Carrot,2000,2600,2400,2521.9271688824497,-121.92716888244968,0,Medium,0.360055195647587,2026,4,Summer
2026-04-28,Karnataka,Bengaluru,"Binny Mill (F&V), Bengaluru APMC",Carrot,Carrot,2000,2600,2400,2529.1306122920605,-129.1306122920605,0,Medium,0.360055195647587,2026,4,Summer
2026-04-29,Karnataka,Bengaluru,"Binny Mill (F&V), Bengaluru APMC",Carrot,Carrot,2400,2700,2600,2568.8494197525115,31.150580247488506,0,Medium,0.360055195647587,2026,4,Summer
2026-04-30,Karnataka,Bengaluru,"Binny Mill (F&V), Bengaluru APMC",Carrot,Carrot,2000,2600,2400,2548.9033138439836,-148.9033138439836,0,Medium,0.360055195647587,2026,4,Summer
2026-05-02,Karnataka,Bengaluru,"Binny Mill (F&V), Bengaluru APMC",Carrot,Carrot,2600,2900,2800,2613.0701913967405,186.92980860325952,0,Medium,0.360055195647587,2026,5,Summer
2026-05-04,Karnataka,Bengaluru,"Binny Mill (F&V), Bengaluru APMC",Carrot,Carrot,2600,2900,2800,2522.753875712407,277.2461242875929,0,Medium,0.360055195647587,2026,5,Summer
2026-05-07,Karnataka,Bengaluru,"Binny Mill (F&V), Bengaluru APMC",Carrot,Carrot,3000,4000,3500,2723.1987082208616,776.8012917791384,0,Medium,0.360055195647587,2026,5,Summer
2026-05-11,Karnataka,Bengaluru,"Binny Mill (F&V), Bengaluru APMC",Carrot,Carrot,3000,4000,3500,2785.399457658163,714.6005423418369,0,Medium,0.360055195647587,2026,5,Summer
2026-05-13,Karnataka,Bengaluru,"Binny Mill (F&V), Bengaluru APMC",Carrot,Carrot,3000,3400,3200,2929.8678006807468,270.13219931925323,0,Medium,0.360055195647587,2026,5,Summer
2026-05-14,Karnataka,Bengaluru,"Binny Mill (F&V), Bengaluru APMC",Carrot,Carrot,3000,3400,3200,3075.341660220086,124.65833977991406,0,Medium,0.360055195647587,2026,5,Summer
2026-05-15,Karnataka,Bengaluru,"Binny Mill (F&V), Bengaluru APMC",Carrot,Carrot,2800,3200,3000,3180.0911957822173,-180.09119578221726,0,Medium,0.360055195647587,2026,5,Summer
2026-05-18,Karnataka,Bengaluru,"Binny Mill (F&V), Bengaluru APMC",Carrot,Carrot,3000,3400,3200,3243.457699563592,-43.45769956359209,0,Medium,0.360055195647587,2026,5,Summer
2026-05-21,Karnataka,Bengaluru,"Binny Mill (F&V), Bengaluru APMC",Carrot,Carrot,3500,4500,4000,3433.0106647793286,566.9893352206714,0,Medium,0.360055195647587,2026,5,Summer
2026-05-30,Karnataka,Bengaluru,"Binny Mill (F&V), Bengaluru APMC",Carrot,Carrot,3600,4600,4100,3436.365446478515,663.634553521485,0,Medium,0.360055195647587,2026,5,Summer
2026-06-01,Karnataka,Bengaluru,"Binny Mill (F&V), Bengaluru APMC",Carrot,Carrot,3500,4500,4000,3477.454210732363,522.5457892676368,0,Medium,0.360055195647587,2026,6,Monsoon
2026-06-02,Karnataka,Bengaluru,"Binny Mill (F&V), Bengaluru APMC",Carrot,Carrot,4000,4500,4300,3677.066931080665,622.9330689193348,0,Medium,0.360055195647587,2026,6,Monsoon
2026-06-03,Karnataka,Bengaluru,"Binny Mill (F&V), Bengaluru APMC",Carrot,Carrot,4200,5000,4700,3887.4112808943696,812.5887191056304,0,Medium,0.360055195647587,2026,6,Monsoon
2026-06-04,Karnataka,Bengaluru,"Binny Mill (F&V), Bengaluru APMC",Carrot,Carrot,4300,5100,4800,4132.953902125264,667.046097874736,0,Medium,0.360055195647587,2026,6,Monsoon
2026-06-05,Karnataka,Bengaluru,"Binny Mill (F&V), Bengaluru APMC",Carrot,Carrot,4000,5000,4500,4337.932437206267,162.06756279373258,0,Medium,0.360055195647587,2026,6,Monsoon
2026-06-06,Karnataka,Bengaluru,"Binny Mill (F&V), Bengaluru APMC",Carrot,Carrot,4500,5000,4700,4499.663978771026,200.33602122897355,0,Medium,0.360055195647587,2026,6,Monsoon
2026-06-08,Karnataka,Bengaluru,"Binny Mill (F&V), Bengaluru APMC",Carrot,Carrot,4500,5000,4700,4534.043304557352,165.9566954426482,0,Medium,0.360055195647587,2026,6,Monsoon
2026-06-09,Karnataka,Bengaluru,"Binny Mill (F&V), Bengaluru APMC",Carrot,Carrot,4500,5000,4700,4655.050522144904,44.94947785509612,0,Medium,0.360055195647587,2026,6,Monsoon
2026-06-10,Karnataka,Bengaluru,"Binny Mill (F&V), Bengaluru APMC",Carrot,Carrot,4500,5000,4700,4727.284693656195,-27.284693656194577,0,Medium,0.360055195647587,2026,6,Monsoon
2026-06-11,Karnataka,Bengaluru,"Binny Mill (F&V), Bengaluru APMC",Carrot,Carrot,4500,5000,4700,4734.488137065806,-34.48813706580586,0,Medium,0.360055195647587,2026,6,Monsoon
2026-06-12,Karnataka,Bengaluru,"Binny Mill (F&V), Bengaluru APMC",Carrot,Carrot,4400,4800,4600,4709.176216424577,-109.17621642457743,0,Medium,0.360055195647587,2026,6,Monsoon
2026-06-15,Karnataka,Bengaluru,"Binny Mill (F&V), Bengaluru APMC",Carrot,Carrot,4600,5000,4800,4742.710263521463,57.289736478536724,0,Medium,0.360055195647587,2026,6,Monsoon
2026-06-16,Karnataka,Bengaluru,"Binny Mill (F&V), Bengaluru APMC",Carrot,Carrot,4500,5500,5000,4771.537203689197,228.46279631080324,0,Medium,0.360055195647587,2026,6,Monsoon
2026-06-17,Karnataka,Bengaluru,"Binny Mill (F&V), Bengaluru APMC",Carrot,Carrot,4600,5000,4800,4767.848779806089,32.151220193911286,0,Medium,0.360055195647587,2026,6,Monsoon
2026-06-18,Karnataka,Bengaluru,"Binny Mill (F&V), Bengaluru APMC",Carrot,Carrot,5000,6000,5500,4932.2632287372,567.7367712628002,0,Medium,0.360055195647587,2026,6,Monsoon
2026-06-19,Karnataka,Bengaluru,"Binny Mill (F&V), Bengaluru APMC",Carrot,Carrot,5200,6000,5500,4974.504705736683,525.4952942633172,0,Medium,0.360055195647587,2026,6,Monsoon
2026-06-20,Karnataka,Bengaluru,"Binny Mill (F&V), Bengaluru APMC",Carrot,Carrot,5000,6000,5500,5111.769605349657,388.23039465034344,0,Medium,0.360055195647587,2026,6,Monsoon
2026-06-22,Karnataka,Bengaluru,"Binny Mill (F&V), Bengaluru APMC",Carrot,Carrot,5000,6000,5500,5222.071526530381,277.92847346961935,0,Medium,0.360055195647587,2026,6,Monsoon
2026-06-23,Karnataka,Bengaluru,"Binny Mill (F&V), Bengaluru APMC",Carrot,Carrot,5000,6000,5500,5343.078744117933,156.92125588206727,0,Medium,0.360055195647587,2026,6,Monsoon
2026-06-24,Karnataka,Bengaluru,"Binny Mill (F&V), Bengaluru APMC",Carrot,Carrot,5000,6000,5500,5431.570597654645,68.4294023453549,0,Medium,0.360055195647587,2026,6,Monsoon
2026-06-25,Karnataka,Bengaluru,"Binny Mill (F&V), Bengaluru APMC",Carrot,Carrot,5000,6000,5500,5552.577815242195,-52.577815242195356,0,Medium,0.360055195647587,2026,6,Monsoon
2026-06-29,Karnataka,Bengaluru,"Binny Mill (F&V), Bengaluru APMC",Carrot,Carrot,5000,6000,5500,5530.967485013363,-30.96748501336333,0,Medium,0.360055195647587,2026,6,Monsoon
2026-06-30,Karnataka,Bengaluru,"Binny Mill (F&V), Bengaluru APMC",Carrot,Carrot,5000,6000,5500,5538.170928422975,-38.17092842297461,0,Medium,0.360055195647587,2026,6,Monsoon
2026-07-01,Karnataka,Bengaluru,"Binny Mill (F&V), Bengaluru APMC",Carrot,Carrot,5000,6000,5500,5535.46944919714,-35.46944919714042,0,Medium,0.360055195647587,2026,7,Monsoon
2026-07-02,Karnataka,Bengaluru,"Binny Mill (F&V), Bengaluru APMC",Carrot,Carrot,5000,6000,5500,5542.672892606752,-42.6728926067517,0,Medium,0.360055195647587,2026,7,Monsoon
2026-07-03,Karnataka,Bengaluru,"Binny Mill (F&V), Bengaluru APMC",Carrot,Carrot,5000,6000,5500,5549.876336016363,-49.876336016362984,0,Medium,0.360055195647587,2026,7,Monsoon
2026-07-04,Karnataka,Bengaluru,"Binny Mill (F&V), Bengaluru APMC",Carrot,Carrot,5000,6000,5500,5557.079779425974,-57.079779425974266,0,Medium,0.360055195647587,2026,7,Monsoon
2026-07-06,Karnataka,Bengaluru,"Binny Mill (F&V), Bengaluru APMC",Carrot,Carrot,5000,6000,5500,5521.062562377918,-21.062562377917857,0,Medium,0.360055195647587,2026,7,Monsoon
2026-07-07,Karnataka,Bengaluru,"Binny Mill (F&V), Bengaluru APMC",Carrot,Carrot,5500,6000,5800,5577.0390518637905,222.96094813620948,0,Medium,0.360055195647587,2026,7,Monsoon
2026-07-08,Karnataka,Bengaluru,"Binny Mill (F&V), Bengaluru APMC",Carrot,Carrot,5500,6000,5800,5592.291217372453,207.7087826275474,0,Medium,0.360055195647587,2026,7,Monsoon
2026-07-09,Karnataka,Bengaluru,"Binny Mill (F&V), Bengaluru APMC",Carrot,Carrot,4500,5500,5000,5518.206250654965,-518.2062506549646,0,Medium,0.360055195647587,2026,7,Monsoon
2026-07-10,Karnataka,Bengaluru,"Binny Mill (F&V), Bengaluru APMC",Carrot,Carrot,4500,5500,5000,5552.71948121003,-552.7194812100297,0,Medium,0.360055195647587,2026,7,Monsoon
2026-07-13,Karnataka,Bengaluru,"Binny Mill (F&V), Bengaluru APMC",Carrot,Carrot,5500,6500,6000,5605.1941176986875,394.8058823013125,0,Medium,0.360055195647587,2026,7,Monsoon
2026-07-14,Karnataka,Bengaluru,"Binny Mill (F&V), Bengaluru APMC",Carrot,Carrot,5500,6500,6000,5557.938224644702,442.06177535529787,0,Medium,0.360055195647587,2026,7,Monsoon
2026-07-15,Karnataka,Bengaluru,"Binny Mill (F&V), Bengaluru APMC",Carrot,Carrot,4500,5500,5000,5483.853257927214,-483.85325792721414,0,Medium,0.360055195647587,2026,7,Monsoon
2026-07-16,Karnataka,Bengaluru,"Binny Mill (F&V), Bengaluru APMC",Carrot,Carrot,4500,5500,5000,5496.742991724159,-496.74299172415886,0,Medium,0.360055195647587,2026,7,Monsoon
2026-07-17,Karnataka,Bengaluru,"Binny Mill (F&V), Bengaluru APMC",Carrot,Carrot,4500,5500,5000,5373.8849789304095,-373.8849789304095,0,Medium,0.360055195647587,2026,7,Monsoon
2026-07-18,Karnataka,Bengaluru,"Binny Mill (F&V), Bengaluru APMC",Carrot,Carrot,4000,5000,4500,5299.80001221292,-799.8000122129197,0,Medium,0.360055195647587,2026,7,Monsoon
2026-07-20,Karnataka,Bengaluru,"Binny Mill (F&V), Bengaluru APMC",Carrot,Carrot,4500,5500,5000,5331.656668460211,-331.6566684602112,0,Medium,0.360055195647587,2026,7,Monsoon
2026-07-21,Karnataka,Bengaluru,"Binny Mill (F&V), Bengaluru APMC",Carrot,Carrot,4500,5500,5000,5108.409418320274,-108.4094183202742,0,Medium,0.360055195647587,2026,7,Monsoon
2026-06-02,Karnataka,Bengaluru,Binny Mill (FF&V) Bengaluru APMC,Carrot,Carrot,4000,4500,4300,4205.694691371078,94.30530862892192,0,Medium,0.360055195647587,2026,6,Monsoon
2026-06-03,Karnataka,Bengaluru,Binny Mill (FF&V) Bengaluru APMC,Carrot,Carrot,4200,5000,4700,4380.814063463038,319.1859365369619,0,Medium,0.360055195647587,2026,6,Monsoon
2026-06-04,Karnataka,Bengaluru,Binny Mill (FF&V) Bengaluru APMC,Carrot,Carrot,4300,5100,4800,4466.489478110636,333.5105218893641,0,Medium,0.360055195647587,2026,6,Monsoon
2026-06-05,Karnataka,Bengaluru,Binny Mill (FF&V) Bengaluru APMC,Carrot,Carrot,4000,5000,4500,4471.498524278972,28.501475721028328,0,Medium,0.360055195647587,2026,6,Monsoon
2026-06-06,Karnataka,Bengaluru,Binny Mill (FF&V) Bengaluru APMC,Carrot,Carrot,4500,5000,4700,4564.947801336966,135.05219866303378,0,Medium,0.360055195647587,2026,6,Monsoon
2026-06-08,Karnataka,Bengaluru,Binny Mill (FF&V) Bengaluru APMC,Carrot,Carrot,4500,5000,4700,4534.296399021612,165.70360097838784,0,Medium,0.360055195647587,2026,6,Monsoon
2026-06-09,Karnataka,Bengaluru,Binny Mill (FF&V) Bengaluru APMC,Carrot,Carrot,4500,5000,4700,4655.303616609164,44.69638339083576,0,Medium,0.360055195647587,2026,6,Monsoon
2026-06-10,Karnataka,Bengaluru,Binny Mill (FF&V) Bengaluru APMC,Carrot,Carrot,4500,5000,4700,4727.537788120455,-27.537788120454934,0,Medium,0.360055195647587,2026,6,Monsoon
2026-06-11,Karnataka,Bengaluru,Binny Mill (FF&V) Bengaluru APMC,Carrot,Carrot,4500,5000,4700,4734.741231530066,-34.741231530066216,0,Medium,0.360055195647587,2026,6,Monsoon
2026-06-12,Karnataka,Bengaluru,Binny Mill (FF&V) Bengaluru APMC,Carrot,Carrot,4400,4800,4600,4709.429310888838,-109.42931088883779,0,Medium,0.360055195647587,2026,6,Monsoon
2026-06-15,Karnataka,Bengaluru,Binny Mill (FF&V) Bengaluru APMC,Carrot,Carrot,4600,5000,4800,4742.963357985724,57.03664201427637,0,Medium,0.360055195647587,2026,6,Monsoon
2026-06-16,Karnataka,Bengaluru,Binny Mill (FF&V) Bengaluru APMC,Carrot,Carrot,4500,5500,5000,4771.790298153455,228.2097018465447,0,Medium,0.360055195647587,2026,6,Monsoon
2026-06-17,Karnataka,Bengaluru,Binny Mill (FF&V) Bengaluru APMC,Carrot,Carrot,4600,5000,4800,4768.101874270347,31.898125729652747,0,Medium,0.360055195647587,2026,6,Monsoon
2026-06-18,Karnataka,Bengaluru,Binny Mill (FF&V) Bengaluru APMC,Carrot,Carrot,5000,6000,5500,4932.516323201458,567.4836767985416,0,Medium,0.360055195647587,2026,6,Monsoon
2026-06-19,Karnataka,Bengaluru,Binny Mill (FF&V) Bengaluru APMC,Carrot,Carrot,5200,6000,5500,4974.757800200943,525.2421997990568,0,Medium,0.360055195647587,2026,6,Monsoon
2026-06-20,Karnataka,Bengaluru,Binny Mill (FF&V) Bengaluru APMC,Carrot,Carrot,5000,6000,5500,5112.022699813917,387.9773001860831,0,Medium,0.360055195647587,2026,6,Monsoon
2026-06-22,Karnataka,Bengaluru,Binny Mill (FF&V) Bengaluru APMC,Carrot,Carrot,5000,6000,5500,5222.324620994641,277.675379005359,0,Medium,0.360055195647587,2026,6,Monsoon
2026-06-23,Karnataka,Bengaluru,Binny Mill (FF&V) Bengaluru APMC,Carrot,Carrot,5000,6000,5500,5343.331838582193,156.6681614178069,0,Medium,0.360055195647587,2026,6,Monsoon
2026-06-24,Karnataka,Bengaluru,Binny Mill (FF&V) Bengaluru APMC,Carrot,Carrot,5000,6000,5500,5431.8236921189055,68.17630788109454,0,Medium,0.360055195647587,2026,6,Monsoon
2026-06-25,Karnataka,Bengaluru,Binny Mill (FF&V) Bengaluru APMC,Carrot,Carrot,5000,6000,5500,5552.830909706456,-52.830909706455714,0,Medium,0.360055195647587,2026,6,Monsoon
2026-06-29,Karnataka,Bengaluru,Binny Mill (FF&V) Bengaluru APMC,Carrot,Carrot,5000,6000,5500,5531.220579477624,-31.220579477623687,0,Medium,0.360055195647587,2026,6,Monsoon
2026-06-30,Karnataka,Bengaluru,Binny Mill (FF&V) Bengaluru APMC,Carrot,Carrot,5000,6000,5500,5538.424022887235,-38.42402288723497,0,Medium,0.360055195647587,2026,6,Monsoon
2026-07-01,Karnataka,Bengaluru,Binny Mill (FF&V) Bengaluru APMC,Carrot,Carrot,5000,6000,5500,5535.722543661401,-35.72254366140078,0,Medium,0.360055195647587,2026,7,Monsoon
2026-07-02,Karnataka,Bengaluru,Binny Mill (FF&V) Bengaluru APMC,Carrot,Carrot,5000,6000,5500,5542.925987071012,-42.92598707101206,0,Medium,0.360055195647587,2026,7,Monsoon
2026-07-03,Karnataka,Bengaluru,Binny Mill (FF&V) Bengaluru APMC,Carrot,Carrot,5000,6000,5500,5550.129430480623,-50.12943048062334,0,Medium,0.360055195647587,2026,7,Monsoon
2026-07-04,Karnataka,Bengaluru,Binny Mill (FF&V) Bengaluru APMC,Carrot,Carrot,5000,6000,5500,5557.332873890235,-57.33287389023462,0,Medium,0.360055195647587,2026,7,Monsoon
2026-07-06,Karnataka,Bengaluru,Binny Mill (FF&V) Bengaluru APMC,Carrot,Carrot,5000,6000,5500,5521.315656842178,-21.315656842178214,0,Medium,0.360055195647587,2026,7,Monsoon
2026-07-07,Karnataka,Bengaluru,Binny Mill (FF&V) Bengaluru APMC,Carrot,Carrot,5500,6000,5800,5577.292146328051,222.70785367194912,0,Medium,0.360055195647587,2026,7,Monsoon
2026-07-08,Karnataka,Bengaluru,Binny Mill (FF&V) Bengaluru APMC,Carrot,Carrot,5500,6000,5800,5592.544311836713,207.45568816328705,0,Medium,0.360055195647587,2026,7,Monsoon
2026-07-09,Karnataka,Bengaluru,Binny Mill (FF&V) Bengaluru APMC,Carrot,Carrot,4500,5500,5000,5518.459345119223,-518.4593451192231,0,Medium,0.360055195647587,2026,7,Monsoon
2026-07-10,Karnataka,Bengaluru,Binny Mill (FF&V) Bengaluru APMC,Carrot,Carrot,4500,5500,5000,5552.97257567429,-552.97257567429,0,Medium,0.360055195647587,2026,7,Monsoon
2026-07-13,Karnataka,Bengaluru,Binny Mill (FF&V) Bengaluru APMC,Carrot,Carrot,5500,6500,6000,5605.447212162946,394.552787837054,0,Medium,0.360055195647587,2026,7,Monsoon
2026-07-15,Karnataka,Bengaluru,Binny Mill (FF&V) Bengaluru APMC,Carrot,Carrot,4500,5500,5000,5402.817942264373,-402.8179422643734,0,Medium,0.360055195647587,2026,7,Monsoon
2026-07-17,Karnataka,Bengaluru,Binny Mill (FF&V) Bengaluru APMC,Carrot,Carrot,4500,5500,5000,5471.684165547189,-471.68416554718897,0,Medium,0.360055195647587,2026,7,Monsoon
2026-07-20,Karnataka,Bengaluru,Binny Mill (FF&V) Bengaluru APMC,Carrot,Carrot,4500,5500,5000,5312.808935705383,-312.8089357053832,0,Medium,0.360055195647587,2026,7,Monsoon
2026-07-21,Karnataka,Bengaluru,Binny Mill (FF&V) Bengaluru APMC,Carrot,Carrot,4500,5500,5000,5189.950922911636,-189.95092291163564,0,Medium,0.360055195647587,2026,7,Monsoon
2026-07-22,Karnataka,Bengaluru,Binny Mill (FF&V) Bengaluru APMC,Carrot,Carrot,5500,6500,6000,5359.7311865754455,640.2688134245545,0,Medium,0.360055195647587,2026,7,Monsoon
2026-07-23,Karnataka,Bengaluru,Binny Mill (FF&V) Bengaluru APMC,Carrot,Carrot,5600,6600,6100,5410.021385673985,689.9786143260153,1,Medium,0.360055195647587,2026,7,Monsoon
2026-07-24,Karnataka,Bengaluru,Binny Mill (FF&V) Bengaluru APMC,Carrot,Carrot,5500,6000,5800,5371.134690373685,428.86530962631514,0,Medium,0.360055195647587,2026,7,Monsoon
2026-07-27,Karnataka,Bengaluru,Binny Mill (FF&V) Bengaluru APMC,Carrot,Carrot,6000,7000,6500,5626.91047109375,873.08952890625,0,Medium,0.360055195647587,2026,7,Monsoon
2026-07-28,Karnataka,Bengaluru,Binny Mill (FF&V) Bengaluru APMC,Carrot,Carrot,6000,7000,6500,5782.955722271177,717.0442777288226,0,Medium,0.360055195647587,2026,7,Monsoon
2026-07-29,Karnataka,Bengaluru,Binny Mill (FF&V) Bengaluru APMC,Carrot,Carrot,6000,7000,6500,6034.024396062088,465.9756039379117,0,Medium,0.360055195647587,2026,7,Monsoon
2026-07-30,Karnataka,Bengaluru,Binny Mill (FF&V) Bengaluru APMC,Carrot,Carrot,6000,7000,6500,6285.093069853003,214.90693014699718,0,Medium,0.360055195647587,2026,7,Monsoon
2026-07-31,Karnataka,Bengaluru,Binny Mill (FF&V) Bengaluru APMC,Carrot,Carrot,6000,7000,6500,6373.584923389713,126.41507661028663,0,Medium,0.360055195647587,2026,7,Monsoon
2026-08-03,Karnataka,Bengaluru,Binny Mill (FF&V) Bengaluru APMC,Carrot,Carrot,6000,7000,6500,6399.896955217504,100.103044782496,0,Medium,0.360055195647587,2026,8,Monsoon
2026-08-04,Karnataka,Bengaluru,Binny Mill (FF&V) Bengaluru APMC,Carrot,Carrot,6000,7000,6500,6520.904172805056,-20.904172805056078,0,Medium,0.360055195647587,2026,8,Monsoon
2026-08-05,Karnataka,Bengaluru,Binny Mill (FF&V) Bengaluru APMC,Carrot,Carrot,6000,7000,6500,6528.107616214667,-28.10761621466736,0,Medium,0.360055195647587,2026,8,Monsoon
2026-08-06,Karnataka,Bengaluru,Binny Mill (FF&V) Bengaluru APMC,Carrot,Carrot,6500,8500,7500,6697.887879878481,802.1121201215192,1,Medium,0.360055195647587,2026,8,Monsoon
2024-11-01,Telangana,Warangal,Hanmarkonda(Rythu Bazar),Carrot,Carrot,6000,6800,6400,6388.11059168198,11.889408318020287,1,Medium,0.360055195647587,2024,11,PostMonsoon
2024-11-08,Telangana,Warangal,Hanmarkonda(Rythu Bazar),Carrot,Carrot,7600,8400,8000,6995.064053964328,1004.9359460356718,1,Medium,0.360055195647587,2024,11,PostMonsoon
2024-11-09,Telangana,Warangal,Hanmarkonda(Rythu Bazar),Carrot,Carrot,7600,8000,8000,7088.547833970004,911.4521660299961,1,Medium,0.360055195647587,2024,11,PostMonsoon
2024-11-22,Telangana,Warangal,Hanmarkonda(Rythu Bazar),Carrot,Carrot,7600,8000,8000,7263.430429245098,736.5695707549021,1,Medium,0.360055195647587,2024,11,PostMonsoon
2024-11-23,Telangana,Warangal,Hanmarkonda(Rythu Bazar),Carrot,Carrot,7600,8000,8000,7392.02456511118,607.97543488882,1,Medium,0.360055195647587,2024,11,PostMonsoon
2023-01-06,Telangana,Karimnagar,Karimnagar,Carrot,Carrot,1800,1800,1800,1954.4351157449025,-154.43511574490253,0,Medium,0.360055195647587,2023,1,Winter
2023-01-07,Telangana,Karimnagar,Karimnagar,Carrot,Carrot,1800,1800,1800,1950.853517080006,-150.853517080006,0,Medium,0.360055195647587,2023,1,Winter
2023-01-13,Telangana,Karimnagar,Karimnagar,Carrot,Carrot,2000,2000,2000,1981.5846650630415,18.415334936958516,0,Medium,0.360055195647587,2023,1,Winter
2023-01-21,Telangana,Karimnagar,Karimnagar,Carrot,Carrot,2000,2000,2000,1984.399313990102,15.600686009898027,0,Medium,0.360055195647587,2023,1,Winter
2023-01-23,Telangana,Karimnagar,Karimnagar,Carrot,Carrot,2200,2200,2200,2001.4905248917523,198.50947510824767,0,Medium,0.360055195647587,2023,1,Winter
2023-01-29,Telangana,Karimnagar,Karimnagar,Carrot,Carrot,2200,2200,2200,2055.4962274239265,144.50377257607352,0,Medium,0.360055195647587,2023,1,Winter
2023-01-30,Telangana,Karimnagar,Karimnagar,Carrot,Carrot,2000,2000,2000,2012.2755669662602,-12.275566966260158,0,Medium,0.360055195647587,2023,1,Winter
2023-02-01,Telangana,Karimnagar,Karimnagar,Carrot,Carrot,2400,2400,2400,2141.473172620697,258.5268273793031,0,Medium,0.360055195647587,2023,2,Winter
2023-02-02,Telangana,Karimnagar,Karimnagar,Carrot,Carrot,2300,2300,2300,2175.6659275211314,124.33407247886862,0,Medium,0.360055195647587,2023,2,Winter
2023-02-10,Telangana,Karimnagar,Karimnagar,Carrot,Carrot,2300,2300,2300,2245.2171916660714,54.78280833392864,0,Medium,0.360055195647587,2023,2,Winter
2023-02-11,Telangana,Karimnagar,Karimnagar,Carrot,Carrot,2300,2300,2300,2301.1936811519427,-1.1936811519426556,0,Medium,0.360055195647587,2023,2,Winter
2023-02-14,Telangana,Karimnagar,Karimnagar,Carrot,Carrot,2200,2200,2200,2272.3799075134984,-72.37990751349844,0,Medium,0.360055195647587,2023,2,Winter
2023-02-16,Telangana,Karimnagar,Karimnagar,Carrot,Carrot,2000,2000,2000,2267.84620494095,-267.84620494095,0,Medium,0.360055195647587,2023,2,Winter
2023-02-28,Telangana,Karimnagar,Karimnagar,Carrot,Carrot,1800,1800,1800,2248.0735033890264,-448.0735033890264,0,Medium,0.360055195647587,2023,2,Winter
2023-03-09,Telangana,Karimnagar,Karimnagar,Carrot,Carrot,2000,2000,2000,2224.3429230239217,-224.34292302392168,0,Medium,0.360055195647587,2023,3,Summer
2023-03-12,Telangana,Karimnagar,Karimnagar,Carrot,Carrot,1800,1800,1800,2137.5152938075157,-337.5152938075157,0,Medium,0.360055195647587,2023,3,Summer
2023-03-15,Telangana,Karimnagar,Karimnagar,Carrot,Carrot,1800,2000,1900,2070.82034138553,-170.8203413855299,0,Medium,0.360055195647587,2023,3,Summer
2023-04-02,Telangana,Karimnagar,Karimnagar,Carrot,Carrot,1800,1800,1800,1994.8660076023598,-194.8660076023598,0,Medium,0.360055195647587,2023,4,Summer
2023-04-03,Telangana,Karimnagar,Karimnagar,Carrot,Carrot,2000,2000,2000,1932.7047577529224,67.29524224707757,0,Medium,0.360055195647587,2023,4,Summer
2023-04-04,Telangana,Karimnagar,Karimnagar,Carrot,Carrot,1800,1800,1800,1880.243287793555,-80.24328779355506,0,Medium,0.360055195647587,2023,4,Summer
2023-04-10,Telangana,Karimnagar,Karimnagar,Carrot,Carrot,1700,1700,1700,1883.931711676662,-183.93171167666196,1,Medium,0.360055195647587,2023,4,Summer
2023-04-14,Telangana,Karimnagar,Karimnagar,Carrot,Carrot,2000,2000,2000,1926.3202599741762,73.67974002582378,0,Medium,0.360055195647587,2023,4,Summer
2023-04-19,Telangana,Karimnagar,Karimnagar,Carrot,Carrot,2000,2000,2000,1903.7044132285853,96.29558677141472,0,Medium,0.360055195647587,2023,4,Summer
2023-04-29,Telangana,Karimnagar,Karimnagar,Carrot,Carrot,2500,2500,2500,2022.86083560994,477.13916439005993,0,Medium,0.360055195647587,2023,4,Summer
2023-05-04,Telangana,Karimnagar,Karimnagar,Carrot,Carrot,3800,3800,3800,2255.8287933683273,1544.1712066316727,0,Medium,0.360055195647587,2023,5,Summer
2023-05-10,Telangana,Karimnagar,Karimnagar,Carrot,Carrot,3000,3000,3000,2234.7300996450135,765.2699003549865,0,Medium,0.360055195647587,2023,5,Summer
2023-05-12,Telangana,Karimnagar,Karimnagar,Carrot,Carrot,4500,4500,4500,2796.6925984231343,1703.3074015768657,0,Medium,0.360055195647587,2023,5,Summer
2023-05-27,Telangana,Karimnagar,Karimnagar,Carrot,Carrot,4000,4000,4000,2974.201108531365,1025.7988914686348,0,Medium,0.360055195647587,2023,5,Summer
2023-05-29,Telangana,Karimnagar,Karimnagar,Carrot,Carrot,4000,4000,4000,3331.2114052870593,668.7885947129407,0,Medium,0.360055195647587,2023,5,Summer
2023-05-31,Telangana,Karimnagar,Karimnagar,Carrot,Carrot,4000,4000,4000,3670.7719326146835,329.22806738531654,0,Medium,0.360055195647587,2023,5,Summer
2023-06-02,Telangana,Karimnagar,Karimnagar,Carrot,Carrot,4000,4400,4000,3938.4363956490793,61.56360435092074,0,Medium,0.360055195647587,2023,6,Monsoon
2023-06-07,Telangana,Karimnagar,Karimnagar,Carrot,Carrot,4600,4600,4600,4054.0909650332183,545.9090349667817,0,Medium,0.360055195647587,2023,6,Monsoon
2023-06-24,Telangana,Karimnagar,Karimnagar,Carrot,Carrot,4500,4500,4500,4238.117877688936,261.88212231106445,0,Medium,0.360055195647587,2023,6,Monsoon
2023-07-04,Telangana,Karimnagar,Karimnagar,Carrot,Carrot,4000,4000,4000,4131.685545947015,-131.68554594701527,0,Medium,0.360055195647587,2023,7,Monsoon
2023-07-10,Telangana,Karimnagar,Karimnagar,Carrot,Carrot,4000,4000,4000,4192.355975832752,-192.35597583275194,0,Medium,0.360055195647587,2023,7,Monsoon
2023-07-19,Telangana,Karimnagar,Karimnagar,Carrot,Carrot,4000,4000,4000,4206.7628626519745,-206.7628626519745,0,Medium,0.360055195647587,2023,7,Monsoon
2023-07-23,Telangana,Karimnagar,Karimnagar,Carrot,Carrot,4000,4000,4000,4235.576636290418,-235.5766362904178,0,Medium,0.360055195647587,2023,7,Monsoon
2023-07-24,Telangana,Karimnagar,Karimnagar,Carrot,Carrot,4000,4000,4000,4192.355975832752,-192.35597583275194,0,Medium,0.360055195647587,2023,7,Monsoon
2023-07-25,Telangana,Karimnagar,Karimnagar,Carrot,Carrot,4000,4000,4000,4102.013327089844,-102.0133270898441,0,Medium,0.360055195647587,2023,7,Monsoon
2023-07-26,Telangana,Karimnagar,Karimnagar,Carrot,Carrot,4000,4000,4000,4027.928360372353,-27.928360372352927,0,Medium,0.360055195647587,2023,7,Monsoon
2023-07-30,Telangana,Karimnagar,Karimnagar,Carrot,Carrot,3000,3000,3000,3894.165313756597,-894.1653137565968,0,Medium,0.360055195647587,2023,7,Monsoon
2023-08-10,Telangana,Karimnagar,Karimnagar,Carrot,Carrot,3000,3000,3000,3835.8209872288126,-835.8209872288126,0,Medium,0.360055195647587,2023,8,Monsoon
2023-08-15,Telangana,Karimnagar,Karimnagar,Carrot,Carrot,3000,3000,3000,3658.83728015539,-658.8372801553901,0,Medium,0.360055195647587,2023,8,Monsoon
2023-08-22,Telangana,Karimnagar,Karimnagar,Carrot,Carrot,3000,3000,3000,3496.2604599011884,-496.26045990118837,0,Medium,0.360055195647587,2023,8,Monsoon
2023-08-27,Telangana,Karimnagar,Karimnagar,Carrot,Carrot,3000,3000,3000,3369.700856695043,-369.70085669504306,0,Medium,0.360055195647587,2023,8,Monsoon
2023-09-03,Telangana,Karimnagar,Karimnagar,Carrot,Carrot,3000,3000,3000,3197.2191138053972,-197.21911380539723,0,Medium,0.360055195647587,2023,9,Monsoon
2023-09-14,Telangana,Karimnagar,Karimnagar,Carrot,Carrot,3000,3000,3000,3013.0319633223635,-13.031963322363481,0,Medium,0.360055195647587,2023,9,Monsoon
2023-09-16,Telangana,Karimnagar,Karimnagar,Carrot,Carrot,3000,3000,3000,3027.4388501415856,-27.43885014158559,0,Medium,0.360055195647587,2023,9,Monsoon
2023-09-25,Telangana,Karimnagar,Karimnagar,Carrot,Carrot,3200,3200,3200,3023.9369971443703,176.06300285562975,0,Medium,0.360055195647587,2023,9,Monsoon
2023-10-05,Telangana,Karimnagar,Karimnagar,Carrot,Carrot,3200,3200,3200,3031.359585235802,168.64041476419789,0,Medium,0.360055195647587,2023,10,PostMonsoon
2023-10-07,Telangana,Karimnagar,Karimnagar,Carrot,Carrot,3000,3000,3000,3045.7664720550247,-45.76647205502468,0,Medium,0.360055195647587,2023,10,PostMonsoon
2023-10-14,Telangana,Karimnagar,Karimnagar,Carrot,Carrot,3200,3200,3200,3105.431385424003,94.56861457599689,0,Medium,0.360055195647587,2023,10,PostMonsoon
2023-10-28,Telangana,Karimnagar,Karimnagar,Carrot,Carrot,4500,4500,4500,3322.147066487166,1177.8529335128342,0,Medium,0.360055195647587,2023,10,PostMonsoon
2023-10-30,Telangana,Karimnagar,Karimnagar,Carrot,Carrot,4000,4000,4000,3272.2345991254083,727.7654008745917,0,Medium,0.360055195647587,2023,10,PostMonsoon
2023-11-30,Telangana,Karimnagar,Karimnagar,Carrot,Carrot,4000,4000,4000,3514.3907002683454,485.6092997316546,0,Medium,0.360055195647587,2023,11,PostMonsoon
2023-01-25,Telangana,Karimnagar,Karimnagar(Rythu Bazar),Carrot,Carrot,2000,3000,2500,2771.865657311741,-271.86565731174096,0,Medium,0.360055195647587,2023,1,Winter
2023-03-10,Telangana,Karimnagar,Karimnagar(Rythu Bazar),Carrot,Carrot,2000,3000,2500,2749.1487279084627,-249.14872790846266,0,Medium,0.360055195647587,2023,3,Summer
2023-05-11,Telangana,Karimnagar,Karimnagar(Rythu Bazar),Carrot,Carrot,4000,4500,4200,3158.383240243402,1041.6167597565982,0,Medium,0.360055195647587,2023,5,Summer
2023-05-13,Telangana,Karimnagar,Karimnagar(Rythu Bazar),Carrot,Carrot,3000,3320,3100,2953.399335276237,146.6006647237632,0,Medium,0.360055195647587,2023,5,Summer
2023-05-15,Telangana,Karimnagar,Karimnagar(Rythu Bazar),Carrot,Carrot,4000,4300,4200,3282.9318104160325,917.0681895839675,0,Medium,0.360055195647587,2023,5,Summer
2023-05-27,Telangana,Karimnagar,Karimnagar(Rythu Bazar),Carrot,Carrot,4500,6000,5000,3454.1359416591754,1545.8640583408246,0,Medium,0.360055195647587,2023,5,Summer
2023-05-30,Telangana,Karimnagar,Karimnagar(Rythu Bazar),Carrot,Carrot,3500,5000,4000,3479.3007910023766,520.6992089976234,0,Medium,0.360055195647587,2023,5,Summer
2023-06-05,Telangana,Karimnagar,Karimnagar(Rythu Bazar),Carrot,Carrot,4000,4500,4200,3893.618034449475,306.3819655505249,0,Medium,0.360055195647587,2023,6,Monsoon
2023-06-25,Telangana,Karimnagar,Karimnagar(Rythu Bazar),Carrot,Carrot,4000,5000,4500,4234.842786097404,265.1572139025957,0,Medium,0.360055195647587,2023,6,Monsoon
2023-07-04,Telangana,Karimnagar,Karimnagar(Rythu Bazar),Carrot,Carrot,4500,6000,5000,4278.257778640056,721.7422213599439,0,Medium,0.360055195647587,2023,7,Monsoon
2023-07-05,Telangana,Karimnagar,Karimnagar(Rythu Bazar),Carrot,Carrot,4000,6000,5000,4526.483307237302,473.51669276269786,0,Medium,0.360055195647587,2023,7,Monsoon
2023-07-12,Telangana,Karimnagar,Karimnagar(Rythu Bazar),Carrot,Carrot,4500,6000,5000,4656.544763440663,343.4552365593372,0,Medium,0.360055195647587,2023,7,Monsoon
2023-07-16,Telangana,Karimnagar,Karimnagar(Rythu Bazar),Carrot,Carrot,4500,6000,5000,4685.358537079108,314.6414629208921,0,Medium,0.360055195647587,2023,7,Monsoon
2023-08-01,Telangana,Karimnagar,Karimnagar(Rythu Bazar),Carrot,Carrot,3500,4500,4000,4639.436397395608,-639.4363973956079,0,Medium,0.360055195647587,2023,8,Monsoon
2023-09-13,Telangana,Karimnagar,Karimnagar(Rythu Bazar),Carrot,Carrot,3000,3500,3200,4609.905844506267,-1409.9058445062674,0,Medium,0.360055195647587,2023,9,Monsoon
2023-10-25,Telangana,Karimnagar,Karimnagar(Rythu Bazar),Carrot,Carrot,5000,5500,5200,4812.75425908666,387.24574091334034,0,Medium,0.360055195647587,2023,10,PostMonsoon
2023-11-10,Telangana,Karimnagar,Karimnagar(Rythu Bazar),Carrot,Carrot,3000,4000,3500,4301.895499707747,-801.8954997077471,0,Medium,0.360055195647587,2023,11,PostMonsoon
2023-11-14,Telangana,Karimnagar,Karimnagar(Rythu Bazar),Carrot,Carrot,3000,4000,3500,4267.191108301793,-767.1911083017931,0,Medium,0.360055195647587,2023,11,PostMonsoon
2023-11-17,Telangana,Karimnagar,Karimnagar(Rythu Bazar),Carrot,Carrot,4500,6000,5000,4288.801438530627,711.1985614693731,0,Medium,0.360055195647587,2023,11,PostMonsoon
2023-11-23,Telangana,Karimnagar,Karimnagar(Rythu Bazar),Carrot,Carrot,3500,5000,4000,3915.399554980773,84.60044501922721,0,Medium,0.360055195647587,2023,11,PostMonsoon
2023-12-05,Telangana,Karimnagar,Karimnagar(Rythu Bazar),Carrot,Carrot,3100,3500,3200,3877.476767444123,-677.4767674441232,0,Medium,0.360055195647587,2023,12,Winter
2026-04-03,Karnataka,Mysuru,Mysuru APMC,Carrot,Carrot,1600,1800,1700,1746.9607072281808,-46.96070722818081,1,Medium,0.360055195647587,2026,4,Summer
2026-04-05,Karnataka,Mysuru,Mysuru APMC,Carrot,Carrot,1400,1600,1500,1685.498411262109,-185.4984112621089,1,Medium,0.360055195647587,2026,4,Summer
2026-04-06,Karnataka,Mysuru,Mysuru APMC,Carrot,Carrot,1600,1800,1700,1688.394595818905,11.605404181095082,1,Medium,0.360055195647587,2026,4,Summer
2026-04-07,Karnataka,Mysuru,Mysuru APMC,Carrot,Carrot,1600,1800,1700,1679.828867328171,20.1711326718289,1,Medium,0.360055195647587,2026,4,Summer
2026-04-09,Karnataka,Mysuru,Mysuru APMC,Carrot,Carrot,1300,1500,1400,1644.9207853369523,-244.92078533695235,1,Medium,0.360055195647587,2026,4,Summer
2026-04-10,Karnataka,Mysuru,Mysuru APMC,Carrot,Carrot,1300,1500,1400,1657.6235750020285,-257.6235750020285,1,Medium,0.360055195647587,2026,4,Summer
2026-04-13,Karnataka,Mysuru,Mysuru APMC,Carrot,Carrot,1800,2000,1900,1661.3251654144242,238.6748345855758,0,Medium,0.360055195647587,2026,4,Summer
2026-04-14,Karnataka,Mysuru,Mysuru APMC,Carrot,Carrot,1800,2000,1900,1633.1700995795284,266.82990042047163,0,Medium,0.360055195647587,2026,4,Summer
2026-04-16,Karnataka,Mysuru,Mysuru APMC,Carrot,Carrot,4000,4200,4100,2070.2767190596724,2029.7232809403276,0,Medium,0.360055195647587,2026,4,Summer
2026-04-17,Karnataka,Mysuru,Mysuru APMC,Carrot,Carrot,2000,2200,2100,1843.8658480714364,256.1341519285636,0,Medium,0.360055195647587,2026,4,Summer
2026-04-19,Karnataka,Mysuru,Mysuru APMC,Carrot,Carrot,1800,2000,1900,2162.2835921228875,-262.2835921228875,0,Medium,0.360055195647587,2026,4,Summer
2026-04-20,Karnataka,Mysuru,Mysuru APMC,Carrot,Carrot,2400,2600,2500,2325.046983262981,174.95301673701897,0,Medium,0.360055195647587,2026,4,Summer
2026-04-22,Karnataka,Mysuru,Mysuru APMC,Carrot,Carrot,2300,2500,2400,2420.582042381987,-20.582042381986867,0,Medium,0.360055195647587,2026,4,Summer
2026-04-26,Karnataka,Mysuru,Mysuru APMC,Carrot,Carrot,2300,2500,2400,2544.259000806602,-144.25900080660222,0,Medium,0.360055195647587,2026,4,Summer
2026-04-28,Karnataka,Mysuru,Mysuru APMC,Carrot,Carrot,2300,2500,2400,2589.5301938856464,-189.53019388564644,0,Medium,0.360055195647587,2026,4,Summer
2026-04-29,Karnataka,Mysuru,Mysuru APMC,Carrot,Carrot,2300,2500,2400,2320.353042863116,79.64695713688388,0,Medium,0.360055195647587,2026,4,Summer
2026-04-30,Karnataka,Mysuru,Mysuru APMC,Carrot,Carrot,2300,2500,2400,2376.329532348987,23.67046765101304,0,Medium,0.360055195647587,2026,4,Summer
2026-05-01,Karnataka,Mysuru,Mysuru APMC,Carrot,Carrot,2300,2500,2400,2454.9164632502543,-54.91646325025431,0,Medium,0.360055195647587,2026,5,Summer
2026-05-03,Karnataka,Mysuru,Mysuru APMC,Carrot,Carrot,2800,3000,2900,2534.3540781711577,365.64592182884235,0,Medium,0.360055195647587,2026,5,Summer
2026-05-04,Karnataka,Mysuru,Mysuru APMC,Carrot,Carrot,2800,3000,2900,2504.547954545243,395.4520454547569,0,Medium,0.360055195647587,2026,5,Summer
2026-05-05,Karnataka,Mysuru,Mysuru APMC,Carrot,Carrot,2800,3000,2900,2593.039808081955,306.960191918045,0,Medium,0.360055195647587,2026,5,Summer
2026-05-06,Karnataka,Mysuru,Mysuru APMC,Carrot,Carrot,2800,3000,2900,2681.5316616186665,218.46833838133352,0,Medium,0.360055195647587,2026,5,Summer
2026-05-07,Karnataka,Mysuru,Mysuru APMC,Carrot,Carrot,3400,3600,3500,2867.5696073078984,632.4303926921016,0,Medium,0.360055195647587,2026,5,Summer
2026-05-08,Karnataka,Mysuru,Mysuru APMC,Carrot,Carrot,2100,2300,2200,2760.809038712253,-560.8090387122529,0,Medium,0.360055195647587,2026,5,Summer
2026-05-10,Karnataka,Mysuru,Mysuru APMC,Carrot,Carrot,3300,3500,3400,3114.2648163535787,285.7351836464213,0,Medium,0.360055195647587,2026,5,Summer
2026-05-11,Karnataka,Mysuru,Mysuru APMC,Carrot,Carrot,3300,3500,3400,2989.435270114179,410.5647298858212,0,Medium,0.360055195647587,2026,5,Summer
2026-05-12,Karnataka,Mysuru,Mysuru APMC,Carrot,Carrot,3600,3800,3700,3126.7001697271503,573.2998302728497,0,Medium,0.360055195647587,2026,5,Summer
2026-05-13,Karnataka,Mysuru,Mysuru APMC,Carrot,Carrot,3600,3800,3700,3223.2407453629144,476.75925463708563,0,Medium,0.360055195647587,2026,5,Summer
2026-05-14,Karnataka,Mysuru,Mysuru APMC,Carrot,Carrot,3300,3500,3400,3311.7325988996254,88.26740110037463,0,Medium,0.360055195647587,2026,5,Summer
2026-05-15,Karnataka,Mysuru,Mysuru APMC,Carrot,Carrot,3300,3500,3400,3343.402684261025,56.597315738974885,0,Medium,0.360055195647587,2026,5,Summer
2026-05-17,Karnataka,Mysuru,Mysuru APMC,Carrot,Carrot,4800,5000,4900,3796.7669857665896,1103.2330142334104,0,Medium,0.360055195647587,2026,5,Summer
2026-05-22,Karnataka,Mysuru,Mysuru APMC,Carrot,Carrot,4300,4500,4400,3741.3152993155268,658.6847006844732,0,Medium,0.360055195647587,2026,5,Summer
2026-05-25,Karnataka,Mysuru,Mysuru APMC,Carrot,Carrot,3800,4000,3900,3861.6638090995298,38.33619090047023,0,Medium,0.360055195647587,2026,5,Summer
2026-05-26,Karnataka,Mysuru,Mysuru APMC,Carrot,Carrot,3800,4000,3900,3969.256489855329,-69.25648985532916,0,Medium,0.360055195647587,2026,5,Summer
2026-05-27,Karnataka,Mysuru,Mysuru APMC,Carrot,Carrot,3800,4000,3900,4008.975297315781,-108.97529731578106,0,Medium,0.360055195647587,2026,5,Summer
2026-05-27,Karnataka,Mysuru,Mysuru APMC,Carrot,Carrot,3800,4000,3900,4090.2637074428803,-190.26370744288033,0,Medium,0.360055195647587,2026,5,Summer
2026-05-28,Karnataka,Mysuru,Mysuru APMC,Carrot,Carrot,2800,3000,2900,4016.1787407253914,-1116.1787407253914,0,Medium,0.360055195647587,2026,5,Summer
2026-05-28,Karnataka,Mysuru,Mysuru APMC,Carrot,Carrot,2800,3000,2900,3826.7728468076834,-926.7728468076834,0,Medium,0.360055195647587,2026,5,Summer
2026-05-29,Karnataka,Mysuru,Mysuru APMC,Carrot,Carrot,2800,3000,2900,3590.111059835994,-690.1110598359942,0,Medium,0.360055195647587,2026,5,Summer
2026-05-31,Karnataka,Mysuru,Mysuru APMC,Carrot,Carrot,5300,5500,5400,3848.3831770365173,1551.6168229634827,0,Medium,0.360055195647587,2026,5,Summer
2026-06-01,Karnataka,Mysuru,Mysuru APMC,Carrot,Carrot,5300,5500,5400,3719.0507263172885,1680.9492736827115,0,Medium,0.360055195647587,2026,6,Monsoon
2026-06-03,Karnataka,Mysuru,Mysuru APMC,Carrot,Carrot,4800,5000,4900,3896.0344333907115,1003.9655666092885,0,Medium,0.360055195647587,2026,6,Monsoon
2026-06-04,Karnataka,Mysuru,Mysuru APMC,Carrot,Carrot,4800,5000,4900,4133.68857034987,766.3114296501299,0,Medium,0.360055195647587,2026,6,Monsoon
2026-06-05,Karnataka,Mysuru,Mysuru APMC,Carrot,Carrot,4800,5000,4900,4466.045654267884,433.95434573211605,0,Medium,0.360055195647587,2026,6,Monsoon
2026-06-07,Karnataka,Mysuru,Mysuru APMC,Carrot,Carrot,4800,5000,4900,4805.606181595507,94.39381840449278,0,Medium,0.360055195647587,2026,6,Monsoon
2026-06-08,Karnataka,Mysuru,Mysuru APMC,Carrot,Carrot,3800,4000,3900,4924.962341392042,-1024.9623413920417,0,Medium,0.360055195647587,2026,6,Monsoon
2026-06-09,Karnataka,Mysuru,Mysuru APMC,Carrot,Carrot,5800,6000,5900,5149.201941519448,750.7980584805518,0,Medium,0.360055195647587,2026,6,Monsoon
2026-06-10,Karnataka,Mysuru,Mysuru APMC,Carrot,Carrot,5800,6000,5900,4966.198301874771,933.8016981252294,0,Medium,0.360055195647587,2026,6,Monsoon
2026-06-11,Karnataka,Mysuru,Mysuru APMC,Carrot,Carrot,5800,6000,5900,5135.978565538582,764.0214344614178,0,Medium,0.360055195647587,2026,6,Monsoon
2026-06-15,Karnataka,Mysuru,Mysuru APMC,Carrot,Carrot,5300,5500,5400,5195.656645436849,204.34335456315057,0,Medium,0.360055195647587,2026,6,Monsoon
2026-06-16,Karnataka,Mysuru,Mysuru APMC,Carrot,Carrot,5300,5500,5400,5352.022372268908,47.97762773109207,0,Medium,0.360055195647587,2026,6,Monsoon
2026-06-17,Karnataka,Mysuru,Mysuru APMC,Carrot,Carrot,5800,6000,5900,5521.80263593272,378.19736406728043,0,Medium,0.360055195647587,2026,6,Monsoon
2026-06-18,Karnataka,Mysuru,Mysuru APMC,Carrot,Carrot,5800,6000,5900,5786.285846555385,113.71415344461457,0,Medium,0.360055195647587,2026,6,Monsoon
2026-06-19,Karnataka,Mysuru,Mysuru APMC,Carrot,Carrot,6300,6500,6400,5874.777700092098,525.2222999079022,1,Medium,0.360055195647587,2026,6,Monsoon
2026-06-23,Karnataka,Mysuru,Mysuru APMC,Carrot,Carrot,5300,5500,5400,5704.005086440817,-304.00508644081674,0,Medium,0.360055195647587,2026,6,Monsoon
2026-06-24,Karnataka,Mysuru,Mysuru APMC,Carrot,Carrot,5300,5500,5400,5765.667866314021,-365.667866314021,0,Medium,0.360055195647587,2026,6,Monsoon
2026-06-25,Karnataka,Mysuru,Mysuru APMC,Carrot,Carrot,5300,5500,5400,5772.871309723632,-372.8713097236323,0,Medium,0.360055195647587,2026,6,Monsoon
2026-06-26,Karnataka,Mysuru,Mysuru APMC,Carrot,Carrot,5300,5500,5400,5780.074753133244,-380.0747531332436,0,Medium,0.360055195647587,2026,6,Monsoon
2026-06-29,Karnataka,Mysuru,Mysuru APMC,Carrot,Carrot,5300,5500,5400,5669.972569367699,-269.9725693676992,0,Medium,0.360055195647587,2026,6,Monsoon
2026-06-30,Karnataka,Mysuru,Mysuru APMC,Carrot,Carrot,1200,1400,1300,4929.322639607986,-3629.3226396079863,1,Medium,0.360055195647587,2026,6,Monsoon
2026-07-01,Karnataka,Mysuru,Mysuru APMC,Carrot,Carrot,4800,5000,4900,5239.3216910227,-339.3216910227002,0,Medium,0.360055195647587,2026,7,Monsoon
2026-07-02,Karnataka,Mysuru,Mysuru APMC,Carrot,Carrot,4800,5000,4900,4676.544836578711,223.4551634212894,0,Medium,0.360055195647587,2026,7,Monsoon
2026-07-03,Karnataka,Mysuru,Mysuru APMC,Carrot,Carrot,4800,5000,4900,4602.459869861221,297.5401301387792,0,Medium,0.360055195647587,2026,7,Monsoon
2026-07-05,Karnataka,Mysuru,Mysuru APMC,Carrot,Carrot,4800,5000,4900,4535.578346553342,364.42165344665773,0,Medium,0.360055195647587,2026,7,Monsoon
2026-07-06,Karnataka,Mysuru,Mysuru APMC,Carrot,Carrot,4800,5000,4900,4411.069275968575,488.9307240314247,0,Medium,0.360055195647587,2026,7,Monsoon
2026-07-07,Karnataka,Mysuru,Mysuru APMC,Carrot,Carrot,4800,5000,4900,4336.9843092510855,563.0156907489145,0,Medium,0.360055195647587,2026,7,Monsoon
2026-07-08,Karnataka,Mysuru,Mysuru APMC,Carrot,Carrot,4800,5000,4900,4929.464305575821,-29.464305575820617,0,Medium,0.360055195647587,2026,7,Monsoon
2026-07-09,Karnataka,Mysuru,Mysuru APMC,Carrot,Carrot,4800,5000,4900,4936.66774898543,-36.66774898543008,0,Medium,0.360055195647587,2026,7,Monsoon
2026-07-10,Karnataka,Mysuru,Mysuru APMC,Carrot,Carrot,3800,4000,3900,4781.294372140841,-881.294372140841,0,Medium,0.360055195647587,2026,7,Monsoon
2026-07-12,Karnataka,Mysuru,Mysuru APMC,Carrot,Carrot,3800,4000,3900,4768.872185296557,-868.8721852965573,0,Medium,0.360055195647587,2026,7,Monsoon
2026-07-13,Karnataka,Mysuru,Mysuru APMC,Carrot,Carrot,4800,5000,4900,4725.65152483889,174.3484751611104,0,Medium,0.360055195647587,2026,7,Monsoon
2026-07-14,Karnataka,Mysuru,Mysuru APMC,Carrot,Carrot,4800,5000,4900,4597.107221657807,302.8927783421932,0,Medium,0.360055195647587,2026,7,Monsoon
2026-07-15,Karnataka,Mysuru,Mysuru APMC,Carrot,Carrot,4800,5000,4900,4604.310665067418,295.6893349325819,0,Medium,0.360055195647587,2026,7,Monsoon
2026-07-16,Karnataka,Mysuru,Mysuru APMC,Carrot,Carrot,5200,5500,5300,4676.544836578711,623.4551634212894,0,Medium,0.360055195647587,2026,7,Monsoon
2026-07-17,Karnataka,Mysuru,Mysuru APMC,Carrot,Carrot,4800,5000,4900,4629.449181352042,270.5508186479583,0,Medium,0.360055195647587,2026,7,Monsoon
2026-07-19,Karnataka,Mysuru,Mysuru APMC,Carrot,Carrot,5300,5500,5400,4942.020397188844,457.9796028111559,0,Medium,0.360055195647587,2026,7,Monsoon
2026-07-20,Karnataka,Mysuru,Mysuru APMC,Carrot,Carrot,5300,5500,5400,5074.791093817132,325.2089061828683,0,Medium,0.360055195647587,2026,7,Monsoon
2026-07-21,Karnataka,Mysuru,Mysuru APMC,Carrot,Carrot,5200,5500,5300,5147.025265328422,152.9747346715776,0,Medium,0.360055195647587,2026,7,Monsoon
2026-07-22,Karnataka,Mysuru,Mysuru APMC,Carrot,Carrot,4800,5000,4900,5167.803483397103,-267.80348339710326,0,Medium,0.360055195647587,2026,7,Monsoon
2026-07-23,Karnataka,Mysuru,Mysuru APMC,Carrot,Carrot,4800,5000,4900,5229.306025442993,-329.3060254429929,0,Medium,0.360055195647587,2026,7,Monsoon
2026-07-24,Karnataka,Mysuru,Mysuru APMC,Carrot,Carrot,5300,5500,5400,5252.767150878024,147.23284912197596,0,Medium,0.360055195647587,2026,7,Monsoon
2026-07-26,Karnataka,Mysuru,Mysuru APMC,Carrot,Carrot,5300,5500,5400,5280.588574528998,119.41142547100208,0,Medium,0.360055195647587,2026,7,Monsoon
2026-07-27,Karnataka,Mysuru,Mysuru APMC,Carrot,Carrot,6300,6500,6400,5399.944734325532,1000.0552656744676,1,Medium,0.360055195647587,2026,7,Monsoon
2026-07-28,Karnataka,Mysuru,Mysuru APMC,Carrot,Carrot,5300,5500,5400,5271.40043114445,128.5995688555504,0,Medium,0.360055195647587,2026,7,Monsoon
2026-07-29,Karnataka,Mysuru,Mysuru APMC,Carrot,Carrot,5300,5500,5400,5430.609303170175,-30.609303170174826,0,Medium,0.360055195647587,2026,7,Monsoon
2026-07-30,Karnataka,Mysuru,Mysuru APMC,Carrot,Carrot,4800,5000,4900,5437.812746579786,-537.8127465797861,0,Medium,0.360055195647587,2026,7,Monsoon
2026-07-31,Karnataka,Mysuru,Mysuru APMC,Carrot,Carrot,4800,5000,4900,5512.890063284745,-612.8900632847453,0,Medium,0.360055195647587,2026,7,Monsoon
2026-08-02,Karnataka,Mysuru,Mysuru APMC,Carrot,Carrot,4800,5000,4900,5436.103617341421,-536.1036173414213,0,Medium,0.360055195647587,2026,8,Monsoon
2026-08-03,Karnataka,Mysuru,Mysuru APMC,Carrot,Carrot,4800,5000,4900,5311.594546756654,-411.5945467566544,0,Medium,0.360055195647587,2026,8,Monsoon
2026-08-04,Karnataka,Mysuru,Mysuru APMC,Carrot,Carrot,4800,5000,4900,5074.932759784966,-174.93275978496604,0,Medium,0.360055195647587,2026,8,Monsoon
2026-08-05,Karnataka,Mysuru,Mysuru APMC,Carrot,Carrot,4800,5000,4900,5000.847793067476,-100.84779306747623,0,Medium,0.360055195647587,2026,8,Monsoon
2026-08-06,Karnataka,Mysuru,Mysuru APMC,Carrot,Carrot,4800,5000,4900,4926.762826349986,-26.762826349986426,0,Medium,0.360055195647587,2026,8,Monsoon
2026-08-07,Karnataka,Mysuru,Mysuru APMC,Carrot,Carrot,5800,6000,5900,5096.543090013798,803.4569099862019,0,Medium,0.360055195647587,2026,8,Monsoon
2026-04-04,Karnataka,Mysuru,Nanjangud APMC,Carrot,Carrot,2083,2567,2380,2435.9744418303753,-55.974441830375326,0,Medium,0.360055195647587,2026,4,Summer
2026-04-06,Karnataka,Mysuru,Nanjangud APMC,Carrot,Carrot,1492,2564,2083,2287.291488346159,-204.29148834615899,0,Medium,0.360055195647587,2026,4,Summer
2026-04-07,Karnataka,Mysuru,Nanjangud APMC,Carrot,Carrot,1492,1515,1492,2110.3340679272183,-618.3340679272183,1,Medium,0.360055195647587,2026,4,Summer
2026-04-09,Karnataka,Mysuru,Nanjangud APMC,Carrot,Carrot,1492,2567,2222,2236.434616541742,-14.434616541741889,0,Medium,0.360055195647587,2026,4,Summer
2026-04-10,Karnataka,Mysuru,Nanjangud APMC,Carrot,Carrot,2083,2564,2222,2165.5200339802786,56.47996601972136,0,Medium,0.360055195647587,2026,4,Summer
2026-04-13,Karnataka,Mysuru,Nanjangud APMC,Carrot,Carrot,2083,2777,2564,2207.291696468867,356.70830353113297,0,Medium,0.360055195647587,2026,4,Summer
2026-04-16,Karnataka,Mysuru,Nanjangud APMC,Carrot,Carrot,2777,4166,3333,2337.4120070659365,995.5879929340635,0,Medium,0.360055195647587,2026,4,Summer
2026-04-18,Karnataka,Mysuru,Nanjangud APMC,Carrot,Carrot,3030,3333,3030,2353.1038099221446,676.8961900778554,0,Medium,0.360055195647587,2026,4,Summer
2026-04-21,Karnataka,Mysuru,Nanjangud APMC,Carrot,Carrot,2777,4166,3700,2628.3083218517236,1071.6916781482764,0,Medium,0.360055195647587,2026,4,Summer
2026-04-22,Karnataka,Mysuru,Nanjangud APMC,Carrot,Carrot,3333,4166,3333,2843.864701133553,489.1352988664471,0,Medium,0.360055195647587,2026,4,Summer
2026-04-23,Karnataka,Mysuru,Nanjangud APMC,Carrot,Carrot,2777,4200,3700,3141.176107877658,558.8238921223419,0,Medium,0.360055195647587,2026,4,Summer
2026-04-24,Karnataka,Mysuru,Nanjangud APMC,Carrot,Carrot,3333,4200,3700,3338.8486686241936,361.1513313758064,0,Medium,0.360055195647587,2026,4,Summer
2026-04-27,Karnataka,Mysuru,Nanjangud APMC,Carrot,Carrot,3333,4200,3333,3435.0564697612294,-102.05646976122944,0,Medium,0.360055195647587,2026,4,Summer
2026-04-28,Karnataka,Mysuru,Nanjangud APMC,Carrot,Carrot,3030,3333,3030,3442.8185596326025,-412.8185596326025,0,Medium,0.360055195647587,2026,4,Summer
2026-04-30,Karnataka,Mysuru,Nanjangud APMC,Carrot,Carrot,3333,4166,3700,3607.283483239121,92.71651676087913,0,Medium,0.360055195647587,2026,4,Summer
2026-05-04,Karnataka,Mysuru,Nanjangud APMC,Carrot,Carrot,3333,4166,3700,3484.8172401590773,215.1827598409227,0,Medium,0.360055195647587,2026,5,Summer
2026-05-05,Karnataka,Mysuru,Nanjangud APMC,Carrot,Carrot,3333,4166,3700,3551.686376601979,148.3136233980208,0,Medium,0.360055195647587,2026,5,Summer
2026-05-08,Karnataka,Mysuru,Nanjangud APMC,Carrot,Carrot,3333,4166,3700,3573.2967068308126,126.70329316918742,0,Medium,0.360055195647587,2026,5,Summer
2026-05-11,Karnataka,Mysuru,Nanjangud APMC,Carrot,Carrot,2380,2777,2564,3359.795665383596,-795.7956653835959,0,Medium,0.360055195647587,2026,5,Summer
2026-05-12,Karnataka,Mysuru,Nanjangud APMC,Carrot,Carrot,2380,2777,2564,3396.1869741447563,-832.1869741447563,0,Medium,0.360055195647587,2026,5,Summer
2026-05-13,Karnataka,Mysuru,Nanjangud APMC,Carrot,Carrot,2380,2777,2564,3327.6296193159096,-763.6296193159096,0,Medium,0.360055195647587,2026,5,Summer
2026-05-14,Karnataka,Mysuru,Nanjangud APMC,Carrot,Carrot,3030,4166,3333,3275.167369692229,57.83263030777107,0,Medium,0.360055195647587,2026,5,Summer
2026-05-15,Karnataka,Mysuru,Nanjangud APMC,Carrot,Carrot,3030,3333,3030,3069.054326403281,-39.05432640328081,0,Medium,0.360055195647587,2026,5,Summer
2026-05-16,Karnataka,Mysuru,Nanjangud APMC,Carrot,Carrot,2380,4166,2777,2967.3309319352456,-190.33093193524564,0,Medium,0.360055195647587,2026,5,Summer
2026-05-18,Karnataka,Mysuru,Nanjangud APMC,Carrot,Carrot,3030,3703,3333,2905.9922017413437,427.0077982586563,0,Medium,0.360055195647587,2026,5,Summer
2026-05-19,Karnataka,Mysuru,Nanjangud APMC,Carrot,Carrot,3333,4166,3700,3022.4071658553007,677.5928341446993,0,Medium,0.360055195647587,2026,5,Summer
2026-05-21,Karnataka,Mysuru,Nanjangud APMC,Carrot,Carrot,2308,4166,3700,3171.68189748451,528.31810251549,0,Medium,0.360055195647587,2026,5,Summer
2026-05-22,Karnataka,Mysuru,Nanjangud APMC,Carrot,Carrot,3030,3703,3333,3303.906915669602,29.093084330398142,0,Medium,0.360055195647587,2026,5,Summer
2026-05-25,Karnataka,Mysuru,Nanjangud APMC,Carrot,Carrot,3030,3703,3333,3324.9125650299425,8.08743497005753,0,Medium,0.360055195647587,2026,5,Summer
2026-05-26,Karnataka,Mysuru,Nanjangud APMC,Carrot,Carrot,2380,3333,2777,3290.9840729152406,-513.9840729152406,0,Medium,0.360055195647587,2026,5,Summer
2026-05-29,Karnataka,Mysuru,Nanjangud APMC,Carrot,Carrot,2308,3333,3030,3429.202085772813,-399.202085772813,0,Medium,0.360055195647587,2026,5,Summer
2026-06-01,Karnataka,Mysuru,Nanjangud APMC,Carrot,Carrot,2308,3333,2777,3285.0437660194602,-508.04376601946024,0,Medium,0.360055195647587,2026,6,Monsoon
2026-06-02,Karnataka,Mysuru,Nanjangud APMC,Carrot,Carrot,3030,3703,3030,3217.664919746202,-187.66491974620203,0,Medium,0.360055195647587,2026,6,Monsoon
2026-06-03,Karnataka,Mysuru,Nanjangud APMC,Carrot,Carrot,2083,3333,2777,3040.4657781737405,-263.46577817374055,0,Medium,0.360055195647587,2026,6,Monsoon
2026-06-05,Karnataka,Mysuru,Nanjangud APMC,Carrot,Carrot,3030,4166,3333,3089.216844880408,243.7831551195918,0,Medium,0.360055195647587,2026,6,Monsoon
2026-06-06,Karnataka,Mysuru,Nanjangud APMC,Carrot,Carrot,2380,2564,2222,2840.321693883176,-618.3216938831761,0,Medium,0.360055195647587,2026,6,Monsoon
2026-06-08,Karnataka,Mysuru,Nanjangud APMC,Carrot,Carrot,2380,2564,2222,2864.8900880563006,-642.8900880563006,0,Medium,0.360055195647587,2026,6,Monsoon
2026-06-09,Karnataka,Mysuru,Nanjangud APMC,Carrot,Carrot,2380,4166,3700,2981.020001036226,718.979998963774,0,Medium,0.360055195647587,2026,6,Monsoon
2026-06-10,Karnataka,Mysuru,Nanjangud APMC,Carrot,Carrot,2380,2564,2222,2697.3581397437088,-475.35813974370876,0,Medium,0.360055195647587,2026,6,Monsoon
2026-06-15,Karnataka,Mysuru,Nanjangud APMC,Carrot,Carrot,2380,4166,3700,2992.512891955848,707.4871080441521,0,Medium,0.360055195647587,2026,6,Monsoon
2026-06-16,Karnataka,Mysuru,Nanjangud APMC,Carrot,Carrot,2380,2564,2222,2708.851030663331,-486.85103066333113,0,Medium,0.360055195647587,2026,6,Monsoon
2026-06-20,Karnataka,Mysuru,Nanjangud APMC,Carrot,Carrot,3333,3703,3333,2938.299973762822,394.700026237178,0,Medium,0.360055195647587,2026,6,Monsoon
2026-06-22,Karnataka,Mysuru,Nanjangud APMC,Carrot,Carrot,3030,3703,3333,2932.089857554922,400.9101424450778,0,Medium,0.360055195647587,2026,6,Monsoon
2026-06-23,Karnataka,Mysuru,Nanjangud APMC,Carrot,Carrot,2380,2564,2222,2939.2933009645335,-717.2933009645335,0,Medium,0.360055195647587,2026,6,Monsoon
2026-06-24,Karnataka,Mysuru,Nanjangud APMC,Carrot,Carrot,2380,3333,2777,2947.2540857417785,-170.25408574177845,0,Medium,0.360055195647587,2026,6,Monsoon
2026-06-30,Karnataka,Mysuru,Nanjangud APMC,Carrot,Carrot,2380,3333,2777,2954.9407782154135,-177.9407782154135,0,Medium,0.360055195647587,2026,6,Monsoon
2026-07-01,Karnataka,Mysuru,Nanjangud APMC,Carrot,Carrot,2380,3333,2777,2802.1808938949525,-25.180893894952533,0,Medium,0.360055195647587,2026,7,Monsoon
2026-07-02,Karnataka,Mysuru,Nanjangud APMC,Carrot,Carrot,3333,3703,3333,2990.007184606981,342.9928153930191,0,Medium,0.360055195647587,2026,7,Monsoon
2026-07-03,Karnataka,Mysuru,Nanjangud APMC,Carrot,Carrot,3030,3703,3333,2921.7348809121654,411.2651190878346,0,Medium,0.360055195647587,2026,7,Monsoon
2026-07-04,Karnataka,Mysuru,Nanjangud APMC,Carrot,Carrot,2380,3333,2777,2838.5456122604414,-61.54561226044143,0,Medium,0.360055195647587,2026,7,Monsoon
2026-07-06,Karnataka,Mysuru,Nanjangud APMC,Carrot,Carrot,3333,3703,3333,3058.626989619229,274.3730103807711,0,Medium,0.360055195647587,2026,7,Monsoon
2026-07-07,Karnataka,Mysuru,Nanjangud APMC,Carrot,Carrot,3030,3703,3333,3080.74739798575,252.25260201425,0,Medium,0.360055195647587,2026,7,Monsoon
2026-07-08,Karnataka,Mysuru,Nanjangud APMC,Carrot,Carrot,2380,3333,2777,3087.9508413953613,-310.9508413953613,0,Medium,0.360055195647587,2026,7,Monsoon
2026-07-09,Karnataka,Mysuru,Nanjangud APMC,Carrot,Carrot,2380,2564,2222,3080.399896668317,-858.3998966683171,0,Medium,0.360055195647587,2026,7,Monsoon
2026-07-10,Karnataka,Mysuru,Nanjangud APMC,Carrot,Carrot,2380,3333,2777,3072.550627374427,-295.5506273744272,0,Medium,0.360055195647587,2026,7,Monsoon
2026-07-13,Karnataka,Mysuru,Nanjangud APMC,Carrot,Carrot,2380,3333,2777,2878.004142316812,-101.0041423168118,0,Medium,0.360055195647587,2026,7,Monsoon
2026-07-14,Karnataka,Mysuru,Nanjangud APMC,Carrot,Carrot,3333,3703,3333,2975.600297787759,357.3997022122412,0,Medium,0.360055195647587,2026,7,Monsoon
2026-07-15,Karnataka,Mysuru,Nanjangud APMC,Carrot,Carrot,3030,3703,3333,2907.3279940929438,425.67200590705625,0,Medium,0.360055195647587,2026,7,Monsoon
2026-07-17,Karnataka,Mysuru,Nanjangud APMC,Carrot,Carrot,3030,3703,3333,2921.7348809121654,411.2651190878346,0,Medium,0.360055195647587,2026,7,Monsoon
2026-07-18,Karnataka,Mysuru,Nanjangud APMC,Carrot,Carrot,2380,3333,2777,2928.9383243217767,-151.9383243217767,0,Medium,0.360055195647587,2026,7,Monsoon
2026-07-20,Karnataka,Mysuru,Nanjangud APMC,Carrot,Carrot,2380,3333,2777,3058.626989619229,-281.6269896192289,0,Medium,0.360055195647587,2026,7,Monsoon
2026-07-21,Karnataka,Mysuru,Nanjangud APMC,Carrot,Carrot,2308,4166,3700,3215.888838123468,484.11116187653215,0,Medium,0.360055195647587,2026,7,Monsoon
2026-07-22,Karnataka,Mysuru,Nanjangud APMC,Carrot,Carrot,3030,3703,3333,3188.1898234912032,144.81017650879676,0,Medium,0.360055195647587,2026,7,Monsoon
2026-07-23,Karnataka,Mysuru,Nanjangud APMC,Carrot,Carrot,3333,3703,3333,3245.212689899599,87.7873101004011,0,Medium,0.360055195647587,2026,7,Monsoon
2026-07-24,Karnataka,Mysuru,Nanjangud APMC,Carrot,Carrot,2308,3703,2777,3162.023421247875,-385.0234212478749,0,Medium,0.360055195647587,2026,7,Monsoon
2026-07-27,Karnataka,Mysuru,Nanjangud APMC,Carrot,Carrot,3030,3703,3333,3208.6853947138566,124.31460528614343,0,Medium,0.360055195647587,2026,7,Monsoon
2026-07-28,Karnataka,Mysuru,Nanjangud APMC,Carrot,Carrot,3030,3703,3333,3230.8058030803772,102.19419691962275,0,Medium,0.360055195647587,2026,7,Monsoon
2026-07-29,Karnataka,Mysuru,Nanjangud APMC,Carrot,Carrot,2308,4166,3700,3388.0676515846167,311.93234841538333,0,Medium,0.360055195647587,2026,7,Monsoon
2026-07-30,Karnataka,Mysuru,Nanjangud APMC,Carrot,Carrot,2308,3333,2777,3195.393266900814,-418.39326690081407,0,Medium,0.360055195647587,2026,7,Monsoon
2026-07-31,Karnataka,Mysuru,Nanjangud APMC,Carrot,Carrot,3030,3703,3333,3327.8918804136365,5.1081195863635,0,Medium,0.360055195647587,2026,7,Monsoon
2026-08-01,Karnataka,Mysuru,Nanjangud APMC,Carrot,Carrot,2308,4166,3700,3309.380347116669,390.6196528833311,0,Medium,0.360055195647587,2026,8,Monsoon
2026-08-03,Karnataka,Mysuru,Nanjangud APMC,Carrot,Carrot,3030,3703,3333,3313.9364191311647,19.063580868835288,0,Medium,0.360055195647587,2026,8,Monsoon
2026-08-04,Karnataka,Mysuru,Nanjangud APMC,Carrot,Carrot,3700,4666,4166,3506.38577681131,659.6142231886902,0,Medium,0.360055195647587,2026,8,Monsoon
2026-08-05,Karnataka,Mysuru,Nanjangud APMC,Carrot,Carrot,2380,3030,2777,3310.118635249536,-533.118635249536,0,Medium,0.360055195647587,2026,8,Monsoon
2026-08-06,Karnataka,Mysuru,Nanjangud APMC,Carrot,Carrot,3030,3703,3333,3446.21000564033,-113.21000564033011,0,Medium,0.360055195647587,2026,8,Monsoon
2026-04-09,Karnataka,Mysuru,T. Narasipura APMC,Carrot,Carrot,1500,2000,2000,2042.7221125535202,-42.72211255352022,0,Medium,0.360055195647587,2026,4,Summer
2026-04-13,Karnataka,Mysuru,T. Narasipura APMC,Carrot,Carrot,1500,2000,2000,2021.1117823246873,-21.111782324687283,0,Medium,0.360055195647587,2026,4,Summer
2026-04-16,Karnataka,Mysuru,T. Narasipura APMC,Carrot,Carrot,1500,2000,2000,2042.7221125535202,-42.72211255352022,0,Medium,0.360055195647587,2026,4,Summer
2026-05-02,Karnataka,Mysuru,T. Narasipura APMC,Carrot,Carrot,1500,2000,2000,2047.2240767372982,-47.22407673729822,0,Medium,0.360055195647587,2026,5,Summer
2026-05-04,Karnataka,Mysuru,T. Narasipura APMC,Carrot,Carrot,1500,2000,2000,2011.2068596892427,-11.20685968924272,0,Medium,0.360055195647587,2026,5,Summer
2026-05-06,Karnataka,Mysuru,T. Narasipura APMC,Carrot,Carrot,1500,2000,2000,2025.6137465084648,-25.61374650846483,0,Medium,0.360055195647587,2026,5,Summer
2026-05-07,Karnataka,Mysuru,T. Narasipura APMC,Carrot,Carrot,1500,2000,2000,2032.8171899180757,-32.817189918075655,0,Medium,0.360055195647587,2026,5,Summer
2026-05-08,Karnataka,Mysuru,T. Narasipura APMC,Carrot,Carrot,1500,2000,2000,2040.020633327687,-40.02063332768694,0,Medium,0.360055195647587,2026,5,Summer
2026-05-11,Karnataka,Mysuru,T. Narasipura APMC,Carrot,Carrot,1500,2000,2000,2011.2068596892427,-11.20685968924272,0,Medium,0.360055195647587,2026,5,Summer
2026-05-13,Karnataka,Mysuru,T. Narasipura APMC,Carrot,Carrot,1500,2000,2000,2025.6137465084648,-25.61374650846483,0,Medium,0.360055195647587,2026,5,Summer
2026-05-14,Karnataka,Mysuru,T. Narasipura APMC,Carrot,Carrot,1500,2000,2000,2032.8171899180757,-32.817189918075655,0,Medium,0.360055195647587,2026,5,Summer
2026-05-15,Karnataka,Mysuru,T. Narasipura APMC,Carrot,Carrot,1500,2000,2000,2040.020633327687,-40.02063332768694,0,Medium,0.360055195647587,2026,5,Summer
2026-06-01,Karnataka,Mysuru,T. Narasipura APMC,Carrot,Carrot,1500,2000,2000,2020.5992055231156,-20.599205523115643,0,Medium,0.360055195647587,2026,6,Monsoon
2026-06-03,Karnataka,Mysuru,T. Narasipura APMC,Carrot,Carrot,1500,2000,2000,2035.0060923423378,-35.00609234233775,0,Medium,0.360055195647587,2026,6,Monsoon
2026-06-04,Karnataka,Mysuru,T. Narasipura APMC,Carrot,Carrot,1500,2000,2000,2042.2095357519486,-42.20953575194858,0,Medium,0.360055195647587,2026,6,Monsoon
2026-06-05,Karnataka,Mysuru,T. Narasipura APMC,Carrot,Carrot,1500,2000,2000,2049.4129791615596,-49.41297916155963,0,Medium,0.360055195647587,2026,6,Monsoon
2026-06-06,Karnataka,Mysuru,T. Narasipura APMC,Carrot,Carrot,1500,2000,2000,2056.616422571171,-56.616422571170915,0,Medium,0.360055195647587,2026,6,Monsoon
2026-06-08,Karnataka,Mysuru,T. Narasipura APMC,Carrot,Carrot,1500,2000,2000,2020.5992055231156,-20.599205523115643,0,Medium,0.360055195647587,2026,6,Monsoon
2026-06-10,Karnataka,Mysuru,T. Narasipura APMC,Carrot,Carrot,1500,2000,2000,2035.0060923423378,-35.00609234233775,0,Medium,0.360055195647587,2026,6,Monsoon
2023-09-14,Telangana,Nalgonda,Venkateswarnagar,Carrot,Carrot,3000,3000,3000,3012.741145782394,-12.741145782394142,0,Medium,0.360055195647587,2023,9,Monsoon
2023-10-28,Telangana,Nalgonda,Venkateswarnagar,Carrot,Carrot,3000,3000,3000,3007.594475731513,-7.59447573151283,0,Medium,0.360055195647587,2023,10,PostMonsoon
2024-11-09,Telangana,Warangal,Warangal,Carrot,Carrot,3500,4000,3750,3961.702282668982,-211.7022826689822,0,Medium,0.360055195647587,2024,11,PostMonsoon
2024-11-11,Telangana,Warangal,Warangal,Carrot,Carrot,4500,5000,4750,4278.068374361124,471.93162563887563,0,Medium,0.360055195647587,2024,11,PostMonsoon
2024-11-12,Telangana,Warangal,Warangal,Carrot,Carrot,4500,5000,4750,4291.778788902468,458.22121109753243,0,Medium,0.360055195647587,2024,11,PostMonsoon
2024-11-13,Telangana,Warangal,Warangal,Carrot,Carrot,4500,5000,4750,4384.335062945534,365.66493705446555,0,Medium,0.360055195647587,2024,11,PostMonsoon
2024-11-22,Telangana,Warangal,Warangal,Carrot,Carrot,4000,4500,4250,4360.807358372111,-110.80735837211068,0,Medium,0.360055195647587,2024,11,PostMonsoon
2024-11-27,Telangana,Warangal,Warangal,Carrot,Carrot,4500,5000,4750,4468.466618266302,281.53338173369775,0,Medium,0.360055195647587,2024,11,PostMonsoon
2024-11-29,Telangana,Warangal,Warangal,Carrot,Carrot,4000,4500,4250,4414.999631790177,-164.99963179017686,0,Medium,0.360055195647587,2024,11,PostMonsoon
2024-12-06,Telangana,Warangal,Warangal,Carrot,Carrot,3500,4000,3750,4453.671313980762,-703.6713139807616,0,Medium,0.360055195647587,2024,12,Winter
2024-12-10,Telangana,Warangal,Warangal,Carrot,Carrot,4000,4500,4250,4418.646446920175,-168.64644692017464,0,Medium,0.360055195647587,2024,12,Winter
2024-12-13,Telangana,Warangal,Warangal,Carrot,Carrot,3500,4000,3750,4209.80608359946,-459.8060835994602,0,Medium,0.360055195647587,2024,12,Winter
2024-12-27,Telangana,Warangal,Warangal,Carrot,Carrot,4000,4500,4250,4196.391546767707,53.60845323229296,0,Medium,0.360055195647587,2024,12,Winter
2026-05-07,Karnataka,Belagavi,Athani APMC,Maize,Hybrid/Local,2000,2000,2000,1988.3834553597742,11.616544640225811,0,Medium,0.3024372834899168,2026,5,Summer
2026-05-10,Karnataka,Belagavi,Athani APMC,Maize,Hybrid/Local,2000,2000,2000,2015.3863066258614,-15.38630662586138,0,Medium,0.3024372834899168,2026,5,Summer
2026-05-11,Karnataka,Belagavi,Athani APMC,Maize,Hybrid/Local,2000,2000,2000,1981.6492940163566,18.350705983643365,0,Medium,0.3024372834899168,2026,5,Summer
2026-05-14,Karnataka,Belagavi,Athani APMC,Maize,Hybrid/Local,1850,1850,1850,1974.8086807007048,-124.80868070070483,0,Medium,0.3024372834899168,2026,5,Summer
2026-05-15,Karnataka,Belagavi,Athani APMC,Maize,Hybrid/Local,1850,1850,1850,1983.4069904025962,-133.4069904025962,0,Medium,0.3024372834899168,2026,5,Summer
2026-05-16,Karnataka,Belagavi,Athani APMC,Maize,Hybrid/Local,2000,2000,2000,2001.4488884958212,-1.4488884958211656,0,Medium,0.3024372834899168,2026,5,Summer
2026-05-19,Karnataka,Belagavi,Athani APMC,Maize,Hybrid/Local,2000,2000,2000,1968.5306348941926,31.469365105807356,0,Medium,0.3024372834899168,2026,5,Summer
2026-05-20,Karnataka,Belagavi,Athani APMC,Maize,Hybrid/Local,1800,1800,1800,1943.2187142529638,-143.21871425296376,0,Medium,0.3024372834899168,2026,5,Summer
2026-05-21,Karnataka,Belagavi,Athani APMC,Maize,Hybrid/Local,2000,2000,2000,1977.571706980714,22.428293019286002,0,Medium,0.3024372834899168,2026,5,Summer
2026-05-23,Karnataka,Belagavi,Athani APMC,Maize,Hybrid/Local,1950,1950,1950,1956.7002034690872,-6.700203469087228,0,Medium,0.3024372834899168,2026,5,Summer
2026-05-25,Karnataka,Belagavi,Athani APMC,Maize,Hybrid/Local,2000,2000,2000,1951.8568967886963,48.143103211303696,0,Medium,0.3024372834899168,2026,5,Summer
2026-05-29,Karnataka,Belagavi,Athani APMC,Maize,Hybrid/Local,2300,2400,2300,2047.042852211996,252.95714778800402,0,Medium,0.3024372834899168,2026,5,Summer
2026-05-30,Karnataka,Belagavi,Athani APMC,Maize,Hybrid/Local,2000,2000,2000,2013.521971644399,-13.521971644398946,0,Medium,0.3024372834899168,2026,5,Summer
2026-06-12,Karnataka,Belagavi,Athani APMC,Maize,Hybrid/Local,2000,2000,2000,2056.4351980458687,-56.435198045868674,0,Medium,0.3024372834899168,2026,6,Monsoon
2026-06-15,Karnataka,Belagavi,Athani APMC,Maize,Hybrid/Local,2000,2000,2000,2060.136788458265,-60.13678845826507,0,Medium,0.3024372834899168,2026,6,Monsoon
2026-06-29,Karnataka,Belagavi,Athani APMC,Maize,Hybrid/Local,2000,2000,2000,2060.136788458265,-60.13678845826507,0,Medium,0.3024372834899168,2026,6,Monsoon
2026-07-30,Karnataka,Belagavi,Athani APMC,Maize,Hybrid/Local,2200,2200,2200,2112.486401115205,87.5135988847951,0,Medium,0.3024372834899168,2026,7,Monsoon
2026-04-03,Karnataka,Belagavi,Bailahongal APMC,Maize,Hybrid/Local,1650,1800,1703,1740.9933927447669,-37.99339274476688,0,Medium,0.3024372834899168,2026,4,Summer
2026-04-04,Karnataka,Belagavi,Bailahongal APMC,Maize,Hybrid/Local,1680,1850,1747,1766.1822614160835,-19.18226141608352,0,Medium,0.3024372834899168,2026,4,Summer
2026-04-06,Karnataka,Belagavi,Bailahongal APMC,Maize,Hybrid/Local,1580,1750,1638,1703.8023006444898,-65.80230064448983,0,Medium,0.3024372834899168,2026,4,Summer
2026-04-07,Karnataka,Belagavi,Bailahongal APMC,Maize,Hybrid/Local,1600,1800,1733,1735.1910598021668,-2.1910598021668193,0,Medium,0.3024372834899168,2026,4,Summer
2026-04-09,Karnataka,Belagavi,Bailahongal APMC,Maize,Hybrid/Local,1650,1850,1729,1742.2024264472066,-13.202426447206562,0,Medium,0.3024372834899168,2026,4,Summer
2026-04-10,Karnataka,Belagavi,Bailahongal APMC,Maize,Hybrid/Local,1660,1850,1789,1763.6324098812424,25.367590118757562,0,Medium,0.3024372834899168,2026,4,Summer
2026-04-13,Karnataka,Belagavi,Bailahongal APMC,Maize,Hybrid/Local,1650,1880,1765,1740.6553779892176,24.34462201078236,0,Medium,0.3024372834899168,2026,4,Summer
2026-04-16,Karnataka,Belagavi,Bailahongal APMC,Maize,Hybrid/Local,1680,1850,1752,1773.4899183286834,-21.489918328683416,0,Medium,0.3024372834899168,2026,4,Summer
2026-04-17,Karnataka,Belagavi,Bailahongal APMC,Maize,Hybrid/Local,1620,1850,1779,1787.660540692108,-8.660540692108043,0,Medium,0.3024372834899168,2026,4,Summer
2026-04-20,Karnataka,Belagavi,Bailahongal APMC,Maize,Hybrid/Local,1700,1850,1750,1773.3901817641854,-23.3901817641854,0,Medium,0.3024372834899168,2026,4,Summer
2026-04-22,Karnataka,Belagavi,Bailahongal APMC,Maize,Hybrid/Local,1750,1900,1866,1813.3564703283466,52.64352967165337,0,Medium,0.3024372834899168,2026,4,Summer
2026-04-24,Karnataka,Belagavi,Bailahongal APMC,Maize,Hybrid/Local,1700,1900,1833,1828.924607849485,4.075392150514972,0,Medium,0.3024372834899168,2026,4,Summer
2026-04-25,Karnataka,Belagavi,Bailahongal APMC,Maize,Hybrid/Local,1650,1800,1700,1826.138389893965,-126.13838989396504,0,Medium,0.3024372834899168,2026,4,Summer
2026-04-28,Karnataka,Belagavi,Bailahongal APMC,Maize,Hybrid/Local,1650,1900,1787,1818.9557565976756,-31.955756597675645,0,Medium,0.3024372834899168,2026,4,Summer
2026-04-30,Karnataka,Belagavi,Bailahongal APMC,Maize,Hybrid/Local,1340,1600,1404,1764.9758560150453,-360.97585601504534,1,Medium,0.3024372834899168,2026,4,Summer
2026-05-04,Karnataka,Belagavi,Bailahongal APMC,Maize,Hybrid/Local,1680,1950,1844,1796.019483411527,47.98051658847294,0,Medium,0.3024372834899168,2026,5,Summer
2026-05-05,Karnataka,Belagavi,Bailahongal APMC,Maize,Hybrid/Local,1350,1600,1406,1687.5674921537866,-281.5674921537866,1,Medium,0.3024372834899168,2026,5,Summer
2026-05-06,Karnataka,Belagavi,Bailahongal APMC,Maize,Hybrid/Local,1750,2000,1924,1763.657904144866,160.34209585513395,0,Medium,0.3024372834899168,2026,5,Summer
2026-05-08,Karnataka,Belagavi,Bailahongal APMC,Maize,Hybrid/Local,1750,2050,1968,1729.6953289644255,238.30467103557453,0,Medium,0.3024372834899168,2026,5,Summer
2026-05-12,Karnataka,Belagavi,Bailahongal APMC,Maize,Hybrid/Local,1400,1900,1446,1660.8175855410345,-214.81758554103453,1,Medium,0.3024372834899168,2026,5,Summer
2026-05-15,Karnataka,Belagavi,Bailahongal APMC,Maize,Hybrid/Local,1800,2100,1977,1784.1778353385087,192.82216466149134,0,Medium,0.3024372834899168,2026,5,Summer
2026-05-16,Karnataka,Belagavi,Bailahongal APMC,Maize,Hybrid/Local,1350,1900,1406,1719.6243789489693,-313.62437894896925,1,Medium,0.3024372834899168,2026,5,Summer
2026-05-25,Karnataka,Belagavi,Bailahongal APMC,Maize,Hybrid/Local,1800,2050,1993,1785.343071422076,207.65692857792396,0,Medium,0.3024372834899168,2026,5,Summer
2026-06-09,Karnataka,Belagavi,Bailahongal APMC,Maize,Hybrid/Local,1900,2200,2127,1839.4728208201022,287.52717917989776,0,Medium,0.3024372834899168,2026,6,Monsoon
2026-07-13,Karnataka,Belagavi,Bailahongal APMC,Maize,Hybrid/Local,2000,2500,2430,1886.4381277805182,543.5618722194818,0,Medium,0.3024372834899168,2026,7,Monsoon
2026-07-18,Karnataka,Belagavi,Bailahongal APMC,Maize,Hybrid/Local,2100,2300,2227,1923.431174057431,303.568825942569,0,Medium,0.3024372834899168,2026,7,Monsoon
2026-07-22,Karnataka,Belagavi,Bailahongal APMC,Maize,Hybrid/Local,1900,2200,2000,2019.4451948073367,-19.445194807336748,0,Medium,0.3024372834899168,2026,7,Monsoon
2026-07-24,Karnataka,Belagavi,Bailahongal APMC,Maize,Hybrid/Local,2000,2300,2200,2100.9214510193333,99.07854898066671,0,Medium,0.3024372834899168,2026,7,Monsoon
2026-07-27,Karnataka,Belagavi,Bailahongal APMC,Maize,Hybrid/Local,2000,2300,2200,2174.0441233445854,25.955876655414613,0,Medium,0.3024372834899168,2026,7,Monsoon
2026-07-28,Karnataka,Belagavi,Bailahongal APMC,Maize,Hybrid/Local,2150,2450,2377,2243.6770657318093,133.3229342681907,0,Medium,0.3024372834899168,2026,7,Monsoon
2026-04-02,Karnataka,Bengaluru,Bengaluru APMC,Maize,Hybrid/Local,2100,2300,2200,2240.5360611394485,-40.53606113944852,0,Medium,0.3024372834899168,2026,4,Summer
2026-04-03,Karnataka,Bengaluru,Bengaluru APMC,Maize,Hybrid/Local,2100,2300,2200,2247.7395045490593,-47.73950454905935,0,Medium,0.3024372834899168,2026,4,Summer
2026-04-04,Karnataka,Bengaluru,Bengaluru APMC,Maize,Pro Agro 4212,3800,4000,3900,2738.608988214918,1161.391011785082,1,Medium,0.3024372834899168,2026,4,Summer
2026-04-04,Karnataka,Bengaluru,Bengaluru APMC,Maize,Hybrid/Local,2200,2400,2300,2433.8653657950763,-133.8653657950763,0,Medium,0.3024372834899168,2026,4,Summer
2026-04-06,Karnataka,Bengaluru,Bengaluru APMC,Maize,Hybrid/Local,2200,2400,2300,2565.7295744816906,-265.72957448169063,0,Medium,0.3024372834899168,2026,4,Summer
2026-04-07,Karnataka,Bengaluru,Bengaluru APMC,Maize,Hybrid/Local,2200,2400,2300,2537.7080401695584,-237.70804016955844,0,Medium,0.3024372834899168,2026,4,Summer
2026-04-08,Karnataka,Bengaluru,Bengaluru APMC,Maize,Hybrid/Local,2200,2400,2300,2561.1691656045896,-261.1691656045896,0,Medium,0.3024372834899168,2026,4,Summer
2026-04-09,Karnataka,Bengaluru,Bengaluru APMC,Maize,Hybrid/Local,2200,2400,2300,2584.6302910396207,-284.6302910396207,0,Medium,0.3024372834899168,2026,4,Summer
2026-04-10,Karnataka,Bengaluru,Bengaluru APMC,Maize,Hybrid/Local,2200,2400,2300,2608.091416474652,-308.09141647465185,0,Medium,0.3024372834899168,2026,4,Summer
2026-04-11,Karnataka,Bengaluru,Bengaluru APMC,Maize,Hybrid/Local,2200,2400,2300,2355.171947477542,-55.171947477541835,0,Medium,0.3024372834899168,2026,4,Summer
2026-04-13,Karnataka,Bengaluru,Bengaluru APMC,Maize,Pro Agro 4212,3800,4000,3900,2579.2776428362076,1320.7223571637924,1,Medium,0.3024372834899168,2026,4,Summer
2026-04-15,Karnataka,Bengaluru,Bengaluru APMC,Maize,Hybrid/Local,2200,2400,2300,2376.4881351103186,-76.48813511031858,0,Medium,0.3024372834899168,2026,4,Summer
2026-04-15,Karnataka,Bengaluru,Bengaluru APMC,Maize,Pro Agro 4212,3800,4000,3900,2853.8074420621515,1046.1925579378485,1,Medium,0.3024372834899168,2026,4,Summer
2026-04-16,Karnataka,Bengaluru,Bengaluru APMC,Maize,Hybrid/Local,2200,2400,2300,2643.8144909266516,-343.8144909266516,0,Medium,0.3024372834899168,2026,4,Summer
2026-04-18,Karnataka,Bengaluru,Bengaluru APMC,Maize,Hybrid/Local,2200,2400,2300,2875.417772290985,-575.4177722909849,0,Medium,0.3024372834899168,2026,4,Summer
2026-04-21,Karnataka,Bengaluru,Bengaluru APMC,Maize,Hybrid/Local,2200,2400,2300,2846.60399865254,-546.6039986525402,0,Medium,0.3024372834899168,2026,4,Summer
2026-04-22,Karnataka,Bengaluru,Bengaluru APMC,Maize,Hybrid/Local,2200,2400,2300,2853.8074420621515,-553.8074420621515,0,Medium,0.3024372834899168,2026,4,Summer
2026-04-23,Karnataka,Bengaluru,Bengaluru APMC,Maize,Hybrid/Local,2200,2400,2300,2600.8879730650406,-300.88797306504057,0,Medium,0.3024372834899168,2026,4,Summer
2026-04-24,Karnataka,Bengaluru,Bengaluru APMC,Maize,Hybrid/Local,2200,2400,2300,2608.091416474652,-308.09141647465185,0,Medium,0.3024372834899168,2026,4,Summer
2026-04-24,Karnataka,Bengaluru,Bengaluru APMC,Maize,Pro Agro 4212,3800,4000,3900,2608.091416474652,1291.9085835253481,1,Medium,0.3024372834899168,2026,4,Summer
2026-04-25,Karnataka,Bengaluru,Bengaluru APMC,Maize,Hybrid/Local,2200,2400,2300,2398.098465339152,-98.09846533915197,0,Medium,0.3024372834899168,2026,4,Summer
2026-04-29,Karnataka,Bengaluru,Bengaluru APMC,Maize,Hybrid/Local,2100,2300,2200,2577.4268476300094,-377.42684763000943,0,Medium,0.3024372834899168,2026,4,Summer
2026-04-30,Karnataka,Bengaluru,Bengaluru APMC,Maize,Hybrid/Local,2100,2300,2200,2581.9473836732705,-381.94738367327045,0,Medium,0.3024372834899168,2026,4,Summer
2026-05-02,Karnataka,Bengaluru,Bengaluru APMC,Maize,Hybrid/Local,2100,2300,2200,2570.1916658316277,-370.1916658316277,0,Medium,0.3024372834899168,2026,5,Summer
2026-05-07,Karnataka,Bengaluru,Bengaluru APMC,Maize,Hybrid/Local,2100,2300,2200,2539.527096986986,-339.5270969869862,0,Medium,0.3024372834899168,2026,5,Summer
2026-05-08,Karnataka,Bengaluru,Bengaluru APMC,Maize,Hybrid/Local,2100,2300,2200,2530.4728583711767,-330.4728583711767,0,Medium,0.3024372834899168,2026,5,Summer
2026-05-09,Karnataka,Bengaluru,Bengaluru APMC,Maize,Pro Agro 4212,4000,6000,5000,2716.5108040604086,2283.4891959395914,0,Medium,0.3024372834899168,2026,5,Summer
2026-05-14,Karnataka,Bengaluru,Bengaluru APMC,Maize,Pro Agro 4212,4000,6000,5000,2760.967641473584,2239.032358526416,0,Medium,0.3024372834899168,2026,5,Summer
2026-05-14,Karnataka,Bengaluru,Bengaluru APMC,Maize,Hybrid/Local,2300,2500,2400,2793.4830055244242,-393.48300552442424,0,Medium,0.3024372834899168,2026,5,Summer
2026-05-15,Karnataka,Bengaluru,Bengaluru APMC,Maize,Hybrid/Local,2300,2500,2400,3186.145954120682,-786.1459541206818,0,Medium,0.3024372834899168,2026,5,Summer
2026-05-16,Karnataka,Bengaluru,Bengaluru APMC,Maize,Hybrid/Local,2300,2500,2400,3225.864761581133,-825.8647615811328,0,Medium,0.3024372834899168,2026,5,Summer
2026-05-20,Karnataka,Bengaluru,Bengaluru APMC,Maize,Hybrid/Local,2300,2500,2400,3236.7697954031396,-836.7697954031396,0,Medium,0.3024372834899168,2026,5,Summer
2026-05-21,Karnataka,Bengaluru,Bengaluru APMC,Maize,Hybrid/Local,2300,2500,2400,3276.488602863591,-876.488602863591,0,Medium,0.3024372834899168,2026,5,Summer
2026-05-21,Karnataka,Bengaluru,Bengaluru APMC,Maize,Pro Agro 4212,4000,6000,5000,3276.488602863591,1723.511397136409,0,Medium,0.3024372834899168,2026,5,Summer
2026-05-22,Karnataka,Bengaluru,Bengaluru APMC,Maize,Hybrid/Local,2300,2500,2400,2508.0481724764745,-108.04817247647452,0,Medium,0.3024372834899168,2026,5,Summer
2026-05-23,Karnataka,Bengaluru,Bengaluru APMC,Maize,Pro Agro 4212,4000,6000,5000,3290.895489682813,1709.1045103171869,0,Medium,0.3024372834899168,2026,5,Summer
2026-05-25,Karnataka,Bengaluru,Bengaluru APMC,Maize,Hybrid/Local,2300,2500,2400,2901.9341314989515,-501.9341314989515,0,Medium,0.3024372834899168,2026,5,Summer
2026-05-25,Karnataka,Bengaluru,Bengaluru APMC,Maize,Pro Agro 4212,4000,6000,5000,3677.57800529568,1322.4219947043198,0,Medium,0.3024372834899168,2026,5,Summer
2026-05-27,Karnataka,Bengaluru,Bengaluru APMC,Maize,Popcorn,4000,6000,5000,3761.7404836400183,1238.2595163599817,0,Medium,0.3024372834899168,2026,5,Summer
2026-05-27,Karnataka,Bengaluru,Bengaluru APMC,Maize,Hybrid/Local,2300,2500,2400,3761.7404836400183,-1361.7404836400183,0,Medium,0.3024372834899168,2026,5,Summer
2026-05-27,Karnataka,Bengaluru,Bengaluru APMC,Maize,Pro Agro 4212,4000,6000,5000,4114.684624775824,885.315375224176,0,Medium,0.3024372834899168,2026,5,Summer
2026-05-28,Karnataka,Bengaluru,Bengaluru APMC,Maize,Hybrid/Local,2300,2500,2400,3768.9439270496296,-1368.9439270496296,0,Medium,0.3024372834899168,2026,5,Summer
2026-05-30,Karnataka,Bengaluru,Bengaluru APMC,Maize,Popcorn,4000,6000,5000,4136.294955004658,863.7050449953422,0,Medium,0.3024372834899168,2026,5,Summer
2026-06-01,Karnataka,Bengaluru,Bengaluru APMC,Maize,Hybrid/Local,2300,2500,2400,3756.72594265467,-1356.7259426546698,0,Medium,0.3024372834899168,2026,6,Monsoon
2026-06-01,Karnataka,Bengaluru,Bengaluru APMC,Maize,Popcorn,4000,6000,5000,4109.6700837904755,890.3299162095245,0,Medium,0.3024372834899168,2026,6,Monsoon
2026-06-02,Karnataka,Bengaluru,Bengaluru APMC,Maize,Hybrid/Local,2300,2500,2400,3341.229653403358,-941.229653403358,0,Medium,0.3024372834899168,2026,6,Monsoon
2026-06-03,Karnataka,Bengaluru,Bengaluru APMC,Maize,Popcorn,4000,6000,5000,4124.076970609698,875.923029390302,0,Medium,0.3024372834899168,2026,6,Monsoon
2026-06-04,Karnataka,Bengaluru,Bengaluru APMC,Maize,Hybrid/Local,2300,2500,2400,3355.63654022258,-955.6365402225802,0,Medium,0.3024372834899168,2026,6,Monsoon
2026-06-05,Karnataka,Bengaluru,Bengaluru APMC,Maize,Hybrid/Local,2300,2500,2400,3715.7841247679976,-1315.7841247679976,0,Medium,0.3024372834899168,2026,6,Monsoon
2026-06-09,Karnataka,Bengaluru,Bengaluru APMC,Maize,Hybrid/Local,2400,2500,2450,3279.602902890952,-829.602902890952,0,Medium,0.3024372834899168,2026,6,Monsoon
2026-06-10,Karnataka,Bengaluru,Bengaluru APMC,Maize,Hybrid/Local,2400,2500,2450,3288.1477999837384,-838.1477999837384,0,Medium,0.3024372834899168,2026,6,Monsoon
2026-06-11,Karnataka,Bengaluru,Bengaluru APMC,Maize,Popcorn,4000,6000,5000,3295.3512433933497,1704.6487566066503,0,Medium,0.3024372834899168,2026,6,Monsoon
2026-06-12,Karnataka,Bengaluru,Bengaluru APMC,Maize,Popcorn,4000,6000,5000,3379.0976656576113,1620.9023343423887,0,Medium,0.3024372834899168,2026,6,Monsoon
2026-06-12,Karnataka,Bengaluru,Bengaluru APMC,Maize,Hybrid/Local,2400,2500,2450,2964.526774009399,-514.5267740093991,0,Medium,0.3024372834899168,2026,6,Monsoon
2026-06-13,Karnataka,Bengaluru,Bengaluru APMC,Maize,Hybrid/Local,2400,2500,2450,3326.0158122379926,-876.0158122379926,0,Medium,0.3024372834899168,2026,6,Monsoon
2026-06-13,Karnataka,Bengaluru,Bengaluru APMC,Maize,Popcorn,4000,6000,5000,3748.715544898914,1251.2844551010862,0,Medium,0.3024372834899168,2026,6,Monsoon
2026-06-15,Karnataka,Bengaluru,Bengaluru APMC,Maize,Hybrid/Local,2400,2500,2450,3366.541574044587,-916.5415740445869,0,Medium,0.3024372834899168,2026,6,Monsoon
2026-06-17,Karnataka,Bengaluru,Bengaluru APMC,Maize,Popcorn,4000,6000,5000,4141.676106318293,858.323893681707,0,Medium,0.3024372834899168,2026,6,Monsoon
2026-06-17,Karnataka,Bengaluru,Bengaluru APMC,Maize,Hybrid/Local,2400,2500,2450,3380.9484608638095,-930.9484608638095,0,Medium,0.3024372834899168,2026,6,Monsoon
2026-06-19,Karnataka,Bengaluru,Bengaluru APMC,Maize,Popcorn,4000,6000,5000,3741.512101489303,1258.487898510697,0,Medium,0.3024372834899168,2026,6,Monsoon
2026-06-22,Karnataka,Bengaluru,Bengaluru APMC,Maize,Hybrid/Local,2400,2500,2450,3366.541574044587,-916.5415740445869,0,Medium,0.3024372834899168,2026,6,Monsoon
2026-06-24,Karnataka,Bengaluru,Bengaluru APMC,Maize,Hybrid/Local,2400,2500,2450,3727.105214670081,-1277.1052146700808,0,Medium,0.3024372834899168,2026,6,Monsoon
2026-07-01,Karnataka,Bengaluru,Bengaluru APMC,Maize,Hybrid/Local,2400,2500,2450,3302.6294003864236,-852.6294003864236,0,Medium,0.3024372834899168,2026,7,Monsoon
2026-07-04,Karnataka,Bengaluru,Bengaluru APMC,Maize,Hybrid/Local,2400,2500,2450,3324.239730615257,-874.239730615257,0,Medium,0.3024372834899168,2026,7,Monsoon
2026-07-06,Karnataka,Bengaluru,Bengaluru APMC,Maize,Hybrid/Local,2400,2800,2600,2898.0381449571196,-298.0381449571196,0,Medium,0.3024372834899168,2026,7,Monsoon
2026-07-07,Karnataka,Bengaluru,Bengaluru APMC,Maize,Hybrid/Local,2400,2800,2600,2909.2659494162567,-309.2659494162567,0,Medium,0.3024372834899168,2026,7,Monsoon
2026-07-08,Karnataka,Bengaluru,Bengaluru APMC,Maize,Hybrid/Local,2400,2800,2600,2526.285024215785,73.71497578421486,0,Medium,0.3024372834899168,2026,7,Monsoon
2026-07-09,Karnataka,Bengaluru,Bengaluru APMC,Maize,Hybrid/Local,2400,2800,2600,2557.8749906635267,42.12500933647334,0,Medium,0.3024372834899168,2026,7,Monsoon
2026-07-11,Karnataka,Bengaluru,Bengaluru APMC,Maize,Hybrid/Local,2400,2800,2600,2596.668400520879,3.331599479120996,0,Medium,0.3024372834899168,2026,7,Monsoon
2026-07-18,Karnataka,Bengaluru,Bengaluru APMC,Maize,Hybrid/Local,2400,2800,2600,2621.054923559009,-21.054923559008785,0,Medium,0.3024372834899168,2026,7,Monsoon
2026-07-20,Karnataka,Bengaluru,Bengaluru APMC,Maize,Hybrid/Local,2400,2800,2600,2609.424229549084,-9.424229549083975,0,Medium,0.3024372834899168,2026,7,Monsoon
2026-07-23,Karnataka,Bengaluru,Bengaluru APMC,Maize,Popcorn,5000,7000,6000,3183.7957486422,2816.2042513578,1,Medium,0.3024372834899168,2026,7,Monsoon
2026-07-28,Karnataka,Bengaluru,Bengaluru APMC,Maize,Hybrid/Local,2700,3000,2850,2748.4907284781675,101.50927152183249,1,Medium,0.3024372834899168,2026,7,Monsoon
2026-08-01,Karnataka,Bengaluru,Bengaluru APMC,Maize,Popcorn,5000,7000,6000,3747.766170106137,2252.233829893863,1,Medium,0.3024372834899168,2026,8,Monsoon
2026-08-03,Karnataka,Bengaluru,Bengaluru APMC,Maize,Popcorn,5000,7000,6000,3836.904740161677,2163.095259838323,1,Medium,0.3024372834899168,2026,8,Monsoon
2026-08-05,Karnataka,Bengaluru,Bengaluru APMC,Maize,Popcorn,5000,6000,5500,4322.784405718081,1177.215594281919,1,Medium,0.3024372834899168,2026,8,Monsoon
2026-08-06,Karnataka,Bengaluru,Bengaluru APMC,Maize,Hybrid/Local,2900,3000,2950,4454.763609512011,-1504.7636095120106,1,Medium,0.3024372834899168,2026,8,Monsoon
2026-04-02,Karnataka,Belagavi,Gokak APMC,Maize,Local,1810,1840,1810,1740.5546547355998,69.4453452644002,0,Medium,0.3024372834899168,2026,4,Summer
2026-04-03,Karnataka,Belagavi,Gokak APMC,Maize,Local,1810,1810,1810,1761.778652842071,48.2213471579289,0,Medium,0.3024372834899168,2026,4,Summer
2026-04-04,Karnataka,Belagavi,Gokak APMC,Maize,Local,1660,1900,1660,1750.963165340175,-90.96316534017501,0,Medium,0.3024372834899168,2026,4,Summer
2026-04-05,Karnataka,Belagavi,Gokak APMC,Maize,Local,1680,1820,1680,1772.2695631586037,-92.26956315860366,0,Medium,0.3024372834899168,2026,4,Summer
2026-04-06,Karnataka,Belagavi,Gokak APMC,Maize,Local,1660,1820,1700,1725.9546018551966,-25.954601855196643,0,Medium,0.3024372834899168,2026,4,Summer
2026-04-07,Karnataka,Belagavi,Gokak APMC,Maize,Local,1700,2000,1920,1765.9390294218279,154.06097057817215,0,Medium,0.3024372834899168,2026,4,Summer
2026-04-08,Karnataka,Belagavi,Gokak APMC,Maize,Local,1700,2040,1850,1792.0510146577465,57.948985342253536,0,Medium,0.3024372834899168,2026,4,Summer
2026-04-10,Karnataka,Belagavi,Gokak APMC,Maize,Local,1880,2040,1880,1827.340621156111,52.659378843889044,0,Medium,0.3024372834899168,2026,4,Summer
2026-04-11,Karnataka,Belagavi,Gokak APMC,Maize,Local,2040,2040,2040,1867.8643008264678,172.1356991735322,0,Medium,0.3024372834899168,2026,4,Summer
2026-04-13,Karnataka,Belagavi,Gokak APMC,Maize,Local,2040,2040,2040,1871.9066360204974,168.09336397950256,0,Medium,0.3024372834899168,2026,4,Summer
2026-04-14,Karnataka,Belagavi,Gokak APMC,Maize,Local,1730,2040,1870,1909.9996752784068,-39.99967527840681,0,Medium,0.3024372834899168,2026,4,Summer
2026-04-15,Karnataka,Belagavi,Gokak APMC,Maize,Local,1991,1992,1991,1987.5900903024085,3.4099096975915018,0,Medium,0.3024372834899168,2026,4,Summer
2026-04-16,Karnataka,Belagavi,Gokak APMC,Maize,Local,1880,2040,1880,1971.8649835643773,-91.86498356437733,0,Medium,0.3024372834899168,2026,4,Summer
2026-04-17,Karnataka,Belagavi,Gokak APMC,Maize,Local,1730,1860,1730,1974.6272084150512,-244.6272084150512,0,Medium,0.3024372834899168,2026,4,Summer
2026-04-18,Karnataka,Belagavi,Gokak APMC,Maize,Local,1860,1860,1860,1998.9412774081825,-138.9412774081825,0,Medium,0.3024372834899168,2026,4,Summer
2026-04-20,Karnataka,Belagavi,Gokak APMC,Maize,Local,1730,2040,1880,1919.264562062665,-39.264562062664936,0,Medium,0.3024372834899168,2026,4,Summer
2026-04-22,Karnataka,Belagavi,Gokak APMC,Maize,Local,1900,2040,1900,1908.195739114485,-8.195739114484923,0,Medium,0.3024372834899168,2026,4,Summer
2026-04-23,Karnataka,Belagavi,Gokak APMC,Maize,Local,1735,1900,1735,1890.7363568579644,-155.73635685796444,0,Medium,0.3024372834899168,2026,4,Summer
2026-04-25,Karnataka,Belagavi,Gokak APMC,Maize,Local,1850,1940,1900,1912.747131221519,-12.747131221519112,0,Medium,0.3024372834899168,2026,4,Summer
2026-04-27,Karnataka,Belagavi,Gokak APMC,Maize,Local,1755,2000,1900,1857.5830723910835,42.41692760891647,0,Medium,0.3024372834899168,2026,4,Summer
2026-04-28,Karnataka,Belagavi,Gokak APMC,Maize,Local,1770,2000,1770,1871.2895886108627,-101.28958861086267,0,Medium,0.3024372834899168,2026,4,Summer
2026-04-29,Karnataka,Belagavi,Gokak APMC,Maize,Local,1745,1812,1745,1877.4439047480307,-132.44390474803072,0,Medium,0.3024372834899168,2026,4,Summer
2026-04-30,Karnataka,Belagavi,Gokak APMC,Maize,Local,1860,2000,1860,1884.7895054173252,-24.789505417325245,0,Medium,0.3024372834899168,2026,4,Summer
2026-05-02,Karnataka,Belagavi,Gokak APMC,Maize,Local,1770,2000,1770,1852.5454921101277,-82.54549211012773,0,Medium,0.3024372834899168,2026,5,Summer
2026-05-03,Karnataka,Belagavi,Gokak APMC,Maize,Local,1950,1950,1950,1906.9202490675536,43.07975093244636,0,Medium,0.3024372834899168,2026,5,Summer
2026-05-04,Karnataka,Belagavi,Gokak APMC,Maize,Local,1770,2000,1960,1849.0196034388139,110.98039656118613,0,Medium,0.3024372834899168,2026,5,Summer
2026-05-05,Karnataka,Belagavi,Gokak APMC,Maize,Local,1770,2020,1860,1848.3624965723502,11.63750342764979,0,Medium,0.3024372834899168,2026,5,Summer
2026-05-06,Karnataka,Belagavi,Gokak APMC,Maize,Local,1860,2020,1990,1904.9076150969559,85.09238490304415,0,Medium,0.3024372834899168,2026,5,Summer
2026-05-07,Karnataka,Belagavi,Gokak APMC,Maize,Local,1770,1990,1770,1898.528271956131,-128.528271956131,0,Medium,0.3024372834899168,2026,5,Summer
2026-05-08,Karnataka,Belagavi,Gokak APMC,Maize,Local,1950,2020,1950,1950.2281334385727,-0.2281334385727405,0,Medium,0.3024372834899168,2026,5,Summer
2026-05-11,Karnataka,Belagavi,Gokak APMC,Maize,Local,1980,2120,1980,1931.1208976671858,48.87910233281423,0,Medium,0.3024372834899168,2026,5,Summer
2026-05-12,Karnataka,Belagavi,Gokak APMC,Maize,Local,1770,2010,1970,1937.50344508416,32.49655491584008,0,Medium,0.3024372834899168,2026,5,Summer
2026-05-13,Karnataka,Belagavi,Gokak APMC,Maize,Local,1970,2100,2020,1955.81897517493,64.18102482506993,0,Medium,0.3024372834899168,2026,5,Summer
2026-05-15,Karnataka,Belagavi,Gokak APMC,Maize,Local,1855,2100,1980,1982.9476930951223,-2.947693095122304,0,Medium,0.3024372834899168,2026,5,Summer
2026-05-17,Karnataka,Belagavi,Gokak APMC,Maize,Local,2000,2020,2000,2004.4102579805135,-4.4102579805135065,0,Medium,0.3024372834899168,2026,5,Summer
2026-05-18,Karnataka,Belagavi,Gokak APMC,Maize,Local,2020,2100,2020,1999.1188476545838,20.88115234541624,0,Medium,0.3024372834899168,2026,5,Summer
2026-05-19,Karnataka,Belagavi,Gokak APMC,Maize,Local,1870,2120,1870,1990.6011905120445,-120.60119051204447,0,Medium,0.3024372834899168,2026,5,Summer
2026-05-20,Karnataka,Belagavi,Gokak APMC,Maize,Local,1860,2130,2030,2026.29563692297,3.7043630770299387,0,Medium,0.3024372834899168,2026,5,Summer
2026-05-21,Karnataka,Belagavi,Gokak APMC,Maize,Local,1870,2200,2000,2016.6567454856959,-16.656745485695865,0,Medium,0.3024372834899168,2026,5,Summer
2026-05-22,Karnataka,Belagavi,Gokak APMC,Maize,Local,2000,2250,2050,2032.8099259006538,17.190074099346248,0,Medium,0.3024372834899168,2026,5,Summer
2026-05-23,Karnataka,Belagavi,Gokak APMC,Maize,Local,2070,2250,2070,2047.8578958036082,22.142104196391756,0,Medium,0.3024372834899168,2026,5,Summer
2026-05-25,Karnataka,Belagavi,Gokak APMC,Maize,Local,1940,2100,2100,2025.383405849159,74.61659415084091,0,Medium,0.3024372834899168,2026,5,Summer
2026-05-26,Karnataka,Belagavi,Gokak APMC,Maize,Local,2100,2100,2100,2041.5205624813862,58.47943751861385,0,Medium,0.3024372834899168,2026,5,Summer
2026-05-27,Karnataka,Belagavi,Gokak APMC,Maize,Local,2100,2100,2100,2086.1166745494625,13.88332545053754,0,Medium,0.3024372834899168,2026,5,Summer
2026-05-29,Karnataka,Belagavi,Gokak APMC,Maize,Local,1980,2200,1980,2092.394720355975,-112.3947203559751,0,Medium,0.3024372834899168,2026,5,Summer
2026-06-01,Karnataka,Belagavi,Gokak APMC,Maize,Local,2160,2160,2160,2115.2753133829583,44.7246866170417,0,Medium,0.3024372834899168,2026,6,Monsoon
2026-06-02,Karnataka,Belagavi,Gokak APMC,Maize,Local,2100,2100,2100,2106.173003418955,-6.173003418954977,0,Medium,0.3024372834899168,2026,6,Monsoon
2026-06-03,Karnataka,Belagavi,Gokak APMC,Maize,Local,2160,2160,2160,2136.1532254468857,23.8467745531143,0,Medium,0.3024372834899168,2026,6,Monsoon
2026-06-05,Karnataka,Belagavi,Gokak APMC,Maize,Local,2005,2300,2005,2126.9704495465176,-121.97044954651756,0,Medium,0.3024372834899168,2026,6,Monsoon
2026-06-06,Karnataka,Belagavi,Gokak APMC,Maize,Local,2170,2300,2250,2179.6013167158153,70.3986832841847,0,Medium,0.3024372834899168,2026,6,Monsoon
2026-06-09,Karnataka,Belagavi,Gokak APMC,Maize,Local,2200,2300,2200,2133.787027188072,66.21297281192801,0,Medium,0.3024372834899168,2026,6,Monsoon
2026-06-11,Karnataka,Belagavi,Gokak APMC,Maize,Local,2200,2250,2200,2190.7482017927523,9.251798207247703,0,Medium,0.3024372834899168,2026,6,Monsoon
2026-06-12,Karnataka,Belagavi,Gokak APMC,Maize,Local,2250,2250,2250,2212.5835590252423,37.416440974757734,0,Medium,0.3024372834899168,2026,6,Monsoon
2026-06-13,Karnataka,Belagavi,Gokak APMC,Maize,Local,2250,2250,2250,2237.3861381434476,12.613861856552376,0,Medium,0.3024372834899168,2026,6,Monsoon
2026-06-15,Karnataka,Belagavi,Gokak APMC,Maize,Local,2055,2055,2055,2184.298354968701,-129.298354968701,0,Medium,0.3024372834899168,2026,6,Monsoon
2026-06-16,Karnataka,Belagavi,Gokak APMC,Maize,Local,2250,2250,2250,2257.803929925777,-7.8039299257770836,0,Medium,0.3024372834899168,2026,6,Monsoon
2026-06-17,Karnataka,Belagavi,Gokak APMC,Maize,Local,2250,2250,2250,2238.5365627502024,11.463437249797607,0,Medium,0.3024372834899168,2026,6,Monsoon
2026-06-18,Karnataka,Belagavi,Gokak APMC,Maize,Local,2230,2230,2230,2250.61731076744,-20.617310767439903,0,Medium,0.3024372834899168,2026,6,Monsoon
2026-06-22,Karnataka,Belagavi,Gokak APMC,Maize,Local,2300,2300,2300,2247.9796174958415,52.02038250415853,0,Medium,0.3024372834899168,2026,6,Monsoon
2026-06-24,Karnataka,Belagavi,Gokak APMC,Maize,Local,2300,2300,2300,2261.013003066424,38.98699693357594,0,Medium,0.3024372834899168,2026,6,Monsoon
2026-06-29,Karnataka,Belagavi,Gokak APMC,Maize,Local,2500,2500,2500,2287.250321310752,212.74967868924796,0,Medium,0.3024372834899168,2026,6,Monsoon
2026-07-08,Karnataka,Belagavi,Gokak APMC,Maize,Local,2300,2300,2300,2304.43405713867,-4.434057138670141,0,Medium,0.3024372834899168,2026,7,Monsoon
2026-07-11,Karnataka,Belagavi,Gokak APMC,Maize,Local,2300,2300,2300,2361.322777698353,-61.32277769835309,0,Medium,0.3024372834899168,2026,7,Monsoon
2026-07-17,Karnataka,Belagavi,Gokak APMC,Maize,Local,2512,2512,2512,2396.7144611953418,115.28553880465824,0,Medium,0.3024372834899168,2026,7,Monsoon
2026-07-22,Karnataka,Belagavi,Gokak APMC,Maize,Local,2500,2500,2500,2397.4247935675276,102.57520643247244,0,Medium,0.3024372834899168,2026,7,Monsoon
2026-07-23,Karnataka,Belagavi,Gokak APMC,Maize,Local,2350,2350,2350,2414.3860509489364,-64.38605094893637,0,Medium,0.3024372834899168,2026,7,Monsoon
2026-07-31,Karnataka,Belagavi,Gokak APMC,Maize,Local,2427,2427,2427,2462.5989125194355,-35.598912519435544,0,Medium,0.3024372834899168,2026,7,Monsoon
2026-04-09,Karnataka,Mysuru,Hunsur APMC,Maize,Local,1650,1650,1650,1704.0311233141758,-54.03112331417583,0,Medium,0.3024372834899168,2026,4,Summer
2026-05-12,Karnataka,Mysuru,Hunsur APMC,Maize,Local,1600,1600,1600,1658.0557576445588,-58.05575764455875,0,Medium,0.3024372834899168,2026,5,Summer
2026-05-26,Karnataka,Mysuru,Hunsur APMC,Maize,Local,1800,1800,1800,1707.5195602908213,92.48043970917865,0,Medium,0.3024372834899168,2026,5,Summer
2026-05-31,Karnataka,Mysuru,Hunsur APMC,Maize,Local,2000,2000,2000,1787.5145868819507,212.48541311804934,0,Medium,0.3024372834899168,2026,5,Summer
2026-07-08,Karnataka,Mysuru,Hunsur APMC,Maize,Local,2600,2600,2600,1892.260700542545,707.739299457455,0,Medium,0.3024372834899168,2026,7,Monsoon
2026-07-14,Karnataka,Mysuru,Hunsur APMC,Maize,Local,2500,2500,2500,1902.5095081664895,597.4904918335105,0,Medium,0.3024372834899168,2026,7,Monsoon
2026-04-08,Karnataka,Mysuru,K.R.Nagar APMC,Maize,Local,1800,1800,1800,1891.0044805412917,-91.00448054129174,0,Medium,0.3024372834899168,2026,4,Summer
2026-04-11,Karnataka,Mysuru,K.R.Nagar APMC,Maize,Local,1900,1900,1900,1942.4606206068909,-42.46062060689087,0,Medium,0.3024372834899168,2026,4,Summer
2026-04-25,Karnataka,Mysuru,K.R.Nagar APMC,Maize,Local,1900,1900,1900,1933.6276698719023,-33.6276698719023,0,Medium,0.3024372834899168,2026,4,Summer
2026-04-30,Karnataka,Mysuru,K.R.Nagar APMC,Maize,Local,1900,1900,1900,1922.0658774071287,-22.06587740712871,0,Medium,0.3024372834899168,2026,4,Summer
2026-05-01,Karnataka,Mysuru,K.R.Nagar APMC,Maize,Local,2050,2050,2050,1949.7120712954127,100.28792870458733,0,Medium,0.3024372834899168,2026,5,Summer
2026-05-02,Karnataka,Mysuru,K.R.Nagar APMC,Maize,Local,1900,1900,1900,1933.8437390455167,-33.84373904551671,0,Medium,0.3024372834899168,2026,5,Summer
2026-05-05,Karnataka,Mysuru,K.R.Nagar APMC,Maize,Local,1900,1970,1951,1925.5547042159308,25.44529578406923,0,Medium,0.3024372834899168,2026,5,Summer
2026-05-12,Karnataka,Mysuru,K.R.Nagar APMC,Maize,Local,1900,2000,1964,1945.294167661494,18.70583233850607,0,Medium,0.3024372834899168,2026,5,Summer
2026-05-17,Karnataka,Mysuru,K.R.Nagar APMC,Maize,Local,2100,2100,2100,2012.0620280547114,87.93797194528861,0,Medium,0.3024372834899168,2026,5,Summer
2026-05-19,Karnataka,Mysuru,K.R.Nagar APMC,Maize,Local,1900,2200,2104,1990.748788802178,113.25121119782193,0,Medium,0.3024372834899168,2026,5,Summer
2026-05-27,Karnataka,Mysuru,K.R.Nagar APMC,Maize,Local,1900,2200,2027,2018.056497397709,8.943502602290891,0,Medium,0.3024372834899168,2026,5,Summer
2026-05-30,Karnataka,Mysuru,K.R.Nagar APMC,Maize,Local,1900,1900,1900,2025.732881075896,-125.7328810758961,0,Medium,0.3024372834899168,2026,5,Summer
2026-06-04,Karnataka,Mysuru,K.R.Nagar APMC,Maize,Local,1900,1900,1900,2037.9583039075653,-137.95830390756532,0,Medium,0.3024372834899168,2026,6,Monsoon
2026-06-05,Karnataka,Mysuru,K.R.Nagar APMC,Maize,Local,1700,1700,1700,2004.3549654333726,-304.3549654333726,0,Medium,0.3024372834899168,2026,6,Monsoon
2026-06-06,Karnataka,Mysuru,K.R.Nagar APMC,Maize,Local,2000,2050,2016,2047.16195281434,-31.16195281434011,0,Medium,0.3024372834899168,2026,6,Monsoon
2026-06-07,Karnataka,Mysuru,K.R.Nagar APMC,Maize,Local,1900,1900,1900,1978.9537442504516,-78.95374425045156,0,Medium,0.3024372834899168,2026,6,Monsoon
2026-06-12,Karnataka,Mysuru,K.R.Nagar APMC,Maize,Local,1900,1900,1900,1947.127924703893,-47.127924703893086,0,Medium,0.3024372834899168,2026,6,Monsoon
2026-06-15,Karnataka,Mysuru,K.R.Nagar APMC,Maize,Local,1900,1900,1900,1897.6668948931654,2.333105106834637,0,Medium,0.3024372834899168,2026,6,Monsoon
2026-06-16,Karnataka,Mysuru,K.R.Nagar APMC,Maize,Local,1900,1900,1900,1904.8703383027762,-4.87033830277619,0,Medium,0.3024372834899168,2026,6,Monsoon
2026-06-19,Karnataka,Mysuru,K.R.Nagar APMC,Maize,Local,1700,1700,1700,1893.9653044807699,-193.96530448076987,0,Medium,0.3024372834899168,2026,6,Monsoon
2026-06-21,Karnataka,Mysuru,K.R.Nagar APMC,Maize,Local,1700,1700,1700,1935.521740618131,-235.52174061813093,0,Medium,0.3024372834899168,2026,6,Monsoon
2026-06-22,Karnataka,Mysuru,K.R.Nagar APMC,Maize,Local,1900,1900,1900,1873.4421690109766,26.557830989023387,0,Medium,0.3024372834899168,2026,6,Monsoon
2026-06-23,Karnataka,Mysuru,K.R.Nagar APMC,Maize,Local,1900,1900,1900,1853.496063102449,46.50393689755106,0,Medium,0.3024372834899168,2026,6,Monsoon
2026-06-30,Karnataka,Mysuru,K.R.Nagar APMC,Maize,Local,1900,1900,1900,1853.496063102449,46.50393689755106,0,Medium,0.3024372834899168,2026,6,Monsoon
2026-07-01,Karnataka,Mysuru,K.R.Nagar APMC,Maize,Local,1900,1900,1900,1850.7945838766152,49.20541612338479,0,Medium,0.3024372834899168,2026,7,Monsoon
2026-07-05,Karnataka,Mysuru,K.R.Nagar APMC,Maize,Local,2500,2500,2500,1977.1544496675804,522.8455503324196,0,Medium,0.3024372834899168,2026,7,Monsoon
2026-07-06,Karnataka,Mysuru,K.R.Nagar APMC,Maize,Local,2000,2000,2000,1901.2581873317577,98.74181266824235,0,Medium,0.3024372834899168,2026,7,Monsoon
2026-07-08,Karnataka,Mysuru,K.R.Nagar APMC,Maize,Local,2000,2000,2000,2032.311993522587,-32.311993522587045,0,Medium,0.3024372834899168,2026,7,Monsoon
2026-07-11,Karnataka,Mysuru,K.R.Nagar APMC,Maize,Local,2000,2000,2000,2070.1800057768405,-70.18000577684052,0,Medium,0.3024372834899168,2026,7,Monsoon
2026-07-12,Karnataka,Mysuru,K.R.Nagar APMC,Maize,Local,1900,1900,1900,2077.383449186452,-177.3834491864518,0,Medium,0.3024372834899168,2026,7,Monsoon
2026-07-15,Karnataka,Mysuru,K.R.Nagar APMC,Maize,Local,1900,1900,1900,2062.144450207077,-162.14445020707717,0,Medium,0.3024372834899168,2026,7,Monsoon
2026-07-17,Karnataka,Mysuru,K.R.Nagar APMC,Maize,Local,2000,2000,2000,2092.8090190517187,-92.80901905171868,0,Medium,0.3024372834899168,2026,7,Monsoon
2026-07-21,Karnataka,Mysuru,K.R.Nagar APMC,Maize,Local,1900,1900,1900,1960.0778220112954,-60.07782201129544,0,Medium,0.3024372834899168,2026,7,Monsoon
2026-07-24,Karnataka,Mysuru,K.R.Nagar APMC,Maize,Local,1900,1900,1900,1979.005244873778,-79.00524487377811,0,Medium,0.3024372834899168,2026,7,Monsoon
2026-07-27,Karnataka,Mysuru,K.R.Nagar APMC,Maize,Local,2000,2000,2000,1950.191471235334,49.80852876466611,0,Medium,0.3024372834899168,2026,7,Monsoon
2026-07-29,Karnataka,Mysuru,K.R.Nagar APMC,Maize,Local,2000,2000,2000,1951.0235833954864,48.97641660451359,0,Medium,0.3024372834899168,2026,7,Monsoon
2026-07-31,Karnataka,Mysuru,K.R.Nagar APMC,Maize,Local,2000,2000,2000,1981.6881522401284,18.311847759871625,0,Medium,0.3024372834899168,2026,7,Monsoon
2026-08-03,Karnataka,Mysuru,K.R.Nagar APMC,Maize,Local,2000,2000,2000,1959.2271379916604,40.772862008339644,0,Medium,0.3024372834899168,2026,8,Monsoon
2026-08-06,Karnataka,Mysuru,K.R.Nagar APMC,Maize,Local,1800,1800,1800,1948.3221041696527,-148.32210416965268,0,Medium,0.3024372834899168,2026,8,Monsoon
2026-04-04,Karnataka,Belagavi,Kudchi APMC,Maize,Hybrid/Local,1900,2000,1950,1958.21794846144,-8.217948461440074,0,Medium,0.3024372834899168,2026,4,Summer
2026-04-06,Karnataka,Belagavi,Kudchi APMC,Maize,Hybrid/Local,1760,1850,1800,1871.769869569119,-71.76986956911901,0,Medium,0.3024372834899168,2026,4,Summer
2026-04-22,Karnataka,Belagavi,Kudchi APMC,Maize,Hybrid/Local,1850,2000,1900,1917.9192957947394,-17.919295794739355,0,Medium,0.3024372834899168,2026,4,Summer
2026-04-27,Karnataka,Belagavi,Kudchi APMC,Maize,Hybrid/Local,1790,1900,1800,1874.005105931536,-74.00510593153604,0,Medium,0.3024372834899168,2026,4,Summer
2026-05-02,Karnataka,Belagavi,Kudchi APMC,Maize,Hybrid/Local,1800,1850,1830,1908.7606781221725,-78.76067812217252,0,Medium,0.3024372834899168,2026,5,Summer
2026-05-04,Karnataka,Belagavi,Kudchi APMC,Maize,Hybrid/Local,1790,1850,1800,1860.2712262965958,-60.27122629659584,0,Medium,0.3024372834899168,2026,5,Summer
2026-05-06,Karnataka,Belagavi,Kudchi APMC,Maize,Hybrid/Local,1780,1890,1800,1873.8732409059126,-73.87324090591255,0,Medium,0.3024372834899168,2026,5,Summer
2026-05-08,Karnataka,Belagavi,Kudchi APMC,Maize,Hybrid/Local,1950,2100,2000,1896.408968737845,103.59103126215496,0,Medium,0.3024372834899168,2026,5,Summer
2026-05-12,Karnataka,Belagavi,Kudchi APMC,Maize,Hybrid/Local,2000,2090,2070,1891.544830659507,178.45516934049306,0,Medium,0.3024372834899168,2026,5,Summer
2026-05-13,Karnataka,Belagavi,Kudchi APMC,Maize,Hybrid/Local,2000,2100,2070,1916.8839912509836,153.11600874901637,0,Medium,0.3024372834899168,2026,5,Summer
2026-05-15,Karnataka,Belagavi,Kudchi APMC,Maize,Hybrid/Local,2000,2090,2070,1975.1866195388404,94.81338046115957,0,Medium,0.3024372834899168,2026,5,Summer
2026-05-16,Karnataka,Belagavi,Kudchi APMC,Maize,Hybrid/Local,2000,2090,2070,2021.4084998094593,48.59150019054073,0,Medium,0.3024372834899168,2026,5,Summer
2026-05-18,Karnataka,Belagavi,Kudchi APMC,Maize,Hybrid/Local,2000,2100,2070,2029.287024230039,40.712975769961076,0,Medium,0.3024372834899168,2026,5,Summer
2026-05-19,Karnataka,Belagavi,Kudchi APMC,Maize,Hybrid/Local,2050,2200,2150,2093.3923547286204,56.607645271379624,0,Medium,0.3024372834899168,2026,5,Summer
2026-05-20,Karnataka,Belagavi,Kudchi APMC,Maize,Hybrid/Local,2000,2200,2150,2114.122501449105,35.87749855089487,0,Medium,0.3024372834899168,2026,5,Summer
2026-05-21,Karnataka,Belagavi,Kudchi APMC,Maize,Hybrid/Local,2000,2100,2070,2121.325944858716,-51.32594485871596,0,Medium,0.3024372834899168,2026,5,Summer
2026-05-22,Karnataka,Belagavi,Kudchi APMC,Maize,Hybrid/Local,2000,2200,2150,2152.395353615919,-2.3953536159187934,0,Medium,0.3024372834899168,2026,5,Summer
2026-05-26,Karnataka,Belagavi,Kudchi APMC,Maize,Hybrid/Local,2100,2200,2160,2134.5571174827087,25.44288251729131,0,Medium,0.3024372834899168,2026,5,Summer
2026-05-30,Karnataka,Belagavi,Kudchi APMC,Maize,Hybrid/Local,2100,2200,2160,2176.645327478124,-16.645327478123818,0,Medium,0.3024372834899168,2026,5,Summer
2026-06-01,Karnataka,Belagavi,Kudchi APMC,Maize,Hybrid/Local,2100,2200,2180,2167.9039064919034,12.096093508096601,0,Medium,0.3024372834899168,2026,6,Monsoon
2026-06-03,Karnataka,Belagavi,Kudchi APMC,Maize,Hybrid/Local,2100,2200,2180,2184.4731429869375,-4.473142986937546,0,Medium,0.3024372834899168,2026,6,Monsoon
2026-06-04,Karnataka,Belagavi,Kudchi APMC,Maize,Hybrid/Local,2200,2250,2220,2203.056963814343,16.943036185657093,0,Medium,0.3024372834899168,2026,6,Monsoon
2026-06-05,Karnataka,Belagavi,Kudchi APMC,Maize,Hybrid/Local,1900,2000,1950,2185.321278929822,-235.3212789298218,0,Medium,0.3024372834899168,2026,6,Monsoon
2026-06-06,Karnataka,Belagavi,Kudchi APMC,Maize,Hybrid/Local,2200,2290,2220,2240.556991336714,-20.556991336713963,0,Medium,0.3024372834899168,2026,6,Monsoon
2026-06-08,Karnataka,Belagavi,Kudchi APMC,Maize,Hybrid/Local,2100,2200,2180,2171.139419114256,8.860580885744184,0,Medium,0.3024372834899168,2026,6,Monsoon
2026-06-09,Karnataka,Belagavi,Kudchi APMC,Maize,Hybrid/Local,2100,2200,2180,2187.0243087925787,-7.024308792578722,0,Medium,0.3024372834899168,2026,6,Monsoon
2026-06-10,Karnataka,Belagavi,Kudchi APMC,Maize,Hybrid/Local,2100,2200,2180,2194.227752202189,-14.227752202189095,0,Medium,0.3024372834899168,2026,6,Monsoon
2026-06-11,Karnataka,Belagavi,Kudchi APMC,Maize,Hybrid/Local,2150,2230,2180,2201.4311956118004,-21.431195611800376,0,Medium,0.3024372834899168,2026,6,Monsoon
2026-06-12,Karnataka,Belagavi,Kudchi APMC,Maize,Hybrid/Local,2100,2300,2220,2208.6346390214117,11.365360978588342,0,Medium,0.3024372834899168,2026,6,Monsoon
2026-06-15,Karnataka,Belagavi,Kudchi APMC,Maize,Hybrid/Local,2050,2200,2180,2211.7836241778064,-31.78362417780636,0,Medium,0.3024372834899168,2026,6,Monsoon
2026-06-16,Karnataka,Belagavi,Kudchi APMC,Maize,Hybrid/Local,2060,2200,2180,2217.913904640877,-37.91390464087681,0,Medium,0.3024372834899168,2026,6,Monsoon
2026-06-17,Karnataka,Belagavi,Kudchi APMC,Maize,Hybrid/Local,2090,2250,2180,2225.117348050488,-45.11734805048809,0,Medium,0.3024372834899168,2026,6,Monsoon
2026-06-18,Karnataka,Belagavi,Kudchi APMC,Maize,Hybrid/Local,2080,2260,2180,2232.3207914600985,-52.32079146009846,0,Medium,0.3024372834899168,2026,6,Monsoon
2026-06-19,Karnataka,Belagavi,Kudchi APMC,Maize,Hybrid/Local,2090,2280,2180,2239.5242348697097,-59.524234869709744,0,Medium,0.3024372834899168,2026,6,Monsoon
2026-06-22,Karnataka,Belagavi,Kudchi APMC,Maize,Hybrid/Local,2150,2300,2280,2226.9681432566854,53.03185674331462,0,Medium,0.3024372834899168,2026,6,Monsoon
2026-06-23,Karnataka,Belagavi,Kudchi APMC,Maize,Hybrid/Local,2160,2300,2280,2230.351421222479,49.648578777520925,0,Medium,0.3024372834899168,2026,6,Monsoon
2026-06-24,Karnataka,Belagavi,Kudchi APMC,Maize,Hybrid/Local,2100,2200,2180,2237.5548646320904,-57.55486463209036,0,Medium,0.3024372834899168,2026,6,Monsoon
2026-06-25,Karnataka,Belagavi,Kudchi APMC,Maize,Hybrid/Local,1950,2100,2000,2229.0692550550143,-229.0692550550143,0,Medium,0.3024372834899168,2026,6,Monsoon
2026-06-29,Karnataka,Belagavi,Kudchi APMC,Maize,Hybrid/Local,1900,2000,1950,2194.5008505540404,-244.50085055404043,0,Medium,0.3024372834899168,2026,6,Monsoon
2026-06-30,Karnataka,Belagavi,Kudchi APMC,Maize,Hybrid/Local,1900,2000,1950,2171.09901263472,-221.0990126347201,0,Medium,0.3024372834899168,2026,6,Monsoon
2026-07-01,Karnataka,Belagavi,Kudchi APMC,Maize,Hybrid/Local,2000,2295,2280,2184.6552154343076,95.34478456569241,0,Medium,0.3024372834899168,2026,7,Monsoon
2026-07-17,Karnataka,Belagavi,Kudchi APMC,Maize,Hybrid/Local,2600,2680,2620,2209.5414647650277,410.45853523497226,0,Medium,0.3024372834899168,2026,7,Monsoon
2026-04-02,Karnataka,Mysuru,Mysuru APMC,Maize,Local,1931,1931,1931,1987.772285480502,-56.77228548050198,0,Medium,0.3024372834899168,2026,4,Summer
2026-04-06,Karnataka,Mysuru,Mysuru APMC,Maize,Local,1581,1581,1581,1830.74855006915,-249.74855006915004,0,Medium,0.3024372834899168,2026,4,Summer
2026-04-15,Karnataka,Mysuru,Mysuru APMC,Maize,Local,2000,2000,2000,1940.844079263777,59.155920736222924,0,Medium,0.3024372834899168,2026,4,Summer
2026-04-20,Karnataka,Mysuru,Mysuru APMC,Maize,Local,1900,1910,1900,1875.7042904286625,24.29570957133751,0,Medium,0.3024372834899168,2026,4,Summer
2026-04-25,Karnataka,Mysuru,Mysuru APMC,Maize,Local,1556,1556,1556,1864.1457208108404,-308.14572081084043,0,Medium,0.3024372834899168,2026,4,Summer
2026-04-26,Karnataka,Mysuru,Mysuru APMC,Maize,Local,1800,1800,1800,1914.0361608147136,-114.03616081471364,0,Medium,0.3024372834899168,2026,4,Summer
2026-05-03,Karnataka,Mysuru,Mysuru APMC,Maize,Local,1900,1900,1900,1858.0026423908034,41.99735760919657,0,Medium,0.3024372834899168,2026,5,Summer
2026-05-07,Karnataka,Mysuru,Mysuru APMC,Maize,Local,2200,2200,2200,1866.5507021512808,333.4492978487192,0,Medium,0.3024372834899168,2026,5,Summer
2026-05-09,Karnataka,Mysuru,Mysuru APMC,Maize,Local,2100,2100,2100,1924.610634705225,175.38936529477496,0,Medium,0.3024372834899168,2026,5,Summer
2026-05-13,Karnataka,Mysuru,Mysuru APMC,Maize,Local,1300,2000,2000,1916.5750791354617,83.42492086453831,0,Medium,0.3024372834899168,2026,5,Summer
2026-05-14,Karnataka,Mysuru,Mysuru APMC,Maize,Local,2500,2500,2500,2034.8993893566624,465.10061064333763,0,Medium,0.3024372834899168,2026,5,Summer
2026-05-20,Karnataka,Mysuru,Mysuru APMC,Maize,Local,2200,2200,2200,2064.5215448954095,135.47845510459047,0,Medium,0.3024372834899168,2026,5,Summer
2026-05-28,Karnataka,Mysuru,Mysuru APMC,Maize,Local,2300,2300,2300,2193.7377224093298,106.26227759067024,0,Medium,0.3024372834899168,2026,5,Summer
2026-05-29,Karnataka,Mysuru,Mysuru APMC,Maize,Local,1818,1818,1818,2174.035091899026,-356.03509189902616,0,Medium,0.3024372834899168,2026,5,Summer
2026-05-30,Karnataka,Mysuru,Mysuru APMC,Maize,Local,2200,2200,2200,2246.6689491653524,-46.66894916535239,0,Medium,0.3024372834899168,2026,5,Summer
2026-06-06,Karnataka,Mysuru,Mysuru APMC,Maize,Local,1950,1950,1950,2179.81913276345,-229.81913276344994,0,Medium,0.3024372834899168,2026,6,Monsoon
2026-06-08,Karnataka,Mysuru,Mysuru APMC,Maize,Local,3050,3050,3050,2348.4445136299787,701.5554863700213,1,Medium,0.3024372834899168,2026,6,Monsoon
2026-06-09,Karnataka,Mysuru,Mysuru APMC,Maize,Local,2300,2400,2300,2173.8100717389857,126.1899282610143,0,Medium,0.3024372834899168,2026,6,Monsoon
2026-06-11,Karnataka,Mysuru,Mysuru APMC,Maize,Local,2100,2100,2100,2273.7700864758094,-173.77008647580942,0,Medium,0.3024372834899168,2026,6,Monsoon
2026-06-12,Karnataka,Mysuru,Mysuru APMC,Maize,Local,2300,2300,2300,2308.12307920356,-8.123079203559882,0,Medium,0.3024372834899168,2026,6,Monsoon
2026-06-17,Karnataka,Mysuru,Mysuru APMC,Maize,Local,1910,1910,1910,2281.523710529584,-371.52371052958415,0,Medium,0.3024372834899168,2026,6,Monsoon
2026-06-24,Karnataka,Mysuru,Mysuru APMC,Maize,Local,1950,1950,1950,2293.8211266364046,-343.82112663640464,0,Medium,0.3024372834899168,2026,6,Monsoon
2026-06-26,Karnataka,Mysuru,Mysuru APMC,Maize,Local,2500,2500,2500,2392.2153547318107,107.78464526818925,0,Medium,0.3024372834899168,2026,6,Monsoon
2026-07-03,Karnataka,Mysuru,Mysuru APMC,Maize,Local,2300,2300,2300,2185.7165562808327,114.28344371916728,0,Medium,0.3024372834899168,2026,7,Monsoon
2026-07-04,Karnataka,Mysuru,Mysuru APMC,Maize,Local,2600,2600,2600,2268.8425950848427,331.15740491515726,0,Medium,0.3024372834899168,2026,7,Monsoon
2026-07-06,Karnataka,Mysuru,Mysuru APMC,Maize,Local,2300,2300,2300,2224.616418110419,75.38358188958091,0,Medium,0.3024372834899168,2026,7,Monsoon
2026-07-16,Karnataka,Mysuru,Mysuru APMC,Maize,Local,2454,2454,2454,2311.987902635608,142.01209736439205,0,Medium,0.3024372834899168,2026,7,Monsoon
2026-07-21,Karnataka,Mysuru,Mysuru APMC,Maize,Local,2000,2000,2000,2291.307776664297,-291.30777666429685,0,Medium,0.3024372834899168,2026,7,Monsoon
2026-07-23,Karnataka,Mysuru,Mysuru APMC,Maize,Local,2600,2600,2600,2473.019073600926,126.98092639907418,0,Medium,0.3024372834899168,2026,7,Monsoon
2026-08-03,Karnataka,Mysuru,Mysuru APMC,Maize,Local,2600,2800,2600,2376.3128548076497,223.68714519235027,0,Medium,0.3024372834899168,2026,8,Monsoon
2026-08-06,Karnataka,Mysuru,Mysuru APMC,Maize,Local,2200,2200,2200,2381.6655030110637,-181.66550301106372,0,Medium,0.3024372834899168,2026,8,Monsoon
2026-05-13,Karnataka,Belagavi,Nippani APMC,Maize,Local,1850,1900,1900,1908.688835788475,-8.68883578847499,0,Medium,0.3024372834899168,2026,5,Summer
2026-05-15,Karnataka,Belagavi,Nippani APMC,Maize,Local,1900,1950,1950,1944.7592788226475,5.240721177352498,0,Medium,0.3024372834899168,2026,5,Summer
2026-05-16,Karnataka,Belagavi,Nippani APMC,Maize,Local,1850,1900,1900,1945.1753349027242,-45.17533490272422,0,Medium,0.3024372834899168,2026,5,Summer
2026-06-16,Karnataka,Belagavi,Nippani APMC,Maize,Local,2000,2000,2000,1955.3020492632759,44.697950736724124,0,Medium,0.3024372834899168,2026,6,Monsoon
2026-07-16,Karnataka,Belagavi,Nippani APMC,Maize,Local,2000,2010,2010,1963.299804914675,46.70019508532505,0,Medium,0.3024372834899168,2026,7,Monsoon
2026-07-27,Karnataka,Belagavi,Nippani APMC,Maize,Local,2080,2080,2080,1963.9056361567937,116.09436384320634,0,Medium,0.3024372834899168,2026,7,Monsoon
2026-07-31,Karnataka,Belagavi,Nippani APMC,Maize,Local,2310,2320,2320,2059.6281730533638,260.37182694663625,0,Medium,0.3024372834899168,2026,7,Monsoon
2024-10-09,Telangana,Nizamabad,Nizamabad,Maize,Hybrid,1820,2403,2258,2238.671597280922,19.328402719077985,0,Medium,0.3024372834899168,2024,10,PostMonsoon
2024-11-07,Telangana,Nizamabad,Nizamabad,Maize,Hybrid,2150,2380,2350,2270.2228396118535,79.77716038814651,0,Medium,0.3024372834899168,2024,11,PostMonsoon
2024-11-28,Telangana,Nizamabad,Nizamabad,Maize,Hybrid,1359,2178,2178,2225.1102983278333,-47.110298327833334,0,Medium,0.3024372834899168,2024,11,PostMonsoon
2026-04-02,Karnataka,Mysuru,Periyapatna APMC,Maize,Hybrid/Local,1700,1800,1750,1796.971667225208,-46.971667225207966,0,Medium,0.3024372834899168,2026,4,Summer
2026-04-03,Karnataka,Mysuru,Periyapatna APMC,Maize,Hybrid/Local,1750,1750,1750,1802.8269803755052,-52.82698037550517,0,Medium,0.3024372834899168,2026,4,Summer
2026-04-04,Karnataka,Mysuru,Periyapatna APMC,Maize,Hybrid/Local,1700,1800,1750,1807.6595118230762,-57.65951182307617,0,Medium,0.3024372834899168,2026,4,Summer
2026-04-05,Karnataka,Mysuru,Periyapatna APMC,Maize,Hybrid/Local,1800,1800,1800,1824.8207854732568,-24.82078547325682,0,Medium,0.3024372834899168,2026,4,Summer
2026-04-06,Karnataka,Mysuru,Periyapatna APMC,Maize,Hybrid/Local,1800,1800,1800,1781.4512911797688,18.54870882023124,0,Medium,0.3024372834899168,2026,4,Summer
2026-04-10,Karnataka,Mysuru,Periyapatna APMC,Maize,Hybrid/Local,1800,1800,1800,1815.006888742294,-15.006888742293995,0,Medium,0.3024372834899168,2026,4,Summer
2026-04-12,Karnataka,Mysuru,Periyapatna APMC,Maize,Hybrid/Local,1700,1700,1700,1817.2205140424508,-117.22051404245076,0,Medium,0.3024372834899168,2026,4,Summer
2026-04-13,Karnataka,Mysuru,Periyapatna APMC,Maize,Hybrid/Local,1800,1800,1800,1795.7034692565635,4.296530743436506,0,Medium,0.3024372834899168,2026,4,Summer
2026-04-14,Karnataka,Mysuru,Periyapatna APMC,Maize,Hybrid/Local,1800,1800,1800,1797.460979019816,2.5390209801839774,0,Medium,0.3024372834899168,2026,4,Summer
2026-04-15,Karnataka,Mysuru,Periyapatna APMC,Maize,Hybrid/Local,1700,1700,1700,1796.5355814167165,-96.53558141671647,0,Medium,0.3024372834899168,2026,4,Summer
2026-04-29,Karnataka,Mysuru,Periyapatna APMC,Maize,Hybrid/Local,1825,1825,1825,1814.174776582141,10.825223417858979,0,Medium,0.3024372834899168,2026,4,Summer
2026-04-30,Karnataka,Mysuru,Periyapatna APMC,Maize,Hybrid/Local,1750,1800,1770,1799.5324470602895,-29.53244706028954,0,Medium,0.3024372834899168,2026,4,Summer
2026-05-01,Karnataka,Mysuru,Periyapatna APMC,Maize,Hybrid/Local,1750,1850,1800,1804.2970938969443,-4.297093896944261,0,Medium,0.3024372834899168,2026,5,Summer
2026-05-15,Karnataka,Mysuru,Periyapatna APMC,Maize,Hybrid/Local,1850,1850,1850,1824.6111845373534,25.388815462646562,0,Medium,0.3024372834899168,2026,5,Summer
2026-05-26,Karnataka,Mysuru,Periyapatna APMC,Maize,Hybrid/Local,2000,2000,2000,1828.7288310298254,171.27116897017459,0,Medium,0.3024372834899168,2026,5,Summer
2026-05-30,Karnataka,Mysuru,Periyapatna APMC,Maize,Hybrid/Local,2200,2200,2200,1902.2111707813465,297.7888292186535,0,Medium,0.3024372834899168,2026,5,Summer
2026-06-26,Karnataka,Mysuru,Periyapatna APMC,Maize,Hybrid/Local,2300,2300,2300,1974.79661603999,325.2033839600099,0,Medium,0.3024372834899168,2026,6,Monsoon
2026-06-30,Karnataka,Mysuru,Periyapatna APMC,Maize,Hybrid/Local,2350,2350,2350,2024.9643417855427,325.03565821445727,0,Medium,0.3024372834899168,2026,6,Monsoon
2026-07-07,Karnataka,Mysuru,Periyapatna APMC,Maize,Hybrid/Local,2380,2380,2380,2107.4438921756255,272.5561078243745,0,Medium,0.3024372834899168,2026,7,Monsoon
2026-07-08,Karnataka,Mysuru,Periyapatna APMC,Maize,Hybrid/Local,2380,2380,2380,2204.8694589349525,175.1305410650475,0,Medium,0.3024372834899168,2026,7,Monsoon
2026-07-14,Karnataka,Mysuru,Periyapatna APMC,Maize,Hybrid/Local,2300,2300,2300,2270.825584639732,29.174415360268085,0,Medium,0.3024372834899168,2026,7,Monsoon
2026-04-04,Karnataka,Belagavi,Ramdurga APMC,Maize,Local,1610,1769,1652,1717.9584495723732,-65.95844957237318,0,Medium,0.3024372834899168,2026,4,Summer
2026-04-08,Karnataka,Belagavi,Ramdurga APMC,Maize,Local,1629,1629,1629,1687.137836429878,-58.13783642987801,0,Medium,0.3024372834899168,2026,4,Summer
2026-04-10,Karnataka,Belagavi,Ramdurga APMC,Maize,Local,1759,1759,1759,1736.437141712028,22.56285828797195,0,Medium,0.3024372834899168,2026,4,Summer
2026-04-11,Karnataka,Belagavi,Ramdurga APMC,Maize,Local,1769,1779,1779,1749.6076612067716,29.39233879322842,0,Medium,0.3024372834899168,2026,4,Summer
2026-04-15,Karnataka,Belagavi,Ramdurga APMC,Maize,Local,1801,1819,1818,1748.4224767956389,69.57752320436111,0,Medium,0.3024372834899168,2026,4,Summer
2026-04-18,Karnataka,Belagavi,Ramdurga APMC,Maize,Local,1809,1859,1829,1783.0556333227414,45.944366677258586,0,Medium,0.3024372834899168,2026,4,Summer
2026-04-19,Karnataka,Belagavi,Ramdurga APMC,Maize,Local,1700,1700,1700,1795.1063475097692,-95.1063475097692,0,Medium,0.3024372834899168,2026,4,Summer
2026-04-22,Karnataka,Belagavi,Ramdurga APMC,Maize,Local,1853,1869,1865,1818.4328958956687,46.56710410433129,0,Medium,0.3024372834899168,2026,4,Summer
2026-04-25,Karnataka,Belagavi,Ramdurga APMC,Maize,Local,1869,1869,1869,1856.6632847980459,12.33671520195412,0,Medium,0.3024372834899168,2026,4,Summer
2026-04-29,Karnataka,Belagavi,Ramdurga APMC,Maize,Local,1839,1839,1839,1847.5161092031858,-8.516109203185806,0,Medium,0.3024372834899168,2026,4,Summer
2026-05-02,Karnataka,Belagavi,Ramdurga APMC,Maize,Local,1881,1881,1881,1879.876784860224,1.1232151397759935,0,Medium,0.3024372834899168,2026,5,Summer
2026-05-09,Karnataka,Belagavi,Ramdurga APMC,Maize,Local,1949,1949,1949,1895.4729429567158,53.52705704328423,0,Medium,0.3024372834899168,2026,5,Summer
2026-05-11,Karnataka,Belagavi,Ramdurga APMC,Maize,Local,1919,1919,1919,1864.8567929633707,54.14320703662929,0,Medium,0.3024372834899168,2026,5,Summer
2026-05-13,Karnataka,Belagavi,Ramdurga APMC,Maize,Local,1949,1949,1949,1923.8177404236094,25.182259576390607,0,Medium,0.3024372834899168,2026,5,Summer
2026-05-15,Karnataka,Belagavi,Ramdurga APMC,Maize,Local,1405,1405,1405,1859.3668575281783,-454.36685752817834,1,Medium,0.3024372834899168,2026,5,Summer
2026-05-16,Karnataka,Belagavi,Ramdurga APMC,Maize,Local,1949,1949,1949,1953.4232207034643,-4.423220703464267,0,Medium,0.3024372834899168,2026,5,Summer
2026-05-22,Karnataka,Belagavi,Ramdurga APMC,Maize,Local,1650,1900,1800,1866.0325071586005,-66.03250715860054,0,Medium,0.3024372834899168,2026,5,Summer
2026-05-23,Karnataka,Belagavi,Ramdurga APMC,Maize,Local,2041,2061,2051,1921.1004242534398,129.89957574656023,0,Medium,0.3024372834899168,2026,5,Summer
2026-05-27,Karnataka,Belagavi,Ramdurga APMC,Maize,Local,2059,2105,2074,1885.7395121621169,188.26048783788315,0,Medium,0.3024372834899168,2026,5,Summer
2026-05-28,Karnataka,Belagavi,Ramdurga APMC,Maize,Local,1800,2000,1900,1886.7317978153128,13.268202184687198,0,Medium,0.3024372834899168,2026,5,Summer
2026-05-31,Karnataka,Belagavi,Ramdurga APMC,Maize,Local,1800,2000,1990,1938.6278855813487,51.372114418651336,0,Medium,0.3024372834899168,2026,5,Summer
2026-06-03,Karnataka,Belagavi,Ramdurga APMC,Maize,Local,2000,2180,2170,2031.3604280780787,138.6395719219213,0,Medium,0.3024372834899168,2026,6,Monsoon
2026-06-07,Karnataka,Belagavi,Ramdurga APMC,Maize,Local,2180,2200,2190,2074.92062101146,115.07937898854016,0,Medium,0.3024372834899168,2026,6,Monsoon
2026-06-08,Karnataka,Belagavi,Ramdurga APMC,Maize,Local,2180,2200,2190,2092.389965521118,97.61003447888197,0,Medium,0.3024372834899168,2026,6,Monsoon
2026-06-10,Karnataka,Belagavi,Ramdurga APMC,Maize,Local,2110,2200,2170,2126.1434939505903,43.856506049409745,0,Medium,0.3024372834899168,2026,6,Monsoon
2026-06-11,Karnataka,Belagavi,Ramdurga APMC,Maize,Local,1850,2400,2000,2124.0312075932043,-124.03120759320427,0,Medium,0.3024372834899168,2026,6,Monsoon
2026-06-14,Karnataka,Belagavi,Ramdurga APMC,Maize,Local,2150,2190,2170,2212.61439621109,-42.614396211090025,0,Medium,0.3024372834899168,2026,6,Monsoon
2026-06-17,Karnataka,Belagavi,Ramdurga APMC,Maize,Local,2180,2200,2190,2193.238869703068,-3.2388697030678486,0,Medium,0.3024372834899168,2026,6,Monsoon
2026-06-18,Karnataka,Belagavi,Ramdurga APMC,Maize,Local,2450,2450,2450,2243.248867852041,206.7511321479592,0,Medium,0.3024372834899168,2026,6,Monsoon
2026-06-19,Karnataka,Belagavi,Ramdurga APMC,Maize,Local,2170,2180,2175,2212.719244844259,-37.71924484425881,0,Medium,0.3024372834899168,2026,6,Monsoon
2026-06-20,Karnataka,Belagavi,Ramdurga APMC,Maize,Local,2229,2229,2229,2263.5938145562245,-34.593814556224515,0,Medium,0.3024372834899168,2026,6,Monsoon
2026-06-21,Karnataka,Belagavi,Ramdurga APMC,Maize,Local,2150,2150,2150,2260.2153432448536,-110.21534324485356,0,Medium,0.3024372834899168,2026,6,Monsoon
2026-06-24,Karnataka,Belagavi,Ramdurga APMC,Maize,Local,2159,2225,2175,2270.5765851315596,-95.57658513155957,0,Medium,0.3024372834899168,2026,6,Monsoon
2026-06-25,Karnataka,Belagavi,Ramdurga APMC,Maize,Local,2250,2250,2250,2287.3924804967396,-37.39248049673961,0,Medium,0.3024372834899168,2026,6,Monsoon
2026-06-27,Karnataka,Belagavi,Ramdurga APMC,Maize,Local,2311,2311,2311,2311.290081572418,-0.2900815724178756,0,Medium,0.3024372834899168,2026,6,Monsoon
2026-07-02,Karnataka,Belagavi,Ramdurga APMC,Maize,Local,2100,2100,2100,2221.795772486749,-121.79577248674877,0,Medium,0.3024372834899168,2026,7,Monsoon
2026-07-03,Karnataka,Belagavi,Ramdurga APMC,Maize,Local,2210,2210,2210,2263.332179135893,-53.33217913589306,0,Medium,0.3024372834899168,2026,7,Monsoon
2026-07-04,Karnataka,Belagavi,Ramdurga APMC,Maize,Local,2100,2200,2150,2242.759801620446,-92.75980162044607,0,Medium,0.3024372834899168,2026,7,Monsoon
2026-07-06,Karnataka,Belagavi,Ramdurga APMC,Maize,Local,2100,2450,2250,2231.145131393252,18.854868606747914,0,Medium,0.3024372834899168,2026,7,Monsoon
2026-07-11,Karnataka,Belagavi,Ramdurga APMC,Maize,Local,2150,2400,2300,2273.909676314014,26.090323685985823,0,Medium,0.3024372834899168,2026,7,Monsoon
2026-07-12,Karnataka,Belagavi,Ramdurga APMC,Maize,Local,2200,2200,2200,2266.1968913813794,-66.19689138137937,0,Medium,0.3024372834899168,2026,7,Monsoon
2026-07-13,Karnataka,Belagavi,Ramdurga APMC,Maize,Local,2050,2200,2100,2202.2472965091465,-102.24729650914651,0,Medium,0.3024372834899168,2026,7,Monsoon
2026-07-15,Karnataka,Belagavi,Ramdurga APMC,Maize,Local,2150,2150,2150,2238.357799000148,-88.35779900014813,0,Medium,0.3024372834899168,2026,7,Monsoon
2026-07-20,Karnataka,Belagavi,Ramdurga APMC,Maize,Local,2350,2350,2350,2239.924279686979,110.07572031302107,0,Medium,0.3024372834899168,2026,7,Monsoon
2026-07-24,Karnataka,Belagavi,Ramdurga APMC,Maize,Local,1950,1950,1950,2209.0731399564447,-259.0731399564447,0,Medium,0.3024372834899168,2026,7,Monsoon
2026-07-25,Karnataka,Belagavi,Ramdurga APMC,Maize,Local,2150,2150,2150,2254.317999976914,-104.31799997691405,0,Medium,0.3024372834899168,2026,7,Monsoon
2026-07-31,Karnataka,Belagavi,Ramdurga APMC,Maize,Local,1950,2000,1980,2167.940424767819,-187.94042476781897,0,Medium,0.3024372834899168,2026,7,Monsoon
2026-08-01,Karnataka,Belagavi,Ramdurga APMC,Maize,Local,2000,2000,2000,2155.8006984115636,-155.80069841156364,0,Medium,0.3024372834899168,2026,8,Monsoon
2026-08-02,Karnataka,Belagavi,Ramdurga APMC,Maize,Local,2000,2000,2000,2144.0315048639404,-144.03150486394043,0,Medium,0.3024372834899168,2026,8,Monsoon
2026-08-05,Karnataka,Belagavi,Ramdurga APMC,Maize,Local,2339,2339,2339,2145.94475025354,193.05524974646005,0,Medium,0.3024372834899168,2026,8,Monsoon
2026-08-07,Karnataka,Belagavi,Ramdurga APMC,Maize,Local,2000,2000,2000,2057.4312638895462,-57.431263889546244,0,Medium,0.3024372834899168,2026,8,Monsoon
2026-08-09,Karnataka,Belagavi,Ramdurga APMC,Maize,Local,2300,2300,2300,2174.7585238919846,125.24147610801538,0,Medium,0.3024372834899168,2026,8,Monsoon
2026-04-04,Karnataka,Belagavi,Sankeshwar APMC,Maize,Hybrid/Local,1850,1880,1880,1929.8360890919976,-49.836089091997565,0,Medium,0.3024372834899168,2026,4,Summer
2026-04-06,Karnataka,Belagavi,Sankeshwar APMC,Maize,Hybrid/Local,1766,1900,1850,1884.0562509373242,-34.056250937324194,0,Medium,0.3024372834899168,2026,4,Summer
2026-04-07,Karnataka,Belagavi,Sankeshwar APMC,Maize,Hybrid/Local,1850,1900,1900,1906.7125041624504,-6.7125041624503865,0,Medium,0.3024372834899168,2026,4,Summer
2026-04-08,Karnataka,Belagavi,Sankeshwar APMC,Maize,Hybrid/Local,1773,1930,1869,1906.9009526941709,-37.90095269417088,0,Medium,0.3024372834899168,2026,4,Summer
2026-04-09,Karnataka,Belagavi,Sankeshwar APMC,Maize,Hybrid/Local,1784,1930,1878,1919.8678944951919,-41.86789449519188,0,Medium,0.3024372834899168,2026,4,Summer
2026-04-10,Karnataka,Belagavi,Sankeshwar APMC,Maize,Hybrid/Local,1856,1950,1950,1938.6660808488605,11.333919151139526,0,Medium,0.3024372834899168,2026,4,Summer
2026-04-13,Karnataka,Belagavi,Sankeshwar APMC,Maize,Hybrid/Local,1805,2000,1950,1916.3361514813053,33.66384851869475,0,Medium,0.3024372834899168,2026,4,Summer
2026-04-15,Karnataka,Belagavi,Sankeshwar APMC,Maize,Hybrid/Local,2000,2000,2000,1950.2522567310318,49.74774326896818,0,Medium,0.3024372834899168,2026,4,Summer
2026-04-16,Karnataka,Belagavi,Sankeshwar APMC,Maize,Hybrid/Local,1798,2010,1800,1942.539471798398,-142.53947179839793,0,Medium,0.3024372834899168,2026,4,Summer
2026-04-17,Karnataka,Belagavi,Sankeshwar APMC,Maize,Hybrid/Local,1841,2000,2000,1993.150146551568,6.849853448431986,0,Medium,0.3024372834899168,2026,4,Summer
2026-04-18,Karnataka,Belagavi,Sankeshwar APMC,Maize,Hybrid/Local,1867,2000,2000,1994.5016040963403,5.498395903659684,0,Medium,0.3024372834899168,2026,4,Summer
2026-04-21,Karnataka,Belagavi,Sankeshwar APMC,Maize,Hybrid/Local,1805,2000,1915,1971.7031728073018,-56.703172807301826,0,Medium,0.3024372834899168,2026,4,Summer
2026-04-22,Karnataka,Belagavi,Sankeshwar APMC,Maize,Hybrid/Local,1891,2000,2000,1998.5740156898316,1.42598431016836,0,Medium,0.3024372834899168,2026,4,Summer
2026-04-23,Karnataka,Belagavi,Sankeshwar APMC,Maize,Hybrid/Local,1773,1823,1823,1973.5916444669504,-150.59164446695036,0,Medium,0.3024372834899168,2026,4,Summer
2026-04-24,Karnataka,Belagavi,Sankeshwar APMC,Maize,Hybrid/Local,1796,1970,1970,1999.9451344154884,-29.945134415488383,0,Medium,0.3024372834899168,2026,4,Summer
2026-04-27,Karnataka,Belagavi,Sankeshwar APMC,Maize,Hybrid/Local,1823,1970,1970,1978.814501471426,-8.814501471425956,0,Medium,0.3024372834899168,2026,4,Summer
2026-04-28,Karnataka,Belagavi,Sankeshwar APMC,Maize,Hybrid/Local,1893,1970,1970,1981.140640273411,-11.140640273411009,0,Medium,0.3024372834899168,2026,4,Summer
2026-04-29,Karnataka,Belagavi,Sankeshwar APMC,Maize,Hybrid/Local,1875,1950,1950,1980.2152426703124,-30.215242670312364,0,Medium,0.3024372834899168,2026,4,Summer
2026-04-30,Karnataka,Belagavi,Sankeshwar APMC,Maize,Hybrid/Local,1950,1970,1970,1999.0753661257188,-29.0753661257188,0,Medium,0.3024372834899168,2026,4,Summer
2026-05-01,Karnataka,Belagavi,Sankeshwar APMC,Maize,Hybrid/Local,1875,2000,2000,1993.6589319680716,6.341068031928444,0,Medium,0.3024372834899168,2026,5,Summer
2026-05-02,Karnataka,Belagavi,Sankeshwar APMC,Maize,Hybrid/Local,1822,2000,1950,2017.437199152245,-67.43719915224506,0,Medium,0.3024372834899168,2026,5,Summer
2026-05-04,Karnataka,Belagavi,Sankeshwar APMC,Maize,Hybrid/Local,1793,2030,1865,1971.1368033070332,-106.13680330703323,0,Medium,0.3024372834899168,2026,5,Summer
2026-05-05,Karnataka,Belagavi,Sankeshwar APMC,Maize,Hybrid/Local,1950,2031,1970,1989.8788051768531,-19.87880517685312,0,Medium,0.3024372834899168,2026,5,Summer
2026-05-06,Karnataka,Belagavi,Sankeshwar APMC,Maize,Hybrid/Local,1932,2050,1969,1982.6661583741875,-13.66615837418749,0,Medium,0.3024372834899168,2026,5,Summer
2026-05-07,Karnataka,Belagavi,Sankeshwar APMC,Maize,Hybrid/Local,1867,2000,1976,1994.232346856998,-18.232346856997992,0,Medium,0.3024372834899168,2026,5,Summer
2026-05-11,Karnataka,Belagavi,Sankeshwar APMC,Maize,Hybrid/Local,1904,2050,1954,1969.0705532779625,-15.070553277962517,0,Medium,0.3024372834899168,2026,5,Summer
2026-05-13,Karnataka,Belagavi,Sankeshwar APMC,Maize,Hybrid/Local,1903,2050,2050,1994.5927315348902,55.40726846510984,0,Medium,0.3024372834899168,2026,5,Summer
2026-05-14,Karnataka,Belagavi,Sankeshwar APMC,Maize,Hybrid/Local,1956,2050,2050,2005.0220732972148,44.977926702785226,0,Medium,0.3024372834899168,2026,5,Summer
2026-05-15,Karnataka,Belagavi,Sankeshwar APMC,Maize,Hybrid/Local,1900,1959,1959,2027.5077378107203,-68.5077378107203,0,Medium,0.3024372834899168,2026,5,Summer
2026-05-16,Karnataka,Belagavi,Sankeshwar APMC,Maize,Hybrid/Local,1881,2010,1950,2043.812689755001,-93.81268975500097,0,Medium,0.3024372834899168,2026,5,Summer
2026-05-18,Karnataka,Belagavi,Sankeshwar APMC,Maize,Hybrid/Local,1986,1993,1993,2012.9190461123628,-19.91904611236282,0,Medium,0.3024372834899168,2026,5,Summer
2026-05-19,Karnataka,Belagavi,Sankeshwar APMC,Maize,Hybrid/Local,1995,1995,1995,2017.3742960034035,-22.374296003403515,0,Medium,0.3024372834899168,2026,5,Summer
2026-05-25,Karnataka,Belagavi,Sankeshwar APMC,Maize,Hybrid/Local,2020,2080,2070,2028.7582682500984,41.241731749901646,0,Medium,0.3024372834899168,2026,5,Summer
2026-05-26,Karnataka,Belagavi,Sankeshwar APMC,Maize,Hybrid/Local,2120,2120,2120,2037.1610080832018,82.83899191679825,0,Medium,0.3024372834899168,2026,5,Summer
2026-05-27,Karnataka,Belagavi,Sankeshwar APMC,Maize,Hybrid/Local,1950,2160,2140,2052.2089779861562,87.79102201384376,0,Medium,0.3024372834899168,2026,5,Summer
2026-05-30,Karnataka,Belagavi,Sankeshwar APMC,Maize,Hybrid/Local,2150,2190,2190,2108.659598761896,81.34040123810382,0,Medium,0.3024372834899168,2026,5,Summer
2026-06-02,Karnataka,Belagavi,Sankeshwar APMC,Maize,Hybrid/Local,2157,2250,2250,2131.2238297040494,118.77617029595058,0,Medium,0.3024372834899168,2026,6,Monsoon
2026-06-03,Karnataka,Belagavi,Sankeshwar APMC,Maize,Hybrid/Local,2042,2250,2250,2172.0646511235486,77.93534887645137,0,Medium,0.3024372834899168,2026,6,Monsoon
2026-06-08,Karnataka,Belagavi,Sankeshwar APMC,Maize,Hybrid/Local,2162,2280,2280,2203.992158076774,76.0078419232259,0,Medium,0.3024372834899168,2026,6,Monsoon
2026-06-09,Karnataka,Belagavi,Sankeshwar APMC,Maize,Hybrid/Local,2220,2300,2280,2241.2643013420466,38.735698657953435,0,Medium,0.3024372834899168,2026,6,Monsoon
2026-06-10,Karnataka,Belagavi,Sankeshwar APMC,Maize,Hybrid/Local,2250,2300,2300,2277.7315723974143,22.26842760258569,0,Medium,0.3024372834899168,2026,6,Monsoon
2026-06-12,Karnataka,Belagavi,Sankeshwar APMC,Maize,Hybrid/Local,2250,2300,2290,2313.8100273229516,-23.810027322951555,0,Medium,0.3024372834899168,2026,6,Monsoon
2026-06-15,Karnataka,Belagavi,Sankeshwar APMC,Maize,Hybrid/Local,2250,2280,2280,2300.985644973293,-20.985644973292892,0,Medium,0.3024372834899168,2026,6,Monsoon
2026-06-16,Karnataka,Belagavi,Sankeshwar APMC,Maize,Hybrid/Local,2250,2250,2250,2309.546565848811,-59.54656584881104,0,Medium,0.3024372834899168,2026,6,Monsoon
2026-06-22,Karnataka,Belagavi,Sankeshwar APMC,Maize,Hybrid/Local,2300,2300,2300,2314.5443958496303,-14.544395849630291,0,Medium,0.3024372834899168,2026,6,Monsoon
2026-06-23,Karnataka,Belagavi,Sankeshwar APMC,Maize,Hybrid/Local,2207,2207,2207,2303.0923440511506,-96.09234405115058,0,Medium,0.3024372834899168,2026,6,Monsoon
2026-06-24,Karnataka,Belagavi,Sankeshwar APMC,Maize,Hybrid/Local,2346,2400,2380,2339.178009919116,40.82199008088401,0,Medium,0.3024372834899168,2026,6,Monsoon
2026-06-25,Karnataka,Belagavi,Sankeshwar APMC,Maize,Hybrid/Local,2380,2380,2380,2335.9032387888733,44.096761211126704,0,Medium,0.3024372834899168,2026,6,Monsoon
2026-06-26,Karnataka,Belagavi,Sankeshwar APMC,Maize,Hybrid/Local,2380,2400,2400,2360.990132426446,39.00986757355395,0,Medium,0.3024372834899168,2026,6,Monsoon
2026-07-03,Karnataka,Belagavi,Sankeshwar APMC,Maize,Hybrid/Local,2600,2600,2600,2400.394837340532,199.60516265946808,0,Medium,0.3024372834899168,2026,7,Monsoon
2026-07-04,Karnataka,Belagavi,Sankeshwar APMC,Maize,Hybrid/Local,2600,2600,2600,2437.3506185209744,162.64938147902558,0,Medium,0.3024372834899168,2026,7,Monsoon
2026-07-06,Karnataka,Belagavi,Sankeshwar APMC,Maize,Hybrid/Local,2600,2600,2600,2450.10644754918,149.89355245082015,0,Medium,0.3024372834899168,2026,7,Monsoon
2026-07-13,Karnataka,Belagavi,Sankeshwar APMC,Maize,Hybrid/Local,2000,2580,2500,2497.74145588366,2.25854411634009,0,Medium,0.3024372834899168,2026,7,Monsoon
2026-07-14,Karnataka,Belagavi,Sankeshwar APMC,Maize,Hybrid/Local,2000,2100,2100,2472.9981642811645,-372.99816428116446,0,Medium,0.3024372834899168,2026,7,Monsoon
2026-07-22,Karnataka,Belagavi,Sankeshwar APMC,Maize,Hybrid/Local,2100,2100,2100,2488.9791966558773,-388.97919665587733,0,Medium,0.3024372834899168,2026,7,Monsoon
2026-06-30,Karnataka,Mysuru,Santhesargur APMC,Maize,Local,1700,2300,1700,1882.1755251209156,-182.1755251209156,0,Medium,0.3024372834899168,2026,6,Monsoon
2026-04-03,Karnataka,Belagavi,Soundati APMC,Maize,Local,1750,1800,1750,1827.5028251802942,-77.50282518029417,0,Medium,0.3024372834899168,2026,4,Summer
2026-04-04,Karnataka,Belagavi,Soundati APMC,Maize,Local,1800,1800,1800,1850.9773037676018,-50.977303767601825,0,Medium,0.3024372834899168,2026,4,Summer
2026-04-05,Karnataka,Belagavi,Soundati APMC,Maize,Local,1850,1850,1850,1870.3606555440015,-20.360655544001474,0,Medium,0.3024372834899168,2026,4,Summer
2026-04-08,Karnataka,Belagavi,Soundati APMC,Maize,Local,1800,1850,1800,1834.7594945760225,-34.75949457602246,0,Medium,0.3024372834899168,2026,4,Summer
2026-04-09,Karnataka,Belagavi,Soundati APMC,Maize,Local,1800,1800,1800,1848.750325315168,-48.750325315168084,0,Medium,0.3024372834899168,2026,4,Summer
2026-04-11,Karnataka,Belagavi,Soundati APMC,Maize,Local,1700,1700,1700,1846.8995301089703,-146.89953010897034,0,Medium,0.3024372834899168,2026,4,Summer
2026-04-13,Karnataka,Belagavi,Soundati APMC,Maize,Local,1830,1830,1830,1829.3343923276102,0.6656076723897968,0,Medium,0.3024372834899168,2026,4,Summer
2026-04-14,Karnataka,Belagavi,Soundati APMC,Maize,Local,1700,1700,1700,1810.7617876677211,-110.76178766772114,0,Medium,0.3024372834899168,2026,4,Summer
2026-04-15,Karnataka,Belagavi,Soundati APMC,Maize,Local,1650,1650,1650,1811.2259150959921,-161.22591509599215,0,Medium,0.3024372834899168,2026,4,Summer
2026-04-16,Karnataka,Belagavi,Soundati APMC,Maize,Local,1800,1800,1800,1817.087904822428,-17.087904822428072,0,Medium,0.3024372834899168,2026,4,Summer
2026-04-22,Karnataka,Belagavi,Soundati APMC,Maize,Local,1800,1850,1850,1797.6511404369226,52.34885956307744,0,Medium,0.3024372834899168,2026,4,Summer
2026-04-23,Karnataka,Belagavi,Soundati APMC,Maize,Local,1900,1900,1900,1814.3248785424194,85.67512145758064,0,Medium,0.3024372834899168,2026,4,Summer
2026-04-24,Karnataka,Belagavi,Soundati APMC,Maize,Local,1650,2000,1850,1839.1274576606256,10.872542339374377,0,Medium,0.3024372834899168,2026,4,Summer
2026-04-29,Karnataka,Belagavi,Soundati APMC,Maize,Local,1820,1820,1820,1829.8821899683962,-9.882189968396233,0,Medium,0.3024372834899168,2026,4,Summer
2026-04-30,Karnataka,Belagavi,Soundati APMC,Maize,Local,1900,1900,1900,1873.6734298265685,26.32657017343149,0,Medium,0.3024372834899168,2026,4,Summer
2026-05-02,Karnataka,Belagavi,Soundati APMC,Maize,Local,1650,1900,1900,1907.9597793466405,-7.9597793466405165,0,Medium,0.3024372834899168,2026,5,Summer
2026-05-20,Karnataka,Belagavi,Soundati APMC,Maize,Local,1850,1900,1900,1902.6071311432274,-2.6071311432274342,0,Medium,0.3024372834899168,2026,5,Summer
2026-05-27,Karnataka,Belagavi,Soundati APMC,Maize,Local,1900,1900,1900,1910.7359721559383,-10.73597215593827,0,Medium,0.3024372834899168,2026,5,Summer
2026-06-15,Karnataka,Belagavi,Soundati APMC,Maize,Local,2150,2150,2150,1946.3656362341385,203.6343637658615,0,Medium,0.3024372834899168,2026,6,Monsoon
2026-06-19,Karnataka,Belagavi,Soundati APMC,Maize,Local,2400,2400,2400,2030.6597243647195,369.3402756352805,0,Medium,0.3024372834899168,2026,6,Monsoon
2026-06-27,Karnataka,Belagavi,Soundati APMC,Maize,Local,2100,2550,2300,2081.9631048486735,218.03689515132646,0,Medium,0.3024372834899168,2026,6,Monsoon
2026-06-29,Karnataka,Belagavi,Soundati APMC,Maize,Local,2300,2550,2400,2140.809072586788,259.1909274132122,0,Medium,0.3024372834899168,2026,6,Monsoon
2026-07-03,Karnataka,Belagavi,Soundati APMC,Maize,Local,2500,2500,2500,2243.68924108324,256.3107589167598,0,Medium,0.3024372834899168,2026,7,Monsoon
2026-07-05,Karnataka,Belagavi,Soundati APMC,Maize,Local,2300,2300,2300,2309.552081345072,-9.55208134507211,0,Medium,0.3024372834899168,2026,7,Monsoon
2026-07-06,Karnataka,Belagavi,Soundati APMC,Maize,Local,2500,2500,2500,2391.027062358065,108.972937641935,0,Medium,0.3024372834899168,2026,7,Monsoon
2026-07-07,Karnataka,Belagavi,Soundati APMC,Maize,Local,2400,2400,2400,2411.7251615130876,-11.725161513087642,0,Medium,0.3024372834899168,2026,7,Monsoon
2026-07-08,Karnataka,Belagavi,Soundati APMC,Maize,Local,2300,2300,2300,2416.245697556348,-116.2456975563482,0,Medium,0.3024372834899168,2026,7,Monsoon
2026-07-10,Karnataka,Belagavi,Soundati APMC,Maize,Local,2625,2625,2625,2497.064825617255,127.93517438274512,0,Medium,0.3024372834899168,2026,7,Monsoon
2026-07-11,Karnataka,Belagavi,Soundati APMC,Maize,Local,2300,2300,2300,2443.8925693594697,-143.8925693594697,0,Medium,0.3024372834899168,2026,7,Monsoon
2026-07-12,Karnataka,Belagavi,Soundati APMC,Maize,Local,2550,2550,2550,2503.342871423767,46.657128576232935,0,Medium,0.3024372834899168,2026,7,Monsoon
2026-07-13,Karnataka,Belagavi,Soundati APMC,Maize,Local,2400,2400,2400,2442.442956343847,-42.44295634384707,0,Medium,0.3024372834899168,2026,7,Monsoon
2026-07-22,Karnataka,Belagavi,Soundati APMC,Maize,Local,2730,2730,2730,2514.60467381014,215.39532618986004,0,Medium,0.3024372834899168,2026,7,Monsoon
2026-07-24,Karnataka,Belagavi,Soundati APMC,Maize,Local,2770,2770,2770,2544.368227748487,225.6317722515132,1,Medium,0.3024372834899168,2026,7,Monsoon
2026-07-28,Karnataka,Belagavi,Soundati APMC,Maize,Local,2500,2500,2500,2549.8433517068656,-49.84335170686563,0,Medium,0.3024372834899168,2026,7,Monsoon
2026-08-05,Karnataka,Belagavi,Soundati APMC,Maize,Local,2500,2500,2500,2563.4716615287452,-63.471661528745244,0,Medium,0.3024372834899168,2026,8,Monsoon
2026-08-06,Karnataka,Belagavi,Soundati APMC,Maize,Local,2550,2550,2550,2611.319310001907,-61.31931000190707,0,Medium,0.3024372834899168,2026,8,Monsoon
2026-04-04,Karnataka,Mysuru,T. Narasipura APMC,Maize,Yellow,1800,1800,1800,1851.9267480176886,-51.926748017688624,0,Medium,0.3024372834899168,2026,4,Summer
2026-04-05,Karnataka,Mysuru,T. Narasipura APMC,Maize,Yellow,1800,1800,1800,1859.1301914273,-59.130191427299906,0,Medium,0.3024372834899168,2026,4,Summer
2026-04-06,Karnataka,Mysuru,T. Narasipura APMC,Maize,Yellow,1800,1800,1800,1815.9095309696331,-15.909530969633124,0,Medium,0.3024372834899168,2026,4,Summer
2026-04-08,Karnataka,Mysuru,T. Narasipura APMC,Maize,Yellow,1800,1800,1800,1830.3164177888557,-30.316417788855688,0,Medium,0.3024372834899168,2026,4,Summer
2026-04-11,Karnataka,Mysuru,T. Narasipura APMC,Maize,Yellow,1800,1800,1800,1851.9267480176886,-51.926748017688624,0,Medium,0.3024372834899168,2026,4,Summer
2026-04-12,Karnataka,Mysuru,T. Narasipura APMC,Maize,Yellow,1800,1800,1800,1859.1301914273,-59.130191427299906,0,Medium,0.3024372834899168,2026,4,Summer
2026-04-13,Karnataka,Mysuru,T. Narasipura APMC,Maize,Yellow,1800,1800,1800,1815.9095309696331,-15.909530969633124,0,Medium,0.3024372834899168,2026,4,Summer
2026-04-15,Karnataka,Mysuru,T. Narasipura APMC,Maize,Yellow,1800,1800,1800,1830.3164177888557,-30.316417788855688,0,Medium,0.3024372834899168,2026,4,Summer
2026-04-22,Karnataka,Mysuru,T. Narasipura APMC,Maize,Yellow,1800,1800,1800,1830.3164177888557,-30.316417788855688,0,Medium,0.3024372834899168,2026,4,Summer
2026-04-24,Karnataka,Mysuru,T. Narasipura APMC,Maize,Yellow,1800,1800,1800,1844.7233046080778,-44.7233046080778,0,Medium,0.3024372834899168,2026,4,Summer
2026-05-07,Karnataka,Mysuru,T. Narasipura APMC,Maize,Yellow,2250,2250,2250,1900.7745076774127,349.22549232258734,0,Medium,0.3024372834899168,2026,5,Summer
2026-05-08,Karnataka,Mysuru,T. Narasipura APMC,Maize,Yellow,1800,1800,1800,1846.8914651212112,-46.89146512121124,0,Medium,0.3024372834899168,2026,5,Summer
2026-05-12,Karnataka,Mysuru,T. Narasipura APMC,Maize,Yellow,1800,1800,1800,1886.3676208581905,-86.36762085819055,0,Medium,0.3024372834899168,2026,5,Summer
2026-06-03,Karnataka,Mysuru,T. Narasipura APMC,Maize,Yellow,2300,2300,2300,1984.2518202287745,315.7481797712255,0,Medium,0.3024372834899168,2026,6,Monsoon
2026-06-06,Karnataka,Mysuru,T. Narasipura APMC,Maize,Yellow,2300,2300,2300,2019.2766872893612,280.72331271063877,0,Medium,0.3024372834899168,2026,6,Monsoon
2026-06-11,Karnataka,Mysuru,T. Narasipura APMC,Maize,Yellow,1800,1800,1800,2004.8698004701391,-204.86980047013913,0,Medium,0.3024372834899168,2026,6,Monsoon
2026-06-16,Karnataka,Mysuru,T. Narasipura APMC,Maize,Yellow,2300,2300,2300,2139.6251970733647,160.3748029266353,0,Medium,0.3024372834899168,2026,6,Monsoon
2026-06-18,Karnataka,Mysuru,T. Narasipura APMC,Maize,Yellow,2300,2300,2300,2094.2870516099497,205.71294839005031,0,Medium,0.3024372834899168,2026,6,Monsoon
2026-07-01,Karnataka,Mysuru,T. Narasipura APMC,Maize,Yellow,2650,2650,2650,2215.368982780965,434.63101721903513,0,Medium,0.3024372834899168,2026,7,Monsoon
2026-04-07,Karnataka,Bengaluru,"Binny Mill (F&V), Bengaluru APMC",Mango,Other,3000,3600,3300,3627.4467981840635,-327.4467981840635,0,Medium,0.434789693479969,2026,4,Summer
2026-04-13,Karnataka,Bengaluru,"Binny Mill (F&V), Bengaluru APMC",Mango,Keshar,1500,3500,2500,3279.0189763724993,-779.0189763724993,0,Medium,0.434789693479969,2026,4,Summer
2026-04-13,Karnataka,Bengaluru,"Binny Mill (F&V), Bengaluru APMC",Mango,Other,3000,3800,3400,3425.5517650377024,-25.551765037702353,0,Medium,0.434789693479969,2026,4,Summer
2026-04-15,Karnataka,Bengaluru,"Binny Mill (F&V), Bengaluru APMC",Mango,Badami,5000,6000,5500,3818.522286308238,1681.477713691762,1,Medium,0.434789693479969,2026,4,Summer
2026-04-15,Karnataka,Bengaluru,"Binny Mill (F&V), Bengaluru APMC",Mango,Keshar,2500,4500,3500,3487.930508796603,12.069491203396865,0,Medium,0.434789693479969,2026,4,Summer
2026-04-15,Karnataka,Bengaluru,"Binny Mill (F&V), Bengaluru APMC",Mango,Raspuri,3000,5000,4000,3808.199048054253,191.80095194574687,0,Medium,0.434789693479969,2026,4,Summer
2026-04-15,Karnataka,Bengaluru,"Binny Mill (F&V), Bengaluru APMC",Mango,Other,4500,5500,5000,3902.901995013106,1097.098004986894,0,Medium,0.434789693479969,2026,4,Summer
2026-04-15,Karnataka,Bengaluru,"Binny Mill (F&V), Bengaluru APMC",Mango,Totapuri,1500,3500,2500,3637.0927922190517,-1137.0927922190517,0,Medium,0.434789693479969,2026,4,Summer
2026-04-16,Karnataka,Bengaluru,"Binny Mill (F&V), Bengaluru APMC",Mango,Badami,5000,6000,5500,4471.3960628680015,1028.6039371319985,1,Medium,0.434789693479969,2026,4,Summer
2026-04-16,Karnataka,Bengaluru,"Binny Mill (F&V), Bengaluru APMC",Mango,Keshar,2500,4000,3000,3999.122094994237,-999.1220949942372,0,Medium,0.434789693479969,2026,4,Summer
2026-04-16,Karnataka,Bengaluru,"Binny Mill (F&V), Bengaluru APMC",Mango,Totapuri,1500,2500,2000,3769.4725905812707,-1769.4725905812707,0,Medium,0.434789693479969,2026,4,Summer
2026-04-16,Karnataka,Bengaluru,"Binny Mill (F&V), Bengaluru APMC",Mango,Raspuri,3000,5000,4000,3986.508747299066,13.491252700934183,0,Medium,0.434789693479969,2026,4,Summer
2026-04-17,Karnataka,Bengaluru,"Binny Mill (F&V), Bengaluru APMC",Mango,Keshar,2000,3500,3000,3559.639877273087,-559.6398772730872,0,Medium,0.434789693479969,2026,4,Summer
2026-04-17,Karnataka,Bengaluru,"Binny Mill (F&V), Bengaluru APMC",Mango,Raspuri,3000,5000,4000,3532.81080360958,467.18919639041997,0,Medium,0.434789693479969,2026,4,Summer
2026-04-17,Karnataka,Bengaluru,"Binny Mill (F&V), Bengaluru APMC",Mango,Badami,3000,5000,4000,3640.9282874001874,359.0717125998126,0,Medium,0.434789693479969,2026,4,Summer
2026-04-17,Karnataka,Bengaluru,"Binny Mill (F&V), Bengaluru APMC",Mango,Totapuri,1500,2500,2000,3071.9094165104834,-1071.9094165104834,0,Medium,0.434789693479969,2026,4,Summer
2026-04-18,Karnataka,Bengaluru,"Binny Mill (F&V), Bengaluru APMC",Mango,Badami,3000,5000,4000,3513.1851733556855,486.8148266443145,0,Medium,0.434789693479969,2026,4,Summer
2026-04-18,Karnataka,Bengaluru,"Binny Mill (F&V), Bengaluru APMC",Mango,Totapuri,1500,2500,2000,3241.689680174296,-1241.689680174296,0,Medium,0.434789693479969,2026,4,Summer
2026-04-18,Karnataka,Bengaluru,"Binny Mill (F&V), Bengaluru APMC",Mango,Keshar,2000,3000,2500,3269.319942974384,-769.319942974384,0,Medium,0.434789693479969,2026,4,Summer
2026-04-18,Karnataka,Bengaluru,"Binny Mill (F&V), Bengaluru APMC",Mango,Raspuri,2500,4500,3500,3282.7344798061367,217.26552019386327,0,Medium,0.434789693479969,2026,4,Summer
2026-04-21,Karnataka,Bengaluru,"Binny Mill (F&V), Bengaluru APMC",Mango,Keshar,3000,4000,3500,3036.884549449898,463.1154505501022,0,Medium,0.434789693479969,2026,4,Summer
2026-04-21,Karnataka,Bengaluru,"Binny Mill (F&V), Bengaluru APMC",Mango,Raspuri,3000,4000,3500,2955.5961393227967,544.4038606772033,0,Medium,0.434789693479969,2026,4,Summer
2026-04-21,Karnataka,Bengaluru,"Binny Mill (F&V), Bengaluru APMC",Mango,Badami,4000,6000,5000,3443.3266000853996,1556.6733999146004,0,Medium,0.434789693479969,2026,4,Summer
2026-04-21,Karnataka,Bengaluru,"Binny Mill (F&V), Bengaluru APMC",Mango,Totapuri,2000,3000,2500,2995.839749818056,-495.83974981805613,0,Medium,0.434789693479969,2026,4,Summer
2026-04-22,Karnataka,Bengaluru,"Binny Mill (F&V), Bengaluru APMC",Mango,Raspuri,3000,4000,3500,3586.2777900857054,-86.27779008570542,0,Medium,0.434789693479969,2026,4,Summer
2026-04-22,Karnataka,Bengaluru,"Binny Mill (F&V), Bengaluru APMC",Mango,Totapuri,2000,3000,2500,3450.530043495011,-950.5300434950109,0,Medium,0.434789693479969,2026,4,Summer
2026-04-22,Karnataka,Bengaluru,"Binny Mill (F&V), Bengaluru APMC",Mango,Badami,3000,5000,4000,3667.5662002128056,332.4337997871944,0,Medium,0.434789693479969,2026,4,Summer
2026-04-23,Karnataka,Bengaluru,"Binny Mill (F&V), Bengaluru APMC",Mango,Totapuri,2000,3000,2500,3308.571203482174,-808.571203482174,0,Medium,0.434789693479969,2026,4,Summer
2026-04-23,Karnataka,Bengaluru,"Binny Mill (F&V), Bengaluru APMC",Mango,Raspuri,3000,5000,4000,3593.4812334953162,406.51876650468375,0,Medium,0.434789693479969,2026,4,Summer
2026-04-23,Karnataka,Bengaluru,"Binny Mill (F&V), Bengaluru APMC",Mango,Badami,4000,6000,5000,3389.859613609274,1610.1403863907258,0,Medium,0.434789693479969,2026,4,Summer
2026-04-24,Karnataka,Bengaluru,"Binny Mill (F&V), Bengaluru APMC",Mango,Keshar,2500,4000,3000,3342.6037205552916,-342.6037205552916,0,Medium,0.434789693479969,2026,4,Summer
2026-04-24,Karnataka,Bengaluru,"Binny Mill (F&V), Bengaluru APMC",Mango,Totapuri,2000,3000,2500,3451.52239348248,-951.5223934824799,0,Medium,0.434789693479969,2026,4,Summer
2026-04-24,Karnataka,Bengaluru,"Binny Mill (F&V), Bengaluru APMC",Mango,Raspuri,3000,5000,4000,3763.2614971591292,236.73850284087075,0,Medium,0.434789693479969,2026,4,Summer
2026-04-24,Karnataka,Bengaluru,"Binny Mill (F&V), Bengaluru APMC",Mango,Badami,4000,6000,5000,3722.2166975272876,1277.7833024727124,0,Medium,0.434789693479969,2026,4,Summer
2026-04-27,Karnataka,Bengaluru,"Binny Mill (F&V), Bengaluru APMC",Mango,Keshar,2000,3000,2500,3557.655177298148,-1057.655177298148,0,Medium,0.434789693479969,2026,4,Summer
2026-04-27,Karnataka,Bengaluru,"Binny Mill (F&V), Bengaluru APMC",Mango,Badami,3000,4000,3500,3815.736133647785,-315.7361336477852,0,Medium,0.434789693479969,2026,4,Summer
2026-04-27,Karnataka,Bengaluru,"Binny Mill (F&V), Bengaluru APMC",Mango,Raspuri,3000,4000,3500,3436.1231566757883,63.87684332421168,0,Medium,0.434789693479969,2026,4,Summer
2026-04-28,Karnataka,Bengaluru,"Binny Mill (F&V), Bengaluru APMC",Mango,Keshar,2000,3000,2500,3362.0381899582994,-862.0381899582994,0,Medium,0.434789693479969,2026,4,Summer
2026-04-28,Karnataka,Bengaluru,"Binny Mill (F&V), Bengaluru APMC",Mango,Raspuri,3000,4000,3500,3660.3627568031948,-160.36275680319477,0,Medium,0.434789693479969,2026,4,Summer
2026-04-28,Karnataka,Bengaluru,"Binny Mill (F&V), Bengaluru APMC",Mango,Totapuri,1500,2500,2000,3199.461369704098,-1199.4613697040982,0,Medium,0.434789693479969,2026,4,Summer
2026-04-28,Karnataka,Bengaluru,"Binny Mill (F&V), Bengaluru APMC",Mango,Badami,3000,4000,3500,3159.2177592088387,340.78224079116126,0,Medium,0.434789693479969,2026,4,Summer
2026-04-29,Karnataka,Bengaluru,"Binny Mill (F&V), Bengaluru APMC",Mango,Totapuri,2000,3000,2500,2962.799582732408,-462.799582732408,0,Medium,0.434789693479969,2026,4,Summer
2026-04-29,Karnataka,Bengaluru,"Binny Mill (F&V), Bengaluru APMC",Mango,Badami,3000,4000,3500,3098.5473293231025,401.45267067689747,0,Medium,0.434789693479969,2026,4,Summer
2026-04-29,Karnataka,Bengaluru,"Binny Mill (F&V), Bengaluru APMC",Mango,Keshar,2000,3000,2500,2800.2227624782076,-300.22276247820764,0,Medium,0.434789693479969,2026,4,Summer
2026-04-30,Karnataka,Bengaluru,"Binny Mill (F&V), Bengaluru APMC",Mango,Other,2000,2800,2400,2926.9162704530927,-526.9162704530927,0,Medium,0.434789693479969,2026,4,Summer
2026-04-30,Karnataka,Bengaluru,"Binny Mill (F&V), Bengaluru APMC",Mango,Badami,3000,5000,4000,3021.779455239263,978.2205447607371,0,Medium,0.434789693479969,2026,4,Summer
2026-04-30,Karnataka,Bengaluru,"Binny Mill (F&V), Bengaluru APMC",Mango,Keshar,2000,3000,2500,2885.871470821252,-385.87147082125193,0,Medium,0.434789693479969,2026,4,Summer
2026-04-30,Karnataka,Bengaluru,"Binny Mill (F&V), Bengaluru APMC",Mango,Raspuri,2000,4000,3000,3008.2046805801933,-8.204680580193326,0,Medium,0.434789693479969,2026,4,Summer
2026-04-30,Karnataka,Bengaluru,"Binny Mill (F&V), Bengaluru APMC",Mango,Totapuri,800,1500,1200,2728.9809409543846,-1528.9809409543846,0,Medium,0.434789693479969,2026,4,Summer
2026-05-02,Karnataka,Bengaluru,"Binny Mill (F&V), Bengaluru APMC",Mango,Totapuri,800,1200,1000,2571.386798365911,-1571.386798365911,0,Medium,0.434789693479969,2026,5,Summer
2026-05-02,Karnataka,Bengaluru,"Binny Mill (F&V), Bengaluru APMC",Mango,Badami,3000,4000,3500,2761.11316793825,738.8868320617498,0,Medium,0.434789693479969,2026,5,Summer
2026-05-02,Karnataka,Bengaluru,"Binny Mill (F&V), Bengaluru APMC",Mango,Raspuri,2500,3500,3000,2519.289893614034,480.7101063859659,0,Medium,0.434789693479969,2026,5,Summer
2026-05-02,Karnataka,Bengaluru,"Binny Mill (F&V), Bengaluru APMC",Mango,Keshar,2000,3000,2500,2343.29853652808,156.70146347191985,0,Medium,0.434789693479969,2026,5,Summer
2026-05-04,Karnataka,Bengaluru,"Binny Mill (F&V), Bengaluru APMC",Mango,Totapuri,800,1200,1000,2131.289962394071,-1131.2899623940712,0,Medium,0.434789693479969,2026,5,Summer
2026-05-04,Karnataka,Bengaluru,"Binny Mill (F&V), Bengaluru APMC",Mango,Badami,3000,4000,3500,2416.199992407213,1083.800007592787,0,Medium,0.434789693479969,2026,5,Summer
2026-05-04,Karnataka,Bengaluru,"Binny Mill (F&V), Bengaluru APMC",Mango,Raspuri,2000,3000,2500,2288.1804922609376,211.81950773906237,0,Medium,0.434789693479969,2026,5,Summer
2026-05-04,Karnataka,Bengaluru,"Binny Mill (F&V), Bengaluru APMC",Mango,Keshar,2000,3000,2500,2667.7934692329336,-167.7934692329336,0,Medium,0.434789693479969,2026,5,Summer
2026-05-05,Karnataka,Bengaluru,"Binny Mill (F&V), Bengaluru APMC",Mango,Badami,3000,6000,4000,2756.285322769645,1243.714677230355,0,Medium,0.434789693479969,2026,5,Summer
2026-05-05,Karnataka,Bengaluru,"Binny Mill (F&V), Bengaluru APMC",Mango,Keshar,2000,3000,2500,2471.3752927565024,28.624707243497596,0,Medium,0.434789693479969,2026,5,Summer
2026-05-05,Karnataka,Bengaluru,"Binny Mill (F&V), Bengaluru APMC",Mango,Totapuri,1000,1500,1200,2463.6470463120836,-1263.6470463120836,0,Medium,0.434789693479969,2026,5,Summer
2026-05-05,Karnataka,Bengaluru,"Binny Mill (F&V), Bengaluru APMC",Mango,Raspuri,2000,3500,3000,2965.272757388388,34.72724261161193,0,Medium,0.434789693479969,2026,5,Summer
2026-05-05,Karnataka,Bengaluru,"Binny Mill (F&V), Bengaluru APMC",Mango,Other,2500,3500,3000,2639.638403398038,360.361596601962,0,Medium,0.434789693479969,2026,5,Summer
2026-05-06,Karnataka,Bengaluru,"Binny Mill (F&V), Bengaluru APMC",Mango,Other,3000,6000,4000,2890.70707718895,1109.2929228110502,0,Medium,0.434789693479969,2026,5,Summer
2026-05-06,Karnataka,Bengaluru,"Binny Mill (F&V), Bengaluru APMC",Mango,Totapuri,800,1400,1200,2543.609464267794,-1343.609464267794,0,Medium,0.434789693479969,2026,5,Summer
2026-05-06,Karnataka,Bengaluru,"Binny Mill (F&V), Bengaluru APMC",Mango,Raspuri,2000,4000,3000,2761.1263344675385,238.87366553246147,0,Medium,0.434789693479969,2026,5,Summer
2026-05-06,Karnataka,Bengaluru,"Binny Mill (F&V), Bengaluru APMC",Mango,Keshar,2000,3000,2500,2516.780390604288,-16.780390604288186,0,Medium,0.434789693479969,2026,5,Summer
2026-05-07,Karnataka,Bengaluru,"Binny Mill (F&V), Bengaluru APMC",Mango,Badami,3500,5500,4500,3128.3612141481094,1371.6387858518906,0,Medium,0.434789693479969,2026,5,Summer
2026-05-07,Karnataka,Bengaluru,"Binny Mill (F&V), Bengaluru APMC",Mango,Keshar,2500,3500,3000,2856.86572096672,143.1342790332801,0,Medium,0.434789693479969,2026,5,Summer
2026-05-07,Karnataka,Bengaluru,"Binny Mill (F&V), Bengaluru APMC",Mango,Raspuri,2500,4500,3500,3141.7757509798626,358.22424902013745,0,Medium,0.434789693479969,2026,5,Summer
2026-05-07,Karnataka,Bengaluru,"Binny Mill (F&V), Bengaluru APMC",Mango,Totapuri,1000,1500,1200,2618.686780972753,-1418.6867809727528,0,Medium,0.434789693479969,2026,5,Summer
2026-05-08,Karnataka,Bengaluru,"Binny Mill (F&V), Bengaluru APMC",Mango,Totapuri,1000,1500,1200,2938.1100415409614,-1738.1100415409614,0,Medium,0.434789693479969,2026,5,Summer
2026-05-08,Karnataka,Bengaluru,"Binny Mill (F&V), Bengaluru APMC",Mango,Raspuri,2000,4000,3000,2938.1100415409614,61.88995845903855,0,Medium,0.434789693479969,2026,5,Summer
2026-05-08,Karnataka,Bengaluru,"Binny Mill (F&V), Bengaluru APMC",Mango,Badami,3000,5000,4000,2937.629328059012,1062.370671940988,0,Medium,0.434789693479969,2026,5,Summer
2026-05-08,Karnataka,Bengaluru,"Binny Mill (F&V), Bengaluru APMC",Mango,Keshar,2000,3000,2500,2476.727940959916,23.27205904008406,0,Medium,0.434789693479969,2026,5,Summer
2026-05-11,Karnataka,Bengaluru,"Binny Mill (F&V), Bengaluru APMC",Mango,Raspuri,2500,4500,3500,2732.824197334614,767.1758026653861,0,Medium,0.434789693479969,2026,5,Summer
2026-05-11,Karnataka,Bengaluru,"Binny Mill (F&V), Bengaluru APMC",Mango,Badami,4000,6000,5000,2840.941681125221,2159.058318874779,0,Medium,0.434789693479969,2026,5,Summer
2026-05-11,Karnataka,Bengaluru,"Binny Mill (F&V), Bengaluru APMC",Mango,Keshar,2000,3000,2500,2848.66992756964,-348.6699275696401,0,Medium,0.434789693479969,2026,5,Summer
2026-05-12,Karnataka,Bengaluru,"Binny Mill (F&V), Bengaluru APMC",Mango,Raspuri,2000,4000,3000,3487.8810139135494,-487.8810139135494,0,Medium,0.434789693479969,2026,5,Summer
2026-05-12,Karnataka,Bengaluru,"Binny Mill (F&V), Bengaluru APMC",Mango,Badami,3500,5500,4500,3663.872370999504,836.1276290004962,0,Medium,0.434789693479969,2026,5,Summer
2026-05-12,Karnataka,Bengaluru,"Binny Mill (F&V), Bengaluru APMC",Mango,Totapuri,1000,1800,1400,3037.5510184525388,-1637.5510184525388,0,Medium,0.434789693479969,2026,5,Summer
2026-05-12,Karnataka,Bengaluru,"Binny Mill (F&V), Bengaluru APMC",Mango,Keshar,2000,3000,2500,3458.3690328836924,-958.3690328836924,0,Medium,0.434789693479969,2026,5,Summer
2026-05-13,Karnataka,Bengaluru,"Binny Mill (F&V), Bengaluru APMC",Mango,Other,3000,6000,4000,3397.5383651706406,602.4616348293594,0,Medium,0.434789693479969,2026,5,Summer
2026-05-13,Karnataka,Bengaluru,"Binny Mill (F&V), Bengaluru APMC",Mango,Badami,3000,5000,4000,3031.339925030397,968.6600749696031,0,Medium,0.434789693479969,2026,5,Summer
2026-05-13,Karnataka,Bengaluru,"Binny Mill (F&V), Bengaluru APMC",Mango,Keshar,2500,3500,3000,3112.6283351574975,-112.62833515749753,0,Medium,0.434789693479969,2026,5,Summer
2026-05-13,Karnataka,Bengaluru,"Binny Mill (F&V), Bengaluru APMC",Mango,Totapuri,1000,1800,1400,2988.253169341471,-1588.2531693414712,0,Medium,0.434789693479969,2026,5,Summer
2026-05-13,Karnataka,Bengaluru,"Binny Mill (F&V), Bengaluru APMC",Mango,Raspuri,1000,1800,1400,2701.461421098559,-1301.4614210985592,0,Medium,0.434789693479969,2026,5,Summer
2026-05-14,Karnataka,Bengaluru,"Binny Mill (F&V), Bengaluru APMC",Mango,Raspuri,2000,3000,2500,2887.4993667877916,-387.4993667877916,0,Medium,0.434789693479969,2026,5,Summer
2026-05-14,Karnataka,Bengaluru,"Binny Mill (F&V), Bengaluru APMC",Mango,Totapuri,1000,1600,1200,2526.826979207566,-1326.8269792075662,0,Medium,0.434789693479969,2026,5,Summer
2026-05-14,Karnataka,Bengaluru,"Binny Mill (F&V), Bengaluru APMC",Mango,Other,3000,5000,4000,2703.299049775469,1296.700950224531,0,Medium,0.434789693479969,2026,5,Summer
2026-05-14,Karnataka,Bengaluru,"Binny Mill (F&V), Bengaluru APMC",Mango,Badami,3500,5500,4500,2404.4937694486252,2095.5062305513748,0,Medium,0.434789693479969,2026,5,Summer
2026-05-15,Karnataka,Bengaluru,"Binny Mill (F&V), Bengaluru APMC",Mango,Other,3000,5000,4000,2506.400159817089,1493.599840182911,0,Medium,0.434789693479969,2026,5,Summer
2026-05-15,Karnataka,Bengaluru,"Binny Mill (F&V), Bengaluru APMC",Mango,Keshar,2500,3500,3000,2834.3969455191577,165.60305448084227,0,Medium,0.434789693479969,2026,5,Summer
2026-05-15,Karnataka,Bengaluru,"Binny Mill (F&V), Bengaluru APMC",Mango,Raspuri,2500,3500,3000,3230.2676045165745,-230.26760451657447,0,Medium,0.434789693479969,2026,5,Summer
2026-05-15,Karnataka,Bengaluru,"Binny Mill (F&V), Bengaluru APMC",Mango,Badami,3000,5000,4000,3474.1328348978755,525.8671651021245,0,Medium,0.434789693479969,2026,5,Summer
2026-05-16,Karnataka,Bengaluru,"Binny Mill (F&V), Bengaluru APMC",Mango,Keshar,2000,3000,2500,3556.938398047254,-1056.938398047254,0,Medium,0.434789693479969,2026,5,Summer
2026-05-16,Karnataka,Bengaluru,"Binny Mill (F&V), Bengaluru APMC",Mango,Other,3500,5500,4500,3841.848428060396,658.1515719396039,0,Medium,0.434789693479969,2026,5,Summer
2026-05-16,Karnataka,Bengaluru,"Binny Mill (F&V), Bengaluru APMC",Mango,Totapuri,1000,1600,1200,3033.8494280401437,-1833.8494280401437,0,Medium,0.434789693479969,2026,5,Summer
2026-05-16,Karnataka,Bengaluru,"Binny Mill (F&V), Bengaluru APMC",Mango,Raspuri,2000,4000,2500,3237.951761408134,-737.9517614081342,0,Medium,0.434789693479969,2026,5,Summer
2026-05-18,Karnataka,Bengaluru,"Binny Mill (F&V), Bengaluru APMC",Mango,Keshar,2000,3000,2500,2944.174063665075,-444.1740636650752,0,Medium,0.434789693479969,2026,5,Summer
2026-05-18,Karnataka,Bengaluru,"Binny Mill (F&V), Bengaluru APMC",Mango,Raspuri,2000,3000,2500,2862.8856535379746,-362.8856535379746,0,Medium,0.434789693479969,2026,5,Summer
2026-05-18,Karnataka,Bengaluru,"Binny Mill (F&V), Bengaluru APMC",Mango,Badami,3000,4000,3500,2781.597243410874,718.402756589126,0,Medium,0.434789693479969,2026,5,Summer
2026-05-18,Karnataka,Bengaluru,"Binny Mill (F&V), Bengaluru APMC",Mango,Mango,3000,4000,3500,2808.4263170743807,691.5736829256193,0,Medium,0.434789693479969,2026,5,Summer
2026-05-19,Karnataka,Bengaluru,"Binny Mill (F&V), Bengaluru APMC",Mango,Keshar,2500,4500,3500,2653.0529402297907,846.9470597702093,0,Medium,0.434789693479969,2026,5,Summer
2026-05-19,Karnataka,Bengaluru,"Binny Mill (F&V), Bengaluru APMC",Mango,Totapuri,800,1800,1400,2685.5683042806318,-1285.5683042806318,0,Medium,0.434789693479969,2026,5,Summer
2026-05-19,Karnataka,Bengaluru,"Binny Mill (F&V), Bengaluru APMC",Mango,Other,3000,5000,4000,3214.503802502391,785.496197497609,0,Medium,0.434789693479969,2026,5,Summer
2026-05-19,Karnataka,Bengaluru,"Binny Mill (F&V), Bengaluru APMC",Mango,Mango,3000,4000,3500,3024.1364816207856,475.8635183792144,0,Medium,0.434789693479969,2026,5,Summer
2026-05-19,Karnataka,Bengaluru,"Binny Mill (F&V), Bengaluru APMC",Mango,Badami,3000,5000,4000,3335.8755852974346,664.1244147025654,0,Medium,0.434789693479969,2026,5,Summer
2026-05-20,Karnataka,Bengaluru,"Binny Mill (F&V), Bengaluru APMC",Mango,Other,4000,6000,5000,3519.070385793,1480.9296142070002,0,Medium,0.434789693479969,2026,5,Summer
2026-05-20,Karnataka,Bengaluru,"Binny Mill (F&V), Bengaluru APMC",Mango,Raspuri,2000,3000,2500,3220.745818948104,-720.745818948104,0,Medium,0.434789693479969,2026,5,Summer
2026-05-20,Karnataka,Bengaluru,"Binny Mill (F&V), Bengaluru APMC",Mango,Mango,2500,3500,3000,3478.82677529774,-478.8267752977399,0,Medium,0.434789693479969,2026,5,Summer
2026-05-20,Karnataka,Bengaluru,"Binny Mill (F&V), Bengaluru APMC",Mango,Keshar,2000,3000,2500,3589.7874042820135,-1089.7874042820135,0,Medium,0.434789693479969,2026,5,Summer
2026-05-21,Karnataka,Bengaluru,"Binny Mill (F&V), Bengaluru APMC",Mango,Totapuri,800,1800,1400,3242.1649883260498,-1842.1649883260498,0,Medium,0.434789693479969,2026,5,Summer
2026-05-21,Karnataka,Bengaluru,"Binny Mill (F&V), Bengaluru APMC",Mango,Other,3000,6000,5000,3635.3527399571153,1364.6472600428847,0,Medium,0.434789693479969,2026,5,Summer
2026-05-21,Karnataka,Bengaluru,"Binny Mill (F&V), Bengaluru APMC",Mango,Badami,2500,4500,3500,3065.372442103515,434.6275578964851,0,Medium,0.434789693479969,2026,5,Summer
2026-05-21,Karnataka,Bengaluru,"Binny Mill (F&V), Bengaluru APMC",Mango,Raspuri,250,3500,3000,2943.840421481155,56.15957851884514,0,Medium,0.434789693479969,2026,5,Summer
2026-05-21,Karnataka,Bengaluru,"Binny Mill (F&V), Bengaluru APMC",Mango,Keshar,2500,3500,3000,3093.002704903602,-93.00270490360208,0,Medium,0.434789693479969,2026,5,Summer
2026-05-22,Karnataka,Bengaluru,"Binny Mill (F&V), Bengaluru APMC",Mango,Mango,3000,5000,4000,3262.782968567414,737.2170314325858,0,Medium,0.434789693479969,2026,5,Summer
2026-05-22,Karnataka,Bengaluru,"Binny Mill (F&V), Bengaluru APMC",Mango,Other,2000,3500,3000,3208.3236321038207,-208.32363210382073,0,Medium,0.434789693479969,2026,5,Summer
2026-05-22,Karnataka,Bengaluru,"Binny Mill (F&V), Bengaluru APMC",Mango,Raspuri,3000,4000,3500,3685.482701228337,-185.4827012283372,0,Medium,0.434789693479969,2026,5,Summer
2026-05-22,Karnataka,Bengaluru,"Binny Mill (F&V), Bengaluru APMC",Mango,Badami,2500,3500,3000,3292.4551874245876,-292.4551874245876,0,Medium,0.434789693479969,2026,5,Summer
2026-05-22,Karnataka,Bengaluru,"Binny Mill (F&V), Bengaluru APMC",Mango,Keshar,2500,3500,3000,3279.040650592834,-279.040650592834,0,Medium,0.434789693479969,2026,5,Summer
2026-05-25,Karnataka,Bengaluru,"Binny Mill (F&V), Bengaluru APMC",Mango,Keshar,1800,2800,2400,3152.6807848018693,-752.6807848018693,0,Medium,0.434789693479969,2026,5,Summer
2026-05-25,Karnataka,Bengaluru,"Binny Mill (F&V), Bengaluru APMC",Mango,Mango,2000,3000,2500,3152.841022629186,-652.8410226291862,0,Medium,0.434789693479969,2026,5,Summer
2026-05-25,Karnataka,Bengaluru,"Binny Mill (F&V), Bengaluru APMC",Mango,Other,3000,4200,3500,3057.977837843016,442.022162156984,0,Medium,0.434789693479969,2026,5,Summer
2026-05-25,Karnataka,Bengaluru,"Binny Mill (F&V), Bengaluru APMC",Mango,Totapuri,800,1500,1200,2629.5918147947596,-1429.5918147947596,0,Medium,0.434789693479969,2026,5,Summer
2026-05-25,Karnataka,Bengaluru,"Binny Mill (F&V), Bengaluru APMC",Mango,Raspuri,2000,3000,2500,2779.234811699156,-279.2348116991561,0,Medium,0.434789693479969,2026,5,Summer
2026-05-25,Karnataka,Bengaluru,"Binny Mill (F&V), Bengaluru APMC",Mango,Badami,3000,4000,3500,2684.051151258354,815.9488487416461,0,Medium,0.434789693479969,2026,5,Summer
2026-05-26,Karnataka,Bengaluru,"Binny Mill (F&V), Bengaluru APMC",Mango,Raspuri,2500,3500,3000,2555.5068480772707,444.49315192272934,0,Medium,0.434789693479969,2026,5,Summer
2026-05-26,Karnataka,Bengaluru,"Binny Mill (F&V), Bengaluru APMC",Mango,Badami,3000,4000,3500,2802.2152236522384,697.7847763477616,0,Medium,0.434789693479969,2026,5,Summer
2026-05-26,Karnataka,Bengaluru,"Binny Mill (F&V), Bengaluru APMC",Mango,Mango,2500,4500,3500,2896.9181706110926,603.0818293889074,0,Medium,0.434789693479969,2026,5,Summer
2026-05-26,Karnataka,Bengaluru,"Binny Mill (F&V), Bengaluru APMC",Mango,Totapuri,800,1600,1200,2522.99148402643,-1322.99148402643,0,Medium,0.434789693479969,2026,5,Summer
2026-05-26,Karnataka,Bengaluru,"Binny Mill (F&V), Bengaluru APMC",Mango,Other,3000,5000,4000,3290.4263978967897,709.5736021032103,0,Medium,0.434789693479969,2026,5,Summer
2026-05-27,Karnataka,Bengaluru,"Binny Mill (F&V), Bengaluru APMC",Mango,Keshar,2000,3000,2500,2917.536150852456,-417.5361508524561,0,Medium,0.434789693479969,2026,5,Summer
2026-05-27,Karnataka,Bengaluru,"Binny Mill (F&V), Bengaluru APMC",Mango,Badami,3500,4500,4000,3202.4461808655988,797.5538191344012,0,Medium,0.434789693479969,2026,5,Summer
2026-05-27,Karnataka,Bengaluru,"Binny Mill (F&V), Bengaluru APMC",Mango,Raspuri,2000,3000,2500,2917.536150852456,-417.5361508524561,0,Medium,0.434789693479969,2026,5,Summer
2026-05-27,Karnataka,Bengaluru,"Binny Mill (F&V), Bengaluru APMC",Mango,Mango,2000,4000,3000,3039.869360611398,-39.86936061139795,0,Medium,0.434789693479969,2026,5,Summer
2026-05-27,Karnataka,Bengaluru,"Binny Mill (F&V), Bengaluru APMC",Mango,Totapuri,800,1800,1400,2630.5841647822285,-1230.5841647822285,0,Medium,0.434789693479969,2026,5,Summer
2026-05-27,Karnataka,Bengaluru,"Binny Mill (F&V), Bengaluru APMC",Mango,Other,3000,5000,4000,3302.995656039103,697.0043439608971,0,Medium,0.434789693479969,2026,5,Summer
2026-05-29,Karnataka,Bengaluru,"Binny Mill (F&V), Bengaluru APMC",Mango,Raspuri,2500,3500,3000,2801.8815814683176,198.11841853168244,0,Medium,0.434789693479969,2026,5,Summer
2026-05-29,Karnataka,Bengaluru,"Binny Mill (F&V), Bengaluru APMC",Mango,Totapuri,800,1200,1000,2693.764097677711,-1693.764097677711,0,Medium,0.434789693479969,2026,5,Summer
2026-05-29,Karnataka,Bengaluru,"Binny Mill (F&V), Bengaluru APMC",Mango,Badami,3000,4000,3500,2883.971180732,616.028819268,0,Medium,0.434789693479969,2026,5,Summer
2026-05-29,Karnataka,Bengaluru,"Binny Mill (F&V), Bengaluru APMC",Mango,Other,3500,4500,4000,2788.4670446365644,1211.5329553634356,0,Medium,0.434789693479969,2026,5,Summer
2026-06-01,Karnataka,Bengaluru,"Binny Mill (F&V), Bengaluru APMC",Mango,Raspuri,2000,3000,2500,2619.8833334095457,-119.88333340954568,0,Medium,0.434789693479969,2026,6,Monsoon
2026-06-01,Karnataka,Bengaluru,"Binny Mill (F&V), Bengaluru APMC",Mango,Badami,2000,4000,3000,3083.6278657023086,-83.62786570230855,0,Medium,0.434789693479969,2026,6,Monsoon
2026-06-01,Karnataka,Bengaluru,"Binny Mill (F&V), Bengaluru APMC",Mango,Totapuri,600,1000,800,2495.508167593518,-1695.508167593518,1,Medium,0.434789693479969,2026,6,Monsoon
2026-06-02,Karnataka,Bengaluru,"Binny Mill (F&V), Bengaluru APMC",Mango,Badami,2500,4000,3000,2801.3566535026575,198.64334649734246,0,Medium,0.434789693479969,2026,6,Monsoon
2026-06-02,Karnataka,Bengaluru,"Binny Mill (F&V), Bengaluru APMC",Mango,Totapuri,800,1200,1000,2502.7116110031293,-1502.7116110031293,0,Medium,0.434789693479969,2026,6,Monsoon
2026-06-03,Karnataka,Bengaluru,"Binny Mill (F&V), Bengaluru APMC",Mango,Badami,3000,4000,3500,2781.4105475941296,718.5894524058704,0,Medium,0.434789693479969,2026,6,Monsoon
2026-06-03,Karnataka,Bengaluru,"Binny Mill (F&V), Bengaluru APMC",Mango,Raspuri,2000,3000,2500,2198.175950736092,301.8240492639079,0,Medium,0.434789693479969,2026,6,Monsoon
2026-06-04,Karnataka,Bengaluru,"Binny Mill (F&V), Bengaluru APMC",Mango,Raspuri,2500,3500,3000,2422.415550863498,577.5844491365019,0,Medium,0.434789693479969,2026,6,Monsoon
2026-06-04,Karnataka,Bengaluru,"Binny Mill (F&V), Bengaluru APMC",Mango,Totapuri,800,1200,1000,2029.3880370597485,-1029.3880370597485,0,Medium,0.434789693479969,2026,6,Monsoon
2026-06-05,Karnataka,Bengaluru,"Binny Mill (F&V), Bengaluru APMC",Mango,Raspuri,2500,3500,3000,2665.755978209991,334.2440217900089,0,Medium,0.434789693479969,2026,6,Monsoon
2026-06-05,Karnataka,Bengaluru,"Binny Mill (F&V), Bengaluru APMC",Mango,Badami,3000,4000,3500,2475.548895155702,1024.4511048442978,0,Medium,0.434789693479969,2026,6,Monsoon
2026-06-06,Karnataka,Bengaluru,"Binny Mill (F&V), Bengaluru APMC",Mango,Badami,3000,4000,3500,2821.3205159054687,678.6794840945313,0,Medium,0.434789693479969,2026,6,Monsoon
2026-06-08,Karnataka,Bengaluru,"Binny Mill (F&V), Bengaluru APMC",Mango,Totapuri,800,1200,1000,2378.861248221911,-1378.861248221911,0,Medium,0.434789693479969,2026,6,Monsoon
2026-06-08,Karnataka,Bengaluru,"Binny Mill (F&V), Bengaluru APMC",Mango,Raspuri,2000,3000,2500,2718.2306146986475,-218.2306146986475,0,Medium,0.434789693479969,2026,6,Monsoon
2026-06-09,Karnataka,Bengaluru,"Binny Mill (F&V), Bengaluru APMC",Mango,Badami,3000,4000,3500,2603.100848349318,896.8991516506821,0,Medium,0.434789693479969,2026,6,Monsoon
2026-06-09,Karnataka,Bengaluru,"Binny Mill (F&V), Bengaluru APMC",Mango,Totapuri,800,1400,1000,2467.3531017586233,-1467.3531017586233,0,Medium,0.434789693479969,2026,6,Monsoon
2026-06-10,Karnataka,Bengaluru,"Binny Mill (F&V), Bengaluru APMC",Mango,Totapuri,800,1300,1100,2505.0299531619885,-1405.0299531619885,0,Medium,0.434789693479969,2026,6,Monsoon
2026-06-11,Karnataka,Bengaluru,"Binny Mill (F&V), Bengaluru APMC",Mango,Totapuri,800,1400,1000,2092.2165712770275,-1092.2165712770275,0,Medium,0.434789693479969,2026,6,Monsoon
2026-06-11,Karnataka,Bengaluru,"Binny Mill (F&V), Bengaluru APMC",Mango,Badami,3000,4000,3500,2105.791345936097,1394.208654063903,0,Medium,0.434789693479969,2026,6,Monsoon
2026-06-11,Karnataka,Bengaluru,"Binny Mill (F&V), Bengaluru APMC",Mango,Raspuri,2000,3000,2500,2010.2872098406624,489.7127901593376,0,Medium,0.434789693479969,2026,6,Monsoon
2026-06-12,Karnataka,Bengaluru,"Binny Mill (F&V), Bengaluru APMC",Mango,Raspuri,2000,3000,2500,2153.2383998409678,346.76160015903224,0,Medium,0.434789693479969,2026,6,Monsoon
2026-06-12,Karnataka,Bengaluru,"Binny Mill (F&V), Bengaluru APMC",Mango,Badami,3000,4000,3500,2153.2383998409678,1346.7616001590322,0,Medium,0.434789693479969,2026,6,Monsoon
2026-06-16,Karnataka,Bengaluru,"Binny Mill (F&V), Bengaluru APMC",Mango,Totapuri,800,1200,1000,1995.8803230214403,-995.8803230214403,0,Medium,0.434789693479969,2026,6,Monsoon
2026-06-16,Karnataka,Bengaluru,"Binny Mill (F&V), Bengaluru APMC",Mango,Raspuri,2000,3000,2500,2562.857237854058,-62.857237854057985,0,Medium,0.434789693479969,2026,6,Monsoon
2026-06-17,Karnataka,Bengaluru,"Binny Mill (F&V), Bengaluru APMC",Mango,Raspuri,1500,2500,2000,2529.0158816318276,-529.0158816318276,0,Medium,0.434789693479969,2026,6,Monsoon
2026-06-17,Karnataka,Bengaluru,"Binny Mill (F&V), Bengaluru APMC",Mango,Badami,2000,3000,2500,2434.3129346729743,65.68706532702572,0,Medium,0.434789693479969,2026,6,Monsoon
2026-06-18,Karnataka,Bengaluru,"Binny Mill (F&V), Bengaluru APMC",Mango,Badami,2000,3000,2500,2373.642504787238,126.35749521276193,0,Medium,0.434789693479969,2026,6,Monsoon
2026-06-18,Karnataka,Bengaluru,"Binny Mill (F&V), Bengaluru APMC",Mango,Totapuri,800,1200,1000,2129.777274405936,-1129.7772744059362,0,Medium,0.434789693479969,2026,6,Monsoon
2026-06-18,Karnataka,Bengaluru,"Binny Mill (F&V), Bengaluru APMC",Mango,Raspuri,2000,3000,2500,2170.8220740377774,329.1779259622226,0,Medium,0.434789693479969,2026,6,Monsoon
2026-06-19,Karnataka,Bengaluru,"Binny Mill (F&V), Bengaluru APMC",Mango,Totapuri,800,1000,900,1958.1462155359263,-1058.1462155359263,0,Medium,0.434789693479969,2026,6,Monsoon
2026-06-19,Karnataka,Bengaluru,"Binny Mill (F&V), Bengaluru APMC",Mango,Raspuri,2000,3000,2500,2175.342610081038,324.65738991896205,0,Medium,0.434789693479969,2026,6,Monsoon
2026-06-22,Karnataka,Bengaluru,"Binny Mill (F&V), Bengaluru APMC",Mango,Raspuri,2000,3000,2500,2010.6208520245827,489.37914797541725,0,Medium,0.434789693479969,2026,6,Monsoon
2026-06-22,Karnataka,Bengaluru,"Binny Mill (F&V), Bengaluru APMC",Mango,Totapuri,800,1200,1000,1766.7556216432813,-766.7556216432813,0,Medium,0.434789693479969,2026,6,Monsoon
2026-06-23,Karnataka,Bengaluru,"Binny Mill (F&V), Bengaluru APMC",Mango,Totapuri,800,1200,1000,1733.7154545576334,-733.7154545576334,0,Medium,0.434789693479969,2026,6,Monsoon
2026-06-23,Karnataka,Bengaluru,"Binny Mill (F&V), Bengaluru APMC",Mango,Raspuri,2000,3000,2500,1977.5806849389346,522.4193150610654,0,Medium,0.434789693479969,2026,6,Monsoon
2026-06-23,Karnataka,Bengaluru,"Binny Mill (F&V), Bengaluru APMC",Mango,Badami,3500,4500,4000,2017.824295434194,1982.175704565806,0,Medium,0.434789693479969,2026,6,Monsoon
2026-06-24,Karnataka,Bengaluru,"Binny Mill (F&V), Bengaluru APMC",Mango,Raspuri,2000,3000,2500,2081.529031364484,418.4709686355159,0,Medium,0.434789693479969,2026,6,Monsoon
2026-06-24,Karnataka,Bengaluru,"Binny Mill (F&V), Bengaluru APMC",Mango,Badami,3000,4000,3500,2447.727471504727,1052.272528495273,0,Medium,0.434789693479969,2026,6,Monsoon
2026-06-24,Karnataka,Bengaluru,"Binny Mill (F&V), Bengaluru APMC",Mango,Totapuri,800,1000,900,2051.856812507311,-1151.8568125073111,0,Medium,0.434789693479969,2026,6,Monsoon
2026-06-25,Karnataka,Bengaluru,"Binny Mill (F&V), Bengaluru APMC",Mango,Raspuri,2000,3000,2500,2655.8696274340296,-155.86962743402955,0,Medium,0.434789693479969,2026,6,Monsoon
2026-06-30,Karnataka,Bengaluru,"Binny Mill (F&V), Bengaluru APMC",Mango,Badami,3000,5000,4000,2911.9968068322987,1088.0031931677013,0,Medium,0.434789693479969,2026,6,Monsoon
2026-06-30,Karnataka,Bengaluru,"Binny Mill (F&V), Bengaluru APMC",Mango,Totapuri,800,1200,1000,2464.5099565649552,-1464.5099565649552,0,Medium,0.434789693479969,2026,6,Monsoon
2026-06-30,Karnataka,Bengaluru,"Binny Mill (F&V), Bengaluru APMC",Mango,Neelam,2000,3000,2500,2627.887965955738,-127.88796595573785,0,Medium,0.434789693479969,2026,6,Monsoon
2026-07-01,Karnataka,Bengaluru,"Binny Mill (F&V), Bengaluru APMC",Mango,Badami,3000,5000,4000,2665.4300972251635,1334.5699027748365,0,Medium,0.434789693479969,2026,7,Monsoon
2026-07-01,Karnataka,Bengaluru,"Binny Mill (F&V), Bengaluru APMC",Mango,Neelam,1500,3000,2000,2217.9432469578205,-217.94324695782052,0,Medium,0.434789693479969,2026,7,Monsoon
2026-07-03,Karnataka,Bengaluru,"Binny Mill (F&V), Bengaluru APMC",Mango,Badami,3000,5000,4000,3007.8337697464553,992.1662302535447,0,Medium,0.434789693479969,2026,7,Monsoon
2026-07-03,Karnataka,Bengaluru,"Binny Mill (F&V), Bengaluru APMC",Mango,Totapuri,700,1000,900,2476.215364158344,-1576.215364158344,0,Medium,0.434789693479969,2026,7,Monsoon
2026-07-04,Karnataka,Bengaluru,"Binny Mill (F&V), Bengaluru APMC",Mango,Totapuri,800,1200,1000,2416.506361236506,-1416.506361236506,0,Medium,0.434789693479969,2026,7,Monsoon
2026-07-04,Karnataka,Bengaluru,"Binny Mill (F&V), Bengaluru APMC",Mango,Neelam,1500,3000,2500,2646.796816958738,-146.79681695873796,0,Medium,0.434789693479969,2026,7,Monsoon
2026-07-06,Karnataka,Bengaluru,"Binny Mill (F&V), Bengaluru APMC",Mango,Badami,2000,5000,4000,2651.0232104059414,1348.9767895940586,0,Medium,0.434789693479969,2026,7,Monsoon
2026-07-08,Karnataka,Bengaluru,"Binny Mill (F&V), Bengaluru APMC",Mango,Badami,3000,5000,4000,2461.8084773391215,1538.1915226608785,0,Medium,0.434789693479969,2026,7,Monsoon
2026-07-08,Karnataka,Bengaluru,"Binny Mill (F&V), Bengaluru APMC",Mango,Neelam,1500,3500,2500,2543.096887466222,-43.09688746622214,0,Medium,0.434789693479969,2026,7,Monsoon
2026-07-09,Karnataka,Bengaluru,"Binny Mill (F&V), Bengaluru APMC",Mango,Badami,2500,4500,3500,2672.633540634775,827.3664593652252,0,Medium,0.434789693479969,2026,7,Monsoon
2026-07-09,Karnataka,Bengaluru,"Binny Mill (F&V), Bengaluru APMC",Mango,Totapuri,800,1200,1000,2553.1434760695,-1553.1434760695001,0,Medium,0.434789693479969,2026,7,Monsoon
2026-07-09,Karnataka,Bengaluru,"Binny Mill (F&V), Bengaluru APMC",Mango,Neelam,1500,3500,2500,3136.3780729275386,-636.3780729275386,0,Medium,0.434789693479969,2026,7,Monsoon
2026-07-10,Karnataka,Bengaluru,"Binny Mill (F&V), Bengaluru APMC",Mango,Neelam,1500,2500,2000,2858.671486324007,-858.6714863240072,0,Medium,0.434789693479969,2026,7,Monsoon
2026-07-10,Karnataka,Bengaluru,"Binny Mill (F&V), Bengaluru APMC",Mango,Badami,2000,4000,3000,2763.9685393651534,236.03146063484655,0,Medium,0.434789693479969,2026,7,Monsoon
2026-07-13,Karnataka,Bengaluru,"Binny Mill (F&V), Bengaluru APMC",Mango,Neelam,2000,3000,2500,2355.541788754713,144.4582112452872,0,Medium,0.434789693479969,2026,7,Monsoon
2026-07-14,Karnataka,Bengaluru,"Binny Mill (F&V), Bengaluru APMC",Mango,Totapuri,800,1200,1000,2186.75387507837,-1186.7538750783701,0,Medium,0.434789693479969,2026,7,Monsoon
2026-07-14,Karnataka,Bengaluru,"Binny Mill (F&V), Bengaluru APMC",Mango,Neelam,2000,3000,2500,2227.798674710212,272.2013252897882,0,Medium,0.434789693479969,2026,7,Monsoon
2026-07-18,Karnataka,Bengaluru,"Binny Mill (F&V), Bengaluru APMC",Mango,Totapuri,800,1200,1000,2052.9908284626144,-1052.9908284626144,0,Medium,0.434789693479969,2026,7,Monsoon
2026-07-20,Karnataka,Bengaluru,"Binny Mill (F&V), Bengaluru APMC",Mango,Neelam,2000,4000,3000,2301.8836414277002,698.1163585722998,0,Medium,0.434789693479969,2026,7,Monsoon
2026-06-01,Karnataka,Bengaluru,Binny Mill (FF&V) Bengaluru APMC,Mango,Raspuri,2000,3000,2500,2731.4976514263694,-231.49765142636943,0,Medium,0.434789693479969,2026,6,Monsoon
2026-06-01,Karnataka,Bengaluru,Binny Mill (FF&V) Bengaluru APMC,Mango,Totapuri,600,1000,800,2059.6469925651027,-1259.6469925651027,1,Medium,0.434789693479969,2026,6,Monsoon
2026-06-02,Karnataka,Bengaluru,Binny Mill (FF&V) Bengaluru APMC,Mango,Totapuri,800,1200,1000,1984.6612261895582,-984.6612261895582,0,Medium,0.434789693479969,2026,6,Monsoon
2026-06-02,Karnataka,Bengaluru,Binny Mill (FF&V) Bengaluru APMC,Mango,Raspuri,2000,3500,3000,2224.9505461895797,775.0494538104203,0,Medium,0.434789693479969,2026,6,Monsoon
2026-06-02,Karnataka,Bengaluru,Binny Mill (FF&V) Bengaluru APMC,Mango,Badami,2500,4000,3000,2131.7476325536304,868.2523674463696,0,Medium,0.434789693479969,2026,6,Monsoon
2026-06-03,Karnataka,Bengaluru,Binny Mill (FF&V) Bengaluru APMC,Mango,Badami,3000,4000,3500,2347.591328622799,1152.4086713772008,0,Medium,0.434789693479969,2026,6,Monsoon
2026-06-03,Karnataka,Bengaluru,Binny Mill (FF&V) Bengaluru APMC,Mango,Raspuri,2000,3000,2500,2198.429045200352,301.570954799648,0,Medium,0.434789693479969,2026,6,Monsoon
2026-06-04,Karnataka,Bengaluru,Binny Mill (FF&V) Bengaluru APMC,Mango,Raspuri,2500,3500,3000,2422.668645327758,577.331354672242,0,Medium,0.434789693479969,2026,6,Monsoon
2026-06-04,Karnataka,Bengaluru,Binny Mill (FF&V) Bengaluru APMC,Mango,Badami,800,1400,1200,2419.8255001340913,-1219.8255001340913,0,Medium,0.434789693479969,2026,6,Monsoon
2026-06-04,Karnataka,Bengaluru,Binny Mill (FF&V) Bengaluru APMC,Mango,Totapuri,800,1200,1000,2664.1714439973416,-1664.1714439973416,0,Medium,0.434789693479969,2026,6,Monsoon
2026-06-06,Karnataka,Bengaluru,Binny Mill (FF&V) Bengaluru APMC,Mango,Badami,3000,4000,3500,2787.016290261803,712.9837097381969,0,Medium,0.434789693479969,2026,6,Monsoon
2026-06-06,Karnataka,Bengaluru,Binny Mill (FF&V) Bengaluru APMC,Mango,Totapuri,800,1200,1000,2122.4932832766644,-1122.4932832766644,0,Medium,0.434789693479969,2026,6,Monsoon
2026-06-06,Karnataka,Bengaluru,Binny Mill (FF&V) Bengaluru APMC,Mango,Raspuri,2500,3500,3000,2380.5742396263013,619.4257603736987,0,Medium,0.434789693479969,2026,6,Monsoon
2026-06-08,Karnataka,Bengaluru,Binny Mill (FF&V) Bengaluru APMC,Mango,Badami,3000,4000,3500,2235.6383496510566,1264.3616503489434,0,Medium,0.434789693479969,2026,6,Monsoon
2026-06-08,Karnataka,Bengaluru,Binny Mill (FF&V) Bengaluru APMC,Mango,Totapuri,800,1200,1000,1842.6108358473084,-842.6108358473084,0,Medium,0.434789693479969,2026,6,Monsoon
2026-06-08,Karnataka,Bengaluru,Binny Mill (FF&V) Bengaluru APMC,Mango,Raspuri,2000,3000,2500,2393.3300686545053,106.66993134549466,0,Medium,0.434789693479969,2026,6,Monsoon
2026-06-09,Karnataka,Bengaluru,Binny Mill (FF&V) Bengaluru APMC,Mango,Totapuri,800,1400,1000,2196.9118921780746,-1196.9118921780746,0,Medium,0.434789693479969,2026,6,Monsoon
2026-06-09,Karnataka,Bengaluru,Binny Mill (FF&V) Bengaluru APMC,Mango,Badami,3000,4000,3500,2400.5335120641166,1099.4664879358834,0,Medium,0.434789693479969,2026,6,Monsoon
2026-06-10,Karnataka,Bengaluru,Binny Mill (FF&V) Bengaluru APMC,Mango,Totapuri,800,1300,1100,2084.625271022411,-984.6252710224112,0,Medium,0.434789693479969,2026,6,Monsoon
2026-06-10,Karnataka,Bengaluru,Binny Mill (FF&V) Bengaluru APMC,Mango,Raspuri,2500,3500,3000,2410.419862840078,589.5801371599218,0,Medium,0.434789693479969,2026,6,Monsoon
2026-06-10,Karnataka,Bengaluru,Binny Mill (FF&V) Bengaluru APMC,Mango,Badami,3500,4500,4000,2233.787554444859,1766.2124455551411,0,Medium,0.434789693479969,2026,6,Monsoon
2026-06-11,Karnataka,Bengaluru,Binny Mill (FF&V) Bengaluru APMC,Mango,Totapuri,800,1400,1000,2105.243251263775,-1105.2432512637752,0,Medium,0.434789693479969,2026,6,Monsoon
2026-06-11,Karnataka,Bengaluru,Binny Mill (FF&V) Bengaluru APMC,Mango,Raspuri,2000,3000,2500,2512.486491035859,-12.486491035859217,0,Medium,0.434789693479969,2026,6,Monsoon
2026-06-12,Karnataka,Bengaluru,Binny Mill (FF&V) Bengaluru APMC,Mango,Raspuri,2000,3000,2500,2559.93354494073,-59.93354494072992,0,Medium,0.434789693479969,2026,6,Monsoon
2026-06-12,Karnataka,Bengaluru,Binny Mill (FF&V) Bengaluru APMC,Mango,Badami,3000,4000,3500,2559.93354494073,940.0664550592701,0,Medium,0.434789693479969,2026,6,Monsoon
2026-06-12,Karnataka,Bengaluru,Binny Mill (FF&V) Bengaluru APMC,Mango,Totapuri,800,1200,1000,2407.928116324615,-1407.928116324615,0,Medium,0.434789693479969,2026,6,Monsoon
2026-06-15,Karnataka,Bengaluru,Binny Mill (FF&V) Bengaluru APMC,Mango,Raspuri,2000,3000,2500,2637.195299035807,-137.19529903580678,0,Medium,0.434789693479969,2026,6,Monsoon
2026-06-15,Karnataka,Bengaluru,Binny Mill (FF&V) Bengaluru APMC,Mango,Totapuri,800,1000,900,1929.585536361742,-1029.585536361742,0,Medium,0.434789693479969,2026,6,Monsoon
2026-06-15,Karnataka,Bengaluru,Binny Mill (FF&V) Bengaluru APMC,Mango,Badami,3000,4000,3500,2553.223981542356,946.7760184576441,0,Medium,0.434789693479969,2026,6,Monsoon
2026-06-16,Karnataka,Bengaluru,Binny Mill (FF&V) Bengaluru APMC,Mango,Totapuri,800,1200,1000,1963.6180534348596,-963.6180534348596,0,Medium,0.434789693479969,2026,6,Monsoon
2026-06-16,Karnataka,Bengaluru,Binny Mill (FF&V) Bengaluru APMC,Mango,Raspuri,2000,3000,2500,2302.987419911596,197.01258008840387,0,Medium,0.434789693479969,2026,6,Monsoon
2026-06-17,Karnataka,Bengaluru,Binny Mill (FF&V) Bengaluru APMC,Mango,Raspuri,1500,2500,2000,1862.704013053864,137.29598694613605,0,Medium,0.434789693479969,2026,6,Monsoon
2026-06-17,Karnataka,Bengaluru,Binny Mill (FF&V) Bengaluru APMC,Mango,Badami,2000,3000,2500,2174.4431167305124,325.55688326948757,0,Medium,0.434789693479969,2026,6,Monsoon
2026-06-18,Karnataka,Bengaluru,Binny Mill (FF&V) Bengaluru APMC,Mango,Raspuri,2000,3000,2500,2113.772686844776,386.2273131552238,0,Medium,0.434789693479969,2026,6,Monsoon
2026-06-18,Karnataka,Bengaluru,Binny Mill (FF&V) Bengaluru APMC,Mango,Badami,2000,3000,2500,2373.895599251498,126.10440074850203,0,Medium,0.434789693479969,2026,6,Monsoon
2026-06-18,Karnataka,Bengaluru,Binny Mill (FF&V) Bengaluru APMC,Mango,Totapuri,800,1200,1000,1967.4535486159953,-967.4535486159953,0,Medium,0.434789693479969,2026,6,Monsoon
2026-06-19,Karnataka,Bengaluru,Binny Mill (FF&V) Bengaluru APMC,Mango,Badami,2500,3500,3000,2503.4322524200506,496.56774757994935,0,Medium,0.434789693479969,2026,6,Monsoon
2026-06-19,Karnataka,Bengaluru,Binny Mill (FF&V) Bengaluru APMC,Mango,Raspuri,2000,3000,2500,2231.936759238661,268.0632407613389,0,Medium,0.434789693479969,2026,6,Monsoon
2026-06-19,Karnataka,Bengaluru,Binny Mill (FF&V) Bengaluru APMC,Mango,Totapuri,800,1000,900,2120.976130254387,-1220.976130254387,0,Medium,0.434789693479969,2026,6,Monsoon
2026-06-20,Karnataka,Bengaluru,Binny Mill (FF&V) Bengaluru APMC,Mango,Totapuri,800,1200,1000,2101.510737827809,-1101.510737827809,0,Medium,0.434789693479969,2026,6,Monsoon
2026-06-20,Karnataka,Bengaluru,Binny Mill (FF&V) Bengaluru APMC,Mango,Badami,3000,4000,3500,2250.51278342294,1249.4872165770598,0,Medium,0.434789693479969,2026,6,Monsoon
2026-06-20,Karnataka,Bengaluru,Binny Mill (FF&V) Bengaluru APMC,Mango,Raspuri,2000,3000,2500,1911.1434169462036,588.8565830537964,0,Medium,0.434789693479969,2026,6,Monsoon
2026-06-22,Karnataka,Bengaluru,Binny Mill (FF&V) Bengaluru APMC,Mango,Totapuri,800,1200,1000,2010.8739464888426,-1010.8739464888426,0,Medium,0.434789693479969,2026,6,Monsoon
2026-06-22,Karnataka,Bengaluru,Binny Mill (FF&V) Bengaluru APMC,Mango,Raspuri,2000,3000,2500,2133.207156247784,366.79284375221596,0,Medium,0.434789693479969,2026,6,Monsoon
2026-06-22,Karnataka,Bengaluru,Binny Mill (FF&V) Bengaluru APMC,Mango,Badami,3000,4000,3500,2092.162356615943,1407.8376433840572,0,Medium,0.434789693479969,2026,6,Monsoon
2026-06-23,Karnataka,Bengaluru,Binny Mill (FF&V) Bengaluru APMC,Mango,Raspuri,2000,3000,2500,2223.7409658415813,276.2590341584187,0,Medium,0.434789693479969,2026,6,Monsoon
2026-06-23,Karnataka,Bengaluru,Binny Mill (FF&V) Bengaluru APMC,Mango,Badami,3500,4500,4000,2847.2191731948783,1152.7808268051217,0,Medium,0.434789693479969,2026,6,Monsoon
2026-06-24,Karnataka,Bengaluru,Binny Mill (FF&V) Bengaluru APMC,Mango,Raspuri,2000,3000,2500,2488.2241764642463,11.775823535753716,0,Medium,0.434789693479969,2026,6,Monsoon
2026-06-24,Karnataka,Bengaluru,Binny Mill (FF&V) Bengaluru APMC,Mango,Totapuri,800,1000,900,2431.722883943567,-1531.722883943567,0,Medium,0.434789693479969,2026,6,Monsoon
2026-06-25,Karnataka,Bengaluru,Binny Mill (FF&V) Bengaluru APMC,Mango,Totapuri,800,1100,900,2639.8650398728696,-1739.8650398728696,0,Medium,0.434789693479969,2026,6,Monsoon
2026-06-25,Karnataka,Bengaluru,Binny Mill (FF&V) Bengaluru APMC,Mango,Raspuri,2000,3000,2500,2639.8650398728696,-139.8650398728696,0,Medium,0.434789693479969,2026,6,Monsoon
2026-06-29,Karnataka,Bengaluru,Binny Mill (FF&V) Bengaluru APMC,Mango,Totapuri,700,1000,800,1962.1009004125826,-1162.1009004125826,1,Medium,0.434789693479969,2026,6,Monsoon
2026-06-29,Karnataka,Bengaluru,Binny Mill (FF&V) Bengaluru APMC,Mango,Badami,3000,4000,3500,2355.448889870964,1144.5511101290358,0,Medium,0.434789693479969,2026,6,Monsoon
2026-06-30,Karnataka,Bengaluru,Binny Mill (FF&V) Bengaluru APMC,Mango,Neelam,2000,3000,2500,1752.2681871043983,747.7318128956017,0,Medium,0.434789693479969,2026,6,Monsoon
2026-06-30,Karnataka,Bengaluru,Binny Mill (FF&V) Bengaluru APMC,Mango,Totapuri,800,1200,1000,1644.150703313792,-644.1507033137921,0,Medium,0.434789693479969,2026,6,Monsoon
2026-07-01,Karnataka,Bengaluru,Binny Mill (FF&V) Bengaluru APMC,Mango,Neelam,1500,3000,2000,2023.9053462536208,-23.90534625362079,0,Medium,0.434789693479969,2026,7,Monsoon
2026-07-01,Karnataka,Bengaluru,Binny Mill (FF&V) Bengaluru APMC,Mango,Totapuri,800,1400,1200,1936.930645739187,-736.930645739187,0,Medium,0.434789693479969,2026,7,Monsoon
2026-07-01,Karnataka,Bengaluru,Binny Mill (FF&V) Bengaluru APMC,Mango,Badami,3000,5000,4000,2289.3940733930435,1710.6059266069565,0,Medium,0.434789693479969,2026,7,Monsoon
2026-07-02,Karnataka,Bengaluru,Binny Mill (FF&V) Bengaluru APMC,Mango,Neelam,1500,2500,2000,2111.596010653751,-111.59601065375091,0,Medium,0.434789693479969,2026,7,Monsoon
2026-07-03,Karnataka,Bengaluru,Binny Mill (FF&V) Bengaluru APMC,Mango,Totapuri,700,1000,900,1967.595214583829,-1067.595214583829,0,Medium,0.434789693479969,2026,7,Monsoon
2026-07-03,Karnataka,Bengaluru,Binny Mill (FF&V) Bengaluru APMC,Mango,Badami,3000,5000,4000,2360.7829662148947,1639.2170337851053,0,Medium,0.434789693479969,2026,7,Monsoon
2026-07-04,Karnataka,Bengaluru,Binny Mill (FF&V) Bengaluru APMC,Mango,Badami,2500,5500,4500,2516.1872660830554,1983.8127339169446,0,Medium,0.434789693479969,2026,7,Monsoon
2026-07-04,Karnataka,Bengaluru,Binny Mill (FF&V) Bengaluru APMC,Mango,Totapuri,800,1200,1000,2285.736572533507,-1285.7365725335071,0,Medium,0.434789693479969,2026,7,Monsoon
2026-07-04,Karnataka,Bengaluru,Binny Mill (FF&V) Bengaluru APMC,Mango,Neelam,1500,3000,2500,2972.2035519313995,-472.2035519313995,0,Medium,0.434789693479969,2026,7,Monsoon
2026-07-06,Karnataka,Bengaluru,Binny Mill (FF&V) Bengaluru APMC,Mango,Neelam,1500,3500,2500,2488.699484616001,11.300515383999027,0,Medium,0.434789693479969,2026,7,Monsoon
2026-07-06,Karnataka,Bengaluru,Binny Mill (FF&V) Bengaluru APMC,Mango,Badami,2000,5000,4000,2813.853125124403,1186.146874875597,0,Medium,0.434789693479969,2026,7,Monsoon
2026-07-07,Karnataka,Bengaluru,Binny Mill (FF&V) Bengaluru APMC,Mango,Badami,2500,4500,3500,3040.1346813088935,459.8653186911065,0,Medium,0.434789693479969,2026,7,Monsoon
2026-07-08,Karnataka,Bengaluru,Binny Mill (FF&V) Bengaluru APMC,Mango,Totapuri,800,1200,1000,2627.48153725125,-1627.4815372512498,0,Medium,0.434789693479969,2026,7,Monsoon
2026-07-08,Karnataka,Bengaluru,Binny Mill (FF&V) Bengaluru APMC,Mango,Badami,3000,5000,4000,2885.562493600886,1114.4375063991142,0,Medium,0.434789693479969,2026,7,Monsoon
2026-07-08,Karnataka,Bengaluru,Binny Mill (FF&V) Bengaluru APMC,Mango,Neelam,1500,3500,2500,2722.1844842101036,-222.18448421010362,0,Medium,0.434789693479969,2026,7,Monsoon
2026-07-09,Karnataka,Bengaluru,Binny Mill (FF&V) Bengaluru APMC,Mango,Neelam,1500,3500,2500,2933.0095475057565,-433.0095475057565,0,Medium,0.434789693479969,2026,7,Monsoon
2026-07-09,Karnataka,Bengaluru,Binny Mill (FF&V) Bengaluru APMC,Mango,Totapuri,800,1200,1000,2689.1443171244546,-1689.1443171244546,0,Medium,0.434789693479969,2026,7,Monsoon
2026-07-10,Karnataka,Bengaluru,Binny Mill (FF&V) Bengaluru APMC,Mango,Neelam,1500,2500,2000,2574.8157399117067,-574.8157399117067,0,Medium,0.434789693479969,2026,7,Monsoon
2026-07-10,Karnataka,Bengaluru,Binny Mill (FF&V) Bengaluru APMC,Mango,Badami,2000,4000,3000,2357.7795831939115,642.2204168060885,0,Medium,0.434789693479969,2026,7,Monsoon
2026-07-13,Karnataka,Bengaluru,Binny Mill (FF&V) Bengaluru APMC,Mango,Totapuri,800,1200,1000,2193.218062964772,-1193.218062964772,0,Medium,0.434789693479969,2026,7,Monsoon
2026-07-13,Karnataka,Bengaluru,Binny Mill (FF&V) Bengaluru APMC,Mango,Neelam,2000,3000,2500,2220.848325764861,279.1516742351391,0,Medium,0.434789693479969,2026,7,Monsoon
2026-07-14,Karnataka,Bengaluru,Binny Mill (FF&V) Bengaluru APMC,Mango,Totapuri,800,1200,1000,1780.5649189071278,-780.5649189071278,0,Medium,0.434789693479969,2026,7,Monsoon
2026-07-14,Karnataka,Bengaluru,Binny Mill (FF&V) Bengaluru APMC,Mango,Neelam,2000,3000,2500,1984.1865387931698,515.8134612068302,0,Medium,0.434789693479969,2026,7,Monsoon
2026-07-15,Karnataka,Bengaluru,Binny Mill (FF&V) Bengaluru APMC,Mango,Neelam,2000,3000,2500,2031.633592698041,468.36640730195904,0,Medium,0.434789693479969,2026,7,Monsoon
2026-07-16,Karnataka,Bengaluru,Binny Mill (FF&V) Bengaluru APMC,Mango,Neelam,2500,4500,3500,2282.702266488953,1217.2977335110472,0,Medium,0.434789693479969,2026,7,Monsoon
2026-07-17,Karnataka,Bengaluru,Binny Mill (FF&V) Bengaluru APMC,Mango,Neelam,2000,4000,3000,2154.1579633078695,845.8420366921305,0,Medium,0.434789693479969,2026,7,Monsoon
2026-07-17,Karnataka,Bengaluru,Binny Mill (FF&V) Bengaluru APMC,Mango,Totapuri,1000,1400,1200,2254.5472006540563,-1054.5472006540563,0,Medium,0.434789693479969,2026,7,Monsoon
2026-07-18,Karnataka,Bengaluru,Binny Mill (FF&V) Bengaluru APMC,Mango,Neelam,1500,2500,2000,2424.8081777998173,-424.80817779981726,0,Medium,0.434789693479969,2026,7,Monsoon
2026-07-18,Karnataka,Bengaluru,Binny Mill (FF&V) Bengaluru APMC,Mango,Totapuri,800,1200,1000,2316.209980527262,-1316.209980527262,0,Medium,0.434789693479969,2026,7,Monsoon
2026-07-20,Karnataka,Bengaluru,Binny Mill (FF&V) Bengaluru APMC,Mango,Totapuri,800,1200,1000,2172.0752796886004,-1172.0752796886004,0,Medium,0.434789693479969,2026,7,Monsoon
2026-07-20,Karnataka,Bengaluru,Binny Mill (FF&V) Bengaluru APMC,Mango,Neelam,2000,4000,3000,2253.3636898157,746.6363101842999,0,Medium,0.434789693479969,2026,7,Monsoon
2026-07-21,Karnataka,Bengaluru,Binny Mill (FF&V) Bengaluru APMC,Mango,Neelam,1500,3500,2500,1826.4948197897213,673.5051802102787,0,Medium,0.434789693479969,2026,7,Monsoon
2026-07-21,Karnataka,Bengaluru,Binny Mill (FF&V) Bengaluru APMC,Mango,Totapuri,800,1200,1000,1569.2150525766663,-569.2150525766663,0,Medium,0.434789693479969,2026,7,Monsoon
2026-07-22,Karnataka,Bengaluru,Binny Mill (FF&V) Bengaluru APMC,Mango,Neelam,1500,2500,2000,1910.1015720756807,89.89842792431932,0,Medium,0.434789693479969,2026,7,Monsoon
2026-07-22,Karnataka,Bengaluru,Binny Mill (FF&V) Bengaluru APMC,Mango,Totapuri,800,1200,1000,1611.7770052307849,-611.7770052307849,0,Medium,0.434789693479969,2026,7,Monsoon
2026-07-24,Karnataka,Bengaluru,Binny Mill (FF&V) Bengaluru APMC,Mango,Neelam,2000,3000,2500,2005.7968690220032,494.2031309779968,0,Medium,0.434789693479969,2026,7,Monsoon
2026-07-24,Karnataka,Bengaluru,Binny Mill (FF&V) Bengaluru APMC,Mango,Totapuri,800,1400,1000,1802.1752491359612,-802.1752491359612,0,Medium,0.434789693479969,2026,7,Monsoon
2026-07-27,Karnataka,Bengaluru,Binny Mill (FF&V) Bengaluru APMC,Mango,Totapuri,800,1400,1200,1684.344818925997,-484.34481892599706,0,Medium,0.434789693479969,2026,7,Monsoon
2026-07-28,Karnataka,Bengaluru,Binny Mill (FF&V) Bengaluru APMC,Mango,Totapuri,800,1200,1000,1420.533482636168,-420.53348263616795,0,Medium,0.434789693479969,2026,7,Monsoon
2026-07-29,Karnataka,Bengaluru,Binny Mill (FF&V) Bengaluru APMC,Mango,Neelam,2000,3000,2500,1698.7517057452194,801.2482942547806,0,Medium,0.434789693479969,2026,7,Monsoon
2026-07-30,Karnataka,Bengaluru,Binny Mill (FF&V) Bengaluru APMC,Mango,Totapuri,800,1200,1000,1339.7567090145874,-339.7567090145874,0,Medium,0.434789693479969,2026,7,Monsoon
2026-07-31,Karnataka,Bengaluru,Binny Mill (FF&V) Bengaluru APMC,Mango,Neelam,2000,3000,2500,1794.4470026915417,705.5529973084583,0,Medium,0.434789693479969,2026,7,Monsoon
2026-08-03,Karnataka,Bengaluru,Binny Mill (FF&V) Bengaluru APMC,Mango,Mango,2000,3000,2500,1552.1066865316106,947.8933134683894,0,Medium,0.434789693479969,2026,8,Monsoon
2026-08-05,Karnataka,Bengaluru,Binny Mill (FF&V) Bengaluru APMC,Mango,Mango,1500,3000,2500,1810.3788037321342,689.6211962678658,0,Medium,0.434789693479969,2026,8,Monsoon
2026-08-07,Karnataka,Bengaluru,Binny Mill (FF&V) Bengaluru APMC,Mango,Neelam,1500,3500,2500,2036.1355568818185,463.8644431181815,0,Medium,0.434789693479969,2026,8,Monsoon
2026-06-01,Karnataka,Mysuru,Hunsur APMC,Mango,Other,1300,1300,1300,1304.69890943546,-4.698909435460109,0,Medium,0.434789693479969,2026,6,Monsoon
2023-04-24,Telangana,Karimnagar,Jagtial,Mango,Badami,400,1600,800,1413.1958688417396,-613.1958688417396,1,Medium,0.434789693479969,2023,4,Summer
2023-04-25,Telangana,Karimnagar,Jagtial,Mango,Dusheri,4000,5000,4500,2748.4838992577297,1751.5161007422703,0,Medium,0.434789693479969,2023,4,Summer
2023-04-25,Telangana,Karimnagar,Jagtial,Mango,Totapuri,1200,1200,1200,1876.3549707938523,-676.3549707938523,0,Medium,0.434789693479969,2023,4,Summer
2023-04-26,Telangana,Karimnagar,Jagtial,Mango,Badami,700,1500,1000,2064.087108634595,-1064.087108634595,0,Medium,0.434789693479969,2023,4,Summer
2023-04-26,Telangana,Karimnagar,Jagtial,Mango,Dusheri,4500,5000,4500,2576.7994277786142,1923.2005722213858,0,Medium,0.434789693479969,2023,4,Summer
2023-04-27,Telangana,Karimnagar,Jagtial,Mango,Badami,1700,3500,2600,2146.8203495134408,453.17965048655924,0,Medium,0.434789693479969,2023,4,Summer
2023-04-27,Telangana,Karimnagar,Jagtial,Mango,Dusheri,4500,5000,4600,2794.9254366458426,1805.0745633541574,0,Medium,0.434789693479969,2023,4,Summer
2023-04-28,Telangana,Karimnagar,Jagtial,Mango,Totapuri,800,800,800,2530.6333868740644,-1730.6333868740644,1,Medium,0.434789693479969,2023,4,Summer
2023-04-29,Telangana,Karimnagar,Jagtial,Mango,Totapuri,800,800,800,2452.144032387772,-1652.1440323877719,1,Medium,0.434789693479969,2023,4,Summer
2023-05-01,Telangana,Karimnagar,Jagtial,Mango,Dusheri,3800,5500,5500,3105.302219797336,2394.697780202664,1,Medium,0.434789693479969,2023,5,Summer
2023-05-01,Telangana,Karimnagar,Jagtial,Mango,Totapuri,700,1200,1200,2499.8031748719113,-1299.8031748719113,0,Medium,0.434789693479969,2023,5,Summer
2023-05-02,Telangana,Karimnagar,Jagtial,Mango,Other,5000,5000,5000,3172.0103387486097,1827.9896612513903,0,Medium,0.434789693479969,2023,5,Summer
2023-05-03,Telangana,Karimnagar,Jagtial,Mango,Other,1500,1500,1500,2484.537842833961,-984.5378428339609,0,Medium,0.434789693479969,2023,5,Summer
2023-05-06,Telangana,Karimnagar,Jagtial,Mango,Badami,1400,3000,2400,2623.596281570983,-223.59628157098314,0,Medium,0.434789693479969,2023,5,Summer
2023-05-07,Telangana,Karimnagar,Jagtial,Mango,Other,700,1000,900,2524.88443507439,-1624.8844350743898,0,Medium,0.434789693479969,2023,5,Summer
2023-05-08,Telangana,Karimnagar,Jagtial,Mango,Badami,1200,3200,2500,2961.665988934906,-461.6659889349062,0,Medium,0.434789693479969,2023,5,Summer
2023-05-08,Telangana,Karimnagar,Jagtial,Mango,Badami,500,1100,1000,2012.8739032458911,-1012.8739032458911,0,Medium,0.434789693479969,2023,5,Summer
2023-05-08,Telangana,Karimnagar,Jagtial,Mango,Other,800,1000,1000,2183.980159081092,-1183.980159081092,0,Medium,0.434789693479969,2023,5,Summer
2023-05-10,Telangana,Karimnagar,Jagtial,Mango,Other,6000,6000,6000,2360.9638661545155,3639.0361338454845,1,Medium,0.434789693479969,2023,5,Summer
2023-05-11,Telangana,Karimnagar,Jagtial,Mango,Badami,1300,2700,2200,1803.2323507885937,396.76764921140625,0,Medium,0.434789693479969,2023,5,Summer
2023-05-12,Telangana,Karimnagar,Jagtial,Mango,Badami,1200,2900,2000,2261.246503141164,-261.2465031411639,0,Medium,0.434789693479969,2023,5,Summer
2023-05-13,Telangana,Karimnagar,Jagtial,Mango,Other,4000,4000,4000,2799.5876386569375,1200.4123613430625,0,Medium,0.434789693479969,2023,5,Summer
2023-05-15,Telangana,Karimnagar,Jagtial,Mango,Dusheri,3000,3000,3000,2573.3633385545922,426.63666144540775,0,Medium,0.434789693479969,2023,5,Summer
2023-05-15,Telangana,Karimnagar,Jagtial,Mango,Other,2500,2500,2500,2952.9763155265887,-452.9763155265887,0,Medium,0.434789693479969,2023,5,Summer
2023-05-17,Telangana,Karimnagar,Jagtial,Mango,Other,3000,3000,3000,3360.41071614956,-360.4107161495599,0,Medium,0.434789693479969,2023,5,Summer
2023-05-17,Telangana,Karimnagar,Jagtial,Mango,Totapuri,700,1500,1500,2560.9411517103085,-1060.9411517103085,0,Medium,0.434789693479969,2023,5,Summer
2023-05-19,Telangana,Karimnagar,Jagtial,Mango,Badami,1100,2800,2200,2778.9696584155727,-578.9696584155727,0,Medium,0.434789693479969,2023,5,Summer
2023-05-19,Telangana,Karimnagar,Jagtial,Mango,Other,5000,5000,5000,3171.676696564689,1828.3233034353111,0,Medium,0.434789693479969,2023,5,Summer
2023-05-19,Telangana,Karimnagar,Jagtial,Mango,Totapuri,600,2200,2000,2466.4293656023424,-466.4293656023424,0,Medium,0.434789693479969,2023,5,Summer
2023-05-21,Telangana,Karimnagar,Jagtial,Mango,Badami,1200,2600,2200,2758.018035990288,-558.0180359902879,0,Medium,0.434789693479969,2023,5,Summer
2023-05-22,Telangana,Karimnagar,Jagtial,Mango,Badami,300,1000,800,2411.267231782341,-1611.2672317823408,1,Medium,0.434789693479969,2023,5,Summer
2023-05-25,Telangana,Karimnagar,Jagtial,Mango,Badami,300,1100,1000,2297.7707667297445,-1297.7707667297445,0,Medium,0.434789693479969,2023,5,Summer
2023-05-25,Telangana,Karimnagar,Jagtial,Mango,Totapuri,900,900,900,2173.0751252590853,-1273.0751252590853,0,Medium,0.434789693479969,2023,5,Summer
2023-06-05,Telangana,Karimnagar,Jagtial,Mango,Badami,1800,2700,2300,2190.6895975486154,109.31040245138456,0,Medium,0.434789693479969,2023,6,Monsoon
2023-04-08,Telangana,Karimnagar,Medipally,Mango,Badami,2500,2500,2500,2548.298164941811,-48.29816494181114,0,Medium,0.434789693479969,2023,4,Summer
2023-04-09,Telangana,Karimnagar,Medipally,Mango,Badami,2500,2500,2500,2555.501608351422,-55.501608351421964,0,Medium,0.434789693479969,2023,4,Summer
2023-04-10,Telangana,Karimnagar,Medipally,Mango,Badami,2400,2400,2400,2483.8300043492704,-83.83000434927044,0,Medium,0.434789693479969,2023,4,Summer
2023-04-14,Telangana,Karimnagar,Medipally,Mango,Badami,2500,2500,2500,2531.9087413556813,-31.908741355681286,0,Medium,0.434789693479969,2023,4,Summer
2023-04-17,Telangana,Karimnagar,Medipally,Mango,Badami,2400,2400,2400,2474.3463565011084,-74.3463565011084,0,Medium,0.434789693479969,2023,4,Summer
2023-04-18,Telangana,Karimnagar,Medipally,Mango,Badami,2500,2500,2500,2500.543801911597,-0.5438019115968018,0,Medium,0.434789693479969,2023,4,Summer
2023-04-21,Telangana,Karimnagar,Medipally,Mango,Badami,2300,2300,2300,2476.0639934305195,-176.06399343051953,0,Medium,0.434789693479969,2023,4,Summer
2023-04-27,Telangana,Karimnagar,Medipally,Mango,Badami,2500,2500,2500,2496.010099339047,3.989900660953026,0,Medium,0.434789693479969,2023,4,Summer
2023-05-01,Telangana,Karimnagar,Medipally,Mango,Badami,2000,2000,2000,2356.056887029531,-356.056887029531,0,Medium,0.434789693479969,2023,5,Summer
2023-05-28,Telangana,Karimnagar,Medipally,Mango,Badami,2000,2000,2000,2402.1206926808636,-402.1206926808636,0,Medium,0.434789693479969,2023,5,Summer
2023-05-31,Telangana,Karimnagar,Medipally,Mango,Badami,2000,2000,2000,2292.0185089153188,-292.01850891531876,0,Medium,0.434789693479969,2023,5,Summer
2023-06-11,Telangana,Karimnagar,Medipally,Mango,Badami,1200,1200,1200,2135.1324440825956,-935.1324440825956,0,Medium,0.434789693479969,2023,6,Monsoon
2023-06-13,Telangana,Karimnagar,Medipally,Mango,Badami,2000,2000,2000,2126.425014179995,-126.42501417999483,0,Medium,0.434789693479969,2023,6,Monsoon
2023-06-15,Telangana,Karimnagar,Medipally,Mango,Badami,1500,1500,1500,1902.1722475233005,-402.1722475233005,0,Medium,0.434789693479969,2023,6,Monsoon
2023-06-16,Telangana,Karimnagar,Medipally,Mango,Badami,1200,1200,1200,1765.8996978977978,-565.8996978977978,0,Medium,0.434789693479969,2023,6,Monsoon
2026-04-04,Karnataka,Mysuru,Mysuru APMC,Mango,Other,5000,8000,7000,6190.270371905324,809.7296280946757,1,Medium,0.434789693479969,2026,4,Summer
2026-04-06,Karnataka,Mysuru,Mysuru APMC,Mango,Other,3000,6000,5000,5503.411747749409,-503.4117477494092,0,Medium,0.434789693479969,2026,4,Summer
2026-04-07,Karnataka,Mysuru,Mysuru APMC,Mango,Other,5000,7000,6000,5876.947162822027,123.05283717797283,1,Medium,0.434789693479969,2026,4,Summer
2026-04-09,Karnataka,Mysuru,Mysuru APMC,Mango,Other,3000,7000,6000,5812.508190139526,187.49180986047395,1,Medium,0.434789693479969,2026,4,Summer
2026-04-13,Karnataka,Mysuru,Mysuru APMC,Mango,Other,5200,5200,5200,5677.094085732751,-477.0940857327514,1,Medium,0.434789693479969,2026,4,Summer
2026-04-14,Karnataka,Mysuru,Mysuru APMC,Mango,Other,4000,5500,5000,5679.091952236979,-679.0919522369786,0,Medium,0.434789693479969,2026,4,Summer
2026-04-16,Karnataka,Mysuru,Mysuru APMC,Mango,Other,4000,5500,5000,5720.6483883743385,-720.6483883743385,0,Medium,0.434789693479969,2026,4,Summer
2026-04-17,Karnataka,Mysuru,Mysuru APMC,Mango,Other,6000,7500,7000,5727.85183178395,1272.1481682160502,1,Medium,0.434789693479969,2026,4,Summer
2026-04-20,Karnataka,Mysuru,Mysuru APMC,Mango,Other,4500,7000,6000,5590.119385218317,409.8806147816831,1,Medium,0.434789693479969,2026,4,Summer
2026-04-23,Karnataka,Mysuru,Mysuru APMC,Mango,Other,5000,6500,6000,5747.477462037845,252.52253796215518,1,Medium,0.434789693479969,2026,4,Summer
2026-04-24,Karnataka,Mysuru,Mysuru APMC,Mango,Other,4500,6000,5000,5592.104085193256,-592.1040851932557,0,Medium,0.434789693479969,2026,4,Summer
2026-04-25,Karnataka,Mysuru,Mysuru APMC,Mango,Other,5000,6000,5500,5783.8283212698225,-283.8283212698225,1,Medium,0.434789693479969,2026,4,Summer
2026-04-27,Karnataka,Mysuru,Mysuru APMC,Mango,Other,3000,6000,4500,5598.648820799319,-1098.6488207993189,0,Medium,0.434789693479969,2026,4,Summer
2026-04-28,Karnataka,Mysuru,Mysuru APMC,Mango,Other,3000,6000,4500,5660.311600672523,-1160.3116006725231,0,Medium,0.434789693479969,2026,4,Summer
2026-04-29,Karnataka,Mysuru,Mysuru APMC,Mango,Other,4000,6000,5000,5342.361403573734,-342.3614035737337,0,Medium,0.434789693479969,2026,4,Summer
2026-04-30,Karnataka,Mysuru,Mysuru APMC,Mango,Other,4000,6000,5000,5119.114153433797,-119.11415343379667,0,Medium,0.434789693479969,2026,4,Summer
2026-05-05,Karnataka,Mysuru,Mysuru APMC,Mango,Other,4000,6000,5000,4932.225523724928,67.77447627507172,0,Medium,0.434789693479969,2026,5,Summer
2026-05-09,Karnataka,Mysuru,Mysuru APMC,Mango,Other,4000,6000,5000,4961.039297363372,38.96070263662841,0,Medium,0.434789693479969,2026,5,Summer
2026-05-11,Karnataka,Mysuru,Mysuru APMC,Mango,Other,4000,6000,5000,4843.733670188216,156.2663298117841,0,Medium,0.434789693479969,2026,5,Summer
2026-05-12,Karnataka,Mysuru,Mysuru APMC,Mango,Other,5000,5200,5200,4964.740887775768,235.259112224232,1,Medium,0.434789693479969,2026,5,Summer
2026-05-13,Karnataka,Mysuru,Mysuru APMC,Mango,Other,4000,5200,5000,5026.083191994341,-26.083191994341178,0,Medium,0.434789693479969,2026,5,Summer
2026-05-14,Karnataka,Mysuru,Mysuru APMC,Mango,Other,4000,5250,5000,5060.436184722092,-60.43618472209164,0,Medium,0.434789693479969,2026,5,Summer
2026-05-15,Karnataka,Mysuru,Mysuru APMC,Mango,Other,4000,5230,5000,5067.639628131701,-67.6396281317011,0,Medium,0.434789693479969,2026,5,Summer
2026-05-19,Karnataka,Mysuru,Mysuru APMC,Mango,Other,3100,4000,3500,4802.164067521568,-1302.1640675215676,0,Medium,0.434789693479969,2026,5,Summer
2026-05-20,Karnataka,Mysuru,Mysuru APMC,Mango,Other,1500,4000,3000,4687.835490308818,-1687.8354903088184,0,Medium,0.434789693479969,2026,5,Summer
2026-05-22,Karnataka,Mysuru,Mysuru APMC,Mango,Other,1800,4000,3500,4526.2510200420875,-1026.2510200420875,0,Medium,0.434789693479969,2026,5,Summer
2026-05-23,Karnataka,Mysuru,Mysuru APMC,Mango,Other,2000,4000,3000,4107.911585597109,-1107.9115855971086,0,Medium,0.434789693479969,2026,5,Summer
2026-05-25,Karnataka,Mysuru,Mysuru APMC,Mango,Other,2000,2015,2005,3652.850665183069,-1647.850665183069,0,Medium,0.434789693479969,2026,5,Summer
2026-05-26,Karnataka,Mysuru,Mysuru APMC,Mango,Other,2000,4000,3000,3469.96947594202,-469.9694759420199,0,Medium,0.434789693479969,2026,5,Summer
2026-05-27,Karnataka,Mysuru,Mysuru APMC,Mango,Other,2100,3777,3333,3071.088352130136,261.9116478698638,0,Medium,0.434789693479969,2026,5,Summer
2026-05-29,Karnataka,Mysuru,Mysuru APMC,Mango,Other,2000,4000,3000,2959.0028292075563,40.99717079244374,0,Medium,0.434789693479969,2026,5,Summer
2026-06-01,Karnataka,Mysuru,Mysuru APMC,Mango,Other,2000,4000,3000,2984.785401017686,15.214598982313873,0,Medium,0.434789693479969,2026,6,Monsoon
2026-06-02,Karnataka,Mysuru,Mysuru APMC,Mango,Other,2590,3090,2625,2849.7341267048714,-224.73412670487141,0,Medium,0.434789693479969,2026,6,Monsoon
2026-06-03,Karnataka,Mysuru,Mysuru APMC,Mango,Other,2000,4000,3200,2940.358339136834,259.6416608631662,0,Medium,0.434789693479969,2026,6,Monsoon
2026-06-04,Karnataka,Mysuru,Mysuru APMC,Mango,Other,2000,3030,3000,3031.270764409725,-31.27076440972496,0,Medium,0.434789693479969,2026,6,Monsoon
2026-06-05,Karnataka,Mysuru,Mysuru APMC,Mango,Other,2000,4000,3000,3065.6237571374745,-65.62375713747451,0,Medium,0.434789693479969,2026,6,Monsoon
2026-06-06,Karnataka,Mysuru,Mysuru APMC,Mango,Other,2464,3400,3166,3045.6768715646344,120.32312843536556,0,Medium,0.434789693479969,2026,6,Monsoon
2026-06-08,Karnataka,Mysuru,Mysuru APMC,Mango,Other,2650,3090,3030,2992.00283319015,37.997166809850114,0,Medium,0.434789693479969,2026,6,Monsoon
2026-06-10,Karnataka,Mysuru,Mysuru APMC,Mango,Other,2000,3125,3000,3024.8714135457067,-24.871413545706673,0,Medium,0.434789693479969,2026,6,Monsoon
2026-06-11,Karnataka,Mysuru,Mysuru APMC,Mango,Other,2625,3553,3090,3111.745510771242,-21.745510771242152,0,Medium,0.434789693479969,2026,6,Monsoon
2026-06-12,Karnataka,Mysuru,Mysuru APMC,Mango,Other,2625,3553,3000,3074.21629293685,-74.2162929368501,0,Medium,0.434789693479969,2026,6,Monsoon
2026-06-17,Karnataka,Mysuru,Mysuru APMC,Mango,Other,2500,3200,3000,3072.0267033107903,-72.02670331079025,0,Medium,0.434789693479969,2026,6,Monsoon
2026-06-18,Karnataka,Mysuru,Mysuru APMC,Mango,Other,2500,2800,2631,3019.2393000466013,-388.23930004660133,0,Medium,0.434789693479969,2026,6,Monsoon
2026-06-19,Karnataka,Mysuru,Mysuru APMC,Mango,Other,2800,3450,3333,3103.6839909306304,229.31600906936956,0,Medium,0.434789693479969,2026,6,Monsoon
2026-06-20,Karnataka,Mysuru,Mysuru APMC,Mango,Other,2500,3333,3280,3056.236721297124,223.76327870287605,0,Medium,0.434789693479969,2026,6,Monsoon
2026-06-22,Karnataka,Mysuru,Mysuru APMC,Mango,Other,2200,3625,2500,2946.1257246912746,-446.1257246912746,0,Medium,0.434789693479969,2026,6,Monsoon
2026-06-23,Karnataka,Mysuru,Mysuru APMC,Mango,Other,2800,3530,3200,3077.09586066959,122.90413933041009,0,Medium,0.434789693479969,2026,6,Monsoon
2026-06-24,Karnataka,Mysuru,Mysuru APMC,Mango,Other,2800,4000,3200,3021.791245516555,178.20875448344486,0,Medium,0.434789693479969,2026,6,Monsoon
2026-06-25,Karnataka,Mysuru,Mysuru APMC,Mango,Other,2500,4000,3000,3028.994688926166,-28.994688926165963,0,Medium,0.434789693479969,2026,6,Monsoon
2026-06-26,Karnataka,Mysuru,Mysuru APMC,Mango,Other,3000,4500,3500,3204.626938454817,295.3730615451832,0,Medium,0.434789693479969,2026,6,Monsoon
2026-06-27,Karnataka,Mysuru,Mysuru APMC,Mango,Other,2800,4000,3300,3138.591473500692,161.4085264993082,0,Medium,0.434789693479969,2026,6,Monsoon
2026-06-29,Karnataka,Mysuru,Mysuru APMC,Mango,Other,2500,3800,3000,3084.202296099599,-84.20229609959915,0,Medium,0.434789693479969,2026,6,Monsoon
2026-06-30,Karnataka,Mysuru,Mysuru APMC,Mango,Other,3000,3500,3000,3213.4184736135194,-213.41847361351938,0,Medium,0.434789693479969,2026,6,Monsoon
2026-07-01,Karnataka,Mysuru,Mysuru APMC,Mango,Other,2800,3000,2800,3145.686266286005,-345.68626628600487,0,Medium,0.434789693479969,2026,7,Monsoon
2026-07-02,Karnataka,Mysuru,Mysuru APMC,Mango,Other,2800,3500,3000,3147.523894962915,-147.52389496291516,0,Medium,0.434789693479969,2026,7,Monsoon
2026-07-03,Karnataka,Mysuru,Mysuru APMC,Mango,Other,2955,3300,3250,3168.221994117938,81.77800588206219,0,Medium,0.434789693479969,2026,7,Monsoon
2026-07-04,Karnataka,Mysuru,Mysuru APMC,Mango,Other,2250,3230,3000,3060.2000907527745,-60.200090752774486,0,Medium,0.434789693479969,2026,7,Monsoon
2026-07-06,Karnataka,Mysuru,Mysuru APMC,Mango,Other,2778,3333,3020,3012.598300681216,7.4016993187838125,0,Medium,0.434789693479969,2026,7,Monsoon
2026-07-07,Karnataka,Mysuru,Mysuru APMC,Mango,Other,2750,3555,3333,3071.2248703036626,261.77512969633744,0,Medium,0.434789693479969,2026,7,Monsoon
2026-07-08,Karnataka,Mysuru,Mysuru APMC,Mango,Other,2480,2857,2717,2989.9300288984477,-272.93002889844774,0,Medium,0.434789693479969,2026,7,Monsoon
2026-07-09,Karnataka,Mysuru,Mysuru APMC,Mango,Other,2470,3333,3230,3150.662116917232,79.3378830827678,0,Medium,0.434789693479969,2026,7,Monsoon
2026-07-10,Karnataka,Mysuru,Mysuru APMC,Mango,Other,2833,3376,3125,3108.549068857593,16.45093114240717,0,Medium,0.434789693479969,2026,7,Monsoon
2026-07-11,Karnataka,Mysuru,Mysuru APMC,Mango,Other,3294,3631,3571,3182.193184960825,388.80681503917504,0,Medium,0.434789693479969,2026,7,Monsoon
2026-07-13,Karnataka,Mysuru,Mysuru APMC,Mango,Other,2630,3570,3125,3105.9545754650953,19.04542453490467,0,Medium,0.434789693479969,2026,7,Monsoon
2026-07-14,Karnataka,Mysuru,Mysuru APMC,Mango,Other,2380,3400,3090,3185.08189127195,-95.0818912719501,0,Medium,0.434789693479969,2026,7,Monsoon
2026-07-15,Karnataka,Mysuru,Mysuru APMC,Mango,Other,2769,2769,2769,3105.343179188866,-336.3431791888661,0,Medium,0.434789693479969,2026,7,Monsoon
2026-07-16,Karnataka,Mysuru,Mysuru APMC,Mango,Other,2490,3410,2600,3137.1001612843484,-537.1001612843484,0,Medium,0.434789693479969,2026,7,Monsoon
2026-07-17,Karnataka,Mysuru,Mysuru APMC,Mango,Other,2800,3625,2940,3120.0976959940695,-180.09769599406945,0,Medium,0.434789693479969,2026,7,Monsoon
2026-07-18,Karnataka,Mysuru,Mysuru APMC,Mango,Other,3330,3750,3570,3153.493590575963,416.506409424037,0,Medium,0.434789693479969,2026,7,Monsoon
2026-07-20,Karnataka,Mysuru,Mysuru APMC,Mango,Other,2630,3800,2770,2901.7312601521553,-131.7312601521553,0,Medium,0.434789693479969,2026,7,Monsoon
2026-07-21,Karnataka,Mysuru,Mysuru APMC,Mango,Other,2700,3560,3000,2997.2107983025467,2.7892016974533362,0,Medium,0.434789693479969,2026,7,Monsoon
2026-07-22,Karnataka,Mysuru,Mysuru APMC,Mango,Other,2800,3360,3090,2973.192259996298,116.80774000370184,0,Medium,0.434789693479969,2026,7,Monsoon
2026-07-23,Karnataka,Mysuru,Mysuru APMC,Mango,Other,2770,3125,3090,3020.3655655143452,69.63443448565477,0,Medium,0.434789693479969,2026,7,Monsoon
2026-07-24,Karnataka,Mysuru,Mysuru APMC,Mango,Other,2530,3000,2850,3068.2132139875066,-218.2132139875066,0,Medium,0.434789693479969,2026,7,Monsoon
2026-07-25,Karnataka,Mysuru,Mysuru APMC,Mango,Other,2770,3330,3000,3117.750725794136,-117.75072579413609,0,Medium,0.434789693479969,2026,7,Monsoon
2026-07-27,Karnataka,Mysuru,Mysuru APMC,Mango,Other,2850,2850,2850,2944.3160361744517,-94.31603617445171,0,Medium,0.434789693479969,2026,7,Monsoon
2026-07-29,Karnataka,Mysuru,Mysuru APMC,Mango,Other,2720,2900,2770,2979.085084982278,-209.0850849822782,0,Medium,0.434789693479969,2026,7,Monsoon
2026-07-30,Karnataka,Mysuru,Mysuru APMC,Mango,Other,2630,3340,2830,2969.510288675931,-139.51028867593095,0,Medium,0.434789693479969,2026,7,Monsoon
2026-07-31,Karnataka,Mysuru,Mysuru APMC,Mango,Other,2800,2950,2930,2942.556576049428,-12.556576049427804,0,Medium,0.434789693479969,2026,7,Monsoon
2026-08-01,Karnataka,Mysuru,Mysuru APMC,Mango,Other,2720,2900,2830,2884.010348898433,-54.01034889843322,0,Medium,0.434789693479969,2026,8,Monsoon
2026-08-03,Karnataka,Mysuru,Mysuru APMC,Mango,Other,2800,2800,2800,2853.4390654967365,-53.439065496736475,0,Medium,0.434789693479969,2026,8,Monsoon
2026-08-04,Karnataka,Mysuru,Mysuru APMC,Mango,Other,2850,2850,2850,2840.328418265939,9.671581734060965,0,Medium,0.434789693479969,2026,8,Monsoon
2026-08-05,Karnataka,Mysuru,Mysuru APMC,Mango,Other,2630,3125,3000,2865.1309973841453,134.8690026158547,0,Medium,0.434789693479969,2026,8,Monsoon
2026-08-06,Karnataka,Mysuru,Mysuru APMC,Mango,Other,3000,3200,3150,2913.751470501748,236.24852949825208,0,Medium,0.434789693479969,2026,8,Monsoon
2026-04-02,Karnataka,Belagavi,Belgaum APMC,Onion,Pusa-Red,500,1400,1000,1030.3431795303043,-30.34317953030427,0,High,0.4804421443419933,2026,4,Summer
2026-04-04,Karnataka,Belagavi,Belgaum APMC,Onion,Pusa-Red,500,1500,1200,1120.6192491348206,79.38075086517938,0,High,0.4804421443419933,2026,4,Summer
2026-04-06,Karnataka,Belagavi,Belgaum APMC,Onion,Pusa-Red,500,1500,1200,1095.3870741612727,104.61292583872728,0,High,0.4804421443419933,2026,4,Summer
2026-04-07,Karnataka,Belagavi,Belgaum APMC,Onion,Pusa-Red,500,1500,1200,1125.3512724064722,74.64872759352784,0,High,0.4804421443419933,2026,4,Summer
2026-04-08,Karnataka,Belagavi,Belgaum APMC,Onion,Pusa-Red,500,1500,1200,1147.7285523731418,52.27144762685816,0,High,0.4804421443419933,2026,4,Summer
2026-04-09,Karnataka,Belagavi,Belgaum APMC,Onion,Pusa-Red,500,1500,1200,1165.7704504663666,34.22954953363342,0,High,0.4804421443419933,2026,4,Summer
2026-04-10,Karnataka,Belagavi,Belgaum APMC,Onion,Pusa-Red,500,1500,1200,1205.4892579268173,-5.489257926817345,0,High,0.4804421443419933,2026,4,Summer
2026-04-11,Karnataka,Belagavi,Belgaum APMC,Onion,Pusa-Red,500,1600,1400,1277.7234294381096,122.27657056189037,0,High,0.4804421443419933,2026,4,Summer
2026-04-13,Karnataka,Belagavi,Belgaum APMC,Onion,Pusa-Red,500,1600,1400,1247.072027122755,152.9279728772451,0,High,0.4804421443419933,2026,4,Summer
2026-04-15,Karnataka,Belagavi,Belgaum APMC,Onion,Pusa-Red,500,1500,1300,1277.7365959673969,22.263404032603148,0,High,0.4804421443419933,2026,4,Summer
2026-04-16,Karnataka,Belagavi,Belgaum APMC,Onion,Pusa-Red,500,1500,1300,1314.7724960614978,-14.772496061497804,0,High,0.4804421443419933,2026,4,Summer
2026-04-17,Karnataka,Belagavi,Belgaum APMC,Onion,Pusa-Red,500,1500,1300,1338.233621496529,-38.23362149652894,0,High,0.4804421443419933,2026,4,Summer
2026-04-21,Karnataka,Belagavi,Belgaum APMC,Onion,Pusa-Red,500,1000,800,1251.5925631660155,-451.59256316601545,0,High,0.4804421443419933,2026,4,Summer
2026-04-22,Karnataka,Belagavi,Belgaum APMC,Onion,Pusa-Red,500,1500,1200,1326.669879870974,-126.669879870974,0,High,0.4804421443419933,2026,4,Summer
2026-04-23,Karnataka,Belagavi,Belgaum APMC,Onion,Pusa-Red,500,1500,1200,1247.0588605934668,-47.05886059346676,0,High,0.4804421443419933,2026,4,Summer
2026-04-24,Karnataka,Belagavi,Belgaum APMC,Onion,Pusa-Red,500,1500,1200,1221.7469399522379,-21.74693995223788,0,High,0.4804421443419933,2026,4,Summer
2026-04-25,Karnataka,Belagavi,Belgaum APMC,Onion,Pusa-Red,500,1600,1300,1228.950383361849,71.04961663815106,0,High,0.4804421443419933,2026,4,Summer
2026-04-27,Karnataka,Belagavi,Belgaum APMC,Onion,Pusa-Red,500,1600,1300,1179.358391654724,120.64160834527593,0,High,0.4804421443419933,2026,4,Summer
2026-04-28,Karnataka,Belagavi,Belgaum APMC,Onion,Pusa-Red,500,1600,1300,1186.5618350643351,113.43816493566487,0,High,0.4804421443419933,2026,4,Summer
2026-05-02,Karnataka,Belagavi,Belgaum APMC,Onion,Pusa-Red,500,1600,1300,1286.7590961944352,13.240903805564813,0,High,0.4804421443419933,2026,5,Summer
2026-05-04,Karnataka,Belagavi,Belgaum APMC,Onion,Pusa-Red,500,1600,1300,1266.9995611717995,33.00043882820046,0,High,0.4804421443419933,2026,5,Summer
2026-05-05,Karnataka,Belagavi,Belgaum APMC,Onion,Pusa-Red,500,1600,1300,1290.4606866068311,9.539313393168868,0,High,0.4804421443419933,2026,5,Summer
2026-05-07,Karnataka,Belagavi,Belgaum APMC,Onion,Pusa-Red,500,1500,1200,1304.8675734260532,-104.86757342605324,0,High,0.4804421443419933,2026,5,Summer
2026-05-08,Karnataka,Belagavi,Belgaum APMC,Onion,Pusa-Red,500,1500,1200,1309.3881094693133,-109.38810946931335,0,High,0.4804421443419933,2026,5,Summer
2026-05-09,Karnataka,Belagavi,Belgaum APMC,Onion,Pusa-Red,500,1500,1200,1300.3338708535048,-100.33387085350478,0,High,0.4804421443419933,2026,5,Summer
2026-05-12,Karnataka,Belagavi,Belgaum APMC,Onion,Pusa-Red,500,1500,1200,1255.2624151896405,-55.26241518964048,0,High,0.4804421443419933,2026,5,Summer
2026-05-14,Karnataka,Belagavi,Belgaum APMC,Onion,Pusa-Red,500,1600,1300,1269.6693020088626,30.330697991137413,0,High,0.4804421443419933,2026,5,Summer
2026-05-15,Karnataka,Belagavi,Belgaum APMC,Onion,Pusa-Red,500,1600,1300,1263.297970759404,36.70202924059595,0,High,0.4804421443419933,2026,5,Summer
2026-05-18,Karnataka,Belagavi,Belgaum APMC,Onion,Pusa-Red,500,1900,1600,1283.25724319722,316.7427568027799,0,High,0.4804421443419933,2026,5,Summer
2026-05-19,Karnataka,Belagavi,Belgaum APMC,Onion,Pusa-Red,500,1900,1600,1314.7670907313031,285.23290926869686,0,High,0.4804421443419933,2026,5,Summer
2026-05-21,Karnataka,Belagavi,Belgaum APMC,Onion,Pusa-Red,500,1900,1300,1345.4316595759453,-45.43165957594533,0,High,0.4804421443419933,2026,5,Summer
2026-05-22,Karnataka,Belagavi,Belgaum APMC,Onion,Pusa-Red,500,1900,1300,1409.6171089881846,-109.61710898818455,0,High,0.4804421443419933,2026,5,Summer
2026-05-23,Karnataka,Belagavi,Belgaum APMC,Onion,Pusa-Red,500,1800,1300,1433.0782344232161,-133.07823442321614,0,High,0.4804421443419933,2026,5,Summer
2026-05-26,Karnataka,Belagavi,Belgaum APMC,Onion,Pusa-Red,500,1800,1300,1404.2644607847717,-104.2644607847717,0,High,0.4804421443419933,2026,5,Summer
2026-06-01,Karnataka,Belagavi,Belgaum APMC,Onion,Pusa-Red,500,2000,1700,1471.484091310714,228.5159086892861,0,High,0.4804421443419933,2026,6,Monsoon
2026-06-02,Karnataka,Belagavi,Belgaum APMC,Onion,Pusa-Red,500,2000,1700,1440.6461181094671,259.3538818905329,0,High,0.4804421443419933,2026,6,Monsoon
2026-06-03,Karnataka,Belagavi,Belgaum APMC,Onion,Pusa-Red,500,2500,2000,1512.8802896207587,487.11971037924127,0,High,0.4804421443419933,2026,6,Monsoon
2026-06-06,Karnataka,Belagavi,Belgaum APMC,Onion,Pusa-Red,500,2200,1800,1575.054705999484,224.94529400051601,0,High,0.4804421443419933,2026,6,Monsoon
2026-06-09,Karnataka,Belagavi,Belgaum APMC,Onion,Pusa-Red,500,2200,1800,1654.6788918062791,145.32110819372087,0,High,0.4804421443419933,2026,6,Monsoon
2026-06-10,Karnataka,Belagavi,Belgaum APMC,Onion,Pusa-Red,500,2200,1800,1743.170745342991,56.82925465700896,0,High,0.4804421443419933,2026,6,Monsoon
2026-06-11,Karnataka,Belagavi,Belgaum APMC,Onion,Pusa-Red,500,2200,1800,1831.662598879702,-31.662598879702045,0,High,0.4804421443419933,2026,6,Monsoon
2026-06-12,Karnataka,Belagavi,Belgaum APMC,Onion,Pusa-Red,500,2200,1800,1855.1237243147336,-55.123724314733636,0,High,0.4804421443419933,2026,6,Monsoon
2026-06-13,Karnataka,Belagavi,Belgaum APMC,Onion,Pusa-Red,500,2200,1800,1878.5848497497648,-78.58484974976477,0,High,0.4804421443419933,2026,6,Monsoon
2026-06-15,Karnataka,Belagavi,Belgaum APMC,Onion,Pusa-Red,500,2200,1800,1810.0522686508687,-10.052268650868655,0,High,0.4804421443419933,2026,6,Monsoon
2026-06-16,Karnataka,Belagavi,Belgaum APMC,Onion,Pusa-Red,500,2200,1800,1817.25571206048,-17.255712060479937,0,High,0.4804421443419933,2026,6,Monsoon
2026-06-17,Karnataka,Belagavi,Belgaum APMC,Onion,Pusa-Red,1000,2600,2200,1889.4898835717715,310.51011642822846,0,High,0.4804421443419933,2026,6,Monsoon
2026-06-18,Karnataka,Belagavi,Belgaum APMC,Onion,Pusa-Red,1000,2600,2200,1907.4249564467852,292.57504355321475,0,High,0.4804421443419933,2026,6,Monsoon
2026-06-20,Karnataka,Belagavi,Belgaum APMC,Onion,Pusa-Red,500,2500,2200,1986.8625713676881,213.13742863231187,0,High,0.4804421443419933,2026,6,Monsoon
2026-06-23,Karnataka,Belagavi,Belgaum APMC,Onion,Pusa-Red,500,2500,2200,2023.0795258309238,176.92047416907621,0,High,0.4804421443419933,2026,6,Monsoon
2026-06-24,Karnataka,Belagavi,Belgaum APMC,Onion,Pusa-Red,1000,2700,2400,2127.829061393055,272.1709386069451,0,High,0.4804421443419933,2026,6,Monsoon
2026-06-25,Karnataka,Belagavi,Belgaum APMC,Onion,Pusa-Red,1000,2700,2400,2205.429047637048,194.57095236295208,0,High,0.4804421443419933,2026,6,Monsoon
2026-06-29,Karnataka,Belagavi,Belgaum APMC,Onion,Pusa-Red,1000,3000,2500,2297.6224915861553,202.37750841384468,0,High,0.4804421443419933,2026,6,Monsoon
2026-07-02,Karnataka,Belagavi,Belgaum APMC,Onion,Pusa-Red,1000,2800,2400,2328.2684885713143,71.73151142868574,0,High,0.4804421443419933,2026,7,Monsoon
2026-07-03,Karnataka,Belagavi,Belgaum APMC,Onion,Pusa-Red,1000,2800,2400,2381.5620706908358,18.437929309164247,0,High,0.4804421443419933,2026,7,Monsoon
2026-07-04,Karnataka,Belagavi,Belgaum APMC,Onion,Pusa-Red,1000,2800,2400,2421.2808781512867,-21.280878151286743,0,High,0.4804421443419933,2026,7,Monsoon
2026-07-06,Karnataka,Belagavi,Belgaum APMC,Onion,Pusa-Red,1000,2800,2400,2417.7790251540714,-17.779025154071405,0,High,0.4804421443419933,2026,7,Monsoon
2026-07-07,Karnataka,Belagavi,Belgaum APMC,Onion,Pusa-Red,1000,2800,2400,2424.9824685636822,-24.982468563682232,0,High,0.4804421443419933,2026,7,Monsoon
2026-07-08,Karnataka,Belagavi,Belgaum APMC,Onion,Pusa-Red,1000,3000,2400,2432.1859119732935,-32.185911973293514,0,High,0.4804421443419933,2026,7,Monsoon
2026-07-09,Karnataka,Belagavi,Belgaum APMC,Onion,Pusa-Red,1000,3000,2400,2423.1316733574845,-23.131673357484487,0,High,0.4804421443419933,2026,7,Monsoon
2026-07-10,Karnataka,Belagavi,Belgaum APMC,Onion,Pusa-Red,1000,3000,2400,2430.3351167670958,-30.33511676709577,0,High,0.4804421443419933,2026,7,Monsoon
2026-07-11,Karnataka,Belagavi,Belgaum APMC,Onion,Pusa-Red,1000,3000,2400,2437.5385601767066,-37.538560176706596,0,High,0.4804421443419933,2026,7,Monsoon
2026-07-14,Karnataka,Belagavi,Belgaum APMC,Onion,Pusa-Red,1000,3000,2400,2408.7247865382624,-8.724786538262379,0,High,0.4804421443419933,2026,7,Monsoon
2026-07-15,Karnataka,Belagavi,Belgaum APMC,Onion,Pusa-Red,1000,2800,2400,2415.928229947873,-15.928229947873206,0,High,0.4804421443419933,2026,7,Monsoon
2026-07-16,Karnataka,Belagavi,Belgaum APMC,Onion,Pusa-Red,1000,2800,2400,2423.1316733574845,-23.131673357484487,0,High,0.4804421443419933,2026,7,Monsoon
2026-07-18,Karnataka,Belagavi,Belgaum APMC,Onion,Pusa-Red,1000,3000,2500,2453.796242202127,46.203757797873095,0,High,0.4804421443419933,2026,7,Monsoon
2026-07-22,Karnataka,Belagavi,Belgaum APMC,Onion,Pusa-Red,1000,2800,2400,2418.611137314224,-18.611137314223924,0,High,0.4804421443419933,2026,7,Monsoon
2026-07-28,Karnataka,Belagavi,Belgaum APMC,Onion,Pusa-Red,1000,3000,2500,2441.2401505891025,58.75984941089746,0,High,0.4804421443419933,2026,7,Monsoon
2026-07-29,Karnataka,Belagavi,Belgaum APMC,Onion,Pusa-Red,1000,3000,2500,2451.126501365064,48.87349863493591,0,High,0.4804421443419933,2026,7,Monsoon
2026-07-31,Karnataka,Belagavi,Belgaum APMC,Onion,Pusa-Red,1000,3000,2500,2481.7910702097065,18.208929790293496,0,High,0.4804421443419933,2026,7,Monsoon
2026-08-01,Karnataka,Belagavi,Belgaum APMC,Onion,Pusa-Red,2000,3000,2800,2544.120319085553,255.8796809144469,1,High,0.4804421443419933,2026,8,Monsoon
2026-08-03,Karnataka,Belagavi,Belgaum APMC,Onion,Pusa-Red,2000,3000,2800,2532.4095061619705,267.5904938380295,1,High,0.4804421443419933,2026,8,Monsoon
2026-08-04,Karnataka,Belagavi,Belgaum APMC,Onion,Pusa-Red,2000,3000,2800,2588.3859956478414,211.61400435215864,1,High,0.4804421443419933,2026,8,Monsoon
2026-08-05,Karnataka,Belagavi,Belgaum APMC,Onion,Pusa-Red,1000,3200,2700,2644.3624851337127,55.63751486628735,1,High,0.4804421443419933,2026,8,Monsoon
2026-08-06,Karnataka,Belagavi,Belgaum APMC,Onion,Pusa-Red,1000,3200,2700,2697.6560672532332,2.343932746766768,1,High,0.4804421443419933,2026,8,Monsoon
2026-08-08,Karnataka,Belagavi,Belgaum APMC,Onion,Pusa-Red,1000,3200,2700,2744.5783181232955,-44.5783181232955,1,High,0.4804421443419933,2026,8,Monsoon
2026-04-01,Karnataka,Bengaluru,Bengaluru APMC,Onion,Bangalore-Samall,200,500,300,449.4744595263651,-149.47445952636508,0,High,0.4804421443419933,2026,4,Summer
2026-04-01,Karnataka,Bengaluru,Bengaluru APMC,Onion,Puna,800,1500,1200,774.708218948425,425.29178105157496,0,High,0.4804421443419933,2026,4,Summer
2026-04-01,Karnataka,Bengaluru,Bengaluru APMC,Onion,Onion,800,1300,1000,737.8880776502552,262.11192234974476,0,High,0.4804421443419933,2026,4,Summer
2026-04-02,Karnataka,Bengaluru,Bengaluru APMC,Onion,Local,500,800,600,732.4097494157261,-132.40974941572608,0,High,0.4804421443419933,2026,4,Summer
2026-04-02,Karnataka,Bengaluru,Bengaluru APMC,Onion,Bangalore-Samall,200,500,300,703.2527469881808,-403.2527469881808,0,High,0.4804421443419933,2026,4,Summer
2026-04-02,Karnataka,Bengaluru,Bengaluru APMC,Onion,Puna,800,1500,1200,830.6847084342965,369.31529156570355,0,High,0.4804421443419933,2026,4,Summer
2026-04-02,Karnataka,Bengaluru,Bengaluru APMC,Onion,Onion,800,1300,1000,773.5424646043515,226.4575353956485,0,High,0.4804421443419933,2026,4,Summer
2026-04-03,Karnataka,Bengaluru,Bengaluru APMC,Onion,Local,500,800,600,856.6685034083619,-256.66850340836186,0,High,0.4804421443419933,2026,4,Summer
2026-04-03,Karnataka,Bengaluru,Bengaluru APMC,Onion,Bangalore-Samall,200,500,300,764.648463815859,-464.64846381585903,0,High,0.4804421443419933,2026,4,Summer
2026-04-03,Karnataka,Bengaluru,Bengaluru APMC,Onion,Onion,800,1300,1000,805.3727877930675,194.62721220693254,0,High,0.4804421443419933,2026,4,Summer
2026-04-04,Karnataka,Bengaluru,Bengaluru APMC,Onion,Local,500,800,600,717.5528085891922,-117.55280858919218,0,High,0.4804421443419933,2026,4,Summer
2026-04-04,Karnataka,Bengaluru,Bengaluru APMC,Onion,Bangalore-Samall,200,500,300,771.8519072254701,-471.8519072254701,0,High,0.4804421443419933,2026,4,Summer
2026-04-04,Karnataka,Bengaluru,Bengaluru APMC,Onion,Onion,800,1300,1000,780.0608671518382,219.93913284816176,0,High,0.4804421443419933,2026,4,Summer
2026-04-06,Karnataka,Bengaluru,Bengaluru APMC,Onion,Local,500,800,600,583.9894993886161,16.010500611383918,0,High,0.4804421443419933,2026,4,Summer
2026-04-06,Karnataka,Bengaluru,Bengaluru APMC,Onion,Onion,800,1300,1000,703.3193261265743,296.6806738734257,0,High,0.4804421443419933,2026,4,Summer
2026-04-06,Karnataka,Bengaluru,Bengaluru APMC,Onion,Bangalore-Samall,200,500,300,649.0202274902964,-349.0202274902964,0,High,0.4804421443419933,2026,4,Summer
2026-04-07,Karnataka,Bengaluru,Bengaluru APMC,Onion,Puna,800,1500,1200,783.7624575642342,416.2375424357658,0,High,0.4804421443419933,2026,4,Summer
2026-04-07,Karnataka,Bengaluru,Bengaluru APMC,Onion,Onion,800,1300,1000,726.6202137342892,273.3797862657108,0,High,0.4804421443419933,2026,4,Summer
2026-04-07,Karnataka,Bengaluru,Bengaluru APMC,Onion,Bangalore-Samall,200,500,300,753.7697630524282,-453.7697630524282,0,High,0.4804421443419933,2026,4,Summer
2026-04-07,Karnataka,Bengaluru,Bengaluru APMC,Onion,Local,500,800,600,783.7624575642342,-183.76245756423418,0,High,0.4804421443419933,2026,4,Summer
2026-04-08,Karnataka,Bengaluru,Bengaluru APMC,Onion,Bangalore-Samall,200,500,300,701.4685309203765,-401.46853092037645,0,High,0.4804421443419933,2026,4,Summer
2026-04-08,Karnataka,Bengaluru,Bengaluru APMC,Onion,Local,500,800,600,677.1621267959046,-77.16212679590456,0,High,0.4804421443419933,2026,4,Summer
2026-04-08,Karnataka,Bengaluru,Bengaluru APMC,Onion,Puna,800,1500,1200,782.756941047477,417.24305895252303,0,High,0.4804421443419933,2026,4,Summer
2026-04-08,Karnataka,Bengaluru,Bengaluru APMC,Onion,Onion,800,1300,1000,668.79292904222,331.20707095778005,0,High,0.4804421443419933,2026,4,Summer
2026-04-09,Karnataka,Bengaluru,Bengaluru APMC,Onion,Local,500,800,600,638.1151936682895,-38.11519366828952,0,High,0.4804421443419933,2026,4,Summer
2026-04-09,Karnataka,Bengaluru,Bengaluru APMC,Onion,Bangalore-Samall,200,500,300,692.4142923045674,-392.4142923045674,0,High,0.4804421443419933,2026,4,Summer
2026-04-09,Karnataka,Bengaluru,Bengaluru APMC,Onion,Onion,800,1300,1000,798.1693443834563,201.8306556165437,0,High,0.4804421443419933,2026,4,Summer
2026-04-10,Karnataka,Bengaluru,Bengaluru APMC,Onion,Puna,800,1500,1200,856.6685034083619,343.33149659163814,0,High,0.4804421443419933,2026,4,Summer
2026-04-10,Karnataka,Bengaluru,Bengaluru APMC,Onion,Local,500,800,600,829.518954090223,-229.51895409022302,0,High,0.4804421443419933,2026,4,Summer
2026-04-10,Karnataka,Bengaluru,Bengaluru APMC,Onion,Bangalore-Samall,200,500,300,764.648463815859,-464.64846381585903,0,High,0.4804421443419933,2026,4,Summer
2026-04-10,Karnataka,Bengaluru,Bengaluru APMC,Onion,Onion,800,1300,1000,805.3727877930675,194.62721220693254,0,High,0.4804421443419933,2026,4,Summer
2026-04-11,Karnataka,Bengaluru,Bengaluru APMC,Onion,Bangalore-Samall,200,500,300,668.7797625129318,-368.7797625129318,0,High,0.4804421443419933,2026,4,Summer
2026-04-11,Karnataka,Bengaluru,Bengaluru APMC,Onion,Puna,800,1500,1200,910.122323355199,289.877676644801,0,High,0.4804421443419933,2026,4,Summer
2026-04-11,Karnataka,Bengaluru,Bengaluru APMC,Onion,Local,500,800,600,722.9186233218935,-122.9186233218935,0,High,0.4804421443419933,2026,4,Summer
2026-04-13,Karnataka,Bengaluru,Bengaluru APMC,Onion,Bangalore-Samall,200,500,300,622.030915999474,-322.030915999474,0,High,0.4804421443419933,2026,4,Summer
2026-04-13,Karnataka,Bengaluru,Bengaluru APMC,Onion,Local,500,800,600,662.7552399766824,-62.75523997668245,0,High,0.4804421443419933,2026,4,Summer
2026-04-13,Karnataka,Bengaluru,Bengaluru APMC,Onion,Puna,800,1500,1200,768.3500542282547,431.64994577174525,0,High,0.4804421443419933,2026,4,Summer
2026-04-15,Karnataka,Bengaluru,Bengaluru APMC,Onion,Puna,800,1300,1100,717.5659751184802,382.4340248815198,0,High,0.4804421443419933,2026,4,Summer
2026-04-15,Karnataka,Bengaluru,Bengaluru APMC,Onion,Onion,1000,1300,1100,861.2022059809104,238.79779401908957,0,High,0.4804421443419933,2026,4,Summer
2026-04-15,Karnataka,Bengaluru,Bengaluru APMC,Onion,Bangalore-Samall,200,500,300,714.8830677521297,-414.8830677521297,0,High,0.4804421443419933,2026,4,Summer
2026-04-15,Karnataka,Bengaluru,Bengaluru APMC,Onion,Local,500,800,600,823.4812650246854,-223.4812650246854,0,High,0.4804421443419933,2026,4,Summer
2026-04-16,Karnataka,Bengaluru,Bengaluru APMC,Onion,Local,500,800,600,838.7334305333483,-238.73343053334827,0,High,0.4804421443419933,2026,4,Summer
2026-04-16,Karnataka,Bengaluru,Bengaluru APMC,Onion,Onion,1000,1300,1100,920.0218406604487,179.97815933955133,0,High,0.4804421443419933,2026,4,Summer
2026-04-16,Karnataka,Bengaluru,Bengaluru APMC,Onion,Puna,800,1300,1100,835.8902853396813,264.1097146603187,0,High,0.4804421443419933,2026,4,Summer
2026-04-16,Karnataka,Bengaluru,Bengaluru APMC,Onion,Bangalore-Samall,200,500,300,705.8288291363207,-405.8288291363207,0,High,0.4804421443419933,2026,4,Summer
2026-04-17,Karnataka,Bengaluru,Bengaluru APMC,Onion,Onion,1000,1300,1100,821.6304698184874,278.3695301815126,0,High,0.4804421443419933,2026,4,Summer
2026-04-17,Karnataka,Bengaluru,Bengaluru APMC,Onion,Local,500,800,600,761.805318622192,-161.80531862219198,0,High,0.4804421443419933,2026,4,Summer
2026-04-17,Karnataka,Bengaluru,Bengaluru APMC,Onion,Puna,800,1300,1100,910.9676020446398,189.03239795536024,0,High,0.4804421443419933,2026,4,Summer
2026-04-17,Karnataka,Bengaluru,Bengaluru APMC,Onion,Bangalore-Samall,200,500,300,794.3206826730321,-494.32068267303214,0,High,0.4804421443419933,2026,4,Summer
2026-04-18,Karnataka,Bengaluru,Bengaluru APMC,Onion,Local,500,800,600,828.8339132280985,-228.83391322809848,0,High,0.4804421443419933,2026,4,Summer
2026-04-18,Karnataka,Bengaluru,Bengaluru APMC,Onion,Puna,800,1300,1100,788.10958925089,311.89041074910995,0,High,0.4804421443419933,2026,4,Summer
2026-04-18,Karnataka,Bengaluru,Bengaluru APMC,Onion,Bangalore-Samall,200,500,300,720.2357159555428,-420.2357159555428,0,High,0.4804421443419933,2026,4,Summer
2026-04-20,Karnataka,Bengaluru,Bengaluru APMC,Onion,Onion,1000,1300,1100,792.8166961800431,307.1833038199569,0,High,0.4804421443419933,2026,4,Summer
2026-04-20,Karnataka,Bengaluru,Bengaluru APMC,Onion,Bangalore-Samall,200,500,300,635.445452831227,-335.44545283122704,0,High,0.4804421443419933,2026,4,Summer
2026-04-20,Karnataka,Bengaluru,Bengaluru APMC,Onion,Local,500,800,600,662.7552399766824,-62.75523997668245,0,High,0.4804421443419933,2026,4,Summer
2026-04-20,Karnataka,Bengaluru,Bengaluru APMC,Onion,Puna,800,1300,1100,752.0923722028347,347.90762779716533,0,High,0.4804421443419933,2026,4,Summer
2026-04-21,Karnataka,Bengaluru,Bengaluru APMC,Onion,Local,600,1000,800,723.9373063679385,76.0626936320615,0,High,0.4804421443419933,2026,4,Summer
2026-04-21,Karnataka,Bengaluru,Bengaluru APMC,Onion,Bangalore-Samall,300,600,400,650.8578561672064,-250.85785616720636,0,High,0.4804421443419933,2026,4,Summer
2026-04-21,Karnataka,Bengaluru,Bengaluru APMC,Onion,Onion,1000,1300,1100,835.218411006845,264.78158899315497,0,High,0.4804421443419933,2026,4,Summer
2026-04-21,Karnataka,Bengaluru,Bengaluru APMC,Onion,Puna,800,1400,1000,723.9373063679385,276.0626936320615,0,High,0.4804421443419933,2026,4,Summer
2026-04-22,Karnataka,Bengaluru,Bengaluru APMC,Onion,Local,600,1000,800,826.0039345637196,-26.003934563719554,0,High,0.4804421443419933,2026,4,Summer
2026-04-22,Karnataka,Bengaluru,Bengaluru APMC,Onion,Onion,1000,1300,1100,934.441894008959,165.55810599104097,0,High,0.4804421443419933,2026,4,Summer
2026-04-22,Karnataka,Bengaluru,Bengaluru APMC,Onion,Bangalore-Samall,300,600,400,779.91379585381,-379.91379585381003,0,High,0.4804421443419933,2026,4,Summer
2026-04-23,Karnataka,Bengaluru,Bengaluru APMC,Onion,Local,600,1000,800,882.1406618769073,-82.1406618769073,0,High,0.4804421443419933,2026,4,Summer
2026-04-23,Karnataka,Bengaluru,Bengaluru APMC,Onion,Bangalore-Samall,300,600,400,827.8415632406294,-427.8415632406294,0,High,0.4804421443419933,2026,4,Summer
2026-04-23,Karnataka,Bengaluru,Bengaluru APMC,Onion,Onion,1000,1300,1100,882.1406618769073,217.8593381230927,0,High,0.4804421443419933,2026,4,Summer
2026-04-23,Karnataka,Bengaluru,Bengaluru APMC,Onion,Puna,800,1400,1000,787.1172392634211,212.88276073657892,0,High,0.4804421443419933,2026,4,Summer
2026-04-24,Karnataka,Bengaluru,Bengaluru APMC,Onion,Local,600,1000,800,807.8954573321016,-7.895457332101614,0,High,0.4804421443419933,2026,4,Summer
2026-04-24,Karnataka,Bengaluru,Bengaluru APMC,Onion,Bangalore-Samall,300,600,400,721.2412324722999,-321.2412324722999,0,High,0.4804421443419933,2026,4,Summer
2026-04-24,Karnataka,Bengaluru,Bengaluru APMC,Onion,Onion,1000,1300,1100,889.3441052865185,210.65589471348153,0,High,0.4804421443419933,2026,4,Summer
2026-04-24,Karnataka,Bengaluru,Bengaluru APMC,Onion,Puna,800,1400,1000,826.8360467238723,173.1639532761277,0,High,0.4804421443419933,2026,4,Summer
2026-04-25,Karnataka,Bengaluru,Bengaluru APMC,Onion,Bangalore-Samall,300,600,400,847.6142647925528,-447.61426479255283,0,High,0.4804421443419933,2026,4,Summer
2026-04-25,Karnataka,Bengaluru,Bengaluru APMC,Onion,Local,600,1000,800,880.2898666707093,-80.28986667070933,0,High,0.4804421443419933,2026,4,Summer
2026-04-25,Karnataka,Bengaluru,Bengaluru APMC,Onion,Puna,800,1400,1000,825.9907680344314,174.00923196556857,0,High,0.4804421443419933,2026,4,Summer
2026-04-27,Karnataka,Bengaluru,Bengaluru APMC,Onion,Bangalore-Samall,300,600,400,697.7932735665568,-297.79327356655676,0,High,0.4804421443419933,2026,4,Summer
2026-04-27,Karnataka,Bengaluru,Bengaluru APMC,Onion,Local,600,1000,800,844.272649622654,-44.272649622653944,0,High,0.4804421443419933,2026,4,Summer
2026-04-27,Karnataka,Bengaluru,Bengaluru APMC,Onion,Puna,800,1400,1000,773.715868960956,226.28413103904404,0,High,0.4804421443419933,2026,4,Summer
2026-04-28,Karnataka,Bengaluru,Bengaluru APMC,Onion,Local,600,1000,800,721.254399001588,78.74560099841199,0,High,0.4804421443419933,2026,4,Summer
2026-04-28,Karnataka,Bengaluru,Bengaluru APMC,Onion,Puna,800,1400,1000,845.9500404722475,154.04995952775255,0,High,0.4804421443419933,2026,4,Summer
2026-04-28,Karnataka,Bengaluru,Bengaluru APMC,Onion,Bangalore-Samall,300,600,400,753.7697630524282,-353.7697630524282,0,High,0.4804421443419933,2026,4,Summer
2026-04-29,Karnataka,Bengaluru,Bengaluru APMC,Onion,Bangalore-Samall,300,1000,500,761.1334442893556,-261.13344428935557,0,High,0.4804421443419933,2026,4,Summer
2026-04-29,Karnataka,Bengaluru,Bengaluru APMC,Onion,Local,1000,1400,1200,877.620125833647,322.37987416635303,0,High,0.4804421443419933,2026,4,Summer
2026-04-30,Karnataka,Bengaluru,Bengaluru APMC,Onion,Bangalore-Samall,300,1000,500,741.0271005535113,-241.02710055351133,0,High,0.4804421443419933,2026,4,Summer
2026-04-30,Karnataka,Bengaluru,Bengaluru APMC,Onion,Local,1000,1400,1200,868.5658872178378,331.4341127821622,0,High,0.4804421443419933,2026,4,Summer
2026-04-30,Karnataka,Bengaluru,Bengaluru APMC,Onion,Onion,1400,1800,1500,887.3462387822923,612.6537612177077,0,High,0.4804421443419933,2026,4,Summer
2026-05-02,Karnataka,Bengaluru,Bengaluru APMC,Onion,Puna,1000,1800,1400,916.154607090542,483.84539290945804,0,High,0.4804421443419933,2026,5,Summer
2026-05-02,Karnataka,Bengaluru,Bengaluru APMC,Onion,Bangalore-Samall,300,1000,500,945.9870637750313,-445.9870637750313,0,High,0.4804421443419933,2026,5,Summer
2026-05-02,Karnataka,Bengaluru,Bengaluru APMC,Onion,Onion,1400,1800,1500,1230.7368559608574,269.2631440391426,0,High,0.4804421443419933,2026,5,Summer
2026-05-04,Karnataka,Bengaluru,Bengaluru APMC,Onion,Puna,1000,1800,1400,1091.4872563729473,308.5127436270527,0,High,0.4804421443419933,2026,5,Summer
2026-05-05,Karnataka,Bengaluru,Bengaluru APMC,Onion,Puna,800,1500,1000,1193.5538845687286,-193.55388456872856,0,High,0.4804421443419933,2026,5,Summer
2026-05-05,Karnataka,Bengaluru,Bengaluru APMC,Onion,Local,600,1000,800,1182.8222551033261,-382.82225510332614,0,High,0.4804421443419933,2026,5,Summer
2026-05-05,Karnataka,Bengaluru,Bengaluru APMC,Onion,Bangalore-Samall,200,600,400,1031.137302141844,-631.137302141844,0,High,0.4804421443419933,2026,5,Summer
2026-05-05,Karnataka,Bengaluru,Bengaluru APMC,Onion,Onion,1000,1400,1200,1052.9210367272817,147.07896327271828,0,High,0.4804421443419933,2026,5,Summer
2026-05-07,Karnataka,Bengaluru,Bengaluru APMC,Onion,Bangalore-Samall,200,600,400,942.472044248528,-542.472044248528,0,High,0.4804421443419933,2026,5,Summer
2026-05-07,Karnataka,Bengaluru,Bengaluru APMC,Onion,Onion,100,1400,1200,1002.2971954448237,197.70280455517627,0,High,0.4804421443419933,2026,5,Summer
2026-05-07,Karnataka,Bengaluru,Bengaluru APMC,Onion,Local,600,1000,800,796.1529060197471,3.8470939802529074,0,High,0.4804421443419933,2026,5,Summer
2026-05-07,Karnataka,Bengaluru,Bengaluru APMC,Onion,Puna,800,1500,1000,850.452004656025,149.547995343975,0,High,0.4804421443419933,2026,5,Summer
2026-05-08,Karnataka,Bengaluru,Bengaluru APMC,Onion,Puna,800,1500,1000,863.0212627983373,136.97873720166274,0,High,0.4804421443419933,2026,5,Summer
2026-05-08,Karnataka,Bengaluru,Bengaluru APMC,Onion,Local,600,1000,800,928.051990900018,-128.05199090001804,0,High,0.4804421443419933,2026,5,Summer
2026-05-08,Karnataka,Bengaluru,Bengaluru APMC,Onion,Onion,1000,1400,1200,955.2015402181569,244.79845978184312,0,High,0.4804421443419933,2026,5,Summer
2026-05-08,Karnataka,Bengaluru,Bengaluru APMC,Onion,Bangalore-Samall,200,600,400,900.9024415818791,-500.9024415818791,0,High,0.4804421443419933,2026,5,Summer
2026-05-09,Karnataka,Bengaluru,Bengaluru APMC,Onion,Local,600,1000,800,951.6733541623653,-151.67335416236529,0,High,0.4804421443419933,2026,5,Summer
2026-05-09,Karnataka,Bengaluru,Bengaluru APMC,Onion,Bangalore-Samall,200,600,400,832.3435274244071,-432.34352742440706,0,High,0.4804421443419933,2026,5,Summer
2026-05-09,Karnataka,Bengaluru,Bengaluru APMC,Onion,Puna,800,1500,1000,886.642626060685,113.35737393931504,0,High,0.4804421443419933,2026,5,Summer
2026-05-09,Karnataka,Bengaluru,Bengaluru APMC,Onion,Onion,1000,1400,1200,837.7093421571084,362.2906578428916,0,High,0.4804421443419933,2026,5,Summer
2026-05-11,Karnataka,Bengaluru,Bengaluru APMC,Onion,Local,600,1000,800,774.5425757909139,25.45742420908607,0,High,0.4804421443419933,2026,5,Summer
2026-05-11,Karnataka,Bengaluru,Bengaluru APMC,Onion,Onion,1000,1400,1200,828.8416744271917,371.1583255728083,0,High,0.4804421443419933,2026,5,Summer
2026-05-11,Karnataka,Bengaluru,Bengaluru APMC,Onion,Bangalore-Samall,200,600,400,774.5425757909139,-374.54257579091393,0,High,0.4804421443419933,2026,5,Summer
2026-05-12,Karnataka,Bengaluru,Bengaluru APMC,Onion,Onion,1200,1600,1300,971.6326266001813,328.3673733998187,0,High,0.4804421443419933,2026,5,Summer
2026-05-12,Karnataka,Bengaluru,Bengaluru APMC,Onion,Bangalore-Samall,200,600,400,849.4596546685561,-449.45965466855614,0,High,0.4804421443419933,2026,5,Summer
2026-05-12,Karnataka,Bengaluru,Bengaluru APMC,Onion,Puna,1000,1800,1400,1036.6633547018616,363.33664529813836,0,High,0.4804421443419933,2026,5,Summer
2026-05-12,Karnataka,Bengaluru,Bengaluru APMC,Onion,Local,800,1200,1000,868.4002440603268,131.59975593967317,0,High,0.4804421443419933,2026,5,Summer
2026-05-13,Karnataka,Bengaluru,Bengaluru APMC,Onion,Puna,1000,1800,1400,1027.4488782587364,372.5511217412636,0,High,0.4804421443419933,2026,5,Summer
2026-05-13,Karnataka,Bengaluru,Bengaluru APMC,Onion,Onion,1200,1600,1300,989.4074616478789,310.5925383521211,0,High,0.4804421443419933,2026,5,Summer
2026-05-13,Karnataka,Bengaluru,Bengaluru APMC,Onion,Bangalore-Samall,200,600,400,1002.9822363069484,-602.9822363069484,0,High,0.4804421443419933,2026,5,Summer
2026-05-13,Karnataka,Bengaluru,Bengaluru APMC,Onion,Local,800,1200,1000,1076.3821621623124,-76.3821621623124,0,High,0.4804421443419933,2026,5,Summer
2026-05-14,Karnataka,Bengaluru,Bengaluru APMC,Onion,Local,800,1200,1000,1099.6830497700275,-99.68304977002754,0,High,0.4804421443419933,2026,5,Summer
2026-05-14,Karnataka,Bengaluru,Bengaluru APMC,Onion,Bangalore-Samall,200,600,400,937.1062295158268,-537.1062295158268,0,High,0.4804421443419933,2026,5,Summer
2026-05-14,Karnataka,Bengaluru,Bengaluru APMC,Onion,Onion,1200,1600,1300,1067.3279235465038,232.67207645349617,0,High,0.4804421443419933,2026,5,Summer
2026-05-15,Karnataka,Bengaluru,Bengaluru APMC,Onion,Onion,1200,1600,1300,936.1007129990699,363.89928700093014,0,High,0.4804421443419933,2026,5,Summer
2026-05-15,Karnataka,Bengaluru,Bengaluru APMC,Onion,Bangalore-Samall,200,600,400,789.7815747702888,-389.7815747702888,0,High,0.4804421443419933,2026,5,Summer
2026-05-15,Karnataka,Bengaluru,Bengaluru APMC,Onion,Puna,1000,2000,1400,1074.5313669561147,325.46863304388535,0,High,0.4804421443419933,2026,5,Summer
2026-05-16,Karnataka,Bengaluru,Bengaluru APMC,Onion,Onion,1200,1600,1300,994.7601098512918,305.23989014870824,0,High,0.4804421443419933,2026,5,Summer
2026-05-16,Karnataka,Bengaluru,Bengaluru APMC,Onion,Local,800,1200,1000,1008.3348845103612,-8.334884510361235,0,High,0.4804421443419933,2026,5,Summer
2026-05-18,Karnataka,Bengaluru,Bengaluru APMC,Onion,Local,800,1200,1000,1110.5880835920348,-110.58808359203476,0,High,0.4804421443419933,2026,5,Summer
2026-05-18,Karnataka,Bengaluru,Bengaluru APMC,Onion,Onion,1200,1600,1300,1110.5880835920348,189.41191640796524,0,High,0.4804421443419933,2026,5,Summer
2026-05-19,Karnataka,Bengaluru,Bengaluru APMC,Onion,Bangalore-Samall,200,600,400,930.7480647956565,-530.7480647956565,0,High,0.4804421443419933,2026,5,Summer
2026-05-19,Karnataka,Bengaluru,Bengaluru APMC,Onion,Puna,1000,2000,1400,1215.4978569814825,184.50214301851747,0,High,0.4804421443419933,2026,5,Summer
2026-05-19,Karnataka,Bengaluru,Bengaluru APMC,Onion,Onion,1200,1600,1300,1063.4924283653677,236.5075716346323,0,High,0.4804421443419933,2026,5,Summer
2026-05-20,Karnataka,Bengaluru,Bengaluru APMC,Onion,Local,600,1000,800,1002.9822363069484,-202.98223630694838,0,High,0.4804421443419933,2026,5,Summer
2026-05-20,Karnataka,Bengaluru,Bengaluru APMC,Onion,Onion,1000,1600,1200,1103.3714736531356,96.62852634686442,0,High,0.4804421443419933,2026,5,Summer
2026-05-20,Karnataka,Bengaluru,Bengaluru APMC,Onion,Bangalore-Samall,200,600,300,935.268600838917,-635.268600838917,0,High,0.4804421443419933,2026,5,Summer
2026-05-20,Karnataka,Bengaluru,Bengaluru APMC,Onion,Puna,800,1800,1400,1073.6992547959621,326.30074520403787,0,High,0.4804421443419933,2026,5,Summer
2026-05-21,Karnataka,Bengaluru,Bengaluru APMC,Onion,Puna,800,1800,1400,1094.15699721001,305.8430027899899,0,High,0.4804421443419933,2026,5,Summer
2026-05-21,Karnataka,Bengaluru,Bengaluru APMC,Onion,Bangalore-Samall,200,600,300,915.3224949303891,-615.3224949303891,0,High,0.4804421443419933,2026,5,Summer
2026-05-21,Karnataka,Bengaluru,Bengaluru APMC,Onion,Local,600,1000,800,983.3566060530528,-183.35660605305281,0,High,0.4804421443419933,2026,5,Summer
2026-05-21,Karnataka,Bengaluru,Bengaluru APMC,Onion,Onion,1000,1600,1200,980.5134608593858,219.48653914061424,0,High,0.4804421443419933,2026,5,Summer
2026-05-22,Karnataka,Bengaluru,Bengaluru APMC,Onion,Onion,600,1000,800,868.3870775310387,-68.3870775310387,0,High,0.4804421443419933,2026,5,Summer
2026-05-22,Karnataka,Bengaluru,Bengaluru APMC,Onion,Puna,800,1600,1200,1069.0053143960977,130.99468560390233,0,High,0.4804421443419933,2026,5,Summer
2026-05-22,Karnataka,Bengaluru,Bengaluru APMC,Onion,Bangalore-Samall,200,600,300,835.8717134801983,-535.8717134801983,0,High,0.4804421443419933,2026,5,Summer
2026-05-22,Karnataka,Bengaluru,Bengaluru APMC,Onion,Local,200,600,300,779.2101831322027,-479.2101831322027,0,High,0.4804421443419933,2026,5,Summer
2026-05-23,Karnataka,Bengaluru,Bengaluru APMC,Onion,Onion,1000,1400,1200,932.7327647705946,267.2672352294054,0,High,0.4804421443419933,2026,5,Summer
2026-05-23,Karnataka,Bengaluru,Bengaluru APMC,Onion,Bangalore-Samall,200,600,300,729.2713827118688,-429.2713827118688,0,High,0.4804421443419933,2026,5,Summer
2026-05-23,Karnataka,Bengaluru,Bengaluru APMC,Onion,Puna,800,1600,1200,851.4443546434941,348.5556453565059,0,High,0.4804421443419933,2026,5,Summer
2026-05-25,Karnataka,Bengaluru,Bengaluru APMC,Onion,Puna,800,1600,1200,758.2848937654938,441.71510623450615,0,High,0.4804421443419933,2026,5,Summer
2026-05-25,Karnataka,Bengaluru,Bengaluru APMC,Onion,Onion,1000,1400,1200,758.2848937654938,441.71510623450615,0,High,0.4804421443419933,2026,5,Summer
2026-05-25,Karnataka,Bengaluru,Bengaluru APMC,Onion,Local,600,1000,800,839.5733038925943,-39.573303892594254,0,High,0.4804421443419933,2026,5,Summer
2026-05-26,Karnataka,Bengaluru,Bengaluru APMC,Onion,Local,600,1000,800,982.3642560655837,-182.36425606558373,0,High,0.4804421443419933,2026,5,Summer
2026-05-26,Karnataka,Bengaluru,Bengaluru APMC,Onion,Puna,800,1600,1200,982.3642560655837,217.63574393441627,0,High,0.4804421443419933,2026,5,Summer
2026-05-26,Karnataka,Bengaluru,Bengaluru APMC,Onion,Bangalore-Samall,200,600,300,928.0651574293059,-628.0651574293059,0,High,0.4804421443419933,2026,5,Summer
2026-05-27,Karnataka,Bengaluru,Bengaluru APMC,Onion,Local,600,1000,800,992.4108446688618,-192.41084466886184,0,High,0.4804421443419933,2026,5,Summer
2026-05-27,Karnataka,Bengaluru,Bengaluru APMC,Onion,Bangalore-Samall,200,600,300,778.2178331447336,-478.2178331447336,0,High,0.4804421443419933,2026,5,Summer
2026-05-27,Karnataka,Bengaluru,Bengaluru APMC,Onion,Puna,800,1600,1200,846.091706440081,353.908293559919,0,High,0.4804421443419933,2026,5,Summer
2026-05-28,Karnataka,Bengaluru,Bengaluru APMC,Onion,Puna,800,1600,1200,796.1529060197471,403.8470939802529,0,High,0.4804421443419933,2026,5,Summer
2026-05-28,Karnataka,Bengaluru,Bengaluru APMC,Onion,Local,600,1000,800,796.1529060197471,3.8470939802529074,0,High,0.4804421443419933,2026,5,Summer
2026-05-28,Karnataka,Bengaluru,Bengaluru APMC,Onion,Onion,1000,1400,1200,850.452004656025,349.547995343975,0,High,0.4804421443419933,2026,5,Summer
2026-05-28,Karnataka,Bengaluru,Bengaluru APMC,Onion,Bangalore-Samall,200,600,300,796.1529060197471,-496.1529060197471,0,High,0.4804421443419933,2026,5,Summer
2026-05-29,Karnataka,Bengaluru,Bengaluru APMC,Onion,Local,600,1000,800,925.5293213609834,-125.52932136098343,0,High,0.4804421443419933,2026,5,Summer
2026-05-29,Karnataka,Bengaluru,Bengaluru APMC,Onion,Bangalore-Samall,200,600,300,857.655448065636,-557.655448065636,0,High,0.4804421443419933,2026,5,Summer
2026-05-29,Karnataka,Bengaluru,Bengaluru APMC,Onion,Onion,1000,1400,1200,925.5293213609834,274.47067863901657,0,High,0.4804421443419933,2026,5,Summer
2026-05-30,Karnataka,Bengaluru,Bengaluru APMC,Onion,Onion,1000,1400,1200,810.5597928389694,389.44020716103057,0,High,0.4804421443419933,2026,5,Summer
2026-05-30,Karnataka,Bengaluru,Bengaluru APMC,Onion,Puna,800,1600,1200,875.5905209406498,324.40947905935025,0,High,0.4804421443419933,2026,5,Summer
2026-05-30,Karnataka,Bengaluru,Bengaluru APMC,Onion,Local,600,1000,800,810.5597928389694,-10.559792838969429,0,High,0.4804421443419933,2026,5,Summer
2026-06-01,Karnataka,Bengaluru,Bengaluru APMC,Onion,Local,800,1200,1000,952.0377944390052,47.96220556099479,0,High,0.4804421443419933,2026,6,Monsoon
2026-06-02,Karnataka,Bengaluru,Bengaluru APMC,Onion,Local,800,1200,1000,964.6070525813178,35.39294741868218,0,High,0.4804421443419933,2026,6,Monsoon
2026-06-02,Karnataka,Bengaluru,Bengaluru APMC,Onion,Onion,1200,2000,1400,1143.4415548609388,256.5584451390612,0,High,0.4804421443419933,2026,6,Monsoon
2026-06-03,Karnataka,Bengaluru,Bengaluru APMC,Onion,Bangalore-Samall,400,800,600,998.7998074817518,-398.7998074817518,0,High,0.4804421443419933,2026,6,Monsoon
2026-06-03,Karnataka,Bengaluru,Bengaluru APMC,Onion,Onion,1200,2000,1400,1139.9133688051475,260.08663119485254,0,High,0.4804421443419933,2026,6,Monsoon
2026-06-03,Karnataka,Bengaluru,Bengaluru APMC,Onion,Puna,1000,2400,1400,1063.8305355834318,336.1694644165682,0,High,0.4804421443419933,2026,6,Monsoon
2026-06-03,Karnataka,Bengaluru,Bengaluru APMC,Onion,Local,800,1200,1000,1096.345899634272,-96.34589963427197,0,High,0.4804421443419933,2026,6,Monsoon
2026-06-04,Karnataka,Bengaluru,Bengaluru APMC,Onion,Local,1000,1400,1100,1174.1061237055815,-74.10612370558147,0,High,0.4804421443419933,2026,6,Monsoon
2026-06-05,Karnataka,Bengaluru,Bengaluru APMC,Onion,Onion,1600,2200,1800,1297.7962486594834,502.20375134051665,0,High,0.4804421443419933,2026,6,Monsoon
2026-06-05,Karnataka,Bengaluru,Bengaluru APMC,Onion,Puna,1000,2400,1500,1219.0305080714172,280.9694919285828,0,High,0.4804421443419933,2026,6,Monsoon
2026-06-08,Karnataka,Bengaluru,Bengaluru APMC,Onion,Local,1000,1400,1100,1312.229468537282,-212.22946853728195,0,High,0.4804421443419933,2026,6,Monsoon
2026-06-08,Karnataka,Bengaluru,Bengaluru APMC,Onion,Puna,1000,2400,1500,1382.7862491989797,117.2137508010203,0,High,0.4804421443419933,2026,6,Monsoon
2026-06-09,Karnataka,Bengaluru,Bengaluru APMC,Onion,Puna,1000,2400,1500,1351.948275997733,148.05172400226706,0,High,0.4804421443419933,2026,6,Monsoon
2026-06-09,Karnataka,Bengaluru,Bengaluru APMC,Onion,Bangalore-Samall,400,1000,800,1319.4329119468932,-519.4329119468932,0,High,0.4804421443419933,2026,6,Monsoon
2026-06-09,Karnataka,Bengaluru,Bengaluru APMC,Onion,Onion,1600,2200,1800,1528.2601087383202,271.73989126167976,0,High,0.4804421443419933,2026,6,Monsoon
2026-06-10,Karnataka,Bengaluru,Bengaluru APMC,Onion,Puna,1000,2400,1500,1350.9427594809758,149.05724051902416,0,High,0.4804421443419933,2026,6,Monsoon
2026-06-10,Karnataka,Bengaluru,Bengaluru APMC,Onion,Bangalore-Samall,400,1000,800,1277.8633092802436,-477.8633092802436,0,High,0.4804421443419933,2026,6,Monsoon
2026-06-10,Karnataka,Bengaluru,Bengaluru APMC,Onion,Local,1000,1400,1100,1372.88673189373,-272.88673189373003,0,High,0.4804421443419933,2026,6,Monsoon
2026-06-11,Karnataka,Bengaluru,Bengaluru APMC,Onion,Local,1000,1400,1100,1274.3351232244524,-174.33512322445245,0,High,0.4804421443419933,2026,6,Monsoon
2026-06-11,Karnataka,Bengaluru,Bengaluru APMC,Onion,Puna,1000,2400,1500,1274.3351232244524,225.66487677554755,0,High,0.4804421443419933,2026,6,Monsoon
2026-06-13,Karnataka,Bengaluru,Bengaluru APMC,Onion,Onion,1600,2200,1800,1397.019731661597,402.980268338403,0,High,0.4804421443419933,2026,6,Monsoon
2026-06-13,Karnataka,Bengaluru,Bengaluru APMC,Onion,Local,1000,1400,1100,1242.4916335064481,-142.49163350644812,0,High,0.4804421443419933,2026,6,Monsoon
2026-06-13,Karnataka,Bengaluru,Bengaluru APMC,Onion,Bangalore-Samall,400,1000,800,1223.7112819419935,-423.71128194199355,0,High,0.4804421443419933,2026,6,Monsoon
2026-06-13,Karnataka,Bengaluru,Bengaluru APMC,Onion,Puna,1000,2400,1500,1378.2393800971429,121.76061990285712,0,High,0.4804421443419933,2026,6,Monsoon
2026-06-15,Karnataka,Bengaluru,Bengaluru APMC,Onion,Onion,1600,2200,1800,1361.0025146135415,438.9974853864585,0,High,0.4804421443419933,2026,6,Monsoon
2026-06-16,Karnataka,Bengaluru,Bengaluru APMC,Onion,Onion,1600,2200,1800,1441.285408223885,358.71459177611496,0,High,0.4804421443419933,2026,6,Monsoon
2026-06-16,Karnataka,Bengaluru,Bengaluru APMC,Onion,Puna,1000,2400,1400,1425.0277261984652,-25.02772619846519,0,High,0.4804421443419933,2026,6,Monsoon
2026-06-16,Karnataka,Bengaluru,Bengaluru APMC,Onion,Bangalore-Samall,500,1000,800,1316.750004580542,-516.750004580542,0,High,0.4804421443419933,2026,6,Monsoon
2026-06-17,Karnataka,Bengaluru,Bengaluru APMC,Onion,Puna,1000,2400,1400,1454.1751420208304,-54.175142020830435,0,High,0.4804421443419933,2026,6,Monsoon
2026-06-18,Karnataka,Bengaluru,Bengaluru APMC,Onion,Puna,1000,2400,1400,1477.4760296285453,-77.47602962854535,0,High,0.4804421443419933,2026,6,Monsoon
2026-06-19,Karnataka,Bengaluru,Bengaluru APMC,Onion,Onion,1600,2200,1800,1533.4525191144166,266.54748088558335,0,High,0.4804421443419933,2026,6,Monsoon
2026-06-19,Karnataka,Bengaluru,Bengaluru APMC,Onion,Local,1000,1400,1200,1381.607328325618,-181.60732832561803,0,High,0.4804421443419933,2026,6,Monsoon
2026-06-20,Karnataka,Bengaluru,Bengaluru APMC,Onion,Onion,1600,2200,2000,1502.7747837404866,497.22521625951345,0,High,0.4804421443419933,2026,6,Monsoon
2026-06-22,Karnataka,Bengaluru,Bengaluru APMC,Onion,Onion,1600,2200,2000,1455.7054615723955,544.2945384276045,0,High,0.4804421443419933,2026,6,Monsoon
2026-06-22,Karnataka,Bengaluru,Bengaluru APMC,Onion,Bangalore-Samall,500,1000,800,1455.7054615723955,-655.7054615723955,0,High,0.4804421443419933,2026,6,Monsoon
2026-06-22,Karnataka,Bengaluru,Bengaluru APMC,Onion,Puna,1000,2500,2200,1748.6642136845903,451.3357863154097,0,High,0.4804421443419933,2026,6,Monsoon
2026-06-23,Karnataka,Bengaluru,Bengaluru APMC,Onion,Onion,1600,2200,2000,1663.366904019749,336.633095980251,0,High,0.4804421443419933,2026,6,Monsoon
2026-06-23,Karnataka,Bengaluru,Bengaluru APMC,Onion,Puna,1000,2500,2200,1755.5471814395678,444.4528185604322,0,High,0.4804421443419933,2026,6,Monsoon
2026-06-23,Karnataka,Bengaluru,Bengaluru APMC,Onion,Bangalore-Samall,500,1000,800,1663.366904019749,-863.366904019749,0,High,0.4804421443419933,2026,6,Monsoon
2026-06-24,Karnataka,Bengaluru,Bengaluru APMC,Onion,Local,1000,1600,1200,1730.555736452972,-530.555736452972,0,High,0.4804421443419933,2026,6,Monsoon
2026-06-24,Karnataka,Bengaluru,Bengaluru APMC,Onion,Puna,1000,2500,2200,1708.7720018675345,491.2279981324655,0,High,0.4804421443419933,2026,6,Monsoon
2026-06-24,Karnataka,Bengaluru,Bengaluru APMC,Onion,Bangalore-Samall,500,1000,800,1573.0242552768398,-773.0242552768398,0,High,0.4804421443419933,2026,6,Monsoon
2026-06-25,Karnataka,Bengaluru,Bengaluru APMC,Onion,Local,1000,1600,1200,1607.6977236592224,-407.69772365922245,0,High,0.4804421443419933,2026,6,Monsoon
2026-06-25,Karnataka,Bengaluru,Bengaluru APMC,Onion,Onion,1600,2200,2000,1553.3986250229445,446.60137497705546,0,High,0.4804421443419933,2026,6,Monsoon
2026-06-25,Karnataka,Bengaluru,Bengaluru APMC,Onion,Puna,1000,2500,2200,1444.8004277503887,755.1995722496113,0,High,0.4804421443419933,2026,6,Monsoon
2026-06-25,Karnataka,Bengaluru,Bengaluru APMC,Onion,Bangalore-Samall,500,1000,800,1417.6508784322498,-617.6508784322498,0,High,0.4804421443419933,2026,6,Monsoon
2026-06-26,Karnataka,Bengaluru,Bengaluru APMC,Onion,Bangalore-Samall,500,1000,800,1549.8704389671534,-749.8704389671534,0,High,0.4804421443419933,2026,6,Monsoon
2026-06-29,Karnataka,Bengaluru,Bengaluru APMC,Onion,Onion,1800,2600,2200,1521.0566653287092,678.9433346712908,0,High,0.4804421443419933,2026,6,Monsoon
2026-06-29,Karnataka,Bengaluru,Bengaluru APMC,Onion,Puna,1500,2800,2200,1558.6173684576177,641.3826315423823,0,High,0.4804421443419933,2026,6,Monsoon
2026-06-29,Karnataka,Bengaluru,Bengaluru APMC,Onion,Bangalore-Samall,600,1200,1000,1526.102004406777,-526.102004406777,0,High,0.4804421443419933,2026,6,Monsoon
2026-06-29,Karnataka,Bengaluru,Bengaluru APMC,Onion,Local,1200,1800,1400,1591.4532081630903,-191.45320816309027,0,High,0.4804421443419933,2026,6,Monsoon
2026-06-30,Karnataka,Bengaluru,Bengaluru APMC,Onion,Onion,1800,2600,2200,1544.3575529364234,655.6424470635766,0,High,0.4804421443419933,2026,6,Monsoon
2026-07-01,Karnataka,Bengaluru,Bengaluru APMC,Onion,Onion,1800,2600,2200,1660.6654247939155,539.3345752060845,0,High,0.4804421443419933,2026,7,Monsoon
2026-07-01,Karnataka,Bengaluru,Bengaluru APMC,Onion,Bangalore-Samall,600,1200,1000,1693.1807888447556,-693.1807888447556,0,High,0.4804421443419933,2026,7,Monsoon
2026-07-02,Karnataka,Bengaluru,Bengaluru APMC,Onion,Onion,1800,2600,2200,1863.2815281632004,336.7184718367996,0,High,0.4804421443419933,2026,7,Monsoon
2026-07-02,Karnataka,Bengaluru,Bengaluru APMC,Onion,Local,1200,1800,1400,1570.3227760510065,-170.32277605100649,0,High,0.4804421443419933,2026,7,Monsoon
2026-07-02,Karnataka,Bengaluru,Bengaluru APMC,Onion,Bangalore-Samall,600,1200,1000,1678.9209733235623,-678.9209733235623,0,High,0.4804421443419933,2026,7,Monsoon
2026-07-03,Karnataka,Bengaluru,Bengaluru APMC,Onion,Onion,1800,2600,2200,1870.4849715728117,329.5150284271883,0,High,0.4804421443419933,2026,7,Monsoon
2026-07-03,Karnataka,Bengaluru,Bengaluru APMC,Onion,Local,1200,1800,1400,1577.5262194606175,-177.52621946061754,0,High,0.4804421443419933,2026,7,Monsoon
2026-07-04,Karnataka,Bengaluru,Bengaluru APMC,Onion,Local,1200,1800,1400,1563.2664039394233,-163.2664039394233,0,High,0.4804421443419933,2026,7,Monsoon
2026-07-04,Karnataka,Bengaluru,Bengaluru APMC,Onion,Puna,1500,2800,2200,1758.3585882444645,441.6414117555355,0,High,0.4804421443419933,2026,7,Monsoon
2026-07-04,Karnataka,Bengaluru,Bengaluru APMC,Onion,Onion,1800,2600,2300,1666.0180729973285,633.9819270026715,0,High,0.4804421443419933,2026,7,Monsoon
2026-07-04,Karnataka,Bengaluru,Bengaluru APMC,Onion,Bangalore-Samall,600,1200,1000,1587.4125702365789,-587.4125702365789,0,High,0.4804421443419933,2026,7,Monsoon
2026-07-06,Karnataka,Bengaluru,Bengaluru APMC,Onion,Onion,1800,2800,2400,1955.4749721123078,444.5250278876922,0,High,0.4804421443419933,2026,7,Monsoon
2026-07-07,Karnataka,Bengaluru,Bengaluru APMC,Onion,Onion,1800,2800,2400,1805.1469343457873,594.8530656542127,0,High,0.4804421443419933,2026,7,Monsoon
2026-07-07,Karnataka,Bengaluru,Bengaluru APMC,Onion,Local,1500,2200,1800,1870.1776624474676,-70.17766244746758,0,High,0.4804421443419933,2026,7,Monsoon
2026-07-07,Karnataka,Bengaluru,Bengaluru APMC,Onion,Bangalore-Samall,1000,1500,1200,1919.1109463510436,-719.1109463510436,0,High,0.4804421443419933,2026,7,Monsoon
2026-07-08,Karnataka,Bengaluru,Bengaluru APMC,Onion,Local,1500,2200,1800,1942.732309613391,-142.73230961339095,0,High,0.4804421443419933,2026,7,Monsoon
2026-07-08,Karnataka,Bengaluru,Bengaluru APMC,Onion,Onion,1800,2800,2400,1877.5413436843944,522.4586563156056,0,High,0.4804421443419933,2026,7,Monsoon
2026-07-08,Karnataka,Bengaluru,Bengaluru APMC,Onion,Bangalore-Samall,1000,1500,1200,1828.6080597808175,-628.6080597808175,0,High,0.4804421443419933,2026,7,Monsoon
2026-07-09,Karnataka,Bengaluru,Bengaluru APMC,Onion,Local,1500,2200,1800,1901.1627069467418,-101.16270694674176,0,High,0.4804421443419933,2026,7,Monsoon
2026-07-09,Karnataka,Bengaluru,Bengaluru APMC,Onion,Onion,1800,2800,2400,1819.714058992325,580.2859410076751,0,High,0.4804421443419933,2026,7,Monsoon
2026-07-10,Karnataka,Bengaluru,Bengaluru APMC,Onion,Local,1500,2200,1800,1745.4688544475196,54.53114555248044,0,High,0.4804421443419933,2026,7,Monsoon
2026-07-11,Karnataka,Bengaluru,Bengaluru APMC,Onion,Onion,1800,2800,2400,2029.213130116589,370.7868698834111,0,High,0.4804421443419933,2026,7,Monsoon
2026-07-11,Karnataka,Bengaluru,Bengaluru APMC,Onion,Local,1500,2200,1800,1947.7644821621723,-147.76448216217227,0,High,0.4804421443419933,2026,7,Monsoon
2026-07-13,Karnataka,Bengaluru,Bengaluru APMC,Onion,Local,1500,2200,1800,1895.649820916012,-95.649820916012,0,High,0.4804421443419933,2026,7,Monsoon
2026-07-14,Karnataka,Bengaluru,Bengaluru APMC,Onion,Local,1500,2200,1800,2000.3993564781447,-200.39935647814468,0,High,0.4804421443419933,2026,7,Monsoon
2026-07-14,Karnataka,Bengaluru,Bengaluru APMC,Onion,Onion,1800,2800,2400,2097.945448630665,302.05455136933506,0,High,0.4804421443419933,2026,7,Monsoon
2026-07-15,Karnataka,Bengaluru,Bengaluru APMC,Onion,Onion,1800,2800,2400,2023.700244085859,376.2997559141411,0,High,0.4804421443419933,2026,7,Monsoon
2026-07-15,Karnataka,Bengaluru,Bengaluru APMC,Onion,Local,1500,2200,1800,2023.700244085859,-223.7002440858589,0,High,0.4804421443419933,2026,7,Monsoon
2026-07-15,Karnataka,Bengaluru,Bengaluru APMC,Onion,Puna,1500,3200,2500,2121.406574065696,378.5934259343039,0,High,0.4804421443419933,2026,7,Monsoon
2026-07-15,Karnataka,Bengaluru,Bengaluru APMC,Onion,Bangalore-Samall,1000,1500,1200,1928.8370592996887,-728.8370592996887,0,High,0.4804421443419933,2026,7,Monsoon
2026-07-16,Karnataka,Bengaluru,Bengaluru APMC,Onion,Bangalore-Samall,1000,1500,1200,2014.9664811246826,-814.9664811246826,0,High,0.4804421443419933,2026,7,Monsoon
2026-07-16,Karnataka,Bengaluru,Bengaluru APMC,Onion,Local,1500,2200,1800,2014.9664811246826,-214.96648112468256,0,High,0.4804421443419933,2026,7,Monsoon
2026-07-17,Karnataka,Bengaluru,Bengaluru APMC,Onion,Onion,1800,2800,2400,1940.7212765798765,459.27872342012347,0,High,0.4804421443419933,2026,7,Monsoon
2026-07-17,Karnataka,Bengaluru,Bengaluru APMC,Onion,Local,1500,2200,1800,1761.7265364729399,38.27346352706013,0,High,0.4804421443419933,2026,7,Monsoon
2026-07-18,Karnataka,Bengaluru,Bengaluru APMC,Onion,Local,1500,2200,1800,1850.3786278369673,-50.378627836967325,0,High,0.4804421443419933,2026,7,Monsoon
2026-07-18,Karnataka,Bengaluru,Bengaluru APMC,Onion,Puna,1500,3200,2500,1850.3786278369673,649.6213721630327,0,High,0.4804421443419933,2026,7,Monsoon
2026-07-18,Karnataka,Bengaluru,Bengaluru APMC,Onion,Bangalore-Samall,1000,1500,1200,1755.355205223481,-555.3552052234811,0,High,0.4804421443419933,2026,7,Monsoon
2026-07-18,Karnataka,Bengaluru,Bengaluru APMC,Onion,Onion,1800,2800,2400,2126.9194600964247,273.0805399035753,0,High,0.4804421443419933,2026,7,Monsoon
2026-07-20,Karnataka,Bengaluru,Bengaluru APMC,Onion,Onion,1800,2800,2400,2025.5510392920576,374.44896070794243,0,High,0.4804421443419933,2026,7,Monsoon
2026-07-20,Karnataka,Bengaluru,Bengaluru APMC,Onion,Puna,1500,3200,2500,2041.808721317477,458.19127868252303,0,High,0.4804421443419933,2026,7,Monsoon
2026-07-20,Karnataka,Bengaluru,Bengaluru APMC,Onion,Local,1500,2200,1800,2028.2339466584074,-228.23394665840738,0,High,0.4804421443419933,2026,7,Monsoon
2026-07-21,Karnataka,Bengaluru,Bengaluru APMC,Onion,Onion,2400,2800,2500,2244.264586859445,255.735413140555,0,High,0.4804421443419933,2026,7,Monsoon
2026-07-22,Karnataka,Bengaluru,Bengaluru APMC,Onion,Puna,2000,3200,2600,2172.70228968099,427.2977103190101,1,High,0.4804421443419933,2026,7,Monsoon
2026-07-22,Karnataka,Bengaluru,Bengaluru APMC,Onion,Local,1400,2200,2000,2289.188971225281,-289.18897122528097,0,High,0.4804421443419933,2026,7,Monsoon
2026-07-22,Karnataka,Bengaluru,Bengaluru APMC,Onion,Bangalore-Samall,1000,1500,1200,2175.545434874657,-975.5454348746571,0,High,0.4804421443419933,2026,7,Monsoon
2026-07-23,Karnataka,Bengaluru,Bengaluru APMC,Onion,Local,1400,2200,2000,2226.3163474551434,-226.3163474551434,0,High,0.4804421443419933,2026,7,Monsoon
2026-07-23,Karnataka,Bengaluru,Bengaluru APMC,Onion,Puna,2000,3200,2600,2133.975832208008,466.0241677919921,1,High,0.4804421443419933,2026,7,Monsoon
2026-07-23,Karnataka,Bengaluru,Bengaluru APMC,Onion,Onion,2400,2800,2500,2166.3309584315316,333.6690415684684,0,High,0.4804421443419933,2026,7,Monsoon
2026-07-24,Karnataka,Bengaluru,Bengaluru APMC,Onion,Puna,2000,3200,2600,2203.3668585256323,396.6331414743677,1,High,0.4804421443419933,2026,7,Monsoon
2026-07-24,Karnataka,Bengaluru,Bengaluru APMC,Onion,Local,1400,2200,2000,2092.2459917140422,-92.24599171404225,0,High,0.4804421443419933,2026,7,Monsoon
2026-07-24,Karnataka,Bengaluru,Bengaluru APMC,Onion,Bangalore-Samall,1000,1500,1200,2043.6331834650987,-843.6331834650987,0,High,0.4804421443419933,2026,7,Monsoon
2026-07-27,Karnataka,Bengaluru,Bengaluru APMC,Onion,Local,1400,2200,2000,2253.47906330257,-253.47906330257,0,High,0.4804421443419933,2026,7,Monsoon
2026-07-28,Karnataka,Bengaluru,Bengaluru APMC,Onion,Local,1400,2200,2000,2152.084309439626,-152.08430943962594,0,High,0.4804421443419933,2026,7,Monsoon
2026-07-28,Karnataka,Bengaluru,Bengaluru APMC,Onion,Bangalore-Samall,1000,1500,1200,1924.4767610837453,-724.4767610837453,0,High,0.4804421443419933,2026,7,Monsoon
2026-07-28,Karnataka,Bengaluru,Bengaluru APMC,Onion,Onion,2400,2800,2500,2033.074958356301,466.92504164369893,0,High,0.4804421443419933,2026,7,Monsoon
2026-07-29,Karnataka,Bengaluru,Bengaluru APMC,Onion,Puna,2000,3200,2600,1863.8063311980088,736.1936688019912,1,High,0.4804421443419933,2026,7,Monsoon
2026-07-29,Karnataka,Bengaluru,Bengaluru APMC,Onion,Onion,2400,2800,2500,1931.5199666660394,568.4800333339606,0,High,0.4804421443419933,2026,7,Monsoon
2026-07-29,Karnataka,Bengaluru,Bengaluru APMC,Onion,Local,1400,2200,2000,2075.1561975284694,-75.15619752846942,0,High,0.4804421443419933,2026,7,Monsoon
2026-07-30,Karnataka,Bengaluru,Bengaluru APMC,Onion,Onion,2400,2800,2500,2231.5219243605284,268.4780756394716,0,High,0.4804421443419933,2026,7,Monsoon
2026-07-30,Karnataka,Bengaluru,Bengaluru APMC,Onion,Bangalore-Samall,1000,1500,1200,2033.5865948618214,-833.5865948618214,0,High,0.4804421443419933,2026,7,Monsoon
2026-07-31,Karnataka,Bengaluru,Bengaluru APMC,Onion,Onion,2400,2800,2500,2428.6119751697956,71.38802483020436,0,High,0.4804421443419933,2026,7,Monsoon
2026-07-31,Karnataka,Bengaluru,Bengaluru APMC,Onion,Bangalore-Samall,1000,1500,1200,2040.7900382714322,-840.7900382714322,0,High,0.4804421443419933,2026,7,Monsoon
2026-08-01,Karnataka,Bengaluru,Bengaluru APMC,Onion,Puna,2000,3200,2600,2214.5606296135015,385.43937038649847,1,High,0.4804421443419933,2026,8,Monsoon
2026-08-01,Karnataka,Bengaluru,Bengaluru APMC,Onion,Onion,2400,2800,2500,2024.5137843865293,475.4862156134707,0,High,0.4804421443419933,2026,8,Monsoon
2026-08-01,Karnataka,Bengaluru,Bengaluru APMC,Onion,Bangalore-Samall,1000,1500,1200,1908.0271028422374,-708.0271028422374,0,High,0.4804421443419933,2026,8,Monsoon
2026-08-03,Karnataka,Bengaluru,Bengaluru APMC,Onion,Onion,2000,2800,2400,2032.224274336665,367.7757256633349,0,High,0.4804421443419933,2026,8,Monsoon
2026-08-03,Karnataka,Bengaluru,Bengaluru APMC,Onion,Local,1500,2000,1800,1966.8730705803525,-166.87307058035253,0,High,0.4804421443419933,2026,8,Monsoon
2026-08-04,Karnataka,Bengaluru,Bengaluru APMC,Onion,Bangalore-Samall,1000,1500,1200,1844.1752956139187,-644.1752956139187,0,High,0.4804421443419933,2026,8,Monsoon
2026-08-05,Karnataka,Bengaluru,Bengaluru APMC,Onion,Puna,2000,3400,2800,2192.9502993846686,607.0497006153314,1,High,0.4804421443419933,2026,8,Monsoon
2026-08-05,Karnataka,Bengaluru,Bengaluru APMC,Onion,Onion,2000,2800,2400,1943.2385407887166,456.7614592112834,0,High,0.4804421443419933,2026,8,Monsoon
2026-08-06,Karnataka,Bengaluru,Bengaluru APMC,Onion,Puna,2000,3400,2800,2053.514128910866,746.485871089134,1,High,0.4804421443419933,2026,8,Monsoon
2026-08-07,Karnataka,Bengaluru,Bengaluru APMC,Onion,Onion,2000,2800,2400,2201.51065798924,198.48934201076008,0,High,0.4804421443419933,2026,8,Monsoon
2026-08-07,Karnataka,Bengaluru,Bengaluru APMC,Onion,Bangalore-Samall,1000,1500,1200,2060.7175723204764,-860.7175723204764,0,High,0.4804421443419933,2026,8,Monsoon
2022-01-01,Karnataka,Dharwad,Hubli (Amaragol),Onion,Local,500,3200,1500,1650.2998492213117,-150.29984922131166,0,High,0.4804421443419933,2022,1,Winter
2022-01-03,Karnataka,Dharwad,Hubli (Amaragol),Onion,Telagi,800,2800,1350,1546.5957030097782,-196.59570300977816,0,High,0.4804421443419933,2022,1,Winter
2022-01-07,Karnataka,Dharwad,Hubli (Amaragol),Onion,Puna,800,4500,2000,1733.2845324351715,266.7154675648285,0,High,0.4804421443419933,2022,1,Winter
2022-01-08,Karnataka,Dharwad,Hubli (Amaragol),Onion,Local,500,2350,1350,1586.8147704085152,-236.8147704085152,0,High,0.4804421443419933,2022,1,Winter
2022-01-08,Karnataka,Dharwad,Hubli (Amaragol),Onion,Puna,500,3000,1500,1659.876969135408,-159.876969135408,0,High,0.4804421443419933,2022,1,Winter
2022-01-10,Karnataka,Dharwad,Hubli (Amaragol),Onion,Local,500,2000,1000,1511.3707252880345,-511.37072528803446,0,High,0.4804421443419933,2022,1,Winter
2022-01-12,Karnataka,Dharwad,Hubli (Amaragol),Onion,Puna,500,3100,1900,1626.1668494534442,273.83315054655577,0,High,0.4804421443419933,2022,1,Winter
2022-01-17,Karnataka,Dharwad,Hubli (Amaragol),Onion,Puna,500,3200,1700,1522.1023547534369,177.89764524656312,0,High,0.4804421443419933,2022,1,Winter
2022-01-18,Karnataka,Dharwad,Hubli (Amaragol),Onion,Telagi,1200,2400,1500,1580.8418705193171,-80.84187051931713,0,High,0.4804421443419933,2022,1,Winter
2022-01-21,Karnataka,Dharwad,Hubli (Amaragol),Onion,Local,500,2760,1100,1483.2826118375085,-383.2826118375085,0,High,0.4804421443419933,2022,1,Winter
2022-01-22,Karnataka,Dharwad,Hubli (Amaragol),Onion,Telagi,300,2200,1100,1504.1409488198474,-404.1409488198474,0,High,0.4804421443419933,2022,1,Winter
2022-01-24,Karnataka,Dharwad,Hubli (Amaragol),Onion,Local,300,2450,1100,1403.0930036701116,-303.09300367011156,0,High,0.4804421443419933,2022,1,Winter
2022-01-27,Karnataka,Dharwad,Hubli (Amaragol),Onion,Telagi,500,2200,1200,1457.2186979497847,-257.21869794978466,0,High,0.4804421443419933,2022,1,Winter
2022-01-28,Karnataka,Dharwad,Hubli (Amaragol),Onion,Telagi,500,2250,1200,1337.0435925223856,-137.04359252238555,0,High,0.4804421443419933,2022,1,Winter
2022-01-29,Karnataka,Dharwad,Hubli (Amaragol),Onion,Local,200,2450,1200,1262.9586258048967,-62.958625804896656,0,High,0.4804421443419933,2022,1,Winter
2022-01-31,Karnataka,Dharwad,Hubli (Amaragol),Onion,Local,300,2000,1000,1145.6529986297412,-145.6529986297412,0,High,0.4804421443419933,2022,1,Winter
2022-02-01,Karnataka,Dharwad,Hubli (Amaragol),Onion,Local,300,2000,1000,1153.843386696626,-153.8433866966261,0,High,0.4804421443419933,2022,2,Winter
2022-02-07,Karnataka,Dharwad,Hubli (Amaragol),Onion,Puna,500,3000,1550,1219.7995124014055,330.20048759859446,0,High,0.4804421443419933,2022,2,Winter
2022-02-08,Karnataka,Dharwad,Hubli (Amaragol),Onion,Local,200,1400,700,1087.3109670844538,-387.31096708445375,0,High,0.4804421443419933,2022,2,Winter
2022-02-08,Karnataka,Dharwad,Hubli (Amaragol),Onion,Puna,500,3200,1650,1275.856120800935,374.14387919906494,0,High,0.4804421443419933,2022,2,Winter
2022-02-10,Karnataka,Dharwad,Hubli (Amaragol),Onion,Puna,500,3500,1900,1275.1064225369378,624.8935774630622,0,High,0.4804421443419933,2022,2,Winter
2022-02-11,Karnataka,Dharwad,Hubli (Amaragol),Onion,Telagi,300,3000,1400,1280.8882933497152,119.11170665028476,0,High,0.4804421443419933,2022,2,Winter
2022-02-15,Karnataka,Dharwad,Hubli (Amaragol),Onion,Other,2500,2500,2500,1571.0170667975312,928.9829332024688,0,High,0.4804421443419933,2022,2,Winter
2022-02-15,Karnataka,Dharwad,Hubli (Amaragol),Onion,Telagi,200,2500,1200,1454.2099095986068,-254.20990959860683,0,High,0.4804421443419933,2022,2,Winter
2022-02-16,Karnataka,Dharwad,Hubli (Amaragol),Onion,Local,200,1800,850,1524.0816493981804,-674.0816493981804,0,High,0.4804421443419933,2022,2,Winter
2022-02-17,Karnataka,Dharwad,Hubli (Amaragol),Onion,Puna,500,3500,1650,1733.2447833560254,-83.24478335602544,0,High,0.4804421443419933,2022,2,Winter
2022-02-18,Karnataka,Dharwad,Hubli (Amaragol),Onion,Puna,300,3300,1600,1623.7211884803708,-23.721188480370756,0,High,0.4804421443419933,2022,2,Winter
2022-02-22,Karnataka,Dharwad,Hubli (Amaragol),Onion,Telagi,500,3200,1450,1535.7386764666815,-85.73867646668145,0,High,0.4804421443419933,2022,2,Winter
2022-02-25,Karnataka,Dharwad,Hubli (Amaragol),Onion,Puna,500,3200,1550,1602.0976917222495,-52.097691722249465,0,High,0.4804421443419933,2022,2,Winter
2022-03-01,Karnataka,Dharwad,Hubli (Amaragol),Onion,Local,300,1630,820,1293.5272404065036,-473.52724040650355,0,High,0.4804421443419933,2022,3,Summer
2022-03-10,Karnataka,Dharwad,Hubli (Amaragol),Onion,Local,200,1400,750,1333.8704131225427,-583.8704131225427,0,High,0.4804421443419933,2022,3,Summer
2022-03-11,Karnataka,Dharwad,Hubli (Amaragol),Onion,Puna,200,1800,1000,1374.962721831632,-374.96272183163205,0,High,0.4804421443419933,2022,3,Summer
2022-03-15,Karnataka,Dharwad,Hubli (Amaragol),Onion,Telagi,300,1300,800,1181.225157739055,-381.225157739055,0,High,0.4804421443419933,2022,3,Summer
2022-03-18,Karnataka,Dharwad,Hubli (Amaragol),Onion,Telagi,200,1300,850,1108.0524220953757,-258.05242209537573,0,High,0.4804421443419933,2022,3,Summer
2022-03-19,Karnataka,Dharwad,Hubli (Amaragol),Onion,Telagi,200,1400,730,991.4131675924276,-261.4131675924276,0,High,0.4804421443419933,2022,3,Summer
2022-03-21,Karnataka,Dharwad,Hubli (Amaragol),Onion,Local,200,1400,710,835.1211511217268,-125.12115112172683,0,High,0.4804421443419933,2022,3,Summer
2022-03-21,Karnataka,Dharwad,Hubli (Amaragol),Onion,Puna,300,1700,1050,875.2287747120068,174.77122528799316,0,High,0.4804421443419933,2022,3,Summer
2022-03-21,Karnataka,Dharwad,Hubli (Amaragol),Onion,Telagi,200,1400,730,825.8230044660867,-95.82300446608667,0,High,0.4804421443419933,2022,3,Summer
2022-03-23,Karnataka,Dharwad,Hubli (Amaragol),Onion,Telagi,200,1600,730,839.7734287256969,-109.77342872569693,0,High,0.4804421443419933,2022,3,Summer
2022-03-24,Karnataka,Dharwad,Hubli (Amaragol),Onion,Puna,300,1600,1050,887.6210771988582,162.3789228011418,0,High,0.4804421443419933,2022,3,Summer
2022-03-30,Karnataka,Dharwad,Hubli (Amaragol),Onion,Telagi,200,1200,600,796.3341498166747,-196.33414981667465,0,High,0.4804421443419933,2022,3,Summer
2022-03-31,Karnataka,Dharwad,Hubli (Amaragol),Onion,Puna,300,1450,950,900.3909796480225,49.609020351977506,0,High,0.4804421443419933,2022,3,Summer
2022-04-04,Karnataka,Dharwad,Hubli (Amaragol),Onion,Puna,300,1500,960,862.0082205405517,97.99177945944825,0,High,0.4804421443419933,2022,4,Summer
2022-04-07,Karnataka,Dharwad,Hubli (Amaragol),Onion,Puna,300,1500,1000,874.132232290768,125.867767709232,0,High,0.4804421443419933,2022,4,Summer
2022-04-08,Karnataka,Dharwad,Hubli (Amaragol),Onion,Telagi,200,1220,630,859.6480838113312,-229.64808381133116,0,High,0.4804421443419933,2022,4,Summer
2022-04-12,Karnataka,Dharwad,Hubli (Amaragol),Onion,Telagi,300,1000,580,863.877896782925,-283.87789678292495,0,High,0.4804421443419933,2022,4,Summer
2022-04-22,Karnataka,Dharwad,Hubli (Amaragol),Onion,Puna,300,1500,1025,888.2111938349377,136.78880616506228,0,High,0.4804421443419933,2022,4,Summer
2022-04-25,Karnataka,Dharwad,Hubli (Amaragol),Onion,Telagi,300,1200,780,828.2535006093905,-48.25350060939047,0,High,0.4804421443419933,2022,4,Summer
2022-04-26,Karnataka,Dharwad,Hubli (Amaragol),Onion,Puna,400,1450,1000,876.8439829464318,123.15601705356823,0,High,0.4804421443419933,2022,4,Summer
2022-04-29,Karnataka,Dharwad,Hubli (Amaragol),Onion,Telagi,200,1150,640,816.5652264439681,-176.56522644396807,0,High,0.4804421443419933,2022,4,Summer
2022-04-30,Karnataka,Dharwad,Hubli (Amaragol),Onion,Puna,300,1300,850,848.2513355880991,1.7486644119009043,0,High,0.4804421443419933,2022,4,Summer
2022-04-30,Karnataka,Dharwad,Hubli (Amaragol),Onion,Telagi,200,1000,580,811.6154677913432,-231.61546779134324,0,High,0.4804421443419933,2022,4,Summer
2022-05-04,Karnataka,Dharwad,Hubli (Amaragol),Onion,Telagi,200,900,560,813.500570101469,-253.50057010146895,0,High,0.4804421443419933,2022,5,Summer
2022-05-06,Karnataka,Dharwad,Hubli (Amaragol),Onion,Puna,300,1300,860,803.7972365105618,56.20276348943821,0,High,0.4804421443419933,2022,5,Summer
2022-05-09,Karnataka,Dharwad,Hubli (Amaragol),Onion,Telagi,200,1100,580,701.7437748440689,-121.74377484406887,0,High,0.4804421443419933,2022,5,Summer
2022-05-11,Karnataka,Dharwad,Hubli (Amaragol),Onion,Puna,300,1300,850,729.7735076705554,120.22649232944457,0,High,0.4804421443419933,2022,5,Summer
2022-05-14,Karnataka,Dharwad,Hubli (Amaragol),Onion,Telagi,200,1000,590,706.603105307191,-116.60310530719096,0,High,0.4804421443419933,2022,5,Summer
2022-05-16,Karnataka,Dharwad,Hubli (Amaragol),Onion,Puna,300,1350,930,718.8864479930523,211.11355200694766,0,High,0.4804421443419933,2022,5,Summer
2022-05-17,Karnataka,Dharwad,Hubli (Amaragol),Onion,Telagi,200,930,600,683.1871939669112,-83.1871939669112,0,High,0.4804421443419933,2022,5,Summer
2022-05-18,Karnataka,Dharwad,Hubli (Amaragol),Onion,Puna,200,1300,870,785.5862080302538,84.41379196974617,0,High,0.4804421443419933,2022,5,Summer
2022-05-24,Karnataka,Dharwad,Hubli (Amaragol),Onion,Puna,400,1500,900,748.2339458513233,151.76605414867674,0,High,0.4804421443419933,2022,5,Summer
2022-05-30,Karnataka,Dharwad,Hubli (Amaragol),Onion,Telagi,300,1100,580,736.9580700439913,-156.95807004399126,0,High,0.4804421443419933,2022,5,Summer
2022-05-31,Karnataka,Dharwad,Hubli (Amaragol),Onion,Telagi,200,1200,580,743.7050508939905,-163.70505089399046,0,High,0.4804421443419933,2022,5,Summer
2022-06-03,Karnataka,Dharwad,Hubli (Amaragol),Onion,Puna,500,1700,1050,849.4930642736291,200.5069357263709,0,High,0.4804421443419933,2022,6,Monsoon
2022-06-03,Karnataka,Dharwad,Hubli (Amaragol),Onion,Telagi,200,1300,700,748.2989547175364,-48.29895471753639,0,High,0.4804421443419933,2022,6,Monsoon
2022-06-10,Karnataka,Dharwad,Hubli (Amaragol),Onion,Puna,500,2000,1150,885.22791716409,264.77208283591006,0,High,0.4804421443419933,2022,6,Monsoon
2022-06-10,Karnataka,Dharwad,Hubli (Amaragol),Onion,Telagi,150,1300,680,793.2518353499792,-113.25183534997916,0,High,0.4804421443419933,2022,6,Monsoon
2022-06-11,Karnataka,Dharwad,Hubli (Amaragol),Onion,Telagi,300,1550,870,859.3794150495906,10.620584950409352,0,High,0.4804421443419933,2022,6,Monsoon
2022-06-13,Karnataka,Dharwad,Hubli (Amaragol),Onion,Puna,400,1850,1030,870.7296952636938,159.27030473630623,0,High,0.4804421443419933,2022,6,Monsoon
2022-06-14,Karnataka,Dharwad,Hubli (Amaragol),Onion,Telagi,200,1450,780,888.728863269634,-108.72886326963396,0,High,0.4804421443419933,2022,6,Monsoon
2022-06-25,Karnataka,Dharwad,Hubli (Amaragol),Onion,Puna,500,2050,1150,967.7372555811719,182.2627444188281,0,High,0.4804421443419933,2022,6,Monsoon
2022-06-29,Karnataka,Dharwad,Hubli (Amaragol),Onion,Puna,500,2000,1030,949.5506097976677,80.44939020233232,0,High,0.4804421443419933,2022,6,Monsoon
2022-06-30,Karnataka,Dharwad,Hubli (Amaragol),Onion,Puna,500,1800,1130,969.7922463930785,160.20775360692153,0,High,0.4804421443419933,2022,6,Monsoon
2022-07-01,Karnataka,Dharwad,Hubli (Amaragol),Onion,Telagi,200,1500,830,977.9025155463056,-147.9025155463056,0,High,0.4804421443419933,2022,7,Monsoon
2022-07-07,Karnataka,Dharwad,Hubli (Amaragol),Onion,Puna,500,2000,1130,1053.6933693799951,76.30663062000485,0,High,0.4804421443419933,2022,7,Monsoon
2022-07-08,Karnataka,Dharwad,Hubli (Amaragol),Onion,Puna,500,2000,1150,1039.6817072429021,110.31829275709788,0,High,0.4804421443419933,2022,7,Monsoon
2022-07-09,Karnataka,Dharwad,Hubli (Amaragol),Onion,Puna,500,1900,1080,1092.9432417969592,-12.943241796959228,0,High,0.4804421443419933,2022,7,Monsoon
2022-07-11,Karnataka,Dharwad,Hubli (Amaragol),Onion,Puna,500,2000,1100,1058.2995259975423,41.70047400245767,0,High,0.4804421443419933,2022,7,Monsoon
2022-07-13,Karnataka,Dharwad,Hubli (Amaragol),Onion,Puna,550,2200,1200,1097.629517328165,102.3704826718349,0,High,0.4804421443419933,2022,7,Monsoon
2022-07-14,Karnataka,Dharwad,Hubli (Amaragol),Onion,Puna,600,2100,1250,1110.7674045092108,139.2325954907892,0,High,0.4804421443419933,2022,7,Monsoon
2022-07-19,Karnataka,Dharwad,Hubli (Amaragol),Onion,Telagi,200,1510,740,1074.9412165375757,-334.94121653757566,0,High,0.4804421443419933,2022,7,Monsoon
2022-07-20,Karnataka,Dharwad,Hubli (Amaragol),Onion,Puna,500,1900,1100,1146.4987061008155,-46.498706100815525,0,High,0.4804421443419933,2022,7,Monsoon
2022-07-21,Karnataka,Dharwad,Hubli (Amaragol),Onion,Telagi,200,1500,830,1052.8083782564318,-222.80837825643175,0,High,0.4804421443419933,2022,7,Monsoon
2022-07-22,Karnataka,Dharwad,Hubli (Amaragol),Onion,Telagi,200,1350,750,1043.0133625616438,-293.0133625616438,0,High,0.4804421443419933,2022,7,Monsoon
2022-07-29,Karnataka,Dharwad,Hubli (Amaragol),Onion,Puna,500,1800,1120,1057.1247186939838,62.87528130601618,0,High,0.4804421443419933,2022,7,Monsoon
2022-08-03,Karnataka,Dharwad,Hubli (Amaragol),Onion,Puna,550,1800,1150,974.45740198805,175.54259801194996,0,High,0.4804421443419933,2022,8,Monsoon
2022-08-05,Karnataka,Dharwad,Hubli (Amaragol),Onion,Puna,500,1900,1180,973.4114789917571,206.58852100824288,0,High,0.4804421443419933,2022,8,Monsoon
2022-08-06,Karnataka,Dharwad,Hubli (Amaragol),Onion,Puna,500,1900,1150,1043.1989863078697,106.80101369213025,0,High,0.4804421443419933,2022,8,Monsoon
2022-08-08,Karnataka,Dharwad,Hubli (Amaragol),Onion,Puna,500,1800,1150,1019.3830426702452,130.61695732975477,0,High,0.4804421443419933,2022,8,Monsoon
2022-08-08,Karnataka,Dharwad,Hubli (Amaragol),Onion,Telagi,200,1400,780,1011.2542016575351,-231.25420165753508,0,High,0.4804421443419933,2022,8,Monsoon
2022-08-22,Karnataka,Dharwad,Hubli (Amaragol),Onion,Puna,500,2000,1160,1128.1373642003152,31.862635799684767,0,High,0.4804421443419933,2022,8,Monsoon
2022-08-29,Karnataka,Dharwad,Hubli (Amaragol),Onion,Telagi,250,1400,770,1019.6513334068807,-249.65133340688067,0,High,0.4804421443419933,2022,8,Monsoon
2022-08-30,Karnataka,Dharwad,Hubli (Amaragol),Onion,Telagi,300,1400,820,1026.146047302976,-206.14604730297606,0,High,0.4804421443419933,2022,8,Monsoon
2022-09-02,Karnataka,Dharwad,Hubli (Amaragol),Onion,Telagi,250,1300,780,966.0333394651499,-186.03333946514988,0,High,0.4804421443419933,2022,9,Monsoon
2022-09-07,Karnataka,Dharwad,Hubli (Amaragol),Onion,Telagi,200,1400,810,901.7802436231268,-91.78024362312681,0,High,0.4804421443419933,2022,9,Monsoon
2022-09-10,Karnataka,Dharwad,Hubli (Amaragol),Onion,Puna,500,2000,1210,929.0727506694916,280.9272493305084,0,High,0.4804421443419933,2022,9,Monsoon
2022-09-10,Karnataka,Dharwad,Hubli (Amaragol),Onion,Telagi,300,1810,850,886.1540294510078,-36.15402945100777,0,High,0.4804421443419933,2022,9,Monsoon
2022-09-14,Karnataka,Dharwad,Hubli (Amaragol),Onion,Local,200,1300,660,832.1244778677241,-172.12447786772407,0,High,0.4804421443419933,2022,9,Monsoon
2022-09-16,Karnataka,Dharwad,Hubli (Amaragol),Onion,Telagi,300,1300,780,873.9492047417202,-93.94920474172022,0,High,0.4804421443419933,2022,9,Monsoon
2022-09-17,Karnataka,Dharwad,Hubli (Amaragol),Onion,Local,200,1100,580,825.8444816994397,-245.8444816994397,0,High,0.4804421443419933,2022,9,Monsoon
2022-09-17,Karnataka,Dharwad,Hubli (Amaragol),Onion,Telagi,250,1300,830,861.1228720302886,-31.12287203028859,0,High,0.4804421443419933,2022,9,Monsoon
2022-09-22,Karnataka,Dharwad,Hubli (Amaragol),Onion,Local,150,1320,730,799.7729029430567,-69.77290294305669,0,High,0.4804421443419933,2022,9,Monsoon
2022-09-24,Karnataka,Dharwad,Hubli (Amaragol),Onion,Puna,500,2000,1180,822.8772598137224,357.1227401862776,0,High,0.4804421443419933,2022,9,Monsoon
2022-10-04,Karnataka,Dharwad,Hubli (Amaragol),Onion,Local,150,1600,730,693.9142249088582,36.08577509114184,0,High,0.4804421443419933,2022,10,PostMonsoon
2022-10-06,Karnataka,Dharwad,Hubli (Amaragol),Onion,Puna,500,1700,830,797.045657137107,32.954342862892986,0,High,0.4804421443419933,2022,10,PostMonsoon
2022-10-11,Karnataka,Dharwad,Hubli (Amaragol),Onion,Puna,500,2200,1050,812.9597371274496,237.04026287255044,0,High,0.4804421443419933,2022,10,PostMonsoon
2022-10-13,Karnataka,Dharwad,Hubli (Amaragol),Onion,Local,150,1800,840,839.772092962811,0.2279070371889702,0,High,0.4804421443419933,2022,10,PostMonsoon
2022-10-13,Karnataka,Dharwad,Hubli (Amaragol),Onion,Other,1600,1800,1700,1009.7209533680117,690.2790466319883,0,High,0.4804421443419933,2022,10,PostMonsoon
2022-10-14,Karnataka,Dharwad,Hubli (Amaragol),Onion,Other,1600,1700,1650,1049.7520093434903,600.2479906565097,0,High,0.4804421443419933,2022,10,PostMonsoon
2022-10-15,Karnataka,Dharwad,Hubli (Amaragol),Onion,Other,2000,2000,2000,1197.0558326910807,802.9441673089193,0,High,0.4804421443419933,2022,10,PostMonsoon
2022-10-15,Karnataka,Dharwad,Hubli (Amaragol),Onion,Puna,500,2400,1200,1225.955226903812,-25.95522690381199,0,High,0.4804421443419933,2022,10,PostMonsoon
2022-10-20,Karnataka,Dharwad,Hubli (Amaragol),Onion,Telagi,200,1900,880,1328.2753783698554,-448.2753783698554,0,High,0.4804421443419933,2022,10,PostMonsoon
2022-10-21,Karnataka,Dharwad,Hubli (Amaragol),Onion,Puna,500,2700,1280,1416.310769346955,-136.3107693469551,0,High,0.4804421443419933,2022,10,PostMonsoon
2022-10-22,Karnataka,Dharwad,Hubli (Amaragol),Onion,Local,200,2100,880,1375.7181869304566,-495.71818693045657,0,High,0.4804421443419933,2022,10,PostMonsoon
2022-10-27,Karnataka,Dharwad,Hubli (Amaragol),Onion,Puna,800,3000,1350,1358.708511658542,-8.708511658541966,0,High,0.4804421443419933,2022,10,PostMonsoon
2022-10-28,Karnataka,Dharwad,Hubli (Amaragol),Onion,Local,200,2200,900,1180.1778989798759,-280.17789897987586,0,High,0.4804421443419933,2022,10,PostMonsoon
2022-10-31,Karnataka,Dharwad,Hubli (Amaragol),Onion,Local,200,2250,950,1041.7449500403332,-91.74495004033315,0,High,0.4804421443419933,2022,10,PostMonsoon
2022-11-04,Karnataka,Dharwad,Hubli (Amaragol),Onion,Puna,1000,4000,1700,1135.1548238408986,564.8451761591014,0,High,0.4804421443419933,2022,11,PostMonsoon
2022-11-11,Karnataka,Dharwad,Hubli (Amaragol),Onion,Telagi,200,1400,760,1013.8347954673736,-253.83479546737362,0,High,0.4804421443419933,2022,11,PostMonsoon
2022-11-12,Karnataka,Dharwad,Hubli (Amaragol),Onion,Local,200,2200,890,1085.2361607730988,-195.23616077309885,0,High,0.4804421443419933,2022,11,PostMonsoon
2022-11-15,Karnataka,Dharwad,Hubli (Amaragol),Onion,Telagi,500,1800,880,1038.7751800778644,-158.77518007786443,0,High,0.4804421443419933,2022,11,PostMonsoon
2022-11-17,Karnataka,Dharwad,Hubli (Amaragol),Onion,Puna,500,3000,1450,1070.797226388414,379.20277361158605,0,High,0.4804421443419933,2022,11,PostMonsoon
2022-11-19,Karnataka,Dharwad,Hubli (Amaragol),Onion,Local,200,2200,850,999.6990566382304,-149.69905663823045,0,High,0.4804421443419933,2022,11,PostMonsoon
2022-11-21,Karnataka,Dharwad,Hubli (Amaragol),Onion,Local,200,2000,900,1037.0016465318809,-137.00164653188085,0,High,0.4804421443419933,2022,11,PostMonsoon
2022-11-21,Karnataka,Dharwad,Hubli (Amaragol),Onion,Puna,500,2350,1200,948.9258490752462,251.07415092475378,0,High,0.4804421443419933,2022,11,PostMonsoon
2022-11-23,Karnataka,Dharwad,Hubli (Amaragol),Onion,Local,200,2200,900,945.3691667528481,-45.36916675284806,0,High,0.4804421443419933,2022,11,PostMonsoon
2022-11-23,Karnataka,Dharwad,Hubli (Amaragol),Onion,Puna,500,2500,1050,1012.1057819707286,37.89421802927143,0,High,0.4804421443419933,2022,11,PostMonsoon
2022-11-25,Karnataka,Dharwad,Hubli (Amaragol),Onion,Local,200,1900,920,1012.653579611515,-92.65357961151506,0,High,0.4804421443419933,2022,11,PostMonsoon
2022-11-26,Karnataka,Dharwad,Hubli (Amaragol),Onion,Local,200,2350,940,954.5900517482735,-14.590051748273481,0,High,0.4804421443419933,2022,11,PostMonsoon
2022-12-01,Karnataka,Dharwad,Hubli (Amaragol),Onion,Telagi,400,1800,860,909.8917870950174,-49.891787095017435,0,High,0.4804421443419933,2022,12,Winter
2022-12-06,Karnataka,Dharwad,Hubli (Amaragol),Onion,Puna,500,2000,730,878.7066605598366,-148.70666055983656,0,High,0.4804421443419933,2022,12,Winter
2022-12-06,Karnataka,Dharwad,Hubli (Amaragol),Onion,Telagi,200,1600,700,815.0654574895266,-115.06545748952658,0,High,0.4804421443419933,2022,12,Winter
2022-12-09,Karnataka,Dharwad,Hubli (Amaragol),Onion,Telagi,300,1400,700,808.2328560652405,-108.23285606524053,0,High,0.4804421443419933,2022,12,Winter
2022-12-12,Karnataka,Dharwad,Hubli (Amaragol),Onion,Local,200,1500,700,722.5171953378259,-22.51719533782591,0,High,0.4804421443419933,2022,12,Winter
2022-12-17,Karnataka,Dharwad,Hubli (Amaragol),Onion,Puna,500,2150,850,747.1540349680872,102.84596503191278,0,High,0.4804421443419933,2022,12,Winter
2022-12-24,Karnataka,Dharwad,Hubli (Amaragol),Onion,Local,200,1850,920,723.5403365743989,196.4596634256011,0,High,0.4804421443419933,2022,12,Winter
2022-12-24,Karnataka,Dharwad,Hubli (Amaragol),Onion,Puna,700,2700,1200,769.3141131994787,430.6858868005213,0,High,0.4804421443419933,2022,12,Winter
2022-12-28,Karnataka,Dharwad,Hubli (Amaragol),Onion,Local,200,1800,900,737.3324733684651,162.66752663153488,0,High,0.4804421443419933,2022,12,Winter
2022-12-29,Karnataka,Dharwad,Hubli (Amaragol),Onion,Telagi,400,1900,910,819.4013730086668,90.59862699133316,0,High,0.4804421443419933,2022,12,Winter
2023-01-02,Karnataka,Dharwad,Hubli (Amaragol),Onion,Puna,500,2400,1130,975.2957470131231,154.7042529868769,0,High,0.4804421443419933,2023,1,Winter
2023-01-04,Karnataka,Dharwad,Hubli (Amaragol),Onion,Telagi,200,2200,930,997.2307982408586,-67.23079824085858,0,High,0.4804421443419933,2023,1,Winter
2023-01-04,Karnataka,Dharwad,Hubli (Amaragol),Onion,Other,500,2500,1150,1073.1533936352578,76.84660636474223,0,High,0.4804421443419933,2023,1,Winter
2023-01-07,Karnataka,Dharwad,Hubli (Amaragol),Onion,Telagi,600,2500,1220,1113.6722656903985,106.32773430960151,0,High,0.4804421443419933,2023,1,Winter
2023-01-10,Karnataka,Dharwad,Hubli (Amaragol),Onion,Local,250,1800,950,1034.7119447270552,-84.7119447270552,0,High,0.4804421443419933,2023,1,Winter
2023-01-11,Karnataka,Dharwad,Hubli (Amaragol),Onion,Telagi,300,1900,980,1091.5734253364903,-111.57342533649035,0,High,0.4804421443419933,2023,1,Winter
2023-01-12,Karnataka,Dharwad,Hubli (Amaragol),Onion,Telagi,200,1800,900,1093.078668145838,-193.07866814583804,0,High,0.4804421443419933,2023,1,Winter
2023-01-13,Karnataka,Dharwad,Hubli (Amaragol),Onion,Puna,500,2100,1050,1098.1357856623688,-48.13578566236879,0,High,0.4804421443419933,2023,1,Winter
2023-01-17,Karnataka,Dharwad,Hubli (Amaragol),Onion,Local,200,1500,800,1035.0283068118854,-235.0283068118854,0,High,0.4804421443419933,2023,1,Winter
2023-01-17,Karnataka,Dharwad,Hubli (Amaragol),Onion,Puna,500,2100,1200,1077.094084472269,122.90591552773094,0,High,0.4804421443419933,2023,1,Winter
2023-01-18,Karnataka,Dharwad,Hubli (Amaragol),Onion,Puna,500,2200,1100,1010.4892108150981,89.51078918490191,0,High,0.4804421443419933,2023,1,Winter
2023-01-21,Karnataka,Dharwad,Hubli (Amaragol),Onion,Local,200,1800,900,1037.5454746902908,-137.5454746902908,0,High,0.4804421443419933,2023,1,Winter
2023-01-28,Karnataka,Dharwad,Hubli (Amaragol),Onion,Telagi,300,1550,830,1040.3085009702995,-210.30850097029952,0,High,0.4804421443419933,2023,1,Winter
2023-01-30,Karnataka,Dharwad,Hubli (Amaragol),Onion,Telagi,400,1450,870,1008.9163215759669,-138.9163215759669,0,High,0.4804421443419933,2023,1,Winter
2023-01-31,Karnataka,Dharwad,Hubli (Amaragol),Onion,Telagi,300,1500,820,973.2971864634837,-153.29718646348374,0,High,0.4804421443419933,2023,1,Winter
2023-02-02,Karnataka,Dharwad,Hubli (Amaragol),Onion,Telagi,250,1300,750,976.4576969640864,-226.45769696408638,0,High,0.4804421443419933,2023,2,Winter
2023-02-02,Karnataka,Dharwad,Hubli (Amaragol),Onion,Local,200,1100,550,880.285106060204,-330.28510606020404,0,High,0.4804421443419933,2023,2,Winter
2023-02-03,Karnataka,Dharwad,Hubli (Amaragol),Onion,Puna,500,1600,850,873.9938937244038,-23.993893724403847,0,High,0.4804421443419933,2023,2,Winter
2023-02-04,Karnataka,Dharwad,Hubli (Amaragol),Onion,Local,200,1300,680,804.7061127008824,-124.70611270088239,0,High,0.4804421443419933,2023,2,Winter
2023-02-09,Karnataka,Dharwad,Hubli (Amaragol),Onion,Puna,500,1600,900,824.7567202198724,75.24327978012764,0,High,0.4804421443419933,2023,2,Winter
2023-02-13,Karnataka,Dharwad,Hubli (Amaragol),Onion,Telagi,300,1500,800,761.9015083232923,38.09849167670768,0,High,0.4804421443419933,2023,2,Winter
2023-02-14,Karnataka,Dharwad,Hubli (Amaragol),Onion,Local,200,1100,550,738.7839849233385,-188.7839849233385,0,High,0.4804421443419933,2023,2,Winter
2023-02-16,Karnataka,Dharwad,Hubli (Amaragol),Onion,Telagi,300,1000,530,751.3609079343103,-221.36090793431026,0,High,0.4804421443419933,2023,2,Winter
2023-02-17,Karnataka,Dharwad,Hubli (Amaragol),Onion,Puna,500,1450,930,823.0584979723316,106.94150202766843,0,High,0.4804421443419933,2023,2,Winter
2023-02-20,Karnataka,Dharwad,Hubli (Amaragol),Onion,Puna,500,1500,900,748.0744667103193,151.92553328968074,0,High,0.4804421443419933,2023,2,Winter
2023-02-21,Karnataka,Dharwad,Hubli (Amaragol),Onion,Telagi,200,900,500,730.0865148718951,-230.08651487189513,0,High,0.4804421443419933,2023,2,Winter
2023-02-21,Karnataka,Dharwad,Hubli (Amaragol),Onion,Puna,500,1300,850,776.256772495463,73.743227504537,0,High,0.4804421443419933,2023,2,Winter
2023-02-24,Karnataka,Dharwad,Hubli (Amaragol),Onion,Telagi,200,800,500,701.5823453412927,-201.5823453412927,0,High,0.4804421443419933,2023,2,Winter
2023-02-27,Karnataka,Dharwad,Hubli (Amaragol),Onion,Puna,300,1400,850,769.0533290858519,80.94667091414806,0,High,0.4804421443419933,2023,2,Winter
2023-02-28,Karnataka,Dharwad,Hubli (Amaragol),Onion,Local,150,650,410,709.2358427582155,-299.23584275821554,1,High,0.4804421443419933,2023,2,Winter
2023-03-04,Karnataka,Dharwad,Hubli (Amaragol),Onion,Puna,300,1400,800,776.3873498627337,23.612650137266314,0,High,0.4804421443419933,2023,3,Summer
2023-03-07,Karnataka,Dharwad,Hubli (Amaragol),Onion,Telagi,220,1100,580,642.6073725725743,-62.60737257257426,0,High,0.4804421443419933,2023,3,Summer
2023-03-10,Karnataka,Dharwad,Hubli (Amaragol),Onion,Telagi,200,1300,850,750.9840941403306,99.01590585966937,0,High,0.4804421443419933,2023,3,Summer
2023-03-15,Karnataka,Dharwad,Hubli (Amaragol),Onion,Puna,300,1430,700,675.5387927034907,24.461207296509315,0,High,0.4804421443419933,2023,3,Summer
2023-03-18,Karnataka,Dharwad,Hubli (Amaragol),Onion,Puna,250,1200,450,709.3824439082182,-259.3824439082182,1,High,0.4804421443419933,2023,3,Summer
2023-03-27,Karnataka,Dharwad,Hubli (Amaragol),Onion,Telagi,200,1050,550,658.5291174315761,-108.52911743157608,0,High,0.4804421443419933,2023,3,Summer
2023-03-28,Karnataka,Dharwad,Hubli (Amaragol),Onion,Telagi,200,900,520,670.0412364100797,-150.0412364100797,1,High,0.4804421443419933,2023,3,Summer
2023-03-30,Karnataka,Dharwad,Hubli (Amaragol),Onion,Puna,300,1200,620,659.2567279812666,-39.256727981266636,0,High,0.4804421443419933,2023,3,Summer
2023-04-05,Karnataka,Dharwad,Hubli (Amaragol),Onion,Puna,300,1150,620,635.0766600873096,-15.07666008730962,0,High,0.4804421443419933,2023,4,Summer
2023-04-06,Karnataka,Dharwad,Hubli (Amaragol),Onion,Telagi,200,900,500,585.3782164079504,-85.37821640795039,0,High,0.4804421443419933,2023,4,Summer
2023-04-06,Karnataka,Dharwad,Hubli (Amaragol),Onion,Puna,300,1130,600,585.4102639734136,14.589736026586365,0,High,0.4804421443419933,2023,4,Summer
2023-04-08,Karnataka,Dharwad,Hubli (Amaragol),Onion,Puna,200,1200,650,618.7577401844065,31.242259815593457,0,High,0.4804421443419933,2023,4,Summer
2023-04-17,Karnataka,Dharwad,Hubli (Amaragol),Onion,Puna,200,1110,620,587.3335132246103,32.66648677538967,0,High,0.4804421443419933,2023,4,Summer
2023-04-18,Karnataka,Dharwad,Hubli (Amaragol),Onion,Puna,250,1100,630,616.4928392599045,13.507160740095514,0,High,0.4804421443419933,2023,4,Summer
2023-05-09,Karnataka,Dharwad,Hubli (Amaragol),Onion,Puna,300,1100,630,606.8562073610949,23.143792638905097,0,High,0.4804421443419933,2023,5,Summer
2023-05-11,Karnataka,Dharwad,Hubli (Amaragol),Onion,Telagi,250,850,530,606.6311803574391,-76.63118035743912,0,High,0.4804421443419933,2023,5,Summer
2023-05-11,Karnataka,Dharwad,Hubli (Amaragol),Onion,Puna,300,1200,670,647.8440144597226,22.155985540277356,0,High,0.4804421443419933,2023,5,Summer
2023-05-12,Karnataka,Dharwad,Hubli (Amaragol),Onion,Other,1300,1550,1400,766.1042295499973,633.8957704500027,0,High,0.4804421443419933,2023,5,Summer
2023-05-23,Karnataka,Dharwad,Hubli (Amaragol),Onion,Puna,300,1200,730,658.404189930293,71.595810069707,0,High,0.4804421443419933,2023,5,Summer
2023-05-25,Karnataka,Dharwad,Hubli (Amaragol),Onion,Puna,300,1200,680,773.5166761805326,-93.51667618053261,0,High,0.4804421443419933,2023,5,Summer
2023-05-31,Karnataka,Dharwad,Hubli (Amaragol),Onion,Puna,300,1400,820,803.9902159487543,16.009784051245674,0,High,0.4804421443419933,2023,5,Summer
2023-06-01,Karnataka,Dharwad,Hubli (Amaragol),Onion,Telagi,200,1150,560,790.2009432517472,-230.20094325174716,0,High,0.4804421443419933,2023,6,Monsoon
2023-06-03,Karnataka,Dharwad,Hubli (Amaragol),Onion,Puna,300,1400,790,882.172217450642,-92.17221745064205,0,High,0.4804421443419933,2023,6,Monsoon
2023-06-13,Karnataka,Dharwad,Hubli (Amaragol),Onion,Telagi,300,1400,730,831.89107131159,-101.89107131159005,0,High,0.4804421443419933,2023,6,Monsoon
2023-06-13,Karnataka,Dharwad,Hubli (Amaragol),Onion,Puna,350,1600,850,750.6186849672212,99.38131503277884,0,High,0.4804421443419933,2023,6,Monsoon
2023-06-14,Karnataka,Dharwad,Hubli (Amaragol),Onion,Telagi,200,1350,730,741.532398785949,-11.532398785948999,0,High,0.4804421443419933,2023,6,Monsoon
2023-06-16,Karnataka,Dharwad,Hubli (Amaragol),Onion,Puna,300,1500,880,804.7443792468946,75.2556207531054,0,High,0.4804421443419933,2023,6,Monsoon
2023-06-24,Karnataka,Dharwad,Hubli (Amaragol),Onion,Telagi,200,1500,720,775.3279786424815,-55.327978642481526,0,High,0.4804421443419933,2023,6,Monsoon
2023-06-30,Karnataka,Dharwad,Hubli (Amaragol),Onion,Puna,400,1800,1020,864.6295120043139,155.37048799568606,0,High,0.4804421443419933,2023,6,Monsoon
2023-07-04,Karnataka,Dharwad,Hubli (Amaragol),Onion,Telagi,300,1500,740,784.2610941501177,-44.26109415011774,0,High,0.4804421443419933,2023,7,Monsoon
2023-07-05,Karnataka,Dharwad,Hubli (Amaragol),Onion,Telagi,500,1610,830,845.7315886305433,-15.731588630543342,0,High,0.4804421443419933,2023,7,Monsoon
2023-07-07,Karnataka,Dharwad,Hubli (Amaragol),Onion,Puna,500,2300,1150,896.6942243328632,253.3057756671368,0,High,0.4804421443419933,2023,7,Monsoon
2023-07-11,Karnataka,Dharwad,Hubli (Amaragol),Onion,Telagi,300,1500,700,826.7673105873818,-126.76731058738176,0,High,0.4804421443419933,2023,7,Monsoon
2023-07-22,Karnataka,Dharwad,Hubli (Amaragol),Onion,Puna,500,2050,1020,939.4283250272268,80.57167497277317,0,High,0.4804421443419933,2023,7,Monsoon
2023-07-22,Karnataka,Dharwad,Hubli (Amaragol),Onion,Telagi,400,1550,860,918.7498009537925,-58.74980095379249,0,High,0.4804421443419933,2023,7,Monsoon
2023-07-27,Karnataka,Dharwad,Hubli (Amaragol),Onion,Telagi,200,1450,720,877.2895075128213,-157.28950751282127,0,High,0.4804421443419933,2023,7,Monsoon
2023-08-01,Karnataka,Dharwad,Hubli (Amaragol),Onion,Puna,500,2100,1050,922.3811968596544,127.61880314034556,0,High,0.4804421443419933,2023,8,Monsoon
2023-08-07,Karnataka,Dharwad,Hubli (Amaragol),Onion,Puna,500,2000,1000,898.0190565183278,101.98094348167217,0,High,0.4804421443419933,2023,8,Monsoon
2023-08-08,Karnataka,Dharwad,Hubli (Amaragol),Onion,Puna,500,2300,1050,895.7522052320538,154.24779476794617,0,High,0.4804421443419933,2023,8,Monsoon
2023-08-09,Karnataka,Dharwad,Hubli (Amaragol),Onion,Puna,500,2200,1050,953.0701484011005,96.92985159889952,0,High,0.4804421443419933,2023,8,Monsoon
2023-08-09,Karnataka,Dharwad,Hubli (Amaragol),Onion,Telagi,400,2050,1020,953.0701484011005,66.92985159889952,0,High,0.4804421443419933,2023,8,Monsoon
2023-08-12,Karnataka,Dharwad,Hubli (Amaragol),Onion,Puna,500,2500,1220,1037.2805663191666,182.7194336808334,0,High,0.4804421443419933,2023,8,Monsoon
2023-08-12,Karnataka,Dharwad,Hubli (Amaragol),Onion,Telagi,300,2200,1080,1068.65867229254,11.341327707460096,0,High,0.4804421443419933,2023,8,Monsoon
2023-08-21,Karnataka,Dharwad,Hubli (Amaragol),Onion,Telagi,600,2500,1230,1080.9099674129384,149.09003258706161,0,High,0.4804421443419933,2023,8,Monsoon
2023-08-31,Karnataka,Dharwad,Hubli (Amaragol),Onion,Puna,500,2400,1150,1106.5446586912972,43.45534130870283,0,High,0.4804421443419933,2023,8,Monsoon
2023-09-02,Karnataka,Dharwad,Hubli (Amaragol),Onion,Telagi,400,2200,1060,1123.5322108048729,-63.532210804872875,0,High,0.4804421443419933,2023,9,Monsoon
2023-09-06,Karnataka,Dharwad,Hubli (Amaragol),Onion,Puna,600,2800,1500,1187.2987468835925,312.70125311640754,0,High,0.4804421443419933,2023,9,Monsoon
2023-09-12,Karnataka,Dharwad,Hubli (Amaragol),Onion,Puna,550,2500,1250,1157.758963632542,92.24103636745804,0,High,0.4804421443419933,2023,9,Monsoon
2023-09-13,Karnataka,Dharwad,Hubli (Amaragol),Onion,Puna,600,2600,1100,1179.3901252593225,-79.39012525932253,0,High,0.4804421443419933,2023,9,Monsoon
2023-09-14,Karnataka,Dharwad,Hubli (Amaragol),Onion,Local,1100,2200,1400,1258.980313138882,141.0196868611181,0,High,0.4804421443419933,2023,9,Monsoon
2023-09-16,Karnataka,Dharwad,Hubli (Amaragol),Onion,Other,1500,1800,1650,1300.9451404876597,349.0548595123403,0,High,0.4804421443419933,2023,9,Monsoon
2023-09-20,Karnataka,Dharwad,Hubli (Amaragol),Onion,Puna,500,2600,1250,1261.6555556365736,-11.655555636573581,0,High,0.4804421443419933,2023,9,Monsoon
2023-09-22,Karnataka,Dharwad,Hubli (Amaragol),Onion,Puna,600,2800,1450,1393.7665009912114,56.23349900878861,0,High,0.4804421443419933,2023,9,Monsoon
2023-09-25,Karnataka,Dharwad,Hubli (Amaragol),Onion,Puna,800,3000,1650,1362.1897010727587,287.8102989272413,0,High,0.4804421443419933,2023,9,Monsoon
2023-09-25,Karnataka,Dharwad,Hubli (Amaragol),Onion,Other,1500,1950,1700,1408.1997208690102,291.8002791309898,0,High,0.4804421443419933,2023,9,Monsoon
2023-09-26,Karnataka,Dharwad,Hubli (Amaragol),Onion,Puna,800,2900,1300,1441.1311409999269,-141.13114099992686,0,High,0.4804421443419933,2023,9,Monsoon
2023-09-27,Karnataka,Dharwad,Hubli (Amaragol),Onion,Puna,800,3000,1550,1527.0202060839458,22.979793916054177,0,High,0.4804421443419933,2023,9,Monsoon
2023-09-30,Karnataka,Dharwad,Hubli (Amaragol),Onion,Telagi,500,2550,1200,1441.534030550715,-241.534030550715,0,High,0.4804421443419933,2023,9,Monsoon
2023-10-06,Karnataka,Dharwad,Hubli (Amaragol),Onion,Telagi,500,2300,1250,1462.2887415777436,-212.28874157774362,0,High,0.4804421443419933,2023,10,PostMonsoon
2023-10-07,Karnataka,Dharwad,Hubli (Amaragol),Onion,Local,300,2700,1300,1438.3182746196892,-138.3182746196892,0,High,0.4804421443419933,2023,10,PostMonsoon
2023-10-11,Karnataka,Dharwad,Hubli (Amaragol),Onion,Puna,800,2900,1500,1385.5340340231917,114.46596597680832,0,High,0.4804421443419933,2023,10,PostMonsoon
2023-10-11,Karnataka,Dharwad,Hubli (Amaragol),Onion,Telagi,500,2500,1250,1285.2249155906625,-35.22491559066248,0,High,0.4804421443419933,2023,10,PostMonsoon
2023-10-17,Karnataka,Dharwad,Hubli (Amaragol),Onion,Telagi,1000,3500,1600,1360.7314549049854,239.2685450950146,0,High,0.4804421443419933,2023,10,PostMonsoon
2023-10-17,Karnataka,Dharwad,Hubli (Amaragol),Onion,Local,800,3800,1650,1329.4774256236622,320.52257437633784,0,High,0.4804421443419933,2023,10,PostMonsoon
2023-10-18,Karnataka,Dharwad,Hubli (Amaragol),Onion,Puna,1000,4200,2000,1459.9549379070993,540.0450620929007,0,High,0.4804421443419933,2023,10,PostMonsoon
2023-10-21,Karnataka,Dharwad,Hubli (Amaragol),Onion,Puna,1000,4000,1800,1523.4708079689997,276.5291920310003,0,High,0.4804421443419933,2023,10,PostMonsoon
2023-10-26,Karnataka,Dharwad,Hubli (Amaragol),Onion,Puna,1500,6600,2300,1698.7902907221178,601.2097092778822,0,High,0.4804421443419933,2023,10,PostMonsoon
2023-10-26,Karnataka,Dharwad,Hubli (Amaragol),Onion,Local,800,6000,1850,1687.8183045157407,162.1816954842593,0,High,0.4804421443419933,2023,10,PostMonsoon
2023-10-27,Karnataka,Dharwad,Hubli (Amaragol),Onion,Puna,1500,6000,2300,1926.8138951580752,373.1861048419248,0,High,0.4804421443419933,2023,10,PostMonsoon
2023-11-02,Karnataka,Dharwad,Hubli (Amaragol),Onion,Local,500,5500,2200,1946.1651352997274,253.83486470027265,0,High,0.4804421443419933,2023,11,PostMonsoon
2023-11-03,Karnataka,Dharwad,Hubli (Amaragol),Onion,Puna,1000,5100,2000,2023.845240457378,-23.84524045737794,0,High,0.4804421443419933,2023,11,PostMonsoon
2023-11-04,Karnataka,Dharwad,Hubli (Amaragol),Onion,Local,800,5000,2400,2123.228961286809,276.77103871319105,0,High,0.4804421443419933,2023,11,PostMonsoon
2023-11-08,Karnataka,Dharwad,Hubli (Amaragol),Onion,Puna,1000,4800,2200,2112.350260523378,87.64973947662202,0,High,0.4804421443419933,2023,11,PostMonsoon
2023-11-08,Karnataka,Dharwad,Hubli (Amaragol),Onion,Local,800,4500,1700,2041.953717688996,-341.953717688996,0,High,0.4804421443419933,2023,11,PostMonsoon
2023-11-15,Karnataka,Dharwad,Hubli (Amaragol),Onion,Puna,1000,4500,2100,2150.471796047894,-50.471796047893804,0,High,0.4804421443419933,2023,11,PostMonsoon
2023-11-15,Karnataka,Dharwad,Hubli (Amaragol),Onion,Local,500,5000,2200,2079.9150153861956,120.08498461380441,0,High,0.4804421443419933,2023,11,PostMonsoon
2023-11-16,Karnataka,Dharwad,Hubli (Amaragol),Onion,Puna,1000,5200,2300,2089.801366162157,210.19863383784286,0,High,0.4804421443419933,2023,11,PostMonsoon
2023-11-17,Karnataka,Dharwad,Hubli (Amaragol),Onion,Telagi,600,4100,1800,2050.914670861859,-250.91467086185912,0,High,0.4804421443419933,2023,11,PostMonsoon
2023-11-21,Karnataka,Dharwad,Hubli (Amaragol),Onion,Telagi,1000,4500,2000,2032.1474858266927,-32.14748582669267,0,High,0.4804421443419933,2023,11,PostMonsoon
2023-11-21,Karnataka,Dharwad,Hubli (Amaragol),Onion,Local,1000,4500,2050,1980.6114134704246,69.38858652957538,0,High,0.4804421443419933,2023,11,PostMonsoon
2023-11-23,Karnataka,Dharwad,Hubli (Amaragol),Onion,Puna,1000,4300,1800,2004.4885949855309,-204.48859498553088,0,High,0.4804421443419933,2023,11,PostMonsoon
2023-11-25,Karnataka,Dharwad,Hubli (Amaragol),Onion,Puna,500,4000,2000,2036.5747364270076,-36.574736427007565,0,High,0.4804421443419933,2023,11,PostMonsoon
2023-11-25,Karnataka,Dharwad,Hubli (Amaragol),Onion,Local,500,3500,1600,1911.8790949563474,-311.87909495634744,0,High,0.4804421443419933,2023,11,PostMonsoon
2023-11-29,Karnataka,Dharwad,Hubli (Amaragol),Onion,Puna,2000,4700,3000,2058.3716375417325,941.6283624582675,1,High,0.4804421443419933,2023,11,PostMonsoon
2023-11-29,Karnataka,Dharwad,Hubli (Amaragol),Onion,Local,500,4500,2000,1900.8401563656003,99.15984363439975,0,High,0.4804421443419933,2023,11,PostMonsoon
2023-12-04,Karnataka,Dharwad,Hubli (Amaragol),Onion,Puna,1000,4300,2100,2009.2365070577307,90.7634929422693,0,High,0.4804421443419933,2023,12,Winter
2023-12-04,Karnataka,Dharwad,Hubli (Amaragol),Onion,Telagi,1000,4000,2000,1987.532891385952,12.467108614047902,0,High,0.4804421443419933,2023,12,Winter
2023-12-11,Karnataka,Dharwad,Hubli (Amaragol),Onion,Telagi,500,3700,1800,2001.1076660450217,-201.1076660450217,0,High,0.4804421443419933,2023,12,Winter
2023-12-20,Karnataka,Dharwad,Hubli (Amaragol),Onion,Puna,500,2600,1350,1936.9891690171517,-586.9891690171517,0,High,0.4804421443419933,2023,12,Winter
2023-12-20,Karnataka,Dharwad,Hubli (Amaragol),Onion,Telagi,500,2850,1350,1957.4314499194138,-607.4314499194138,0,High,0.4804421443419933,2023,12,Winter
2023-12-21,Karnataka,Dharwad,Hubli (Amaragol),Onion,Telagi,500,2400,1200,1671.9966168714632,-471.9966168714632,0,High,0.4804421443419933,2023,12,Winter
2023-12-23,Karnataka,Dharwad,Hubli (Amaragol),Onion,Puna,500,2800,1400,1609.219573526769,-209.21957352676895,0,High,0.4804421443419933,2023,12,Winter
2023-12-26,Karnataka,Dharwad,Hubli (Amaragol),Onion,Puna,600,3000,1400,1439.452476392245,-39.45247639224499,0,High,0.4804421443419933,2023,12,Winter
2023-12-27,Karnataka,Dharwad,Hubli (Amaragol),Onion,Local,500,2500,1200,1316.5944635984954,-116.5944635984954,0,High,0.4804421443419933,2023,12,Winter
2023-12-28,Karnataka,Dharwad,Hubli (Amaragol),Onion,Telagi,500,2000,1000,1220.8860001228843,-220.8860001228843,0,High,0.4804421443419933,2023,12,Winter
2023-12-28,Karnataka,Dharwad,Hubli (Amaragol),Onion,Local,300,2400,1200,1223.6490264028935,-23.64902640289347,0,High,0.4804421443419933,2023,12,Winter
2023-12-29,Karnataka,Dharwad,Hubli (Amaragol),Onion,Local,400,2400,1180,1176.0648610511516,3.935138948848362,0,High,0.4804421443419933,2023,12,Winter
2026-07-22,Karnataka,Mysuru,Hunsur APMC,Onion,Bombay (U.P.),1983,1983,1983,2091.705944474682,-108.70594447468193,0,High,0.4804421443419933,2026,7,Monsoon
2026-08-01,Karnataka,Mysuru,Hunsur APMC,Onion,Bombay (U.P.),2000,2000,2000,2097.0799577465277,-97.07995774652773,0,High,0.4804421443419933,2026,8,Monsoon
2026-04-02,Karnataka,Mysuru,Mysuru APMC,Onion,Other,750,1350,1300,1194.6271715014482,105.37282849855183,0,High,0.4804421443419933,2026,4,Summer
2026-04-04,Karnataka,Mysuru,Mysuru APMC,Onion,Other,700,1200,1000,1111.4078472544916,-111.40784725449157,0,High,0.4804421443419933,2026,4,Summer
2026-04-06,Karnataka,Mysuru,Mysuru APMC,Onion,Other,700,1350,1200,1144.5658977281298,55.43410227187019,0,High,0.4804421443419933,2026,4,Summer
2026-04-08,Karnataka,Mysuru,Mysuru APMC,Onion,Other,700,1300,1000,1103.3722916847278,-103.37229168472777,0,High,0.4804421443419933,2026,4,Summer
2026-04-10,Karnataka,Mysuru,Mysuru APMC,Onion,Other,700,1200,1000,1125.9614321257654,-125.96143212576544,0,High,0.4804421443419933,2026,4,Summer
2026-04-13,Karnataka,Mysuru,Mysuru APMC,Onion,Other,700,1200,1000,1083.599590132804,-83.599590132804,0,High,0.4804421443419933,2026,4,Summer
2026-04-18,Karnataka,Mysuru,Mysuru APMC,Onion,Other,700,1300,1000,1119.6168071808595,-119.6168071808595,0,High,0.4804421443419933,2026,4,Summer
2026-04-20,Karnataka,Mysuru,Mysuru APMC,Onion,Other,500,1000,900,1018.5688620311242,-118.56886203112424,0,High,0.4804421443419933,2026,4,Summer
2026-04-23,Karnataka,Mysuru,Mysuru APMC,Onion,Other,700,1000,900,1037.4962848936066,-137.49628489360657,0,High,0.4804421443419933,2026,4,Summer
2026-04-27,Karnataka,Mysuru,Mysuru APMC,Onion,Other,1200,1400,1300,1032.1436366901937,267.8563633098063,0,High,0.4804421443419933,2026,4,Summer
2026-04-28,Karnataka,Mysuru,Mysuru APMC,Onion,Other,500,1200,850,960.6614584253964,-110.6614584253964,0,High,0.4804421443419933,2026,4,Summer
2026-05-02,Karnataka,Mysuru,Mysuru APMC,Onion,Other,800,1700,1250,1081.3010004577595,168.69899954224047,0,High,0.4804421443419933,2026,5,Summer
2026-05-07,Karnataka,Mysuru,Mysuru APMC,Onion,Other,600,1300,950,1004.4661739895491,-54.466173989549134,0,High,0.4804421443419933,2026,5,Summer
2026-05-08,Karnataka,Mysuru,Mysuru APMC,Onion,Other,600,1300,950,1044.2651003636588,-94.2651003636588,0,High,0.4804421443419933,2026,5,Summer
2026-05-11,Karnataka,Mysuru,Mysuru APMC,Onion,Other,500,1600,1200,1064.2243728014744,135.77562719852563,0,High,0.4804421443419933,2026,5,Summer
2026-05-12,Karnataka,Mysuru,Mysuru APMC,Onion,Other,500,1600,1200,1086.2639256396722,113.73607436032785,0,High,0.4804421443419933,2026,5,Summer
2026-05-15,Karnataka,Mysuru,Mysuru APMC,Onion,Other,600,1200,1000,1059.101209792245,-59.10120979224507,0,High,0.4804421443419933,2026,5,Summer
2026-05-16,Karnataka,Mysuru,Mysuru APMC,Onion,Other,500,1200,1000,1117.8407255581258,-117.84072555812577,0,High,0.4804421443419933,2026,5,Summer
2026-05-18,Karnataka,Mysuru,Mysuru APMC,Onion,Other,500,1200,1000,1041.1793034465197,-41.179303446519725,0,High,0.4804421443419933,2026,5,Summer
2026-05-20,Karnataka,Mysuru,Mysuru APMC,Onion,Other,500,1200,1000,1063.715031278452,-63.71503127845199,0,High,0.4804421443419933,2026,5,Summer
2026-05-22,Karnataka,Mysuru,Mysuru APMC,Onion,Other,800,1800,1400,1151.2814872120643,248.71851278793565,0,High,0.4804421443419933,2026,5,Summer
2026-05-25,Karnataka,Mysuru,Mysuru APMC,Onion,Other,800,1500,1300,1084.4262969627628,215.57370303723724,0,High,0.4804421443419933,2026,5,Summer
2026-05-26,Karnataka,Mysuru,Mysuru APMC,Onion,Other,800,1800,1300,1121.4621970568628,178.5378029431372,0,High,0.4804421443419933,2026,5,Summer
2026-05-27,Karnataka,Mysuru,Mysuru APMC,Onion,Other,800,1800,1300,1177.4386865427343,122.56131345726567,0,High,0.4804421443419933,2026,5,Summer
2026-05-28,Karnataka,Mysuru,Mysuru APMC,Onion,Other,800,1800,1300,1233.4151760286059,66.58482397139414,0,High,0.4804421443419933,2026,5,Summer
2026-05-29,Karnataka,Mysuru,Mysuru APMC,Onion,Other,800,1800,1300,1289.3916655144765,10.608334485523528,0,High,0.4804421443419933,2026,5,Summer
2026-05-30,Karnataka,Mysuru,Mysuru APMC,Onion,Other,800,1800,1500,1377.8835190511886,122.11648094881139,0,High,0.4804421443419933,2026,5,Summer
2026-06-01,Karnataka,Mysuru,Mysuru APMC,Onion,Other,800,1800,1400,1324.109098518867,75.89090148113291,0,High,0.4804421443419933,2026,6,Monsoon
2026-06-02,Karnataka,Mysuru,Mysuru APMC,Onion,Other,800,1800,1400,1361.1449986129678,38.85500138703219,0,High,0.4804421443419933,2026,6,Monsoon
2026-06-03,Karnataka,Mysuru,Mysuru APMC,Onion,Other,800,1800,1400,1384.6061240479985,15.393875952001508,0,High,0.4804421443419933,2026,6,Monsoon
2026-06-04,Karnataka,Mysuru,Mysuru APMC,Onion,Other,800,1800,1400,1408.0672494830303,-8.06724948303031,0,High,0.4804421443419933,2026,6,Monsoon
2026-06-05,Karnataka,Mysuru,Mysuru APMC,Onion,Other,800,1800,1400,1431.5283749180612,-31.528374918061218,0,High,0.4804421443419933,2026,6,Monsoon
2026-06-08,Karnataka,Mysuru,Mysuru APMC,Onion,Other,800,1900,1500,1435.2299653304576,64.77003466954238,0,High,0.4804421443419933,2026,6,Monsoon
2026-06-09,Karnataka,Mysuru,Mysuru APMC,Onion,Other,800,1900,1500,1428.8586340809993,71.14136591900069,0,High,0.4804421443419933,2026,6,Monsoon
2026-06-10,Karnataka,Mysuru,Mysuru APMC,Onion,Other,800,1900,1500,1452.31975951603,47.68024048397001,0,High,0.4804421443419933,2026,6,Monsoon
2026-06-11,Karnataka,Mysuru,Mysuru APMC,Onion,Other,800,1900,1500,1475.7808849510611,24.219115048938875,0,High,0.4804421443419933,2026,6,Monsoon
2026-06-16,Karnataka,Mysuru,Mysuru APMC,Onion,Other,800,1800,1500,1477.6316801572589,22.36831984274113,0,High,0.4804421443419933,2026,6,Monsoon
2026-06-17,Karnataka,Mysuru,Mysuru APMC,Onion,Other,800,1800,1400,1484.8351235668697,-84.8351235668697,0,High,0.4804421443419933,2026,6,Monsoon
2026-06-18,Karnataka,Mysuru,Mysuru APMC,Onion,Other,800,1800,1400,1505.6133416355503,-105.61334163555034,0,High,0.4804421443419933,2026,6,Monsoon
2026-06-19,Karnataka,Mysuru,Mysuru APMC,Onion,Other,800,1800,1400,1496.5591030197415,-96.55910301974154,0,High,0.4804421443419933,2026,6,Monsoon
2026-06-22,Karnataka,Mysuru,Mysuru APMC,Onion,Other,2200,2600,2400,1614.0644676100783,785.9355323899217,0,High,0.4804421443419933,2026,6,Monsoon
2026-06-23,Karnataka,Mysuru,Mysuru APMC,Onion,Other,1800,2300,2000,1566.808574556095,433.191425443905,0,High,0.4804421443419933,2026,6,Monsoon
2026-06-24,Karnataka,Mysuru,Mysuru APMC,Onion,Other,1800,2300,2100,1725.8572087545044,374.1427912454956,0,High,0.4804421443419933,2026,6,Monsoon
2026-06-25,Karnataka,Mysuru,Mysuru APMC,Onion,Other,1800,2500,2100,1817.031969657567,282.96803034243294,0,High,0.4804421443419933,2026,6,Monsoon
2026-06-26,Karnataka,Mysuru,Mysuru APMC,Onion,Other,1700,2400,2200,1954.2968692705385,245.70313072946146,0,High,0.4804421443419933,2026,6,Monsoon
2026-06-27,Karnataka,Mysuru,Mysuru APMC,Onion,Other,1800,2500,2300,2094.2446762498616,205.75532375013836,0,High,0.4804421443419933,2026,6,Monsoon
2026-06-29,Karnataka,Mysuru,Mysuru APMC,Onion,Other,1600,2500,2200,2174.7141407460967,25.285859253903254,0,High,0.4804421443419933,2026,6,Monsoon
2026-07-06,Karnataka,Mysuru,Mysuru APMC,Onion,Other,1300,3400,2500,2194.6416747951416,305.3583252048584,0,High,0.4804421443419933,2026,7,Monsoon
2026-07-07,Karnataka,Mysuru,Mysuru APMC,Onion,Other,1300,3400,2500,2242.4092043546457,257.5907956453543,0,High,0.4804421443419933,2026,7,Monsoon
2026-07-08,Karnataka,Mysuru,Mysuru APMC,Onion,Other,1300,3400,2500,2314.6433758659364,185.35662413406362,0,High,0.4804421443419933,2026,7,Monsoon
2026-07-09,Karnataka,Mysuru,Mysuru APMC,Onion,Other,1300,3400,2600,2403.135229402648,196.86477059735216,1,High,0.4804421443419933,2026,7,Monsoon
2026-07-11,Karnataka,Mysuru,Mysuru APMC,Onion,Other,2500,3000,2600,2468.998069664481,131.00193033551886,1,High,0.4804421443419933,2026,7,Monsoon
2026-07-13,Karnataka,Mysuru,Mysuru APMC,Onion,Other,2500,3000,2800,2514.269262743526,285.7307372564742,1,High,0.4804421443419933,2026,7,Monsoon
2026-07-14,Karnataka,Mysuru,Mysuru APMC,Onion,Other,2500,3000,2800,2591.869248987519,208.13075101248114,1,High,0.4804421443419933,2026,7,Monsoon
2026-07-16,Karnataka,Mysuru,Mysuru APMC,Onion,Other,2500,3000,2800,2655.0491818830014,144.95081811699856,1,High,0.4804421443419933,2026,7,Monsoon
2026-07-17,Karnataka,Mysuru,Mysuru APMC,Onion,Other,2500,3000,2700,2694.7679893434524,5.232010656547573,1,High,0.4804421443419933,2026,7,Monsoon
2026-07-20,Karnataka,Mysuru,Mysuru APMC,Onion,Other,2000,3000,2500,2679.528990364078,-179.5289903640778,0,High,0.4804421443419933,2026,7,Monsoon
2026-07-21,Karnataka,Mysuru,Mysuru APMC,Onion,Other,2900,3200,3000,2778.9127111935077,221.08728880649232,1,High,0.4804421443419933,2026,7,Monsoon
2026-07-22,Karnataka,Mysuru,Mysuru APMC,Onion,Other,2400,3000,2700,2734.4999633331918,-34.49996333319177,1,High,0.4804421443419933,2026,7,Monsoon
2026-07-23,Karnataka,Mysuru,Mysuru APMC,Onion,Other,2400,3000,2700,2766.170048694591,-66.17004869459106,1,High,0.4804421443419933,2026,7,Monsoon
2026-07-25,Karnataka,Mysuru,Mysuru APMC,Onion,Other,2600,3000,2800,2780.5769355138127,19.423064486187286,1,High,0.4804421443419933,2026,7,Monsoon
2026-07-27,Karnataka,Mysuru,Mysuru APMC,Onion,Other,2600,3000,2800,2730.984943806688,69.01505619331192,1,High,0.4804421443419933,2026,7,Monsoon
2026-07-28,Karnataka,Mysuru,Mysuru APMC,Onion,Other,2000,3000,2500,2705.673023165459,-205.6730231654592,0,High,0.4804421443419933,2026,7,Monsoon
2026-07-29,Karnataka,Mysuru,Mysuru APMC,Onion,Other,1500,2600,2050,2680.4412214378885,-630.4412214378885,0,High,0.4804421443419933,2026,7,Monsoon
2026-07-30,Karnataka,Mysuru,Mysuru APMC,Onion,Other,1000,3200,2100,2602.412012584532,-502.412012584532,0,High,0.4804421443419933,2026,7,Monsoon
2026-07-31,Karnataka,Mysuru,Mysuru APMC,Onion,Other,1000,3200,2100,2505.281976512087,-405.2819765120871,0,High,0.4804421443419933,2026,7,Monsoon
2026-08-04,Karnataka,Mysuru,Mysuru APMC,Onion,Other,1000,3000,2800,2490.0244056732295,309.97559432677053,1,High,0.4804421443419933,2026,8,Monsoon
2026-08-05,Karnataka,Mysuru,Mysuru APMC,Onion,Other,1000,3000,2800,2402.204426469354,397.7955735306459,1,High,0.4804421443419933,2026,8,Monsoon
2026-08-06,Karnataka,Mysuru,Mysuru APMC,Onion,Other,1000,3000,2700,2393.150187853545,306.84981214645495,1,High,0.4804421443419933,2026,8,Monsoon
2026-04-04,Karnataka,Mysuru,T. Narasipura APMC,Onion,Onion,1000,2000,2000,2042.8962424208084,-42.89624242080845,0,High,0.4804421443419933,2026,4,Summer
2026-04-06,Karnataka,Mysuru,T. Narasipura APMC,Onion,Onion,1500,2000,2000,2006.879025372753,-6.879025372752949,0,High,0.4804421443419933,2026,4,Summer
2026-04-08,Karnataka,Mysuru,T. Narasipura APMC,Onion,Onion,1500,2000,2000,2021.285912191975,-21.285912191975058,0,High,0.4804421443419933,2026,4,Summer
2026-04-09,Karnataka,Mysuru,T. Narasipura APMC,Onion,Onion,1500,2000,2000,2028.4893556015859,-28.489355601585885,0,High,0.4804421443419933,2026,4,Summer
2026-04-13,Karnataka,Mysuru,T. Narasipura APMC,Onion,Onion,1000,2000,2000,2006.879025372753,-6.879025372752949,0,High,0.4804421443419933,2026,4,Summer
2026-04-15,Karnataka,Mysuru,T. Narasipura APMC,Onion,Onion,1500,2000,2000,2021.285912191975,-21.285912191975058,0,High,0.4804421443419933,2026,4,Summer
2026-04-16,Karnataka,Mysuru,T. Narasipura APMC,Onion,Onion,1500,2000,2000,2028.4893556015859,-28.489355601585885,0,High,0.4804421443419933,2026,4,Summer
2026-05-02,Karnataka,Mysuru,T. Narasipura APMC,Onion,Onion,1500,2000,2000,2032.9913197853639,-32.991319785363885,0,High,0.4804421443419933,2026,5,Summer
2026-05-04,Karnataka,Mysuru,T. Narasipura APMC,Onion,Onion,1000,2000,2000,1996.9741027373084,3.0258972626916147,0,High,0.4804421443419933,2026,5,Summer
2026-05-06,Karnataka,Mysuru,T. Narasipura APMC,Onion,Onion,1500,2000,2000,2011.3809895565305,-11.380989556530494,0,High,0.4804421443419933,2026,5,Summer
2026-05-07,Karnataka,Mysuru,T. Narasipura APMC,Onion,Onion,1200,2000,2000,2018.5844329661413,-18.58443296614132,0,High,0.4804421443419933,2026,5,Summer
2026-05-08,Karnataka,Mysuru,T. Narasipura APMC,Onion,Onion,1500,2000,2000,2025.7878763757526,-25.787876375752603,0,High,0.4804421443419933,2026,5,Summer
2026-05-11,Karnataka,Mysuru,T. Narasipura APMC,Onion,Onion,1700,2000,2000,1996.9741027373084,3.0258972626916147,0,High,0.4804421443419933,2026,5,Summer
2026-05-13,Karnataka,Mysuru,T. Narasipura APMC,Onion,Onion,1100,2000,2000,2011.3809895565305,-11.380989556530494,0,High,0.4804421443419933,2026,5,Summer
2026-05-14,Karnataka,Mysuru,T. Narasipura APMC,Onion,Onion,1500,2000,2000,2018.5844329661413,-18.58443296614132,0,High,0.4804421443419933,2026,5,Summer
2026-05-15,Karnataka,Mysuru,T. Narasipura APMC,Onion,Onion,1200,2000,2000,2025.7878763757526,-25.787876375752603,0,High,0.4804421443419933,2026,5,Summer
2026-06-01,Karnataka,Mysuru,T. Narasipura APMC,Onion,Onion,1500,2000,2000,2006.3664485711813,-6.366448571181309,0,High,0.4804421443419933,2026,6,Monsoon
2026-06-03,Karnataka,Mysuru,T. Narasipura APMC,Onion,Onion,1500,2000,2000,2020.7733353904034,-20.773335390403417,0,High,0.4804421443419933,2026,6,Monsoon
2026-06-04,Karnataka,Mysuru,T. Narasipura APMC,Onion,Onion,1500,2000,2000,2027.9767788000142,-27.976778800014245,0,High,0.4804421443419933,2026,6,Monsoon
2026-06-05,Karnataka,Mysuru,T. Narasipura APMC,Onion,Onion,1500,2000,2000,2035.1802222096255,-35.180222209625526,0,High,0.4804421443419933,2026,6,Monsoon
2026-06-08,Karnataka,Mysuru,T. Narasipura APMC,Onion,Onion,1300,2000,2000,2006.3664485711813,-6.366448571181309,0,High,0.4804421443419933,2026,6,Monsoon
2026-06-10,Karnataka,Mysuru,T. Narasipura APMC,Onion,Onion,1500,2000,2000,2020.7733353904034,-20.773335390403417,0,High,0.4804421443419933,2026,6,Monsoon
2026-04-02,Karnataka,Belagavi,Belgaum APMC,Potato,Local,1000,1500,1200,1226.0569262507354,-26.056926250735387,0,Medium,0.3781543145443134,2026,4,Summer
2026-04-04,Karnataka,Belagavi,Belgaum APMC,Potato,Local,600,1600,1400,1316.3329958552513,83.66700414474872,0,Medium,0.3781543145443134,2026,4,Summer
2026-04-06,Karnataka,Belagavi,Belgaum APMC,Potato,Local,600,1600,1400,1291.1008208817038,108.89917911829616,0,Medium,0.3781543145443134,2026,4,Summer
2026-04-08,Karnataka,Belagavi,Belgaum APMC,Potato,Local,500,1200,1000,1237.2254431941615,-237.22544319416147,0,Medium,0.3781543145443134,2026,4,Summer
2026-04-10,Karnataka,Belagavi,Belgaum APMC,Potato,Local,500,1200,1000,1260.4099189784854,-260.4099189784854,0,Medium,0.3781543145443134,2026,4,Summer
2026-04-11,Karnataka,Belagavi,Belgaum APMC,Potato,Local,500,1300,1000,1235.0979983372558,-235.09799833725583,0,Medium,0.3781543145443134,2026,4,Summer
2026-04-13,Karnataka,Belagavi,Belgaum APMC,Potato,Local,500,1300,1000,1166.5654172383606,-166.56541723836062,0,Medium,0.3781543145443134,2026,4,Summer
2026-04-15,Karnataka,Belagavi,Belgaum APMC,Potato,Local,500,1300,1000,1148.4569400067426,-148.45694000674257,0,Medium,0.3781543145443134,2026,4,Summer
2026-04-17,Karnataka,Belagavi,Belgaum APMC,Potato,Local,500,1300,1000,1097.8330987242844,-97.83309872428435,0,Medium,0.3781543145443134,2026,4,Summer
2026-04-22,Karnataka,Belagavi,Belgaum APMC,Potato,Local,800,1800,1500,1099.683893930482,400.3161060695179,0,Medium,0.3781543145443134,2026,4,Summer
2026-04-25,Karnataka,Belagavi,Belgaum APMC,Potato,Local,1000,1800,1500,1134.7087609910686,365.29123900893137,0,Medium,0.3781543145443134,2026,4,Summer
2026-04-27,Karnataka,Belagavi,Belgaum APMC,Potato,Local,1000,1800,1500,1179.9799540701135,320.02004592988646,0,Medium,0.3781543145443134,2026,4,Summer
2026-04-28,Karnataka,Belagavi,Belgaum APMC,Potato,Local,1000,1800,1500,1268.4718076068252,231.52819239317478,0,Medium,0.3781543145443134,2026,4,Summer
2026-04-30,Karnataka,Belagavi,Belgaum APMC,Potato,Local,500,1100,800,1250.3633303752072,-450.36333037520717,1,Medium,0.3781543145443134,2026,4,Summer
2026-05-02,Karnataka,Belagavi,Belgaum APMC,Potato,Local,800,1200,1000,1349.8887171724712,-349.88871717247116,0,Medium,0.3781543145443134,2026,5,Summer
2026-05-05,Karnataka,Belagavi,Belgaum APMC,Potato,Local,800,1200,1000,1293.9253942158878,-293.92539421588776,0,Medium,0.3781543145443134,2026,5,Summer
2026-05-06,Karnataka,Belagavi,Belgaum APMC,Potato,Local,500,1200,1000,1219.8404274983986,-219.84042749839864,0,Medium,0.3781543145443134,2026,5,Summer
2026-05-08,Karnataka,Belagavi,Belgaum APMC,Potato,Local,500,1200,1000,1152.9589041905201,-152.95890419052012,0,Medium,0.3781543145443134,2026,5,Summer
2026-05-09,Karnataka,Belagavi,Belgaum APMC,Potato,Local,500,1500,1200,1111.3893015238707,88.6106984761293,0,Medium,0.3781543145443134,2026,5,Summer
2026-05-12,Karnataka,Belagavi,Belgaum APMC,Potato,Local,500,1500,1200,1006.652932491028,193.34706750897203,0,Medium,0.3781543145443134,2026,5,Summer
2026-05-13,Karnataka,Belagavi,Belgaum APMC,Potato,Local,500,1500,1200,1078.8871040023191,121.11289599768088,0,Medium,0.3781543145443134,2026,5,Summer
2026-05-14,Karnataka,Belagavi,Belgaum APMC,Potato,Local,500,1500,1200,1118.60591146277,81.39408853722989,0,Medium,0.3781543145443134,2026,5,Summer
2026-05-15,Karnataka,Belagavi,Belgaum APMC,Potato,Local,500,1500,1200,1158.3247189232216,41.67528107677845,0,Medium,0.3781543145443134,2026,5,Summer
2026-05-18,Karnataka,Belagavi,Belgaum APMC,Potato,Local,500,1500,1200,1162.026309335617,37.97369066438296,0,Medium,0.3781543145443134,2026,5,Summer
2026-05-20,Karnataka,Belagavi,Belgaum APMC,Potato,Local,500,1500,1200,1208.9485602056798,-8.948560205679769,0,Medium,0.3781543145443134,2026,5,Summer
2026-05-21,Karnataka,Belagavi,Belgaum APMC,Potato,Local,500,1500,1200,1216.1520036152908,-16.152003615290823,0,Medium,0.3781543145443134,2026,5,Summer
2026-05-23,Karnataka,Belagavi,Belgaum APMC,Potato,Local,500,1500,1200,1230.558890434513,-30.558890434512932,0,Medium,0.3781543145443134,2026,5,Summer
2026-05-26,Karnataka,Belagavi,Belgaum APMC,Potato,Local,500,1500,1200,1201.7451167960685,-1.745116796068487,0,Medium,0.3781543145443134,2026,5,Summer
2026-05-27,Karnataka,Belagavi,Belgaum APMC,Potato,Local,500,1500,1200,1208.9485602056798,-8.948560205679769,0,Medium,0.3781543145443134,2026,5,Summer
2026-05-29,Karnataka,Belagavi,Belgaum APMC,Potato,Local,500,1500,1200,1223.3554470249019,-23.355447024901878,0,Medium,0.3781543145443134,2026,5,Summer
2026-05-30,Karnataka,Belagavi,Belgaum APMC,Potato,Local,500,1600,1300,1246.816572459933,53.18342754006699,0,Medium,0.3781543145443134,2026,5,Summer
2026-06-01,Karnataka,Belagavi,Belgaum APMC,Potato,Local,500,1600,1300,1222.8746086121014,77.12539138789862,0,Medium,0.3781543145443134,2026,6,Monsoon
2026-06-02,Karnataka,Belagavi,Belgaum APMC,Potato,Local,500,1600,1300,1246.3357340471323,53.66426595286771,0,Medium,0.3781543145443134,2026,6,Monsoon
2026-06-03,Karnataka,Belagavi,Belgaum APMC,Potato,Local,500,1700,1500,1302.3122235330036,197.6877764669964,0,Medium,0.3781543145443134,2026,6,Monsoon
2026-06-04,Karnataka,Belagavi,Belgaum APMC,Potato,Local,500,2500,2000,1412.4275738278366,587.5724261721634,0,Medium,0.3781543145443134,2026,6,Monsoon
2026-06-05,Karnataka,Belagavi,Belgaum APMC,Potato,Local,500,1700,1500,1400.5301900183606,99.4698099816394,0,Medium,0.3781543145443134,2026,6,Monsoon
2026-06-06,Karnataka,Belagavi,Belgaum APMC,Potato,Local,500,1700,1500,1524.3805527995792,-24.380552799579164,0,Medium,0.3781543145443134,2026,6,Monsoon
2026-06-09,Karnataka,Belagavi,Belgaum APMC,Potato,Local,500,1700,1500,1528.082143211975,-28.082143211975108,0,Medium,0.3781543145443134,2026,6,Monsoon
2026-06-10,Karnataka,Belagavi,Belgaum APMC,Potato,Local,1000,1700,1400,1551.5432686470067,-151.5432686470067,0,Medium,0.3781543145443134,2026,6,Monsoon
2026-06-12,Karnataka,Belagavi,Belgaum APMC,Potato,Local,1000,1700,1400,1595.782612150718,-195.78261215071802,0,Medium,0.3781543145443134,2026,6,Monsoon
2026-06-13,Karnataka,Belagavi,Belgaum APMC,Potato,Local,1000,1700,1400,1586.7283735349095,-186.72837353490945,0,Medium,0.3781543145443134,2026,6,Monsoon
2026-06-15,Karnataka,Belagavi,Belgaum APMC,Potato,Local,1000,1700,1400,1453.165064334333,-53.16506433433301,0,Medium,0.3781543145443134,2026,6,Monsoon
2026-06-16,Karnataka,Belagavi,Belgaum APMC,Potato,Local,1000,1700,1400,1444.1108257185244,-44.11082571852444,0,Medium,0.3781543145443134,2026,6,Monsoon
2026-06-19,Karnataka,Belagavi,Belgaum APMC,Potato,Local,1000,1700,1400,1449.463473921937,-49.463473921937066,0,Medium,0.3781543145443134,2026,6,Monsoon
2026-06-20,Karnataka,Belagavi,Belgaum APMC,Potato,Local,800,1700,1400,1440.4092353061283,-40.40923530612827,0,Medium,0.3781543145443134,2026,6,Monsoon
2026-06-24,Karnataka,Belagavi,Belgaum APMC,Potato,Local,1000,1700,1500,1435.056587102715,64.94341289728504,0,Medium,0.3781543145443134,2026,6,Monsoon
2026-06-25,Karnataka,Belagavi,Belgaum APMC,Potato,Local,1000,1700,1500,1444.9429378786772,55.057062121322815,0,Medium,0.3781543145443134,2026,6,Monsoon
2026-06-30,Karnataka,Belagavi,Belgaum APMC,Potato,Local,1000,1800,1500,1446.7937330848745,53.206266915125525,0,Medium,0.3781543145443134,2026,6,Monsoon
2026-07-01,Karnataka,Belagavi,Belgaum APMC,Potato,Local,1000,1700,1400,1444.0922538590412,-44.09225385904119,0,Medium,0.3781543145443134,2026,7,Monsoon
2026-07-02,Karnataka,Belagavi,Belgaum APMC,Potato,Local,1000,1700,1400,1464.8704719277218,-64.87047192772184,0,Medium,0.3781543145443134,2026,7,Monsoon
2026-07-04,Karnataka,Belagavi,Belgaum APMC,Potato,Local,1000,1800,1500,1495.535040772364,4.464959227635973,0,Medium,0.3781543145443134,2026,7,Monsoon
2026-07-07,Karnataka,Belagavi,Belgaum APMC,Potato,Local,1000,1800,1500,1469.40417450027,30.595825499729926,0,Medium,0.3781543145443134,2026,7,Monsoon
2026-07-08,Karnataka,Belagavi,Belgaum APMC,Potato,Local,1000,1700,1200,1427.8345718336213,-227.83457183362134,0,Medium,0.3781543145443134,2026,7,Monsoon
2026-07-09,Karnataka,Belagavi,Belgaum APMC,Potato,Local,1000,1700,1200,1426.9892931441805,-226.98929314418046,0,Medium,0.3781543145443134,2026,7,Monsoon
2026-07-10,Karnataka,Belagavi,Belgaum APMC,Potato,Local,1000,1700,1200,1385.419690477531,-185.41969047753105,0,Medium,0.3781543145443134,2026,7,Monsoon
2026-07-11,Karnataka,Belagavi,Belgaum APMC,Potato,Local,1000,1800,1300,1376.3654518617225,-76.36545186172248,0,Medium,0.3781543145443134,2026,7,Monsoon
2026-07-14,Karnataka,Belagavi,Belgaum APMC,Potato,Local,1000,1800,1300,1317.719221538788,-17.719221538787906,0,Medium,0.3781543145443134,2026,7,Monsoon
2026-07-15,Karnataka,Belagavi,Belgaum APMC,Potato,Local,1000,1700,1200,1276.1496188721385,-76.14961887213849,0,Medium,0.3781543145443134,2026,7,Monsoon
2026-07-16,Karnataka,Belagavi,Belgaum APMC,Potato,Local,1000,1700,1200,1248.1547908645596,-48.15479086455957,0,Medium,0.3781543145443134,2026,7,Monsoon
2026-07-17,Karnataka,Belagavi,Belgaum APMC,Potato,Local,1000,1700,1200,1255.3582342741709,-55.358234274170854,0,Medium,0.3781543145443134,2026,7,Monsoon
2026-07-18,Karnataka,Belagavi,Belgaum APMC,Potato,Local,1000,1800,1300,1278.8193597092015,21.180640290798465,0,Medium,0.3781543145443134,2026,7,Monsoon
2026-07-20,Karnataka,Belagavi,Belgaum APMC,Potato,Local,1000,1800,1300,1245.4850500274965,54.51494997250347,0,Medium,0.3781543145443134,2026,7,Monsoon
2026-07-21,Karnataka,Belagavi,Belgaum APMC,Potato,Local,1000,1800,1300,1252.6884934371076,47.31150656289242,0,Medium,0.3781543145443134,2026,7,Monsoon
2026-07-22,Karnataka,Belagavi,Belgaum APMC,Potato,Local,1000,1800,1300,1259.8919368467189,40.10806315328114,0,Medium,0.3781543145443134,2026,7,Monsoon
2026-07-23,Karnataka,Belagavi,Belgaum APMC,Potato,Local,1000,1800,1300,1283.3530622817495,16.646937718250456,0,Medium,0.3781543145443134,2026,7,Monsoon
2026-07-24,Karnataka,Belagavi,Belgaum APMC,Potato,Local,1000,1800,1300,1306.8141877167811,-6.814187716781134,0,Medium,0.3781543145443134,2026,7,Monsoon
2026-07-29,Karnataka,Belagavi,Belgaum APMC,Potato,Local,1000,1600,1200,1292.407300897559,-92.40730089755903,0,Medium,0.3781543145443134,2026,7,Monsoon
2026-07-30,Karnataka,Belagavi,Belgaum APMC,Potato,Local,1000,1600,1200,1296.9278369408191,-96.92783694081913,0,Medium,0.3781543145443134,2026,7,Monsoon
2026-07-31,Karnataka,Belagavi,Belgaum APMC,Potato,Local,1000,1600,1200,1287.8735983250106,-87.87359832501056,0,Medium,0.3781543145443134,2026,7,Monsoon
2026-08-01,Karnataka,Belagavi,Belgaum APMC,Potato,Local,1000,1700,1300,1285.172119099177,14.827880900822947,0,Medium,0.3781543145443134,2026,8,Monsoon
2026-08-05,Karnataka,Belagavi,Belgaum APMC,Potato,Local,1000,1700,1300,1249.9870142112745,50.01298578872547,0,Medium,0.3781543145443134,2026,8,Monsoon
2026-08-06,Karnataka,Belagavi,Belgaum APMC,Potato,Local,1000,1700,1300,1257.1904576208854,42.809542379114646,0,Medium,0.3781543145443134,2026,8,Monsoon
2026-08-07,Karnataka,Belagavi,Belgaum APMC,Potato,Local,1000,1700,1300,1264.3939010304966,35.606098969503364,0,Medium,0.3781543145443134,2026,8,Monsoon
2026-04-03,Karnataka,Bengaluru,Bengaluru APMC,Potato,Potato,600,1800,1400,1431.674751446156,-31.67475144615605,0,Medium,0.3781543145443134,2026,4,Summer
2026-04-04,Karnataka,Bengaluru,Bengaluru APMC,Potato,Local,800,1100,1000,1287.1398292851798,-287.13982928517976,0,Medium,0.3781543145443134,2026,4,Summer
2026-04-04,Karnataka,Bengaluru,Bengaluru APMC,Potato,Potato,600,1800,1400,1379.3735193141044,20.626480685895558,0,Medium,0.3781543145443134,2026,4,Summer
2026-04-06,Karnataka,Bengaluru,Bengaluru APMC,Potato,Potato,600,1800,1400,1311.8179584653592,88.1820415346408,0,Medium,0.3781543145443134,2026,4,Summer
2026-04-07,Karnataka,Bengaluru,Bengaluru APMC,Potato,Potato,600,1800,1400,1334.195238432029,65.8047615679709,0,Medium,0.3781543145443134,2026,4,Summer
2026-04-07,Karnataka,Bengaluru,Bengaluru APMC,Potato,Local,800,1100,1000,1280.0029650139622,-280.00296501396224,0,Medium,0.3781543145443134,2026,4,Summer
2026-04-08,Karnataka,Bengaluru,Bengaluru APMC,Potato,Potato,600,1800,1400,1341.5055070598512,58.4944929401488,0,Medium,0.3781543145443134,2026,4,Summer
2026-04-09,Karnataka,Bengaluru,Bengaluru APMC,Potato,Local,800,1100,1000,1229.3791237315043,-229.37912373150425,0,Medium,0.3781543145443134,2026,4,Summer
2026-04-10,Karnataka,Bengaluru,Bengaluru APMC,Potato,Potato,600,1800,1400,1355.9123938790733,44.087606120926694,0,Medium,0.3781543145443134,2026,4,Summer
2026-04-10,Karnataka,Bengaluru,Bengaluru APMC,Potato,Local,800,1100,1000,1236.5825671411155,-236.58256714111553,0,Medium,0.3781543145443134,2026,4,Summer
2026-04-11,Karnataka,Bengaluru,Bengaluru APMC,Potato,Local,800,1100,1000,1233.0543810853233,-233.05438108532326,0,Medium,0.3781543145443134,2026,4,Summer
2026-04-13,Karnataka,Bengaluru,Bengaluru APMC,Potato,Potato,600,1800,1400,1197.037164037268,202.96283596273202,0,Medium,0.3781543145443134,2026,4,Summer
2026-04-15,Karnataka,Bengaluru,Bengaluru APMC,Potato,Potato,800,1800,1300,1205.9179982964727,94.08200170352734,0,Medium,0.3781543145443134,2026,4,Summer
2026-04-16,Karnataka,Bengaluru,Bengaluru APMC,Potato,Local,800,1200,1000,1161.6654882634728,-161.66548826347275,0,Medium,0.3781543145443134,2026,4,Summer
2026-04-17,Karnataka,Bengaluru,Bengaluru APMC,Potato,Potato,800,1800,1300,1258.3663017265528,41.63369827344718,0,Medium,0.3781543145443134,2026,4,Summer
2026-04-17,Karnataka,Bengaluru,Bengaluru APMC,Potato,Local,800,1200,1000,1152.611249647664,-152.61124964766395,0,Medium,0.3781543145443134,2026,4,Summer
2026-04-18,Karnataka,Bengaluru,Bengaluru APMC,Potato,Potato,800,1800,1300,1249.3120631107438,50.68793688925621,0,Medium,0.3781543145443134,2026,4,Summer
2026-04-20,Karnataka,Bengaluru,Bengaluru APMC,Potato,Potato,800,1800,1300,1221.3435681617404,78.65643183825955,0,Medium,0.3781543145443134,2026,4,Summer
2026-04-21,Karnataka,Bengaluru,Bengaluru APMC,Potato,Potato,800,1800,1300,1212.289329545931,87.71067045406903,0,Medium,0.3781543145443134,2026,4,Summer
2026-04-21,Karnataka,Bengaluru,Bengaluru APMC,Potato,Local,800,1200,1000,1163.5162834696705,-163.5162834696705,0,Medium,0.3781543145443134,2026,4,Summer
2026-04-22,Karnataka,Bengaluru,Bengaluru APMC,Potato,Potato,800,1800,1300,1260.2170969327506,39.782903067249435,0,Medium,0.3781543145443134,2026,4,Summer
2026-04-22,Karnataka,Bengaluru,Bengaluru APMC,Potato,Local,800,1200,1000,1170.7197268792816,-170.71972687928155,0,Medium,0.3781543145443134,2026,4,Summer
2026-04-23,Karnataka,Bengaluru,Bengaluru APMC,Potato,Potato,800,1800,1300,1267.4205403423616,32.57945965763838,0,Medium,0.3781543145443134,2026,4,Summer
2026-04-23,Karnataka,Bengaluru,Bengaluru APMC,Potato,Local,800,1200,1000,1177.9231702888926,-177.9231702888926,0,Medium,0.3781543145443134,2026,4,Summer
2026-04-24,Karnataka,Bengaluru,Bengaluru APMC,Potato,Local,800,1200,1000,1177.0778915994526,-177.07789159945264,0,Medium,0.3781543145443134,2026,4,Summer
2026-04-24,Karnataka,Bengaluru,Bengaluru APMC,Potato,Potato,800,1800,1300,1177.0778915994526,122.92210840054736,0,Medium,0.3781543145443134,2026,4,Summer
2026-04-25,Karnataka,Bengaluru,Bengaluru APMC,Potato,Local,800,1200,1000,1143.5570110318552,-143.55701103185515,0,Medium,0.3781543145443134,2026,4,Summer
2026-04-25,Karnataka,Bengaluru,Bengaluru APMC,Potato,Potato,800,1800,1300,1184.2813350090637,115.7186649909363,0,Medium,0.3781543145443134,2026,4,Summer
2026-04-27,Karnataka,Bengaluru,Bengaluru APMC,Potato,Local,1300,1600,1400,1172.57052208548,227.42947791452002,0,Medium,0.3781543145443134,2026,4,Summer
2026-04-27,Karnataka,Bengaluru,Bengaluru APMC,Potato,Potato,1500,1900,1600,1207.768793502671,392.2312064973289,0,Medium,0.3781543145443134,2026,4,Summer
2026-04-28,Karnataka,Bengaluru,Bengaluru APMC,Potato,Potato,1500,1900,1600,1285.3687797466632,314.6312202533368,0,Medium,0.3781543145443134,2026,4,Summer
2026-04-28,Karnataka,Bengaluru,Bengaluru APMC,Potato,Local,1300,1600,1400,1350.3995078483433,49.60049215165668,0,Medium,0.3781543145443134,2026,4,Summer
2026-04-29,Karnataka,Bengaluru,Bengaluru APMC,Potato,Potato,1500,1900,1600,1433.525546652354,166.47445334764598,0,Medium,0.3781543145443134,2026,4,Summer
2026-04-29,Karnataka,Bengaluru,Bengaluru APMC,Potato,Local,1300,1600,1400,1471.4067254358952,-71.40672543589517,0,Medium,0.3781543145443134,2026,4,Summer
2026-04-30,Karnataka,Bengaluru,Bengaluru APMC,Potato,Potato,1500,1900,1600,1554.5327642399056,45.467235760094354,0,Medium,0.3781543145443134,2026,4,Summer
2026-04-30,Karnataka,Bengaluru,Bengaluru APMC,Potato,Local,1300,1600,1400,1527.3832149217667,-127.3832149217667,0,Medium,0.3781543145443134,2026,4,Summer
2026-05-02,Karnataka,Bengaluru,Bengaluru APMC,Potato,Potato,1500,1900,1600,1559.0347284236834,40.96527157631658,0,Medium,0.3781543145443134,2026,5,Summer
2026-05-02,Karnataka,Bengaluru,Bengaluru APMC,Potato,Local,1300,1600,1400,1499.3698150547043,-99.3698150547043,0,Medium,0.3781543145443134,2026,5,Summer
2026-05-04,Karnataka,Bengaluru,Bengaluru APMC,Potato,Potato,1500,1900,1600,1523.017511375628,76.98248862437208,0,Medium,0.3781543145443134,2026,5,Summer
2026-05-05,Karnataka,Bengaluru,Bengaluru APMC,Potato,Local,1200,1400,1300,1454.2983593908396,-154.29835939083955,0,Medium,0.3781543145443134,2026,5,Summer
2026-05-05,Karnataka,Bengaluru,Bengaluru APMC,Potato,Potato,1000,2000,1500,1511.2803653934684,-11.2803653934684,0,Medium,0.3781543145443134,2026,5,Summer
2026-05-06,Karnataka,Bengaluru,Bengaluru APMC,Potato,Potato,1000,2000,1500,1475.07657745952,24.923422540480033,0,Medium,0.3781543145443134,2026,5,Summer
2026-05-06,Karnataka,Bengaluru,Bengaluru APMC,Potato,Local,1200,1400,1300,1458.8188954341,-158.8188954341001,0,Medium,0.3781543145443134,2026,5,Summer
2026-05-07,Karnataka,Bengaluru,Bengaluru APMC,Potato,Local,1200,1400,1300,1444.3988420855899,-144.39884208558988,0,Medium,0.3781543145443134,2026,5,Summer
2026-05-07,Karnataka,Bengaluru,Bengaluru APMC,Potato,Potato,1000,2000,1500,1460.6565241110104,39.34347588898959,0,Medium,0.3781543145443134,2026,5,Summer
2026-05-08,Karnataka,Bengaluru,Bengaluru APMC,Potato,Potato,1000,2000,1500,1424.452736177062,75.54726382293802,0,Medium,0.3781543145443134,2026,5,Summer
2026-05-08,Karnataka,Bengaluru,Bengaluru APMC,Potato,Local,1200,1400,1300,1424.452736177062,-124.45273617706198,0,Medium,0.3781543145443134,2026,5,Summer
2026-05-09,Karnataka,Bengaluru,Bengaluru APMC,Potato,Local,1200,1400,1300,1426.290364853972,-126.29036485397205,0,Medium,0.3781543145443134,2026,5,Summer
2026-05-11,Karnataka,Bengaluru,Bengaluru APMC,Potato,Potato,1000,2000,1500,1390.2731478059166,109.72685219408345,0,Medium,0.3781543145443134,2026,5,Summer
2026-05-12,Karnataka,Bengaluru,Bengaluru APMC,Potato,Potato,800,2000,1500,1402.8424059482288,97.15759405177118,0,Medium,0.3781543145443134,2026,5,Summer
2026-05-12,Karnataka,Bengaluru,Bengaluru APMC,Potato,Local,800,1600,1300,1402.8424059482288,-102.84240594822882,0,Medium,0.3781543145443134,2026,5,Summer
2026-05-13,Karnataka,Bengaluru,Bengaluru APMC,Potato,Potato,80,2000,1500,1437.1953986759788,62.80460132402118,0,Medium,0.3781543145443134,2026,5,Summer
2026-05-14,Karnataka,Bengaluru,Bengaluru APMC,Potato,Local,800,1600,1300,1384.733928716611,-84.73392871661099,0,Medium,0.3781543145443134,2026,5,Summer
2026-05-15,Karnataka,Bengaluru,Bengaluru APMC,Potato,Potato,800,2000,1500,1451.602285495201,48.39771450479907,0,Medium,0.3781543145443134,2026,5,Summer
2026-05-15,Karnataka,Bengaluru,Bengaluru APMC,Potato,Local,800,1600,1300,1424.452736177062,-124.45273617706198,0,Medium,0.3781543145443134,2026,5,Summer
2026-05-16,Karnataka,Bengaluru,Bengaluru APMC,Potato,Potato,800,2000,1500,1458.805728904812,41.194271095188014,0,Medium,0.3781543145443134,2026,5,Summer
2026-05-16,Karnataka,Bengaluru,Bengaluru APMC,Potato,Local,800,1600,1300,1399.140815535833,-99.1408155358331,0,Medium,0.3781543145443134,2026,5,Summer
2026-05-18,Karnataka,Bengaluru,Bengaluru APMC,Potato,Potato,800,2000,1500,1422.7885118567567,77.21148814324329,0,Medium,0.3781543145443134,2026,5,Summer
2026-05-18,Karnataka,Bengaluru,Bengaluru APMC,Potato,Local,800,1600,1300,1363.1235984877776,-63.1235984877776,0,Medium,0.3781543145443134,2026,5,Summer
2026-05-19,Karnataka,Bengaluru,Bengaluru APMC,Potato,Potato,800,2000,1500,1429.9919552663678,70.00804473363223,0,Medium,0.3781543145443134,2026,5,Summer
2026-05-19,Karnataka,Bengaluru,Bengaluru APMC,Potato,Local,800,1600,1300,1370.3270418973887,-70.32704189738865,0,Medium,0.3781543145443134,2026,5,Summer
2026-05-20,Karnataka,Bengaluru,Bengaluru APMC,Potato,Potato,1000,2000,1500,1437.1953986759788,62.80460132402118,0,Medium,0.3781543145443134,2026,5,Summer
2026-05-20,Karnataka,Bengaluru,Bengaluru APMC,Potato,Local,400,1200,900,1312.4997572053198,-412.49975720531984,1,Medium,0.3781543145443134,2026,5,Summer
2026-05-21,Karnataka,Bengaluru,Bengaluru APMC,Potato,Potato,1000,2000,1500,1433.6672126201875,66.33278737981254,0,Medium,0.3781543145443134,2026,5,Summer
2026-05-21,Karnataka,Bengaluru,Bengaluru APMC,Potato,Local,400,1200,900,1254.6724725132497,-354.67247251324966,1,Medium,0.3781543145443134,2026,5,Summer
2026-05-22,Karnataka,Bengaluru,Bengaluru APMC,Potato,Potato,1000,2000,1500,1375.8399279281182,124.16007207188181,0,Medium,0.3781543145443134,2026,5,Summer
2026-05-23,Karnataka,Bengaluru,Bengaluru APMC,Potato,Local,400,1200,900,1204.048631230792,-304.0486312307919,1,Medium,0.3781543145443134,2026,5,Summer
2026-05-23,Karnataka,Bengaluru,Bengaluru APMC,Potato,Potato,1000,2000,1500,1318.012643236049,181.98735676395108,0,Medium,0.3781543145443134,2026,5,Summer
2026-05-25,Karnataka,Bengaluru,Bengaluru APMC,Potato,Local,400,1200,900,1103.000686081056,-203.00068608105607,1,Medium,0.3781543145443134,2026,5,Summer
2026-05-25,Karnataka,Bengaluru,Bengaluru APMC,Potato,Potato,1000,2000,1500,1281.9954261879936,218.00457381200636,0,Medium,0.3781543145443134,2026,5,Summer
2026-05-26,Karnataka,Bengaluru,Bengaluru APMC,Potato,Local,400,1200,900,1110.2041294906671,-210.20412949066713,1,Medium,0.3781543145443134,2026,5,Summer
2026-05-26,Karnataka,Bengaluru,Bengaluru APMC,Potato,Potato,1000,2000,1500,1289.1988695976047,210.8011304023953,0,Medium,0.3781543145443134,2026,5,Summer
2026-05-27,Karnataka,Bengaluru,Bengaluru APMC,Potato,Potato,1000,2000,1500,1214.953665052799,285.0463349472011,0,Medium,0.3781543145443134,2026,5,Summer
2026-05-28,Karnataka,Bengaluru,Bengaluru APMC,Potato,Potato,1000,2000,1500,1319.703200614931,180.2967993850691,0,Medium,0.3781543145443134,2026,5,Summer
2026-05-29,Karnataka,Bengaluru,Bengaluru APMC,Potato,Local,400,1200,900,1229.360551872021,-329.360551872021,1,Medium,0.3781543145443134,2026,5,Summer
2026-05-29,Karnataka,Bengaluru,Bengaluru APMC,Potato,Potato,1000,2000,1500,1408.3552919789588,91.6447080210412,0,Medium,0.3781543145443134,2026,5,Summer
2026-05-30,Karnataka,Bengaluru,Bengaluru APMC,Potato,Potato,1000,2000,1500,1334.110087434153,165.889912565847,0,Medium,0.3781543145443134,2026,5,Summer
2026-05-30,Karnataka,Bengaluru,Bengaluru APMC,Potato,Local,400,1200,900,1334.110087434153,-434.110087434153,1,Medium,0.3781543145443134,2026,5,Summer
2026-06-02,Karnataka,Bengaluru,Bengaluru APMC,Potato,Local,1000,1600,1300,1363.621943533158,-63.621943533157946,0,Medium,0.3781543145443134,2026,6,Monsoon
2026-06-05,Karnataka,Bengaluru,Bengaluru APMC,Potato,Potato,1000,2200,1500,1330.9331751257132,169.0668248742868,0,Medium,0.3781543145443134,2026,6,Monsoon
2026-06-06,Karnataka,Bengaluru,Bengaluru APMC,Potato,Local,1000,1600,1300,1278.4717051663451,21.528294833654854,0,Medium,0.3781543145443134,2026,6,Monsoon
2026-06-06,Karnataka,Bengaluru,Bengaluru APMC,Potato,Potato,1000,2200,1500,1403.1673466370046,96.83265336299542,0,Medium,0.3781543145443134,2026,6,Monsoon
2026-06-08,Karnataka,Bengaluru,Bengaluru APMC,Potato,Potato,1000,2200,1500,1340.0005802708106,159.9994197291894,0,Medium,0.3781543145443134,2026,6,Monsoon
2026-06-09,Karnataka,Bengaluru,Bengaluru APMC,Potato,Potato,1000,2200,1500,1347.2040236804214,152.79597631957859,0,Medium,0.3781543145443134,2026,6,Monsoon
2026-06-09,Karnataka,Bengaluru,Bengaluru APMC,Potato,Local,1000,1600,1300,1412.2347517821017,-112.23475178210174,0,Medium,0.3781543145443134,2026,6,Monsoon
2026-06-10,Karnataka,Bengaluru,Bengaluru APMC,Potato,Potato,1000,2200,1500,1479.103108560692,20.896891439308092,0,Medium,0.3781543145443134,2026,6,Monsoon
2026-06-12,Karnataka,Bengaluru,Bengaluru APMC,Potato,Potato,1000,2200,1500,1466.3604460617753,33.63955393822471,0,Medium,0.3781543145443134,2026,6,Monsoon
2026-06-13,Karnataka,Bengaluru,Bengaluru APMC,Potato,Local,1000,1600,1300,1473.5638894713866,-173.56388947138657,0,Medium,0.3781543145443134,2026,6,Monsoon
2026-06-13,Karnataka,Bengaluru,Bengaluru APMC,Potato,Potato,1000,2200,1500,1500.7134387895253,-0.7134387895252985,0,Medium,0.3781543145443134,2026,6,Monsoon
2026-06-15,Karnataka,Bengaluru,Bengaluru APMC,Potato,Potato,1000,2200,1500,1437.546672423331,62.453327576668926,0,Medium,0.3781543145443134,2026,6,Monsoon
2026-06-16,Karnataka,Bengaluru,Bengaluru APMC,Potato,Local,1000,1600,1300,1412.2347517821017,-112.23475178210174,0,Medium,0.3781543145443134,2026,6,Monsoon
2026-06-17,Karnataka,Bengaluru,Bengaluru APMC,Potato,Potato,1000,2200,1500,1479.103108560692,20.896891439308092,0,Medium,0.3781543145443134,2026,6,Monsoon
2026-06-18,Karnataka,Bengaluru,Bengaluru APMC,Potato,Local,1000,1600,1300,1426.6416386013238,-126.64163860132385,0,Medium,0.3781543145443134,2026,6,Monsoon
2026-06-20,Karnataka,Bengaluru,Bengaluru APMC,Potato,Potato,1000,2200,1500,1468.198074738685,31.80192526131509,0,Medium,0.3781543145443134,2026,6,Monsoon
2026-06-20,Karnataka,Bengaluru,Bengaluru APMC,Potato,Local,1500,2000,1600,1489.8215714968064,110.17842850319357,0,Medium,0.3781543145443134,2026,6,Monsoon
2026-06-22,Karnataka,Bengaluru,Bengaluru APMC,Potato,Potato,1000,2200,1500,1440.2295797896816,59.770420210318434,0,Medium,0.3781543145443134,2026,6,Monsoon
2026-06-22,Karnataka,Bengaluru,Bengaluru APMC,Potato,Local,1500,2000,1600,1470.0620364741708,129.93796352582922,0,Medium,0.3781543145443134,2026,6,Monsoon
2026-06-23,Karnataka,Bengaluru,Bengaluru APMC,Potato,Local,1500,2000,1600,1512.463751300973,87.53624869902706,0,Medium,0.3781543145443134,2026,6,Monsoon
2026-06-24,Karnataka,Bengaluru,Bengaluru APMC,Potato,Local,1500,2000,1600,1535.9248767360045,64.07512326399547,0,Medium,0.3781543145443134,2026,6,Monsoon
2026-06-25,Karnataka,Bengaluru,Bengaluru APMC,Potato,Local,1500,2000,1600,1591.9013662218752,8.09863377812485,0,Medium,0.3781543145443134,2026,6,Monsoon
2026-06-25,Karnataka,Bengaluru,Bengaluru APMC,Potato,Potato,1000,2200,1500,1591.9013662218752,-91.90136622187515,0,Medium,0.3781543145443134,2026,6,Monsoon
2026-06-26,Karnataka,Bengaluru,Bengaluru APMC,Potato,Potato,1000,2200,1500,1596.421902265136,-96.42190226513594,0,Medium,0.3781543145443134,2026,6,Monsoon
2026-06-26,Karnataka,Bengaluru,Bengaluru APMC,Potato,Local,1500,2000,1600,1612.6795842905558,-12.679584290555795,0,Medium,0.3781543145443134,2026,6,Monsoon
2026-06-27,Karnataka,Bengaluru,Bengaluru APMC,Potato,Potato,1000,2200,1500,1590.0505710156776,-90.05057101567763,0,Medium,0.3781543145443134,2026,6,Monsoon
2026-06-29,Karnataka,Bengaluru,Bengaluru APMC,Potato,Potato,800,2200,1500,1551.3504466012714,-51.350446601271415,0,Medium,0.3781543145443134,2026,6,Monsoon
2026-06-30,Karnataka,Bengaluru,Bengaluru APMC,Potato,Local,1600,2000,1600,1558.5538900108827,41.4461099891173,0,Medium,0.3781543145443134,2026,6,Monsoon
2026-07-01,Karnataka,Bengaluru,Bengaluru APMC,Potato,Potato,800,2200,1500,1526.01995410056,-26.01995410055997,0,Medium,0.3781543145443134,2026,7,Monsoon
2026-07-02,Karnataka,Bengaluru,Bengaluru APMC,Potato,Potato,800,2200,1500,1546.7981721692404,-46.79817216924039,0,Medium,0.3781543145443134,2026,7,Monsoon
2026-07-03,Karnataka,Bengaluru,Bengaluru APMC,Potato,Local,1600,2000,1700,1586.5169796296914,113.48302037030862,0,Medium,0.3781543145443134,2026,7,Monsoon
2026-07-04,Karnataka,Bengaluru,Bengaluru APMC,Potato,Local,1600,2000,1700,1582.8285557465833,117.17144425341667,0,Medium,0.3781543145443134,2026,7,Monsoon
2026-07-06,Karnataka,Bengaluru,Bengaluru APMC,Potato,Potato,1000,2000,1600,1563.0690207239486,36.9309792760514,0,Medium,0.3781543145443134,2026,7,Monsoon
2026-07-07,Karnataka,Bengaluru,Bengaluru APMC,Potato,Local,1600,2000,1700,1616.362602843469,83.63739715653105,0,Medium,0.3781543145443134,2026,7,Monsoon
2026-07-08,Karnataka,Bengaluru,Bengaluru APMC,Potato,Local,1600,2000,1700,1626.2489536194312,73.75104638056882,0,Medium,0.3781543145443134,2026,7,Monsoon
2026-07-08,Karnataka,Bengaluru,Bengaluru APMC,Potato,Potato,1000,2000,1600,1642.506635644851,-42.50663564485103,0,Medium,0.3781543145443134,2026,7,Monsoon
2026-07-09,Karnataka,Bengaluru,Bengaluru APMC,Potato,Potato,1000,2000,1600,1679.5425357389515,-79.54253573895153,0,Medium,0.3781543145443134,2026,7,Monsoon
2026-07-09,Karnataka,Bengaluru,Bengaluru APMC,Potato,Local,1600,2000,1700,1679.5425357389515,20.45746426104847,0,Medium,0.3781543145443134,2026,7,Monsoon
2026-07-11,Karnataka,Bengaluru,Bengaluru APMC,Potato,Local,1600,2000,1700,1680.3746478991043,19.625352100895725,0,Medium,0.3781543145443134,2026,7,Monsoon
2026-07-11,Karnataka,Bengaluru,Bengaluru APMC,Potato,Potato,1000,2000,1600,1680.3746478991043,-80.37464789910427,0,Medium,0.3781543145443134,2026,7,Monsoon
2026-07-13,Karnataka,Bengaluru,Bengaluru APMC,Potato,Local,1600,2000,1700,1657.9322055101181,42.06779448988186,0,Medium,0.3781543145443134,2026,7,Monsoon
2026-07-14,Karnataka,Bengaluru,Bengaluru APMC,Potato,Local,1700,2000,1800,1667.8185562860795,132.18144371392054,0,Medium,0.3781543145443134,2026,7,Monsoon
2026-07-15,Karnataka,Bengaluru,Bengaluru APMC,Potato,Potato,800,2000,1600,1661.4472250366211,-61.44722503662115,0,Medium,0.3781543145443134,2026,7,Monsoon
2026-07-15,Karnataka,Bengaluru,Bengaluru APMC,Potato,Local,1700,2000,1800,1721.1121384056007,78.88786159439928,0,Medium,0.3781543145443134,2026,7,Monsoon
2026-07-16,Karnataka,Bengaluru,Bengaluru APMC,Potato,Potato,800,2000,1600,1684.9083504716527,-84.90835047165274,0,Medium,0.3781543145443134,2026,7,Monsoon
2026-07-17,Karnataka,Bengaluru,Bengaluru APMC,Potato,Local,1700,2000,1800,1735.5190252248228,64.48097477517717,0,Medium,0.3781543145443134,2026,7,Monsoon
2026-07-17,Karnataka,Bengaluru,Bengaluru APMC,Potato,Potato,800,2000,1600,1708.3694759066839,-108.36947590668387,0,Medium,0.3781543145443134,2026,7,Monsoon
2026-07-18,Karnataka,Bengaluru,Bengaluru APMC,Potato,Potato,800,2000,1600,1726.464786609014,-126.46478660901403,0,Medium,0.3781543145443134,2026,7,Monsoon
2026-07-20,Karnataka,Bengaluru,Bengaluru APMC,Potato,Potato,800,2000,1600,1657.9322055101181,-57.93220551011814,0,Medium,0.3781543145443134,2026,7,Monsoon
2026-07-21,Karnataka,Bengaluru,Bengaluru APMC,Potato,Potato,1000,2400,2000,1730.1663770214097,269.83362297859026,0,Medium,0.3781543145443134,2026,7,Monsoon
2026-07-23,Karnataka,Bengaluru,Bengaluru APMC,Potato,Potato,1000,2400,2000,1722.789529255194,277.2104707448059,0,Medium,0.3781543145443134,2026,7,Monsoon
2026-07-23,Karnataka,Bengaluru,Bengaluru APMC,Potato,Local,1800,2100,1900,1771.5625753314546,128.43742466854542,0,Medium,0.3781543145443134,2026,7,Monsoon
2026-07-24,Karnataka,Bengaluru,Bengaluru APMC,Potato,Potato,1000,2400,2000,1824.8561574509756,175.14384254902438,0,Medium,0.3781543145443134,2026,7,Monsoon
2026-07-24,Karnataka,Bengaluru,Bengaluru APMC,Potato,Local,1800,2100,1900,1860.054428868166,39.94557113183396,0,Medium,0.3781543145443134,2026,7,Monsoon
2026-07-27,Karnataka,Bengaluru,Bengaluru APMC,Potato,Potato,1000,2400,2000,1909.8461579904717,90.15384200952826,0,Medium,0.3781543145443134,2026,7,Monsoon
2026-07-28,Karnataka,Bengaluru,Bengaluru APMC,Potato,Potato,1000,2400,2000,1968.5055548426942,31.49444515730579,0,Medium,0.3781543145443134,2026,7,Monsoon
2026-07-30,Karnataka,Bengaluru,Bengaluru APMC,Potato,Local,1800,2100,1900,1966.6547596364956,-66.65475963649556,0,Medium,0.3781543145443134,2026,7,Monsoon
2026-08-01,Karnataka,Bengaluru,Bengaluru APMC,Potato,Local,1800,2100,1900,1968.4738164539228,-68.47381645392284,0,Medium,0.3781543145443134,2026,8,Monsoon
2026-08-01,Karnataka,Bengaluru,Bengaluru APMC,Potato,Potato,1000,2400,2000,1984.7314984793427,15.26850152065731,0,Medium,0.3781543145443134,2026,8,Monsoon
2026-08-03,Karnataka,Bengaluru,Bengaluru APMC,Potato,Local,1200,2800,2000,1935.1395067722176,64.8604932277824,0,Medium,0.3781543145443134,2026,8,Monsoon
2026-08-03,Karnataka,Bengaluru,Bengaluru APMC,Potato,Potato,1000,2000,1500,1870.1087786705373,-370.1087786705373,0,Medium,0.3781543145443134,2026,8,Monsoon
2026-08-04,Karnataka,Bengaluru,Bengaluru APMC,Potato,Local,1200,2800,2000,1945.1860953754958,54.813904624504175,0,Medium,0.3781543145443134,2026,8,Monsoon
2026-08-05,Karnataka,Bengaluru,Bengaluru APMC,Potato,Local,1200,2800,2000,1884.5156654897594,115.48433451024061,0,Medium,0.3781543145443134,2026,8,Monsoon
2026-08-05,Karnataka,Bengaluru,Bengaluru APMC,Potato,Potato,1000,2000,1500,1819.484937388079,-319.48493738807906,0,Medium,0.3781543145443134,2026,8,Monsoon
2026-08-06,Karnataka,Bengaluru,Bengaluru APMC,Potato,Local,1200,2800,2000,1910.8199361184575,89.18006388154254,0,Medium,0.3781543145443134,2026,8,Monsoon
2026-08-07,Karnataka,Bengaluru,Bengaluru APMC,Potato,Local,1200,2800,2000,1850.1495062327215,149.85049376727852,0,Medium,0.3781543145443134,2026,8,Monsoon
2022-01-01,Telangana,Hyderabad,Bowenpally,Potato,(Red Nanital),800,2500,2000,1666.540173731956,333.459826268044,0,Medium,0.3781543145443134,2022,1,Winter
2022-01-06,Telangana,Hyderabad,Bowenpally,Potato,(Red Nanital),400,1400,1100,1359.2546537141977,-259.25465371419773,0,Medium,0.3781543145443134,2022,1,Winter
2022-01-11,Telangana,Hyderabad,Bowenpally,Potato,(Red Nanital),800,1600,1200,1410.1188517376304,-210.1188517376304,0,Medium,0.3781543145443134,2022,1,Winter
2022-02-06,Telangana,Hyderabad,Bowenpally,Potato,(Red Nanital),400,1600,1100,1365.7544844022016,-265.75448440220157,0,Medium,0.3781543145443134,2022,2,Winter
2022-02-09,Telangana,Hyderabad,Bowenpally,Potato,(Red Nanital),1000,2000,1800,1445.351963904444,354.6480360955561,0,Medium,0.3781543145443134,2022,2,Winter
2022-02-16,Telangana,Hyderabad,Bowenpally,Potato,(Red Nanital),800,1700,1300,1336.7804729364404,-36.78047293644045,0,Medium,0.3781543145443134,2022,2,Winter
2022-02-21,Telangana,Hyderabad,Bowenpally,Potato,(Red Nanital),1000,1600,1400,1439.0205054888263,-39.0205054888263,0,Medium,0.3781543145443134,2022,2,Winter
2022-02-22,Telangana,Hyderabad,Bowenpally,Potato,(Red Nanital),1200,1700,1500,1351.3607641122676,148.6392358877324,0,Medium,0.3781543145443134,2022,2,Winter
2022-02-24,Telangana,Hyderabad,Bowenpally,Potato,(Red Nanital),1000,1500,1300,1384.70824032326,-84.70824032326004,0,Medium,0.3781543145443134,2022,2,Winter
2022-02-26,Telangana,Hyderabad,Bowenpally,Potato,(Red Nanital),1200,1800,1600,1491.295404562302,108.70459543769789,0,Medium,0.3781543145443134,2022,2,Winter
2022-03-03,Telangana,Hyderabad,Bowenpally,Potato,(Red Nanital),1400,2000,1800,1549.7116795430263,250.28832045697368,0,Medium,0.3781543145443134,2022,3,Summer
2022-03-04,Telangana,Hyderabad,Bowenpally,Potato,(Red Nanital),1000,2000,1700,1513.507891609078,186.4921083909221,0,Medium,0.3781543145443134,2022,3,Summer
2022-03-13,Telangana,Hyderabad,Bowenpally,Potato,(Red Nanital),1000,1700,1500,1574.0049171382097,-74.00491713820975,0,Medium,0.3781543145443134,2022,3,Summer
2022-03-21,Telangana,Hyderabad,Bowenpally,Potato,(Red Nanital),1000,2000,1800,1622.9645341003625,177.03546589963753,0,Medium,0.3781543145443134,2022,3,Summer
2022-03-29,Telangana,Hyderabad,Bowenpally,Potato,(Red Nanital),1000,2000,1500,1589.4436535327654,-89.44365353276544,0,Medium,0.3781543145443134,2022,3,Summer
2022-04-05,Telangana,Hyderabad,Bowenpally,Potato,(Red Nanital),1000,2000,1600,1669.0361009507894,-69.03610095078943,0,Medium,0.3781543145443134,2022,4,Summer
2022-04-14,Telangana,Hyderabad,Bowenpally,Potato,(Red Nanital),1000,1900,1500,1653.6105310855226,-153.61053108552255,0,Medium,0.3781543145443134,2022,4,Summer
2022-04-15,Telangana,Hyderabad,Bowenpally,Potato,(Red Nanital),1000,2000,1600,1641.8733851033624,-41.87338510336235,0,Medium,0.3781543145443134,2022,4,Summer
2022-04-29,Telangana,Hyderabad,Bowenpally,Potato,(Red Nanital),1200,2200,1800,1644.556292469713,155.44370753028693,0,Medium,0.3781543145443134,2022,4,Summer
2022-04-30,Telangana,Hyderabad,Bowenpally,Potato,(Red Nanital),1200,2200,1800,1673.3832326374454,126.61676736255458,0,Medium,0.3781543145443134,2022,4,Summer
2022-05-04,Telangana,Hyderabad,Bowenpally,Potato,(Red Nanital),1000,2200,1800,1641.8679797731677,158.1320202268323,0,Medium,0.3781543145443134,2022,5,Summer
2022-05-10,Telangana,Hyderabad,Bowenpally,Potato,(Red Nanital),1200,2100,1600,1650.9222183889763,-50.92221838897626,0,Medium,0.3781543145443134,2022,5,Summer
2022-06-07,Telangana,Hyderabad,Bowenpally,Potato,(Red Nanital),1000,2200,1700,1703.7217955664087,-3.721795566408673,0,Medium,0.3781543145443134,2022,6,Monsoon
2022-06-22,Telangana,Hyderabad,Bowenpally,Potato,(Red Nanital),1200,2400,1900,1762.3811924186305,137.61880758136954,0,Medium,0.3781543145443134,2022,6,Monsoon
2022-06-23,Telangana,Hyderabad,Bowenpally,Potato,(Red Nanital),1200,2300,1800,1774.9504505609427,25.049549439057273,0,Medium,0.3781543145443134,2022,6,Monsoon
2022-06-30,Telangana,Hyderabad,Bowenpally,Potato,(Red Nanital),1000,2400,2000,1821.0405892708525,178.95941072914752,0,Medium,0.3781543145443134,2022,6,Monsoon
2022-07-04,Telangana,Hyderabad,Bowenpally,Potato,(Red Nanital),1400,2400,2000,1794.8911511392762,205.1088488607238,0,Medium,0.3781543145443134,2022,7,Monsoon
2022-07-09,Telangana,Hyderabad,Bowenpally,Potato,(Red Nanital),1400,2300,2000,1863.4237322381714,136.5762677618286,0,Medium,0.3781543145443134,2022,7,Monsoon
2022-07-16,Telangana,Hyderabad,Bowenpally,Potato,(Red Nanital),1500,2500,2000,1928.4544603398522,71.54553966014782,0,Medium,0.3781543145443134,2022,7,Monsoon
2022-07-30,Telangana,Hyderabad,Bowenpally,Potato,(Red Nanital),1200,2700,2200,2009.7428704669524,190.25712953304765,0,Medium,0.3781543145443134,2022,7,Monsoon
2022-08-04,Telangana,Hyderabad,Bowenpally,Potato,(Red Nanital),1300,2700,2200,2007.0545577704072,192.9454422295928,0,Medium,0.3781543145443134,2022,8,Monsoon
2022-08-10,Telangana,Hyderabad,Bowenpally,Potato,(Red Nanital),1000,2600,2100,2048.624160437057,51.37583956294293,0,Medium,0.3781543145443134,2022,8,Monsoon
2022-08-12,Telangana,Hyderabad,Bowenpally,Potato,(Red Nanital),1200,2600,2100,2092.863503940768,7.136496059231831,0,Medium,0.3781543145443134,2022,8,Monsoon
2022-08-16,Telangana,Hyderabad,Bowenpally,Potato,(Red Nanital),1200,2600,2100,2087.510855737355,12.489144262644913,0,Medium,0.3781543145443134,2022,8,Monsoon
2022-08-22,Telangana,Hyderabad,Bowenpally,Potato,(Red Nanital),1000,2500,2000,2080.307412327744,-80.3074123277438,0,Medium,0.3781543145443134,2022,8,Monsoon
2022-08-24,Telangana,Hyderabad,Bowenpally,Potato,(Red Nanital),1200,2600,2100,2124.546755831456,-24.546755831455812,0,Medium,0.3781543145443134,2022,8,Monsoon
2022-08-30,Telangana,Hyderabad,Bowenpally,Potato,(Red Nanital),1000,2500,2000,2071.2531737119352,-71.25317371193523,0,Medium,0.3781543145443134,2022,8,Monsoon
2022-09-01,Telangana,Hyderabad,Bowenpally,Potato,(Red Nanital),1500,2700,2200,2089.329912554782,110.67008744521809,0,Medium,0.3781543145443134,2022,9,Monsoon
2022-09-04,Telangana,Hyderabad,Bowenpally,Potato,(Red Nanital),1500,2700,2300,2116.3060575163163,183.6939424836837,0,Medium,0.3781543145443134,2022,9,Monsoon
2022-09-06,Telangana,Hyderabad,Bowenpally,Potato,(Red Nanital),1500,2700,2300,2099.2294298600314,200.77057013996864,0,Medium,0.3781543145443134,2022,9,Monsoon
2022-09-17,Telangana,Hyderabad,Bowenpally,Potato,(Red Nanital),1000,2500,1800,2079.2701574222156,-279.27015742221556,0,Medium,0.3781543145443134,2022,9,Monsoon
2022-09-18,Telangana,Hyderabad,Bowenpally,Potato,(Red Nanital),1300,2600,2000,2154.3474741271743,-154.34747412717434,0,Medium,0.3781543145443134,2022,9,Monsoon
2022-10-10,Telangana,Hyderabad,Bowenpally,Potato,(Red Nanital),1200,2700,2200,2080.6813895066857,119.31861049331428,0,Medium,0.3781543145443134,2022,10,PostMonsoon
2022-10-22,Telangana,Hyderabad,Bowenpally,Potato,(Red Nanital),1000,2500,1800,2057.033693185762,-257.0336931857619,0,Medium,0.3781543145443134,2022,10,PostMonsoon
2022-10-29,Telangana,Hyderabad,Bowenpally,Potato,(Red Nanital),1000,3000,2500,2160.1058378983,339.8941621017002,0,Medium,0.3781543145443134,2022,10,PostMonsoon
2022-11-02,Telangana,Hyderabad,Bowenpally,Potato,(Red Nanital),1000,3000,2500,2066.0825264713762,433.91747352862376,0,Medium,0.3781543145443134,2022,11,PostMonsoon
2022-11-14,Telangana,Hyderabad,Bowenpally,Potato,(Red Nanital),1600,2600,2400,2067.9333216775744,332.06667832242556,0,Medium,0.3781543145443134,2022,11,PostMonsoon
2022-11-17,Telangana,Hyderabad,Bowenpally,Potato,(Red Nanital),1600,2600,2100,2151.891472641737,-51.89147264173698,0,Medium,0.3781543145443134,2022,11,PostMonsoon
2022-12-02,Telangana,Hyderabad,Bowenpally,Potato,(Red Nanital),800,2700,2000,2170.6170489237943,-170.6170489237943,0,Medium,0.3781543145443134,2022,12,Winter
2022-12-05,Telangana,Hyderabad,Bowenpally,Potato,(Red Nanital),1000,2800,2200,2155.378049944419,44.62195005558078,0,Medium,0.3781543145443134,2022,12,Winter
2022-12-07,Telangana,Hyderabad,Bowenpally,Potato,(Red Nanital),1000,2800,2500,2256.439161623443,243.56083837655706,0,Medium,0.3781543145443134,2022,12,Winter
2022-12-11,Telangana,Hyderabad,Bowenpally,Potato,(Red Nanital),1500,2700,2300,2212.013247233839,87.98675276616086,0,Medium,0.3781543145443134,2022,12,Winter
2022-12-14,Telangana,Hyderabad,Bowenpally,Potato,(Red Nanital),1200,2700,2200,2161.5759768372727,38.42402316272728,0,Medium,0.3781543145443134,2022,12,Winter
2022-12-31,Telangana,Hyderabad,Bowenpally,Potato,(Red Nanital),1000,2700,2200,2164.2457176743355,35.75428232566446,0,Medium,0.3781543145443134,2022,12,Winter
2022-01-09,Telangana,Hyderabad,Erragadda(Rythu Bazar),Potato,(Red Nanital),1700,1700,1700,1849.9079497781227,-149.90794977812266,0,Medium,0.3781543145443134,2022,1,Winter
2022-01-19,Telangana,Hyderabad,Erragadda(Rythu Bazar),Potato,(Red Nanital),1800,1800,1800,1848.2437254578174,-48.24372545781739,0,Medium,0.3781543145443134,2022,1,Winter
2022-01-31,Telangana,Hyderabad,Erragadda(Rythu Bazar),Potato,(Red Nanital),1800,1800,1800,1820.2620639795255,-20.262063979525465,0,Medium,0.3781543145443134,2022,1,Winter
2022-02-19,Telangana,Hyderabad,Erragadda(Rythu Bazar),Potato,(Red Nanital),2000,2000,2000,1891.8958680633127,108.10413193668728,0,Medium,0.3781543145443134,2022,2,Winter
2022-02-23,Telangana,Hyderabad,Erragadda(Rythu Bazar),Potato,(Red Nanital),1900,1900,1900,1854.5163659341345,45.483634065865544,0,Medium,0.3781543145443134,2022,2,Winter
2022-02-27,Telangana,Hyderabad,Erragadda(Rythu Bazar),Potato,(Red Nanital),2100,2100,2100,1937.5491192951986,162.45088070480142,0,Medium,0.3781543145443134,2022,2,Winter
2022-03-08,Telangana,Hyderabad,Erragadda(Rythu Bazar),Potato,(Red Nanital),2000,2000,2000,1890.3837465536387,109.61625344636127,0,Medium,0.3781543145443134,2022,3,Summer
2022-03-14,Telangana,Hyderabad,Erragadda(Rythu Bazar),Potato,(Red Nanital),1900,1900,1900,1929.2704418539374,-29.270441853937427,0,Medium,0.3781543145443134,2022,3,Summer
2022-05-25,Telangana,Hyderabad,Erragadda(Rythu Bazar),Potato,(Red Nanital),2600,2600,2600,2067.5037142647006,532.4962857352994,0,Medium,0.3781543145443134,2022,5,Summer
2022-05-26,Telangana,Hyderabad,Erragadda(Rythu Bazar),Potato,(Red Nanital),2500,2500,2500,2093.4875092387656,406.5124907612344,0,Medium,0.3781543145443134,2022,5,Summer
2022-06-09,Telangana,Hyderabad,Erragadda(Rythu Bazar),Potato,(Red Nanital),2600,2600,2600,2214.0007218842284,385.99927811577163,0,Medium,0.3781543145443134,2022,6,Monsoon
2022-06-11,Telangana,Hyderabad,Erragadda(Rythu Bazar),Potato,(Red Nanital),2500,2500,2500,2312.378926196902,187.62107380309817,0,Medium,0.3781543145443134,2022,6,Monsoon
2022-06-14,Telangana,Hyderabad,Erragadda(Rythu Bazar),Potato,(Red Nanital),2600,2600,2600,2378.428337344628,221.57166265537217,0,Medium,0.3781543145443134,2022,6,Monsoon
2022-06-20,Telangana,Hyderabad,Erragadda(Rythu Bazar),Potato,(Red Nanital),2600,2600,2600,2455.196211428468,144.8037885715321,0,Medium,0.3781543145443134,2022,6,Monsoon
2022-07-06,Telangana,Hyderabad,Erragadda(Rythu Bazar),Potato,(Red Nanital),2800,2800,2800,2606.017313841026,193.98268615897405,0,Medium,0.3781543145443134,2022,7,Monsoon
2022-07-26,Telangana,Hyderabad,Erragadda(Rythu Bazar),Potato,(Red Nanital),2800,2800,2800,2604.179685164116,195.8203148358839,0,Medium,0.3781543145443134,2022,7,Monsoon
2022-07-27,Telangana,Hyderabad,Erragadda(Rythu Bazar),Potato,(Red Nanital),2700,2700,2700,2643.8984926245676,56.10150737543245,0,Medium,0.3781543145443134,2022,7,Monsoon
2022-08-13,Telangana,Hyderabad,Erragadda(Rythu Bazar),Potato,(Red Nanital),3100,3100,3100,2750.4670850041257,349.5329149958743,0,Medium,0.3781543145443134,2022,8,Monsoon
2022-08-31,Telangana,Hyderabad,Erragadda(Rythu Bazar),Potato,(Red Nanital),3100,3100,3100,2772.1037482915353,327.89625170846466,0,Medium,0.3781543145443134,2022,8,Monsoon
2022-09-22,Telangana,Hyderabad,Erragadda(Rythu Bazar),Potato,(Red Nanital),2800,2800,2800,2801.917633116542,-1.9176331165422198,0,Medium,0.3781543145443134,2022,9,Monsoon
2022-09-28,Telangana,Hyderabad,Erragadda(Rythu Bazar),Potato,(Red Nanital),2800,2800,2800,2867.9538777349803,-67.95387773498032,0,Medium,0.3781543145443134,2022,9,Monsoon
2022-10-19,Telangana,Hyderabad,Erragadda(Rythu Bazar),Potato,(Red Nanital),2800,2800,2800,2848.400320864877,-48.4003208648769,0,Medium,0.3781543145443134,2022,10,PostMonsoon
2022-11-01,Telangana,Hyderabad,Erragadda(Rythu Bazar),Potato,(Red Nanital),3300,3300,3300,2912.580364946921,387.4196350530792,0,Medium,0.3781543145443134,2022,11,PostMonsoon
2022-11-06,Telangana,Hyderabad,Erragadda(Rythu Bazar),Potato,(Red Nanital),3300,3300,3300,2978.2698008521493,321.7301991478507,0,Medium,0.3781543145443134,2022,11,PostMonsoon
2022-12-19,Telangana,Hyderabad,Erragadda(Rythu Bazar),Potato,(Red Nanital),3200,3200,3200,2922.104631315141,277.895368684859,0,Medium,0.3781543145443134,2022,12,Winter
2022-01-11,Telangana,Hyderabad,Gudimalkapur,Potato,(Red Nanital),600,1200,900,925.9107006478157,-25.910700647815702,1,Medium,0.3781543145443134,2022,1,Winter
2022-01-29,Telangana,Hyderabad,Gudimalkapur,Potato,(Red Nanital),600,1200,900,954.7244742862599,-54.72447428625992,1,Medium,0.3781543145443134,2022,1,Winter
2022-02-02,Telangana,Hyderabad,Gudimalkapur,Potato,(Red Nanital),600,1300,900,923.2092214219822,-23.209221421982193,1,Medium,0.3781543145443134,2022,2,Winter
2022-02-07,Telangana,Hyderabad,Gudimalkapur,Potato,(Red Nanital),800,1400,1000,931.563089438348,68.43691056165198,0,Medium,0.3781543145443134,2022,2,Winter
2022-02-10,Telangana,Hyderabad,Gudimalkapur,Potato,(Red Nanital),1000,1500,1200,992.7070729578176,207.29292704218244,0,Medium,0.3781543145443134,2022,2,Winter
2022-02-11,Telangana,Hyderabad,Gudimalkapur,Potato,(Red Nanital),800,1500,1000,978.1801943910963,21.81980560890372,0,Medium,0.3781543145443134,2022,2,Winter
2022-02-13,Telangana,Hyderabad,Gudimalkapur,Potato,(Red Nanital),800,1500,1200,1068.5096766047177,131.4903233952823,0,Medium,0.3781543145443134,2022,2,Winter
2022-02-14,Telangana,Hyderabad,Gudimalkapur,Potato,(Red Nanital),800,1500,1200,1046.9125129051727,153.08748709482734,0,Medium,0.3781543145443134,2022,2,Winter
2022-02-15,Telangana,Hyderabad,Gudimalkapur,Potato,(Red Nanital),800,1500,1200,1102.889002391044,97.11099760895604,0,Medium,0.3781543145443134,2022,2,Winter
2022-02-21,Telangana,Hyderabad,Gudimalkapur,Potato,(Red Nanital),800,1500,1300,1160.7162870831132,139.28371291688677,0,Medium,0.3781543145443134,2022,2,Winter
2022-02-23,Telangana,Hyderabad,Gudimalkapur,Potato,(Red Nanital),1000,1500,1200,1194.0637632941061,5.936236705893862,0,Medium,0.3781543145443134,2022,2,Winter
2022-02-27,Telangana,Hyderabad,Gudimalkapur,Potato,(Red Nanital),1000,1500,1200,1236.45231159162,-36.452311591619946,0,Medium,0.3781543145443134,2022,2,Winter
2022-03-05,Telangana,Hyderabad,Gudimalkapur,Potato,(Red Nanital),1000,1500,1200,1261.5079438320633,-61.50794383206335,0,Medium,0.3781543145443134,2022,3,Summer
2022-03-09,Telangana,Hyderabad,Gudimalkapur,Potato,(Red Nanital),800,1400,1200,1239.89761360323,-39.897613603229956,0,Medium,0.3781543145443134,2022,3,Summer
2022-03-10,Telangana,Hyderabad,Gudimalkapur,Potato,(Red Nanital),1000,1400,1200,1247.101057012841,-47.10105701284101,0,Medium,0.3781543145443134,2022,3,Summer
2022-03-17,Telangana,Hyderabad,Gudimalkapur,Potato,(Red Nanital),1000,1500,1200,1247.101057012841,-47.10105701284101,0,Medium,0.3781543145443134,2022,3,Summer
2022-03-19,Telangana,Hyderabad,Gudimalkapur,Potato,(Red Nanital),1000,1400,1200,1245.2502618066433,-45.250261806643266,0,Medium,0.3781543145443134,2022,3,Summer
2022-03-24,Telangana,Hyderabad,Gudimalkapur,Potato,(Red Nanital),1000,1400,1200,1230.8433749874212,-30.843374987421157,0,Medium,0.3781543145443134,2022,3,Summer
2022-04-02,Telangana,Hyderabad,Gudimalkapur,Potato,(Red Nanital),1400,1800,1600,1300.376067272879,299.623932727121,0,Medium,0.3781543145443134,2022,4,Summer
2022-04-03,Telangana,Hyderabad,Gudimalkapur,Potato,(Red Nanital),1400,1800,1600,1318.3111401478925,281.6888598521075,0,Medium,0.3781543145443134,2022,4,Summer
2022-04-04,Telangana,Hyderabad,Gudimalkapur,Potato,(Red Nanital),1400,1800,1600,1340.121207791906,259.87879220809396,0,Medium,0.3781543145443134,2022,4,Summer
2022-04-07,Telangana,Hyderabad,Gudimalkapur,Potato,(Red Nanital),1400,1800,1600,1426.7622661224204,173.23773387757956,0,Medium,0.3781543145443134,2022,4,Summer
2022-04-19,Telangana,Hyderabad,Gudimalkapur,Potato,(Red Nanital),1200,1800,1400,1444.870743354038,-44.87074335403804,0,Medium,0.3781543145443134,2022,4,Summer
2022-04-21,Telangana,Hyderabad,Gudimalkapur,Potato,(Red Nanital),1400,1800,1600,1551.4579075930794,48.542092406920574,0,Medium,0.3781543145443134,2022,4,Summer
2022-05-05,Telangana,Hyderabad,Gudimalkapur,Potato,(Red Nanital),1600,2000,1800,1611.9495277920166,188.05047220798338,0,Medium,0.3781543145443134,2022,5,Summer
2022-05-20,Telangana,Hyderabad,Gudimalkapur,Potato,(Red Nanital),1600,2000,1800,1624.5187859343293,175.48121406567066,0,Medium,0.3781543145443134,2022,5,Summer
2022-06-01,Telangana,Hyderabad,Gudimalkapur,Potato,(Red Nanital),1600,2000,1800,1652.0196089998199,147.98039100018013,0,Medium,0.3781543145443134,2022,6,Monsoon
2022-06-03,Telangana,Hyderabad,Gudimalkapur,Potato,(Red Nanital),1600,2000,1800,1698.9418598698824,101.05814013011764,0,Medium,0.3781543145443134,2022,6,Monsoon
2022-06-11,Telangana,Hyderabad,Gudimalkapur,Potato,(Red Nanital),1600,2100,1900,1754.918349355754,145.0816506442461,0,Medium,0.3781543145443134,2022,6,Monsoon
2022-06-16,Telangana,Hyderabad,Gudimalkapur,Potato,(Red Nanital),1600,2100,1900,1808.2250980045624,91.77490199543763,0,Medium,0.3781543145443134,2022,6,Monsoon
2022-06-24,Telangana,Hyderabad,Gudimalkapur,Potato,(Red Nanital),1800,2200,2000,1880.459269515854,119.54073048414602,0,Medium,0.3781543145443134,2022,6,Monsoon
2022-06-25,Telangana,Hyderabad,Gudimalkapur,Potato,(Red Nanital),1800,2200,2000,1906.6033023172354,93.39669768276462,0,Medium,0.3781543145443134,2022,6,Monsoon
2022-06-28,Telangana,Hyderabad,Gudimalkapur,Potato,(Red Nanital),1800,2200,2000,1910.3048927296318,89.69510727036823,0,Medium,0.3781543145443134,2022,6,Monsoon
2022-06-30,Telangana,Hyderabad,Gudimalkapur,Potato,(Red Nanital),1600,2200,1900,1940.9694615742742,-40.96946157427419,0,Medium,0.3781543145443134,2022,6,Monsoon
2022-07-03,Telangana,Hyderabad,Gudimalkapur,Potato,(Red Nanital),1600,2200,1900,1982.507325852152,-82.50732585215201,0,Medium,0.3781543145443134,2022,7,Monsoon
2022-07-07,Telangana,Hyderabad,Gudimalkapur,Potato,(Red Nanital),1600,2200,1900,1960.8969956233186,-60.89699562331862,0,Medium,0.3781543145443134,2022,7,Monsoon
2022-07-11,Telangana,Hyderabad,Gudimalkapur,Potato,(Red Nanital),1600,2200,1900,1939.2866653944857,-39.28666539448568,0,Medium,0.3781543145443134,2022,7,Monsoon
2022-07-26,Telangana,Hyderabad,Gudimalkapur,Potato,(Red Nanital),1600,2200,1900,1930.232426778677,-30.23242677867711,0,Medium,0.3781543145443134,2022,7,Monsoon
2022-07-31,Telangana,Hyderabad,Gudimalkapur,Potato,(Red Nanital),1600,2200,1800,1933.734279775892,-133.734279775892,0,Medium,0.3781543145443134,2022,7,Monsoon
2022-08-16,Telangana,Hyderabad,Gudimalkapur,Potato,(Red Nanital),2000,2400,2200,1933.902278802302,266.0977211976981,0,Medium,0.3781543145443134,2022,8,Monsoon
2022-08-22,Telangana,Hyderabad,Gudimalkapur,Potato,(Red Nanital),1800,2400,2100,1904.9151008072524,195.08489919274757,0,Medium,0.3781543145443134,2022,8,Monsoon
2022-08-24,Telangana,Hyderabad,Gudimalkapur,Potato,(Red Nanital),1800,2400,2100,1965.4121263363843,134.5878736636157,0,Medium,0.3781543145443134,2022,8,Monsoon
2022-08-30,Telangana,Hyderabad,Gudimalkapur,Potato,(Red Nanital),1800,2400,2000,1974.4663649521933,25.533635047806683,0,Medium,0.3781543145443134,2022,8,Monsoon
2022-09-01,Telangana,Hyderabad,Gudimalkapur,Potato,(Red Nanital),1600,2400,2000,2008.8007858204605,-8.800785820460533,0,Medium,0.3781543145443134,2022,9,Monsoon
2022-09-09,Telangana,Hyderabad,Gudimalkapur,Potato,(Red Nanital),2000,2500,2200,2064.7772753063323,135.22272469366771,0,Medium,0.3781543145443134,2022,9,Monsoon
2022-09-14,Telangana,Hyderabad,Gudimalkapur,Potato,(Red Nanital),2000,2500,2100,2071.9938852452315,28.006114754768532,0,Medium,0.3781543145443134,2022,9,Monsoon
2022-09-20,Telangana,Hyderabad,Gudimalkapur,Potato,(Red Nanital),1800,2400,2100,2062.10753446927,37.89246553073008,0,Medium,0.3781543145443134,2022,9,Monsoon
2022-09-27,Telangana,Hyderabad,Gudimalkapur,Potato,(Red Nanital),1800,2500,2300,2094.6228985201096,205.37710147989037,0,Medium,0.3781543145443134,2022,9,Monsoon
2022-09-29,Telangana,Hyderabad,Gudimalkapur,Potato,(Red Nanital),1800,2400,2100,2081.8802360211926,18.11976397880744,0,Medium,0.3781543145443134,2022,9,Monsoon
2022-10-16,Telangana,Hyderabad,Gudimalkapur,Potato,(Red Nanital),2000,2700,2300,2159.859604774322,140.14039522567782,0,Medium,0.3781543145443134,2022,10,PostMonsoon
2022-11-07,Telangana,Hyderabad,Gudimalkapur,Potato,(Red Nanital),1800,2500,2200,2112.0998364139123,87.90016358608773,0,Medium,0.3781543145443134,2022,11,PostMonsoon
2022-11-11,Telangana,Hyderabad,Gudimalkapur,Potato,(Red Nanital),1800,2600,2300,2170.746066736846,129.25393326315407,0,Medium,0.3781543145443134,2022,11,PostMonsoon
2022-11-22,Telangana,Hyderabad,Gudimalkapur,Potato,(Red Nanital),1500,2400,1800,2086.7879157726834,-286.7879157726834,0,Medium,0.3781543145443134,2022,11,PostMonsoon
2022-11-29,Telangana,Hyderabad,Gudimalkapur,Potato,(Red Nanital),1600,2500,2200,2170.919471093451,29.080528906548807,0,Medium,0.3781543145443134,2022,11,PostMonsoon
2022-12-13,Telangana,Hyderabad,Gudimalkapur,Potato,(Red Nanital),1600,2500,2300,2087.418181352411,212.581818647589,0,Medium,0.3781543145443134,2022,12,Winter
2022-12-16,Telangana,Hyderabad,Gudimalkapur,Potato,(Red Nanital),1500,2500,2200,2111.711418947594,88.28858105240579,0,Medium,0.3781543145443134,2022,12,Winter
2022-12-18,Telangana,Hyderabad,Gudimalkapur,Potato,(Red Nanital),1600,2500,2200,2123.4353984004665,76.56460159953349,0,Medium,0.3781543145443134,2022,12,Winter
2022-12-20,Telangana,Hyderabad,Gudimalkapur,Potato,(Red Nanital),1800,2600,2200,2087.418181352411,112.58181864758899,0,Medium,0.3781543145443134,2022,12,Winter
2022-12-26,Telangana,Hyderabad,Gudimalkapur,Potato,(Red Nanital),1600,2500,2100,2047.6993738919587,52.30062610804134,0,Medium,0.3781543145443134,2022,12,Winter
2022-12-28,Telangana,Hyderabad,Gudimalkapur,Potato,(Red Nanital),1000,2200,1600,2043.1656713194106,-443.16567131941065,0,Medium,0.3781543145443134,2022,12,Winter
2022-12-30,Telangana,Hyderabad,Gudimalkapur,Potato,(Red Nanital),1800,2400,2200,2125.4464314339803,74.55356856601975,0,Medium,0.3781543145443134,2022,12,Winter
2023-01-05,Karnataka,Dharwad,Hubli (Amaragol),Potato,Other,2100,2200,2150,2001.0109761630852,148.98902383691484,0,Medium,0.3781543145443134,2023,1,Winter
2023-01-10,Karnataka,Dharwad,Hubli (Amaragol),Potato,Potato,500,2200,1500,1764.2955899593012,-264.2955899593012,0,Medium,0.3781543145443134,2023,1,Winter
2023-01-13,Karnataka,Dharwad,Hubli (Amaragol),Potato,Other,1400,1650,1500,1793.5309487627114,-293.53094876271143,0,Medium,0.3781543145443134,2023,1,Winter
2023-01-17,Karnataka,Dharwad,Hubli (Amaragol),Potato,Other,1600,2000,1800,1791.8362790150177,8.16372098498232,0,Medium,0.3781543145443134,2023,1,Winter
2023-01-28,Karnataka,Dharwad,Hubli (Amaragol),Potato,Potato,1000,1300,1150,1669.9154136375778,-519.9154136375778,0,Medium,0.3781543145443134,2023,1,Winter
2023-01-30,Karnataka,Dharwad,Hubli (Amaragol),Potato,Other,1100,1800,1500,1700.4573225062468,-200.45732250624678,0,Medium,0.3781543145443134,2023,1,Winter
2023-02-03,Karnataka,Dharwad,Hubli (Amaragol),Potato,Potato,500,1250,1000,1558.050688024563,-558.050688024563,0,Medium,0.3781543145443134,2023,2,Winter
2023-02-03,Karnataka,Dharwad,Hubli (Amaragol),Potato,Other,1200,1800,1400,1503.9919461292598,-103.99194612925976,0,Medium,0.3781543145443134,2023,2,Winter
2023-02-07,Karnataka,Dharwad,Hubli (Amaragol),Potato,Other,900,1600,1200,1379.3094711878884,-179.30947118788845,0,Medium,0.3781543145443134,2023,2,Winter
2023-02-08,Karnataka,Dharwad,Hubli (Amaragol),Potato,Potato,1000,1000,1000,1332.3740537885383,-332.3740537885383,0,Medium,0.3781543145443134,2023,2,Winter
2023-02-13,Karnataka,Dharwad,Hubli (Amaragol),Potato,Other,1100,1600,1350,1271.9571471730646,78.04285282693536,0,Medium,0.3781543145443134,2023,2,Winter
2023-03-07,Karnataka,Dharwad,Hubli (Amaragol),Potato,Other,1100,1100,1100,1223.263749862436,-123.26374986243604,0,Medium,0.3781543145443134,2023,3,Summer
2023-03-14,Karnataka,Dharwad,Hubli (Amaragol),Potato,Other,1650,1650,1650,1281.5872095482403,368.41279045175975,0,Medium,0.3781543145443134,2023,3,Summer
2023-04-06,Karnataka,Dharwad,Hubli (Amaragol),Potato,Potato,800,1350,1050,1219.5567541198457,-169.55675411984566,0,Medium,0.3781543145443134,2023,4,Summer
2023-04-24,Karnataka,Dharwad,Hubli (Amaragol),Potato,Potato,1300,1580,1400,1279.3950718454294,120.60492815457064,0,Medium,0.3781543145443134,2023,4,Summer
2023-04-25,Karnataka,Dharwad,Hubli (Amaragol),Potato,Potato,1500,1500,1500,1287.8598500245575,212.14014997544245,0,Medium,0.3781543145443134,2023,4,Summer
2023-04-26,Karnataka,Dharwad,Hubli (Amaragol),Potato,Potato,1300,1500,1400,1346.5192468767796,53.48075312322044,0,Medium,0.3781543145443134,2023,4,Summer
2023-04-27,Karnataka,Dharwad,Hubli (Amaragol),Potato,Potato,1200,1550,1350,1367.2974649454602,-17.297464945460206,0,Medium,0.3781543145443134,2023,4,Summer
2023-05-02,Karnataka,Dharwad,Hubli (Amaragol),Potato,Potato,1300,1550,1400,1398.5460888965886,1.4539111034114285,0,Medium,0.3781543145443134,2023,5,Summer
2023-05-03,Karnataka,Dharwad,Hubli (Amaragol),Potato,Potato,1300,1450,1360,1351.8148671029462,8.18513289705379,0,Medium,0.3781543145443134,2023,5,Summer
2023-05-04,Karnataka,Dharwad,Hubli (Amaragol),Potato,Potato,1000,1400,1200,1388.8347434143154,-188.83474341431543,0,Medium,0.3781543145443134,2023,5,Summer
2023-05-08,Karnataka,Dharwad,Hubli (Amaragol),Potato,Potato,1400,1500,1450,1397.0728936527034,52.92710634729656,0,Medium,0.3781543145443134,2023,5,Summer
2023-05-11,Karnataka,Dharwad,Hubli (Amaragol),Potato,Potato,1200,1450,1300,1352.2309231830225,-52.23092318302247,0,Medium,0.3781543145443134,2023,5,Summer
2023-05-12,Karnataka,Dharwad,Hubli (Amaragol),Potato,Other,2100,2100,2100,1493.6003027591782,606.3996972408218,0,Medium,0.3781543145443134,2023,5,Summer
2023-05-13,Karnataka,Dharwad,Hubli (Amaragol),Potato,Potato,1250,1450,1320,1387.3282442886082,-67.32824428860818,0,Medium,0.3781543145443134,2023,5,Summer
2023-05-17,Karnataka,Dharwad,Hubli (Amaragol),Potato,Potato,1300,1400,1350,1463.4723153878067,-113.4723153878067,0,Medium,0.3781543145443134,2023,5,Summer
2023-05-23,Karnataka,Dharwad,Hubli (Amaragol),Potato,Potato,1300,1400,1350,1450.5706713779332,-100.5706713779332,0,Medium,0.3781543145443134,2023,5,Summer
2023-05-25,Karnataka,Dharwad,Hubli (Amaragol),Potato,Potato,1200,1400,1300,1481.235240222575,-181.23524022257493,0,Medium,0.3781543145443134,2023,5,Summer
2023-05-29,Karnataka,Dharwad,Hubli (Amaragol),Potato,Potato,1300,1400,1350,1450.1546152978567,-100.15461529785671,0,Medium,0.3781543145443134,2023,5,Summer
2023-06-02,Karnataka,Dharwad,Hubli (Amaragol),Potato,Potato,1000,1400,1200,1465.3156654152187,-265.31566541521875,0,Medium,0.3781543145443134,2023,6,Monsoon
2023-06-06,Karnataka,Dharwad,Hubli (Amaragol),Potato,Potato,1300,1450,1370,1345.3864183894232,24.61358161057683,0,Medium,0.3781543145443134,2023,6,Monsoon
2023-06-07,Karnataka,Dharwad,Hubli (Amaragol),Potato,Potato,1000,1400,1200,1310.0035264481119,-110.00352644811187,0,Medium,0.3781543145443134,2023,6,Monsoon
2023-06-12,Karnataka,Dharwad,Hubli (Amaragol),Potato,Potato,1250,1500,1350,1318.6737565493079,31.326243450692118,0,Medium,0.3781543145443134,2023,6,Monsoon
2023-06-15,Karnataka,Dharwad,Hubli (Amaragol),Potato,Potato,1300,1400,1350,1319.9219247895371,30.078075210462885,0,Medium,0.3781543145443134,2023,6,Monsoon
2023-06-23,Karnataka,Dharwad,Hubli (Amaragol),Potato,Potato,1200,1400,1300,1327.1253681991482,-27.12536819914817,0,Medium,0.3781543145443134,2023,6,Monsoon
2023-06-27,Karnataka,Dharwad,Hubli (Amaragol),Potato,Potato,1400,1500,1450,1328.5601073252694,121.43989267473057,0,Medium,0.3781543145443134,2023,6,Monsoon
2023-07-01,Karnataka,Dharwad,Hubli (Amaragol),Potato,Potato,1300,1450,1350,1351.4933193777956,-1.4933193777956149,0,Medium,0.3781543145443134,2023,7,Monsoon
2023-07-05,Karnataka,Dharwad,Hubli (Amaragol),Potato,Potato,1300,1600,1450,1356.4639094283677,93.53609057163226,0,Medium,0.3781543145443134,2023,7,Monsoon
2023-07-10,Karnataka,Dharwad,Hubli (Amaragol),Potato,Potato,1550,1700,1600,1393.5129760517561,206.48702394824386,0,Medium,0.3781543145443134,2023,7,Monsoon
2023-07-12,Karnataka,Dharwad,Hubli (Amaragol),Potato,Other,2000,2000,2000,1493.2326340476047,506.76736595239527,0,Medium,0.3781543145443134,2023,7,Monsoon
2023-07-14,Karnataka,Dharwad,Hubli (Amaragol),Potato,Potato,1200,1600,1400,1461.469263243259,-61.46926324325909,0,Medium,0.3781543145443134,2023,7,Monsoon
2023-07-15,Karnataka,Dharwad,Hubli (Amaragol),Potato,Potato,1400,1650,1500,1582.6367186581274,-82.63671865812739,0,Medium,0.3781543145443134,2023,7,Monsoon
2023-07-19,Karnataka,Dharwad,Hubli (Amaragol),Potato,Potato,1200,1500,1350,1531.193931744804,-181.1939317448041,0,Medium,0.3781543145443134,2023,7,Monsoon
2023-07-24,Karnataka,Dharwad,Hubli (Amaragol),Potato,Potato,1500,1600,1550,1569.6645709650268,-19.66457096502677,0,Medium,0.3781543145443134,2023,7,Monsoon
2023-08-02,Karnataka,Dharwad,Hubli (Amaragol),Potato,Potato,1300,1700,1450,1547.0169858306654,-97.01698583066536,0,Medium,0.3781543145443134,2023,8,Monsoon
2023-08-07,Karnataka,Dharwad,Hubli (Amaragol),Potato,Other,2350,2350,2350,1668.117488861163,681.8825111388369,0,Medium,0.3781543145443134,2023,8,Monsoon
2023-08-11,Karnataka,Dharwad,Hubli (Amaragol),Potato,Other,1500,1600,1550,1501.5987214535921,48.401278546407866,0,Medium,0.3781543145443134,2023,8,Monsoon
2023-08-12,Karnataka,Dharwad,Hubli (Amaragol),Potato,Potato,1000,1550,1350,1609.2715211230488,-259.27152112304884,0,Medium,0.3781543145443134,2023,8,Monsoon
2023-08-18,Karnataka,Dharwad,Hubli (Amaragol),Potato,Potato,1450,1700,1550,1637.346468044287,-87.3464680442869,0,Medium,0.3781543145443134,2023,8,Monsoon
2023-08-28,Karnataka,Dharwad,Hubli (Amaragol),Potato,Other,1500,1600,1550,1613.8985091385432,-63.898509138543204,0,Medium,0.3781543145443134,2023,8,Monsoon
2023-08-28,Karnataka,Dharwad,Hubli (Amaragol),Potato,Potato,1400,1600,1500,1605.7696681258335,-105.7696681258335,0,Medium,0.3781543145443134,2023,8,Monsoon
2023-09-04,Karnataka,Dharwad,Hubli (Amaragol),Potato,Potato,1000,1550,1250,1570.1367687690838,-320.1367687690838,0,Medium,0.3781543145443134,2023,9,Monsoon
2023-09-09,Karnataka,Dharwad,Hubli (Amaragol),Potato,Potato,1200,1650,1400,1485.6429432233217,-85.64294322332171,0,Medium,0.3781543145443134,2023,9,Monsoon
2023-09-20,Karnataka,Dharwad,Hubli (Amaragol),Potato,Other,2000,2000,2000,1516.8300201202746,483.16997987972536,0,Medium,0.3781543145443134,2023,9,Monsoon
2023-09-21,Karnataka,Dharwad,Hubli (Amaragol),Potato,Potato,1300,1600,1450,1458.8424976008894,-8.842497600889374,0,Medium,0.3781543145443134,2023,9,Monsoon
2023-09-25,Karnataka,Dharwad,Hubli (Amaragol),Potato,Other,2050,2050,2050,1593.1818381240382,456.8181618759618,0,Medium,0.3781543145443134,2023,9,Monsoon
2023-09-27,Karnataka,Dharwad,Hubli (Amaragol),Potato,Potato,1400,1500,1450,1509.8823949634238,-59.88239496342385,0,Medium,0.3781543145443134,2023,9,Monsoon
2023-09-28,Karnataka,Dharwad,Hubli (Amaragol),Potato,Potato,1200,1500,1350,1574.1479632893213,-224.1479632893213,0,Medium,0.3781543145443134,2023,9,Monsoon
2023-10-06,Karnataka,Dharwad,Hubli (Amaragol),Potato,Potato,1400,1700,1550,1624.145670564159,-74.14567056415899,0,Medium,0.3781543145443134,2023,10,PostMonsoon
2023-10-10,Karnataka,Dharwad,Hubli (Amaragol),Potato,Potato,1300,1650,1450,1583.5146320298968,-133.5146320298968,0,Medium,0.3781543145443134,2023,10,PostMonsoon
2023-10-11,Karnataka,Dharwad,Hubli (Amaragol),Potato,Potato,1300,1650,1450,1514.8755989587667,-64.87559895876666,0,Medium,0.3781543145443134,2023,10,PostMonsoon
2023-10-14,Karnataka,Dharwad,Hubli (Amaragol),Potato,Potato,1300,1600,1450,1536.4859291876,-86.48592918760005,0,Medium,0.3781543145443134,2023,10,PostMonsoon
2023-10-18,Karnataka,Dharwad,Hubli (Amaragol),Potato,Potato,1300,1400,1350,1401.0718247808263,-51.07182478082632,0,Medium,0.3781543145443134,2023,10,PostMonsoon
2023-10-26,Karnataka,Dharwad,Hubli (Amaragol),Potato,Potato,1300,1650,1450,1421.8500428495067,28.149957150493265,0,Medium,0.3781543145443134,2023,10,PostMonsoon
2023-10-30,Karnataka,Dharwad,Hubli (Amaragol),Potato,Potato,1200,1600,1400,1394.7937789743141,5.206221025685863,0,Medium,0.3781543145443134,2023,10,PostMonsoon
2023-11-08,Karnataka,Dharwad,Hubli (Amaragol),Potato,Potato,1000,1500,1300,1365.4389254240764,-65.43892542407639,0,Medium,0.3781543145443134,2023,11,PostMonsoon
2023-11-09,Karnataka,Dharwad,Hubli (Amaragol),Potato,Potato,1200,1450,1300,1361.830620454627,-61.830620454627024,0,Medium,0.3781543145443134,2023,11,PostMonsoon
2023-11-10,Karnataka,Dharwad,Hubli (Amaragol),Potato,Potato,1200,1500,1350,1352.7763818388175,-2.7763818388175423,0,Medium,0.3781543145443134,2023,11,PostMonsoon
2023-11-16,Karnataka,Dharwad,Hubli (Amaragol),Potato,Potato,1400,1600,1500,1346.9143921123823,153.0856078876177,0,Medium,0.3781543145443134,2023,11,PostMonsoon
2023-11-29,Karnataka,Dharwad,Hubli (Amaragol),Potato,Potato,1300,1800,1550,1351.8641507650068,198.1358492349932,0,Medium,0.3781543145443134,2023,11,PostMonsoon
2023-12-01,Karnataka,Dharwad,Hubli (Amaragol),Potato,Potato,1000,1450,1250,1297.7660950990921,-47.76609509909213,0,Medium,0.3781543145443134,2023,12,Winter
2023-12-04,Karnataka,Dharwad,Hubli (Amaragol),Potato,Potato,1200,1650,1450,1317.8054864505661,132.19451354943385,0,Medium,0.3781543145443134,2023,12,Winter
2023-12-07,Karnataka,Dharwad,Hubli (Amaragol),Potato,Potato,1700,1900,1800,1393.554677488361,406.445322511639,0,Medium,0.3781543145443134,2023,12,Winter
2023-12-14,Karnataka,Dharwad,Hubli (Amaragol),Potato,Potato,1100,1700,1500,1378.558330232458,121.44166976754195,0,Medium,0.3781543145443134,2023,12,Winter
2023-12-15,Karnataka,Dharwad,Hubli (Amaragol),Potato,Potato,1000,1600,1350,1426.4860976192776,-76.48609761927764,0,Medium,0.3781543145443134,2023,12,Winter
2023-12-16,Karnataka,Dharwad,Hubli (Amaragol),Potato,Potato,1000,1750,1400,1437.794020992072,-37.79402099207209,0,Medium,0.3781543145443134,2023,12,Winter
2023-12-20,Karnataka,Dharwad,Hubli (Amaragol),Potato,Potato,1000,1700,1400,1385.0097803955746,14.99021960442542,0,Medium,0.3781543145443134,2023,12,Winter
2023-12-27,Karnataka,Dharwad,Hubli (Amaragol),Potato,Potato,1500,1700,1600,1441.9116674845445,158.08833251545548,0,Medium,0.3781543145443134,2023,12,Winter
2023-12-28,Karnataka,Dharwad,Hubli (Amaragol),Potato,Potato,1200,1750,1500,1430.094402588727,69.90559741127299,0,Medium,0.3781543145443134,2023,12,Winter
2022-01-07,Telangana,Hyderabad,L B Nagar,Potato,(Red Nanital),1200,1800,1500,1551.1728781682132,-51.172878168213174,0,Medium,0.3781543145443134,2022,1,Winter
2022-01-09,Telangana,Hyderabad,L B Nagar,Potato,(Red Nanital),1200,1500,1300,1489.7105822021415,-189.7105822021415,0,Medium,0.3781543145443134,2022,1,Winter
2022-01-13,Telangana,Hyderabad,L B Nagar,Potato,(Red Nanital),1200,1500,1350,1471.5406816710429,-121.54068167104288,0,Medium,0.3781543145443134,2022,1,Winter
2022-01-15,Telangana,Hyderabad,L B Nagar,Potato,(Red Nanital),1400,1500,1450,1487.6954642240757,-37.69546422407575,0,Medium,0.3781543145443134,2022,1,Winter
2022-01-21,Telangana,Hyderabad,L B Nagar,Potato,(Red Nanital),1200,1500,1350,1453.640139167969,-103.64013916796898,0,Medium,0.3781543145443134,2022,1,Winter
2022-01-23,Telangana,Hyderabad,L B Nagar,Potato,(Red Nanital),1000,1500,1250,1455.8804707726788,-205.8804707726788,0,Medium,0.3781543145443134,2022,1,Winter
2022-01-26,Telangana,Hyderabad,L B Nagar,Potato,(Red Nanital),1000,1500,1250,1399.9972667297538,-149.99726672975385,0,Medium,0.3781543145443134,2022,1,Winter
2022-01-27,Telangana,Hyderabad,L B Nagar,Potato,(Red Nanital),1000,1500,1250,1366.5565050758146,-116.55650507581458,0,Medium,0.3781543145443134,2022,1,Winter
2022-01-29,Telangana,Hyderabad,L B Nagar,Potato,(Red Nanital),1200,1400,1300,1380.9633918950367,-80.9633918950367,0,Medium,0.3781543145443134,2022,1,Winter
2022-01-31,Telangana,Hyderabad,L B Nagar,Potato,(Red Nanital),1200,1500,1350,1338.1587875174464,11.841212482553601,0,Medium,0.3781543145443134,2022,1,Winter
2022-02-05,Telangana,Hyderabad,L B Nagar,Potato,(Red Nanital),1200,1400,1300,1333.0971715623928,-33.09717156239276,0,Medium,0.3781543145443134,2022,2,Winter
2022-02-07,Telangana,Hyderabad,L B Nagar,Potato,(Red Nanital),1300,1600,1450,1320.125023869292,129.8749761307081,0,Medium,0.3781543145443134,2022,2,Winter
2022-02-22,Telangana,Hyderabad,L B Nagar,Potato,(Red Nanital),1600,1800,1700,1380.1258744046888,319.87412559531117,0,Medium,0.3781543145443134,2022,2,Winter
2022-02-24,Telangana,Hyderabad,L B Nagar,Potato,(Red Nanital),1600,1800,1700,1433.7553936906281,266.2446063093719,0,Medium,0.3781543145443134,2022,2,Winter
2022-03-01,Telangana,Hyderabad,L B Nagar,Potato,(Red Nanital),1600,1800,1700,1492.2517875850108,207.7482124149892,0,Medium,0.3781543145443134,2022,3,Summer
2022-03-09,Telangana,Hyderabad,L B Nagar,Potato,(Red Nanital),1600,1800,1700,1564.485959096302,135.51404090369806,0,Medium,0.3781543145443134,2022,3,Summer
2022-03-16,Telangana,Hyderabad,L B Nagar,Potato,(Red Nanital),1600,1800,1700,1621.3878461852723,78.61215381472766,0,Medium,0.3781543145443134,2022,3,Summer
2022-03-25,Telangana,Hyderabad,L B Nagar,Potato,(Red Nanital),1600,1800,1700,1700.8254611061748,-0.825461106174771,0,Medium,0.3781543145443134,2022,3,Summer
2022-04-05,Telangana,Hyderabad,L B Nagar,Potato,(Red Nanital),1600,2000,1800,1726.2120953308677,73.78790466913233,0,Medium,0.3781543145443134,2022,4,Summer
2022-04-06,Telangana,Hyderabad,L B Nagar,Potato,(Red Nanital),1600,2000,1800,1736.0984461068297,63.90155389317033,0,Medium,0.3781543145443134,2022,4,Summer
2022-04-11,Telangana,Hyderabad,L B Nagar,Potato,(Red Nanital),1700,2000,1850,1746.0780823257371,103.92191767426289,0,Medium,0.3781543145443134,2022,4,Summer
2022-04-14,Telangana,Hyderabad,L B Nagar,Potato,(Red Nanital),1600,2000,1900,1793.416389275876,106.5836107241239,0,Medium,0.3781543145443134,2022,4,Summer
2022-04-15,Telangana,Hyderabad,L B Nagar,Potato,(Red Nanital),1600,2000,1800,1810.0901273813724,-10.09012738137244,0,Medium,0.3781543145443134,2022,4,Summer
2022-04-28,Telangana,Hyderabad,L B Nagar,Potato,(Red Nanital),1800,2200,2000,1865.2345047070908,134.76549529290924,0,Medium,0.3781543145443134,2022,4,Summer
2022-05-07,Telangana,Hyderabad,L B Nagar,Potato,(Red Nanital),1800,2500,2150,1915.74648868712,234.25351131287994,0,Medium,0.3781543145443134,2022,5,Summer
2022-05-08,Telangana,Hyderabad,L B Nagar,Potato,(Red Nanital),1800,2200,2000,1935.1031341589674,64.89686584103265,0,Medium,0.3781543145443134,2022,5,Summer
2022-05-10,Telangana,Hyderabad,L B Nagar,Potato,(Red Nanital),1800,2200,2000,1951.9634431503562,48.03655684964383,0,Medium,0.3781543145443134,2022,5,Summer
2022-05-11,Telangana,Hyderabad,L B Nagar,Potato,(Red Nanital),1800,2200,2000,1983.5534095980977,16.446590401902313,0,Medium,0.3781543145443134,2022,5,Summer
2022-05-14,Telangana,Hyderabad,L B Nagar,Potato,(Red Nanital),1800,2400,2100,2037.6791038777708,62.320896122229215,0,Medium,0.3781543145443134,2022,5,Summer
2022-05-21,Telangana,Hyderabad,L B Nagar,Potato,(Red Nanital),1800,2200,2000,2056.619693269541,-56.61969326954113,0,Medium,0.3781543145443134,2022,5,Summer
2022-05-22,Telangana,Hyderabad,L B Nagar,Potato,(Red Nanital),1800,2200,2000,2077.397911338222,-77.397911338222,0,Medium,0.3781543145443134,2022,5,Summer
2022-05-26,Telangana,Hyderabad,L B Nagar,Potato,(Red Nanital),2000,2200,2100,2047.658740096679,52.34125990332109,0,Medium,0.3781543145443134,2022,5,Summer
2022-05-31,Telangana,Hyderabad,L B Nagar,Potato,(Red Nanital),1800,2200,2000,2019.6770786183874,-19.67707861838744,0,Medium,0.3781543145443134,2022,5,Summer
2022-06-06,Telangana,Hyderabad,L B Nagar,Potato,(Red Nanital),1800,2200,2000,2035.440755701719,-35.4407557017189,0,Medium,0.3781543145443134,2022,6,Monsoon
2022-06-13,Telangana,Hyderabad,L B Nagar,Potato,(Red Nanital),1800,2300,2050,2043.5695967144284,6.430403285571629,0,Medium,0.3781543145443134,2022,6,Monsoon
2022-06-19,Telangana,Hyderabad,L B Nagar,Potato,(Red Nanital),1800,2200,2000,2063.7451878171405,-63.745187817140504,0,Medium,0.3781543145443134,2022,6,Monsoon
2022-07-07,Telangana,Hyderabad,L B Nagar,Potato,(Red Nanital),2000,2300,2150,2063.403845320527,86.59615467947287,0,Medium,0.3781543145443134,2022,7,Monsoon
2022-07-09,Telangana,Hyderabad,L B Nagar,Potato,(Red Nanital),2000,2200,2100,2073.7062521765656,26.293747823434387,0,Medium,0.3781543145443134,2022,7,Monsoon
2022-07-10,Telangana,Hyderabad,L B Nagar,Potato,(Red Nanital),2000,2200,2100,2087.6970829157117,12.30291708428831,0,Medium,0.3781543145443134,2022,7,Monsoon
2022-07-22,Telangana,Hyderabad,L B Nagar,Potato,(Red Nanital),2000,2200,2100,2089.54787812191,10.45212187809011,0,Medium,0.3781543145443134,2022,7,Monsoon
2022-07-24,Telangana,Hyderabad,L B Nagar,Potato,(Red Nanital),2000,2200,2100,2120.2124469665514,-20.212446966551397,0,Medium,0.3781543145443134,2022,7,Monsoon
2022-07-30,Telangana,Hyderabad,L B Nagar,Potato,(Red Nanital),2000,2300,2150,2129.26668558236,20.73331441764003,0,Medium,0.3781543145443134,2022,7,Monsoon
2022-08-09,Telangana,Hyderabad,L B Nagar,Potato,(Red Nanital),2000,2300,2150,2108.147125017067,41.85287498293292,0,Medium,0.3781543145443134,2022,8,Monsoon
2022-08-12,Telangana,Hyderabad,L B Nagar,Potato,(Red Nanital),2000,2300,2150,2129.757455245901,20.24254475409907,0,Medium,0.3781543145443134,2022,8,Monsoon
2022-08-30,Telangana,Hyderabad,L B Nagar,Potato,(Red Nanital),2200,2300,2250,2132.533648055197,117.46635194480314,0,Medium,0.3781543145443134,2022,8,Monsoon
2022-09-01,Telangana,Hyderabad,L B Nagar,Potato,(Red Nanital),2200,2500,2350,2164.105042643455,185.8949573565451,0,Medium,0.3781543145443134,2022,9,Monsoon
2022-09-08,Telangana,Hyderabad,L B Nagar,Potato,(Red Nanital),2200,2800,2500,2215.560996086066,284.4390039139339,0,Medium,0.3781543145443134,2022,9,Monsoon
2022-09-13,Telangana,Hyderabad,L B Nagar,Potato,(Red Nanital),2200,2800,2500,2245.82267537992,254.17732462008007,0,Medium,0.3781543145443134,2022,9,Monsoon
2022-09-18,Telangana,Hyderabad,L B Nagar,Potato,(Red Nanital),2000,2600,2300,2306.226415466105,-6.226415466105209,0,Medium,0.3781543145443134,2022,9,Monsoon
2022-09-24,Telangana,Hyderabad,L B Nagar,Potato,(Red Nanital),2000,2600,2300,2350.559044412764,-50.5590444127638,0,Medium,0.3781543145443134,2022,9,Monsoon
2022-10-03,Telangana,Hyderabad,L B Nagar,Potato,(Red Nanital),2000,2500,2250,2311.245952520025,-61.245952520025185,0,Medium,0.3781543145443134,2022,10,PostMonsoon
2022-10-05,Telangana,Hyderabad,L B Nagar,Potato,(Red Nanital),2000,2500,2250,2332.440226668782,-82.44022666878209,0,Medium,0.3781543145443134,2022,10,PostMonsoon
2022-10-10,Telangana,Hyderabad,L B Nagar,Potato,(Red Nanital),2000,2500,2250,2301.7756578241397,-51.77565782413967,0,Medium,0.3781543145443134,2022,10,PostMonsoon
2022-10-20,Telangana,Hyderabad,L B Nagar,Potato,(Red Nanital),2000,2500,2250,2282.7417829894225,-32.74178298942252,0,Medium,0.3781543145443134,2022,10,PostMonsoon
2022-10-21,Telangana,Hyderabad,L B Nagar,Potato,(Red Nanital),2000,2600,2300,2257.429862348194,42.57013765180591,0,Medium,0.3781543145443134,2022,10,PostMonsoon
2022-10-31,Telangana,Hyderabad,L B Nagar,Potato,(Red Nanital),2000,2800,2400,2238.086383405635,161.91361659436507,0,Medium,0.3781543145443134,2022,10,PostMonsoon
2022-11-01,Telangana,Hyderabad,L B Nagar,Potato,(Red Nanital),2000,2800,2400,2238.067811546152,161.93218845384808,0,Medium,0.3781543145443134,2022,11,PostMonsoon
2022-11-06,Telangana,Hyderabad,L B Nagar,Potato,(Red Nanital),2000,3000,2500,2314.729233657758,185.27076634224204,0,Medium,0.3781543145443134,2022,11,PostMonsoon
2022-11-09,Telangana,Hyderabad,L B Nagar,Potato,(Red Nanital),2000,3000,2500,2312.9848904237947,187.0151095762053,0,Medium,0.3781543145443134,2022,11,PostMonsoon
2022-11-12,Telangana,Hyderabad,L B Nagar,Potato,(Red Nanital),2000,3000,2500,2375.2394257161777,124.76057428382228,0,Medium,0.3781543145443134,2022,11,PostMonsoon
2022-11-17,Telangana,Hyderabad,L B Nagar,Potato,(Red Nanital),2000,2800,2400,2385.2190619350854,14.780938064914608,0,Medium,0.3781543145443134,2022,11,PostMonsoon
2022-11-20,Telangana,Hyderabad,L B Nagar,Potato,(Red Nanital),2000,2800,2400,2436.661848848408,-36.661848848408226,0,Medium,0.3781543145443134,2022,11,PostMonsoon
2022-11-25,Telangana,Hyderabad,L B Nagar,Potato,(Red Nanital),2000,2800,2400,2422.254962029186,-22.254962029186117,0,Medium,0.3781543145443134,2022,11,PostMonsoon
2022-11-26,Telangana,Hyderabad,L B Nagar,Potato,(Red Nanital),2000,2800,2400,2429.458405438797,-29.458405438796945,0,Medium,0.3781543145443134,2022,11,PostMonsoon
2022-12-25,Telangana,Hyderabad,L B Nagar,Potato,(Red Nanital),2000,2500,2250,2366.815452680096,-116.81545268009586,0,Medium,0.3781543145443134,2022,12,Winter
2022-12-30,Telangana,Hyderabad,L B Nagar,Potato,(Red Nanital),2000,2500,2250,2332.126522785928,-82.12652278592805,0,Medium,0.3781543145443134,2022,12,Winter
2022-02-03,Telangana,Hyderabad,Mahboob Manison,Potato,(Red Nanital),2300,2600,2400,2436.378602257258,-36.37860225725808,0,Medium,0.3781543145443134,2022,2,Winter
2022-02-21,Telangana,Hyderabad,Mahboob Manison,Potato,(Red Nanital),1500,1700,1600,2111.2915408872495,-511.29154088724954,0,Medium,0.3781543145443134,2022,2,Winter
2022-02-22,Telangana,Hyderabad,Mahboob Manison,Potato,(Red Nanital),1600,1800,1700,2103.805759543314,-403.8057595433138,0,Medium,0.3781543145443134,2022,2,Winter
2022-03-10,Telangana,Hyderabad,Mahboob Manison,Potato,(Red Nanital),1400,1600,1500,1984.8876204158435,-484.88762041584346,0,Medium,0.3781543145443134,2022,3,Summer
2022-05-14,Telangana,Hyderabad,Mahboob Manison,Potato,(Red Nanital),1900,2200,2000,2021.8080478393738,-21.808047839373785,0,Medium,0.3781543145443134,2022,5,Summer
2022-05-31,Telangana,Hyderabad,Mahboob Manison,Potato,(Red Nanital),1800,2200,2000,1935.9588555891955,64.04114441080446,0,Medium,0.3781543145443134,2022,5,Summer
2022-07-19,Telangana,Hyderabad,Mahboob Manison,Potato,(Red Nanital),1500,2200,2000,1870.4155506859436,129.58444931405643,0,Medium,0.3781543145443134,2022,7,Monsoon
2022-07-30,Telangana,Hyderabad,Mahboob Manison,Potato,(Red Nanital),1600,2000,1800,1801.6832321718673,-1.683232171867303,0,Medium,0.3781543145443134,2022,7,Monsoon
2022-08-02,Telangana,Hyderabad,Mahboob Manison,Potato,(Red Nanital),1500,2000,1800,1822.629449266958,-22.62944926695809,0,Medium,0.3781543145443134,2022,8,Monsoon
2022-08-24,Telangana,Hyderabad,Mahboob Manison,Potato,(Red Nanital),1600,1800,1700,1829.832892676569,-129.83289267656892,0,Medium,0.3781543145443134,2022,8,Monsoon
2022-08-25,Telangana,Hyderabad,Mahboob Manison,Potato,(Red Nanital),1600,1800,1700,1883.1264747960895,-183.1264747960895,0,Medium,0.3781543145443134,2022,8,Monsoon
2022-09-13,Telangana,Hyderabad,Mahboob Manison,Potato,(Red Nanital),1600,1800,1700,1810.0416192651628,-110.04161926516281,0,Medium,0.3781543145443134,2022,9,Monsoon
2022-10-13,Telangana,Hyderabad,Mahboob Manison,Potato,(Red Nanital),1700,2000,1800,1772.3795851634413,27.620414836558666,0,Medium,0.3781543145443134,2022,10,PostMonsoon
2022-10-21,Telangana,Hyderabad,Mahboob Manison,Potato,(Red Nanital),2200,2200,2200,1798.5236179648232,401.4763820351768,0,Medium,0.3781543145443134,2022,10,PostMonsoon
2022-10-24,Telangana,Hyderabad,Mahboob Manison,Potato,(Red Nanital),2300,3600,2600,1845.4722018934617,754.5277981065383,0,Medium,0.3781543145443134,2022,10,PostMonsoon
2022-10-28,Telangana,Hyderabad,Mahboob Manison,Potato,(Red Nanital),2800,2800,2800,1982.5636971498295,817.4363028501705,0,Medium,0.3781543145443134,2022,10,PostMonsoon
2022-11-09,Telangana,Hyderabad,Mahboob Manison,Potato,(Red Nanital),2800,3500,3000,2142.4522047074847,857.5477952925153,0,Medium,0.3781543145443134,2022,11,PostMonsoon
2022-11-12,Telangana,Hyderabad,Mahboob Manison,Potato,(Red Nanital),2800,3500,3000,2348.2628519486393,651.7371480513607,0,Medium,0.3781543145443134,2022,11,PostMonsoon
2022-11-13,Telangana,Hyderabad,Mahboob Manison,Potato,(Red Nanital),2000,2000,2000,2404.239341434511,-404.23934143451106,0,Medium,0.3781543145443134,2022,11,PostMonsoon
2022-11-18,Telangana,Hyderabad,Mahboob Manison,Potato,(Red Nanital),3000,3600,3500,2801.960795638125,698.0392043618749,1,Medium,0.3781543145443134,2022,11,PostMonsoon
2022-11-29,Telangana,Hyderabad,Mahboob Manison,Potato,(Red Nanital),2600,3700,3200,2739.305665777452,460.69433422254815,0,Medium,0.3781543145443134,2022,11,PostMonsoon
2022-12-02,Telangana,Hyderabad,Mahboob Manison,Potato,(Red Nanital),3700,3700,3700,2951.2726311583515,748.7273688416485,1,Medium,0.3781543145443134,2022,12,Winter
2022-12-03,Telangana,Hyderabad,Mahboob Manison,Potato,(Red Nanital),3700,3700,3700,3036.9213395013962,663.0786604986038,1,Medium,0.3781543145443134,2022,12,Winter
2022-12-17,Telangana,Hyderabad,Mahboob Manison,Potato,(Red Nanital),4300,4300,4300,3248.271205831857,1051.728794168143,1,Medium,0.3781543145443134,2022,12,Winter
2022-12-19,Telangana,Hyderabad,Mahboob Manison,Potato,(Red Nanital),3900,3900,3900,3277.124479058167,622.8755209418332,1,Medium,0.3781543145443134,2022,12,Winter
2022-09-16,Telangana,Nalgonda,Miryalguda(Rythu Bazar),Potato,Potato,3200,3600,3400,3399.0995388913875,0.9004611086124896,0,Medium,0.3781543145443134,2022,9,Monsoon
2022-09-21,Telangana,Nalgonda,Miryalguda(Rythu Bazar),Potato,Potato,3300,3600,3400,3384.692652072165,15.307347927835053,0,Medium,0.3781543145443134,2022,9,Monsoon
2022-10-03,Telangana,Nalgonda,Miryalguda(Rythu Bazar),Potato,Potato,3400,3600,3600,3407.6340954718107,192.36590452818928,1,Medium,0.3781543145443134,2022,10,PostMonsoon
2022-10-22,Telangana,Nalgonda,Miryalguda(Rythu Bazar),Potato,Potato,3200,3600,3400,3405.1213857839325,-5.12138578393251,0,Medium,0.3781543145443134,2022,10,PostMonsoon
2022-10-24,Telangana,Nalgonda,Miryalguda(Rythu Bazar),Potato,Potato,3600,4000,4000,3502.4705739534274,497.52942604657255,1,Medium,0.3781543145443134,2022,10,PostMonsoon
2022-11-07,Telangana,Nalgonda,Miryalguda(Rythu Bazar),Potato,Potato,3600,4000,3600,3421.955458047179,178.04454195282096,1,Medium,0.3781543145443134,2022,11,PostMonsoon
2022-11-09,Telangana,Nalgonda,Miryalguda(Rythu Bazar),Potato,Potato,3600,4000,3800,3555.69217160436,244.30782839564017,1,Medium,0.3781543145443134,2022,11,PostMonsoon
2022-11-19,Telangana,Nalgonda,Miryalguda(Rythu Bazar),Potato,Potato,3800,4000,4000,3647.699044667575,352.300955332425,1,Medium,0.3781543145443134,2022,11,PostMonsoon
2022-11-24,Telangana,Nalgonda,Miryalguda(Rythu Bazar),Potato,Potato,4000,4000,4000,3703.688700682735,296.3112993172649,1,Medium,0.3781543145443134,2022,11,PostMonsoon
2022-11-27,Telangana,Nalgonda,Miryalguda(Rythu Bazar),Potato,Potato,3800,4000,4000,3790.3297590132483,209.67024098675165,1,Medium,0.3781543145443134,2022,11,PostMonsoon
2022-11-29,Telangana,Nalgonda,Miryalguda(Rythu Bazar),Potato,Potato,3600,4000,3800,3819.343270066873,-19.343270066873174,1,Medium,0.3781543145443134,2022,11,PostMonsoon
2022-12-05,Telangana,Nalgonda,Miryalguda(Rythu Bazar),Potato,Potato,3600,4000,3800,3777.571820819798,22.428179180201823,1,Medium,0.3781543145443134,2022,12,Winter
2022-12-19,Telangana,Nalgonda,Miryalguda(Rythu Bazar),Potato,Potato,4000,4000,4000,3842.6025489214785,157.3974510785215,1,Medium,0.3781543145443134,2022,12,Winter
2022-12-23,Telangana,Nalgonda,Miryalguda(Rythu Bazar),Potato,Potato,4000,4000,4000,3876.782137292624,123.21786270737584,1,Medium,0.3781543145443134,2022,12,Winter
2022-12-27,Telangana,Nalgonda,Miryalguda(Rythu Bazar),Potato,Potato,4000,4000,4000,3855.171807063791,144.82819293620878,1,Medium,0.3781543145443134,2022,12,Winter
2022-12-29,Telangana,Nalgonda,Miryalguda(Rythu Bazar),Potato,Potato,4000,4000,4000,3869.578693883013,130.42130611698713,1,Medium,0.3781543145443134,2022,12,Winter
2023-01-13,Telangana,Nalgonda,Miryalguda(Rythu Bazar),Potato,Potato,4000,4000,4000,3985.7362862825144,14.263713717485643,1,Medium,0.3781543145443134,2023,1,Winter
2023-01-16,Telangana,Nalgonda,Miryalguda(Rythu Bazar),Potato,Potato,3800,4000,4000,3989.4378766949108,10.562123305089244,1,Medium,0.3781543145443134,2023,1,Winter
2023-01-26,Telangana,Nalgonda,Miryalguda(Rythu Bazar),Potato,Potato,3600,3600,3600,3978.532842872903,-378.5328428729031,1,Medium,0.3781543145443134,2023,1,Winter
2023-02-07,Telangana,Nalgonda,Miryalguda(Rythu Bazar),Potato,Potato,3400,3400,3400,3910.974039901994,-510.9740399019938,0,Medium,0.3781543145443134,2023,2,Winter
2023-02-12,Telangana,Nalgonda,Miryalguda(Rythu Bazar),Potato,Potato,3000,3000,3000,3811.563986013987,-811.5639860139868,0,Medium,0.3781543145443134,2023,2,Winter
2023-03-02,Telangana,Nalgonda,Miryalguda(Rythu Bazar),Potato,Potato,3000,3000,3000,3681.4196457664457,-681.4196457664457,0,Medium,0.3781543145443134,2023,3,Summer
2023-03-09,Telangana,Nalgonda,Miryalguda(Rythu Bazar),Potato,Potato,3000,3000,3000,3518.842825512244,-518.842825512244,0,Medium,0.3781543145443134,2023,3,Summer
2023-03-15,Telangana,Nalgonda,Miryalguda(Rythu Bazar),Potato,Potato,3200,3200,3200,3381.5779258992725,-181.5779258992725,0,Medium,0.3781543145443134,2023,3,Summer
2023-03-20,Telangana,Nalgonda,Miryalguda(Rythu Bazar),Potato,Potato,3000,3000,3000,3177.4446695077113,-177.4446695077113,0,Medium,0.3781543145443134,2023,3,Summer
2023-03-22,Telangana,Nalgonda,Miryalguda(Rythu Bazar),Potato,Potato,2500,2500,2500,3040.1666033654506,-540.1666033654506,0,Medium,0.3781543145443134,2023,3,Summer
2023-03-26,Telangana,Nalgonda,Miryalguda(Rythu Bazar),Potato,Potato,2400,2400,2400,2974.277430045042,-574.2774300450419,0,Medium,0.3781543145443134,2023,3,Summer
2023-03-31,Telangana,Nalgonda,Miryalguda(Rythu Bazar),Potato,Potato,2500,2500,2500,2892.1569077577883,-392.1569077577883,0,Medium,0.3781543145443134,2023,3,Summer
2023-04-07,Telangana,Nalgonda,Miryalguda(Rythu Bazar),Potato,Potato,2500,2500,2500,2787.3888003361735,-287.3888003361735,0,Medium,0.3781543145443134,2023,4,Summer
2023-04-08,Telangana,Nalgonda,Miryalguda(Rythu Bazar),Potato,Potato,2500,2500,2500,2713.3038336186846,-213.30383361868462,0,Medium,0.3781543145443134,2023,4,Summer
2023-04-18,Telangana,Nalgonda,Miryalguda(Rythu Bazar),Potato,Potato,3000,3000,3000,2651.9746959294,348.0253040706002,0,Medium,0.3781543145443134,2023,4,Summer
2023-04-23,Telangana,Nalgonda,Miryalguda(Rythu Bazar),Potato,Potato,3000,3000,3000,2620.118039682108,379.8819603178922,0,Medium,0.3781543145443134,2023,4,Summer
2023-05-03,Telangana,Nalgonda,Miryalguda(Rythu Bazar),Potato,Potato,3000,3000,3000,2662.687753535319,337.3122464646808,0,Medium,0.3781543145443134,2023,5,Summer
2023-05-05,Telangana,Nalgonda,Miryalguda(Rythu Bazar),Potato,Potato,3000,3000,3000,2774.6407325070622,225.35926749293776,0,Medium,0.3781543145443134,2023,5,Summer
2023-05-08,Telangana,Nalgonda,Miryalguda(Rythu Bazar),Potato,Potato,3000,3000,3000,2827.115368995718,172.8846310042818,0,Medium,0.3781543145443134,2023,5,Summer
2023-05-14,Telangana,Nalgonda,Miryalguda(Rythu Bazar),Potato,Potato,3000,3000,3000,2951.624439580485,48.37556041951484,0,Medium,0.3781543145443134,2023,5,Summer
2023-05-28,Telangana,Nalgonda,Miryalguda(Rythu Bazar),Potato,Potato,3000,3000,3000,3032.912849707586,-32.91284970758579,0,Medium,0.3781543145443134,2023,5,Summer
2023-06-01,Telangana,Nalgonda,Miryalguda(Rythu Bazar),Potato,Potato,3000,3000,3000,3020.694865312625,-20.694865312625097,0,Medium,0.3781543145443134,2023,6,Monsoon
2023-06-07,Telangana,Nalgonda,Miryalguda(Rythu Bazar),Potato,Potato,3000,3000,3000,3013.491421903014,-13.491421903013816,0,Medium,0.3781543145443134,2023,6,Monsoon
2023-06-09,Telangana,Nalgonda,Miryalguda(Rythu Bazar),Potato,Potato,3000,3000,3000,3027.8983087222364,-27.89830872223638,0,Medium,0.3781543145443134,2023,6,Monsoon
2023-06-20,Telangana,Nalgonda,Miryalguda(Rythu Bazar),Potato,Potato,3000,3000,3000,3006.2879784934034,-6.287978493403443,0,Medium,0.3781543145443134,2023,6,Monsoon
2023-06-27,Telangana,Nalgonda,Miryalguda(Rythu Bazar),Potato,Potato,3000,3000,3000,3006.2879784934034,-6.287978493403443,0,Medium,0.3781543145443134,2023,6,Monsoon
2023-07-08,Telangana,Nalgonda,Miryalguda(Rythu Bazar),Potato,Potato,3000,3000,3000,3025.196829496403,-25.196829496403097,0,Medium,0.3781543145443134,2023,7,Monsoon
2023-07-10,Telangana,Nalgonda,Miryalguda(Rythu Bazar),Potato,Potato,3000,3000,3000,2989.1796124483476,10.820387551652402,0,Medium,0.3781543145443134,2023,7,Monsoon
2023-07-19,Telangana,Nalgonda,Miryalguda(Rythu Bazar),Potato,Potato,3000,3000,3000,3003.5864992675693,-3.586499267569252,0,Medium,0.3781543145443134,2023,7,Monsoon
2023-08-23,Telangana,Nalgonda,Miryalguda(Rythu Bazar),Potato,Potato,3000,3000,3000,2993.6815766321247,6.318423367875312,0,Medium,0.3781543145443134,2023,8,Monsoon
2023-08-24,Telangana,Nalgonda,Miryalguda(Rythu Bazar),Potato,Potato,3000,3000,3000,3000.885020041736,-0.8850200417359702,0,Medium,0.3781543145443134,2023,8,Monsoon
2023-08-26,Telangana,Nalgonda,Miryalguda(Rythu Bazar),Potato,Potato,3000,3000,3000,3015.2919068609585,-15.291906860958534,0,Medium,0.3781543145443134,2023,8,Monsoon
2023-09-02,Telangana,Nalgonda,Miryalguda(Rythu Bazar),Potato,Potato,3000,3000,3000,3005.386984225514,-5.38698422551397,0,Medium,0.3781543145443134,2023,9,Monsoon
2023-09-06,Telangana,Nalgonda,Miryalguda(Rythu Bazar),Potato,Potato,3000,3000,3000,2983.77665399668,16.223346003319875,0,Medium,0.3781543145443134,2023,9,Monsoon
2023-09-28,Telangana,Nalgonda,Miryalguda(Rythu Bazar),Potato,Potato,3000,3000,3000,2990.9800974062914,9.019902593708593,0,Medium,0.3781543145443134,2023,9,Monsoon
2023-10-01,Telangana,Nalgonda,Miryalguda(Rythu Bazar),Potato,Potato,3000,3000,3000,2993.036870765022,6.963129234978169,0,Medium,0.3781543145443134,2023,10,PostMonsoon
2023-10-06,Telangana,Nalgonda,Miryalguda(Rythu Bazar),Potato,Potato,3000,3000,3000,2978.6299839457993,21.370016054200732,0,Medium,0.3781543145443134,2023,10,PostMonsoon
2023-10-16,Telangana,Nalgonda,Miryalguda(Rythu Bazar),Potato,Potato,3000,3000,3000,2949.816210307355,50.18378969264495,0,Medium,0.3781543145443134,2023,10,PostMonsoon
2023-10-21,Telangana,Nalgonda,Miryalguda(Rythu Bazar),Potato,Potato,3000,3000,3000,2985.8334273554105,14.16657264458945,0,Medium,0.3781543145443134,2023,10,PostMonsoon
2023-10-24,Telangana,Nalgonda,Miryalguda(Rythu Bazar),Potato,Potato,3000,3000,3000,2957.0196537169663,42.98034628303367,0,Medium,0.3781543145443134,2023,10,PostMonsoon
2023-10-27,Telangana,Nalgonda,Miryalguda(Rythu Bazar),Potato,Potato,3000,3000,3000,2978.6299839457993,21.370016054200732,0,Medium,0.3781543145443134,2023,10,PostMonsoon
2023-10-28,Telangana,Nalgonda,Miryalguda(Rythu Bazar),Potato,Potato,3000,3000,3000,2985.8334273554105,14.16657264458945,0,Medium,0.3781543145443134,2023,10,PostMonsoon
2023-10-29,Telangana,Nalgonda,Miryalguda(Rythu Bazar),Potato,Potato,3000,3000,3000,2993.036870765022,6.963129234978169,0,Medium,0.3781543145443134,2023,10,PostMonsoon
2023-10-30,Telangana,Nalgonda,Miryalguda(Rythu Bazar),Potato,Potato,3000,3000,3000,2949.816210307355,50.18378969264495,0,Medium,0.3781543145443134,2023,10,PostMonsoon
2023-11-07,Telangana,Nalgonda,Miryalguda(Rythu Bazar),Potato,Potato,3000,3000,3000,2947.114731081522,52.88526891847778,0,Medium,0.3781543145443134,2023,11,PostMonsoon
2023-12-05,Telangana,Nalgonda,Miryalguda(Rythu Bazar),Potato,Potato,3000,3000,3000,2917.91253997676,82.08746002324006,0,Medium,0.3781543145443134,2023,12,Winter
2023-12-18,Telangana,Nalgonda,Miryalguda(Rythu Bazar),Potato,Potato,3000,3000,3000,2910.7090965671487,89.29090343285134,0,Medium,0.3781543145443134,2023,12,Winter
2023-12-20,Telangana,Nalgonda,Miryalguda(Rythu Bazar),Potato,Potato,3000,3000,3000,2925.1159833863703,74.88401661362968,0,Medium,0.3781543145443134,2023,12,Winter
2023-12-28,Telangana,Nalgonda,Miryalguda(Rythu Bazar),Potato,Potato,3000,3000,3000,2932.3194267959816,67.6805732040184,0,Medium,0.3781543145443134,2023,12,Winter
2026-04-04,Karnataka,Mysuru,Mysuru APMC,Potato,Potato,800,1300,1000,1033.5841447364478,-33.5841447364478,0,Medium,0.3781543145443134,2026,4,Summer
2026-04-18,Karnataka,Mysuru,Mysuru APMC,Potato,Potato,800,1200,1000,1033.5841447364478,-33.5841447364478,0,Medium,0.3781543145443134,2026,4,Summer
2026-04-20,Karnataka,Mysuru,Mysuru APMC,Potato,Potato,1000,1200,1100,1026.0178712328775,73.9821287671225,0,Medium,0.3781543145443134,2026,4,Summer
2026-04-23,Karnataka,Mysuru,Mysuru APMC,Potato,Potato,800,1200,1000,1028.3632380937443,-28.363238093744258,0,Medium,0.3781543145443134,2026,4,Summer
2026-04-25,Karnataka,Mysuru,Mysuru APMC,Potato,Potato,800,1200,1000,1052.551440432771,-52.55144043277096,0,Medium,0.3781543145443134,2026,4,Summer
2026-05-02,Karnataka,Mysuru,Mysuru APMC,Potato,Potato,1200,1300,1250,1080.5811091899736,169.41889081002637,0,Medium,0.3781543145443134,2026,5,Summer
2026-05-08,Karnataka,Mysuru,Mysuru APMC,Potato,Potato,1100,1200,1150,1063.8272521708186,86.17274782918139,0,Medium,0.3781543145443134,2026,5,Summer
2026-05-11,Karnataka,Mysuru,Mysuru APMC,Potato,Potato,1100,1200,1100,1064.8459352168643,35.15406478313571,0,Medium,0.3781543145443134,2026,5,Summer
2026-05-14,Karnataka,Mysuru,Mysuru APMC,Potato,Potato,1000,1200,1100,1109.501334800652,-9.501334800652103,0,Medium,0.3781543145443134,2026,5,Summer
2026-05-15,Karnataka,Mysuru,Mysuru APMC,Potato,Potato,1000,1300,1100,1116.7047782102634,-16.704778210263385,0,Medium,0.3781543145443134,2026,5,Summer
2026-05-16,Karnataka,Mysuru,Mysuru APMC,Potato,Potato,1000,1300,1100,1140.1659036452943,-40.16590364529429,0,Medium,0.3781543145443134,2026,5,Summer
2026-05-19,Karnataka,Mysuru,Mysuru APMC,Potato,Potato,1000,1300,1100,1127.6098120322706,-27.60981203227061,0,Medium,0.3781543145443134,2026,5,Summer
2026-05-25,Karnataka,Mysuru,Mysuru APMC,Potato,Potato,1000,1200,1000,1079.762163559109,-79.76216355910901,0,Medium,0.3781543145443134,2026,5,Summer
2026-05-27,Karnataka,Mysuru,Mysuru APMC,Potato,Potato,1000,1200,1000,1083.3573019992702,-83.35730199927025,0,Medium,0.3781543145443134,2026,5,Summer
2026-05-29,Karnataka,Mysuru,Mysuru APMC,Potato,Potato,1000,1200,1000,1081.5065067930725,-81.5065067930725,0,Medium,0.3781543145443134,2026,5,Summer
2026-05-30,Karnataka,Mysuru,Mysuru APMC,Potato,Potato,1000,1200,1000,1072.4522681772637,-72.4522681772637,0,Medium,0.3781543145443134,2026,5,Summer
2026-06-03,Karnataka,Mysuru,Mysuru APMC,Potato,Potato,1000,1200,1000,1043.9766017568836,-43.97660175688361,0,Medium,0.3781543145443134,2026,6,Monsoon
2026-06-04,Karnataka,Mysuru,Mysuru APMC,Potato,Potato,1000,1200,1000,1034.9223631410744,-34.92236314107436,0,Medium,0.3781543145443134,2026,6,Monsoon
2026-06-05,Karnataka,Mysuru,Mysuru APMC,Potato,Potato,1000,1200,1000,1025.868124525265,-25.868124525265102,0,Medium,0.3781543145443134,2026,6,Monsoon
2026-06-10,Karnataka,Mysuru,Mysuru APMC,Potato,Potato,1000,1200,1000,1011.461237706043,-11.461237706042994,0,Medium,0.3781543145443134,2026,6,Monsoon
2026-06-15,Karnataka,Mysuru,Mysuru APMC,Potato,Potato,1000,1200,1000,997.0543508868209,2.9456491131791154,0,Medium,0.3781543145443134,2026,6,Monsoon
2026-06-18,Karnataka,Mysuru,Mysuru APMC,Potato,Potato,1000,1200,1100,1034.9223631410744,65.07763685892564,0,Medium,0.3781543145443134,2026,6,Monsoon
2026-06-22,Karnataka,Mysuru,Mysuru APMC,Potato,Potato,2000,2200,2100,1178.571760532792,921.428239467208,0,Medium,0.3781543145443134,2026,6,Monsoon
2026-06-24,Karnataka,Mysuru,Mysuru APMC,Potato,Potato,1300,1900,1800,1187.2923569646807,612.7076430353193,0,Medium,0.3781543145443134,2026,6,Monsoon
2026-06-25,Karnataka,Mysuru,Mysuru APMC,Potato,Potato,1400,1800,1700,1349.0238985294409,350.9761014705591,0,Medium,0.3781543145443134,2026,6,Monsoon
2026-06-27,Karnataka,Mysuru,Mysuru APMC,Potato,Potato,1300,1800,1700,1490.8093341856732,209.19066581432685,0,Medium,0.3781543145443134,2026,6,Monsoon
2026-06-29,Karnataka,Mysuru,Mysuru APMC,Potato,Potato,1400,1900,1800,1584.8535733409783,215.1464266590217,0,Medium,0.3781543145443134,2026,6,Monsoon
2026-06-30,Karnataka,Mysuru,Mysuru APMC,Potato,Potato,1400,1900,1800,1708.5436982948806,91.45630170511936,0,Medium,0.3781543145443134,2026,6,Monsoon
2026-07-08,Karnataka,Mysuru,Mysuru APMC,Potato,Potato,1200,1400,1300,1738.3575831198873,-438.3575831198873,0,Medium,0.3781543145443134,2026,7,Monsoon
2026-07-11,Karnataka,Mysuru,Mysuru APMC,Potato,Potato,1200,1500,1300,1697.7803304407075,-397.78033044070753,0,Medium,0.3781543145443134,2026,7,Monsoon
2026-07-17,Karnataka,Mysuru,Mysuru APMC,Potato,Potato,1200,1500,1300,1609.2884769039956,-309.2884769039956,0,Medium,0.3781543145443134,2026,7,Monsoon
2026-07-25,Karnataka,Mysuru,Mysuru APMC,Potato,Potato,1200,1400,1300,1551.4611922119263,-251.46119221192635,0,Medium,0.3781543145443134,2026,7,Monsoon
2026-07-27,Karnataka,Mysuru,Mysuru APMC,Potato,Potato,1200,1400,1300,1450.4132470621905,-150.41324706219052,0,Medium,0.3781543145443134,2026,7,Monsoon
2026-07-28,Karnataka,Mysuru,Mysuru APMC,Potato,Potato,1300,1400,1350,1384.4571213574116,-34.45712135741155,0,Medium,0.3781543145443134,2026,7,Monsoon
2026-08-04,Karnataka,Mysuru,Mysuru APMC,Potato,Potato,800,1300,1100,1253.9610372144919,-153.96103721449185,0,Medium,0.3781543145443134,2026,8,Monsoon
2026-08-06,Karnataka,Mysuru,Mysuru APMC,Potato,Potato,800,1300,1100,1269.7894966305469,-169.78949663054686,0,Medium,0.3781543145443134,2026,8,Monsoon
2026-04-06,Karnataka,Mysuru,Nanjangud APMC,Potato,Potato,1851,2083,1851,2159.691119683439,-308.69111968343896,0,Medium,0.3781543145443134,2026,4,Summer
2026-04-08,Karnataka,Mysuru,Nanjangud APMC,Potato,Potato,1851,2083,1851,2135.6493315070393,-284.6493315070393,0,Medium,0.3781543145443134,2026,4,Summer
2026-04-10,Karnataka,Mysuru,Nanjangud APMC,Potato,Potato,2380,3333,2380,2232.943300519196,147.05669948080413,0,Medium,0.3781543145443134,2026,4,Summer
2026-04-16,Karnataka,Mysuru,Nanjangud APMC,Potato,Potato,2380,3333,2777,2294.0217451761523,482.9782548238477,0,Medium,0.3781543145443134,2026,4,Summer
2026-04-17,Karnataka,Mysuru,Nanjangud APMC,Potato,Potato,6666,6750,6666,3078.366426827972,3587.633573172028,1,Medium,0.3781543145443134,2026,4,Summer
2026-04-18,Karnataka,Mysuru,Nanjangud APMC,Potato,Potato,2380,3333,2777,2518.9806966625815,258.0193033374185,0,Medium,0.3781543145443134,2026,4,Summer
2026-04-21,Karnataka,Mysuru,Nanjangud APMC,Potato,Potato,3030,3333,3030,3093.850707753807,-63.850707753807,0,Medium,0.3781543145443134,2026,4,Summer
2026-04-22,Karnataka,Mysuru,Nanjangud APMC,Potato,Potato,3030,4166,3333,3307.648818892698,25.35118110730218,0,Medium,0.3781543145443134,2026,4,Summer
2026-04-27,Karnataka,Mysuru,Nanjangud APMC,Potato,Potato,3030,4166,3333,3493.04921247322,-160.04921247322,0,Medium,0.3781543145443134,2026,4,Summer
2026-04-30,Karnataka,Mysuru,Nanjangud APMC,Potato,Potato,3030,4166,3333,3669.5952524043073,-336.5952524043073,0,Medium,0.3781543145443134,2026,4,Summer
2026-05-02,Karnataka,Mysuru,Nanjangud APMC,Potato,Potato,3030,5555,4166,3899.9164199211705,266.0835800788295,1,Medium,0.3781543145443134,2026,5,Summer
2026-05-05,Karnataka,Mysuru,Nanjangud APMC,Potato,Potato,3333,5555,4166,3351.5827227371747,814.4172772628253,1,Medium,0.3781543145443134,2026,5,Summer
2026-05-06,Karnataka,Mysuru,Nanjangud APMC,Potato,Potato,3700,4166,4000,3557.617617317673,442.3823826823268,1,Medium,0.3781543145443134,2026,5,Summer
2026-05-07,Karnataka,Mysuru,Nanjangud APMC,Potato,Potato,3030,3333,3030,3587.3551866613398,-557.3551866613398,0,Medium,0.3781543145443134,2026,5,Summer
2026-05-14,Karnataka,Mysuru,Nanjangud APMC,Potato,Potato,3030,4166,3703,3779.1839243483682,-76.18392434836824,1,Medium,0.3781543145443134,2026,5,Summer
2026-05-15,Karnataka,Mysuru,Nanjangud APMC,Potato,Potato,2380,4166,3703,3755.1825577964955,-52.18255779649553,1,Medium,0.3781543145443134,2026,5,Summer
2026-05-18,Karnataka,Mysuru,Nanjangud APMC,Potato,Potato,3030,4166,3333,3726.3687841580513,-393.3687841580513,0,Medium,0.3781543145443134,2026,5,Summer
2026-05-19,Karnataka,Mysuru,Nanjangud APMC,Potato,Potato,3333,4166,3703,3708.525826028525,-5.525826028524989,1,Medium,0.3781543145443134,2026,5,Summer
2026-05-20,Karnataka,Mysuru,Nanjangud APMC,Potato,Potato,3030,3703,3333,3530.076111927829,-197.07611192782906,0,Medium,0.3781543145443134,2026,5,Summer
2026-05-21,Karnataka,Mysuru,Nanjangud APMC,Potato,Potato,3030,3333,3030,3429.806705929422,-399.80670592942215,0,Medium,0.3781543145443134,2026,5,Summer
2026-05-22,Karnataka,Mysuru,Nanjangud APMC,Potato,Potato,2380,2777,2564,3402.380918317557,-838.3809183175572,0,Medium,0.3781543145443134,2026,5,Summer
2026-05-25,Karnataka,Mysuru,Nanjangud APMC,Potato,Potato,2083,2564,2380,3221.7364613940686,-841.7364613940686,0,Medium,0.3781543145443134,2026,5,Summer
2026-05-26,Karnataka,Mysuru,Nanjangud APMC,Potato,Potato,3030,3333,3030,3144.5032901452896,-114.50329014528961,0,Medium,0.3781543145443134,2026,5,Summer
2026-05-27,Karnataka,Mysuru,Nanjangud APMC,Potato,Potato,2380,3333,3030,3014.2099217339264,15.790078266073579,0,Medium,0.3781543145443134,2026,5,Summer
2026-06-01,Karnataka,Mysuru,Nanjangud APMC,Potato,Potato,2083,3333,2777,2858.649245193187,-81.6492451931872,0,Medium,0.3781543145443134,2026,6,Monsoon
2026-06-02,Karnataka,Mysuru,Nanjangud APMC,Potato,Potato,2380,3333,3030,2850.9360919532214,179.06390804677858,0,Medium,0.3781543145443134,2026,6,Monsoon
2026-06-03,Karnataka,Mysuru,Nanjangud APMC,Potato,Potato,2380,3333,2777,2782.6634199510736,-5.6634199510735925,0,Medium,0.3781543145443134,2026,6,Monsoon
2026-06-04,Karnataka,Mysuru,Nanjangud APMC,Potato,Potato,3030,4166,3333,2949.232618023611,383.76738197638906,0,Medium,0.3781543145443134,2026,6,Monsoon
2026-06-05,Karnataka,Mysuru,Nanjangud APMC,Potato,Potato,2380,3333,2777,2945.5033119697127,-168.50331196971274,0,Medium,0.3781543145443134,2026,6,Monsoon
2026-06-09,Karnataka,Mysuru,Nanjangud APMC,Potato,Potato,3030,4166,3333,3048.629505382329,284.37049461767083,0,Medium,0.3781543145443134,2026,6,Monsoon
2026-06-10,Karnataka,Mysuru,Nanjangud APMC,Potato,Potato,2380,3333,3030,2980.357201687514,49.642798312485866,0,Medium,0.3781543145443134,2026,6,Monsoon
2026-06-12,Karnataka,Mysuru,Nanjangud APMC,Potato,Potato,2380,3333,3030,3077.0275912480297,-47.027591248029694,0,Medium,0.3781543145443134,2026,6,Monsoon
2026-06-15,Karnataka,Mysuru,Nanjangud APMC,Potato,Potato,3030,4166,3333,3097.474594146608,235.52540585339193,0,Medium,0.3781543145443134,2026,6,Monsoon
2026-06-16,Karnataka,Mysuru,Nanjangud APMC,Potato,Potato,2380,3333,3030,3104.6784058635512,-74.67840586355123,0,Medium,0.3781543145443134,2026,6,Monsoon
2026-06-17,Karnataka,Mysuru,Nanjangud APMC,Potato,Potato,2380,3333,3030,3103.752639953121,-73.75263995312116,0,Medium,0.3781543145443134,2026,6,Monsoon
2026-06-18,Karnataka,Mysuru,Nanjangud APMC,Potato,Potato,2380,3333,3030,3152.088018887044,-122.0880188870442,0,Medium,0.3781543145443134,2026,6,Monsoon
2026-06-20,Karnataka,Mysuru,Nanjangud APMC,Potato,Potato,3030,3703,3333,3166.4949057062663,166.5050942937337,0,Medium,0.3781543145443134,2026,6,Monsoon
2026-06-22,Karnataka,Mysuru,Nanjangud APMC,Potato,Potato,2380,2777,2564,3013.585323202773,-449.585323202773,0,Medium,0.3781543145443134,2026,6,Monsoon
2026-06-23,Karnataka,Mysuru,Nanjangud APMC,Potato,Potato,2380,3333,3030,3125.178783740628,-95.1787837406282,0,Medium,0.3781543145443134,2026,6,Monsoon
2026-06-24,Karnataka,Mysuru,Nanjangud APMC,Potato,Potato,3030,3333,3030,3019.863000701953,10.136999298047158,0,Medium,0.3781543145443134,2026,6,Monsoon
2026-06-25,Karnataka,Mysuru,Nanjangud APMC,Potato,Potato,2380,2777,2564,2951.305645873106,-387.3056458731062,0,Medium,0.3781543145443134,2026,6,Monsoon
2026-06-30,Karnataka,Mysuru,Nanjangud APMC,Potato,Potato,3030,3333,3030,3000.1572089651477,29.842791034852326,0,Medium,0.3781543145443134,2026,6,Monsoon
2026-07-06,Karnataka,Mysuru,Nanjangud APMC,Potato,Potato,3030,3703,3333,2969.0511695458517,363.94883045414826,0,Medium,0.3781543145443134,2026,7,Monsoon
2026-07-10,Karnataka,Mysuru,Nanjangud APMC,Potato,Potato,3030,3333,3030,2907.4725994302926,122.52740056970742,0,Medium,0.3781543145443134,2026,7,Monsoon
2026-07-13,Karnataka,Mysuru,Nanjangud APMC,Potato,Potato,3030,3333,3030,2995.551191247286,34.44880875271383,0,Medium,0.3781543145443134,2026,7,Monsoon
2026-07-15,Karnataka,Mysuru,Nanjangud APMC,Potato,Potato,2380,2777,2564,2934.197279828051,-370.1972798280508,0,Medium,0.3781543145443134,2026,7,Monsoon
2026-07-16,Karnataka,Mysuru,Nanjangud APMC,Potato,Potato,2380,3333,3030,3004.659173148925,25.34082685107478,0,Medium,0.3781543145443134,2026,7,Monsoon
2026-07-17,Karnataka,Mysuru,Nanjangud APMC,Potato,Potato,2380,2777,2564,2948.604166647273,-384.6041666472729,0,Medium,0.3781543145443134,2026,7,Monsoon
2026-07-23,Karnataka,Mysuru,Nanjangud APMC,Potato,Potato,3030,3703,3333,3053.9199496859487,279.0800503140513,0,Medium,0.3781543145443134,2026,7,Monsoon
2026-07-24,Karnataka,Mysuru,Nanjangud APMC,Potato,Potato,3030,3703,3333,2956.7333759673156,376.2666240326844,0,Medium,0.3781543145443134,2026,7,Monsoon
2026-08-01,Karnataka,Mysuru,Nanjangud APMC,Potato,Potato,3030,3333,3030,2954.0318967414823,75.96810325851766,0,Medium,0.3781543145443134,2026,8,Monsoon
2026-08-04,Karnataka,Mysuru,Nanjangud APMC,Potato,Potato,3030,3703,3333,3015.6104668570406,317.3895331429594,0,Medium,0.3781543145443134,2026,8,Monsoon
2026-08-05,Karnataka,Mysuru,Nanjangud APMC,Potato,Potato,3700,6666,4166,3242.1304090969006,923.8695909030994,1,Medium,0.3781543145443134,2026,8,Monsoon
2026-08-06,Karnataka,Mysuru,Nanjangud APMC,Potato,Potato,3030,4166,3333,3185.516756133486,147.48324386651393,0,Medium,0.3781543145443134,2026,8,Monsoon
2026-04-06,Karnataka,Mysuru,T. Narasipura APMC,Potato,Other,1500,2000,2000,2002.1347730554414,-2.1347730554414284,0,Medium,0.3781543145443134,2026,4,Summer
2026-04-08,Karnataka,Mysuru,T. Narasipura APMC,Potato,Other,800,2500,2000,2016.5416598746635,-16.541659874663537,0,Medium,0.3781543145443134,2026,4,Summer
2026-04-13,Karnataka,Mysuru,T. Narasipura APMC,Potato,Other,1500,2000,2000,2002.1347730554414,-2.1347730554414284,0,Medium,0.3781543145443134,2026,4,Summer
2026-04-15,Karnataka,Mysuru,T. Narasipura APMC,Potato,Other,1000,1500,1000,1788.9341115187824,-788.9341115187824,0,Medium,0.3781543145443134,2026,4,Summer
2026-04-16,Karnataka,Mysuru,T. Narasipura APMC,Potato,Other,1000,2000,2000,1969.8198929117348,30.18010708826523,0,Medium,0.3781543145443134,2026,4,Summer
2026-05-02,Karnataka,Mysuru,T. Narasipura APMC,Potato,Other,1500,2000,2000,1865.670247213851,134.3297527861489,0,Medium,0.3781543145443134,2026,5,Summer
2026-05-06,Karnataka,Mysuru,T. Narasipura APMC,Potato,Other,1500,2000,2000,1844.0599169850182,155.94008301498184,0,Medium,0.3781543145443134,2026,5,Summer
2026-05-07,Karnataka,Mysuru,T. Narasipura APMC,Potato,Other,1000,1200,1200,1721.2019041912683,-521.2019041912683,0,Medium,0.3781543145443134,2026,5,Summer
2026-05-08,Karnataka,Mysuru,T. Narasipura APMC,Potato,Other,1500,2000,2000,1837.0035448734354,162.99645512656457,0,Medium,0.3781543145443134,2026,5,Summer
2026-05-11,Karnataka,Mysuru,T. Narasipura APMC,Potato,Other,1000,2000,2000,1699.5915739624352,300.4084260375648,0,Medium,0.3781543145443134,2026,5,Summer
2026-05-13,Karnataka,Mysuru,T. Narasipura APMC,Potato,Other,1200,2000,2000,1876.5752810358579,123.42471896414213,0,Medium,0.3781543145443134,2026,5,Summer
2026-06-03,Karnataka,Mysuru,T. Narasipura APMC,Potato,Other,1500,2000,2000,1885.9676268697308,114.0323731302692,0,Medium,0.3781543145443134,2026,6,Monsoon
2026-06-04,Karnataka,Mysuru,T. Narasipura APMC,Potato,Other,1200,1500,1500,1811.882660152242,-311.8826601522419,0,Medium,0.3781543145443134,2026,6,Monsoon
2026-06-05,Karnataka,Mysuru,T. Narasipura APMC,Potato,Other,1500,2000,2000,1886.9599768572004,113.04002314279955,0,Medium,0.3781543145443134,2026,6,Monsoon
2026-06-06,Karnataka,Mysuru,T. Narasipura APMC,Potato,Other,1000,1500,1500,1875.062593047724,-375.062593047724,0,Medium,0.3781543145443134,2026,6,Monsoon
2026-06-08,Karnataka,Mysuru,T. Narasipura APMC,Potato,Other,1500,2000,2000,1906.9192492950158,93.08075070498421,0,Medium,0.3781543145443134,2026,6,Monsoon
2022-03-08,Telangana,Nalgonda,Venkateswarnagar,Potato,Local,2000,2000,2000,2017.1995218485642,-17.199521848564245,0,Medium,0.3781543145443134,2022,3,Summer
2022-03-13,Telangana,Nalgonda,Venkateswarnagar,Potato,Local,2000,2000,2000,2053.21673889662,-53.21673889661997,0,Medium,0.3781543145443134,2022,3,Summer
2022-03-20,Telangana,Nalgonda,Venkateswarnagar,Potato,Local,800,800,800,1711.805416362798,-911.805416362798,1,Medium,0.3781543145443134,2022,3,Summer
2022-03-23,Telangana,Nalgonda,Venkateswarnagar,Potato,Local,1500,1500,1500,1800.3674289620108,-300.36742896201076,0,Medium,0.3781543145443134,2022,3,Summer
2022-03-24,Telangana,Nalgonda,Venkateswarnagar,Potato,Local,1600,1600,1600,1701.1670723403415,-101.16707234034152,0,Medium,0.3781543145443134,2022,3,Summer
2022-03-26,Telangana,Nalgonda,Venkateswarnagar,Potato,Local,2000,2000,2000,1758.9010715894647,241.09892841053534,0,Medium,0.3781543145443134,2022,3,Summer
2022-04-01,Telangana,Nalgonda,Venkateswarnagar,Potato,Local,1600,1600,1600,1622.4628788064508,-22.462878806450817,0,Medium,0.3781543145443134,2022,4,Summer
2022-04-03,Telangana,Nalgonda,Venkateswarnagar,Potato,Local,1600,1600,1600,1626.1381361602707,-26.138136160270733,0,Medium,0.3781543145443134,2022,4,Summer
2022-04-08,Telangana,Nalgonda,Venkateswarnagar,Potato,Local,2000,2000,2000,1611.7312493410484,388.2687506589516,0,Medium,0.3781543145443134,2022,4,Summer
2022-04-09,Telangana,Nalgonda,Venkateswarnagar,Potato,Local,2500,2500,2500,1841.0161885465234,658.9838114534766,0,Medium,0.3781543145443134,2022,4,Summer
2022-04-10,Telangana,Nalgonda,Venkateswarnagar,Potato,Local,1800,1800,1800,1829.1188047370479,-29.118804737047867,0,Medium,0.3781543145443134,2022,4,Summer
2022-04-13,Telangana,Nalgonda,Venkateswarnagar,Potato,Local,1800,1800,1800,1927.8438177629291,-127.84381776292912,0,Medium,0.3781543145443134,2022,4,Summer
2022-04-14,Telangana,Nalgonda,Venkateswarnagar,Potato,Local,1800,1800,1800,1902.5318971217007,-102.5318971217007,0,Medium,0.3781543145443134,2022,4,Summer
2022-04-21,Telangana,Nalgonda,Venkateswarnagar,Potato,Local,2000,2000,2000,1967.562625223381,32.43737477661898,0,Medium,0.3781543145443134,2022,4,Summer
2022-04-27,Telangana,Nalgonda,Venkateswarnagar,Potato,Local,2000,2000,2000,1998.2403605973107,1.759639402689345,0,Medium,0.3781543145443134,2022,4,Summer
2022-05-10,Telangana,Nalgonda,Venkateswarnagar,Potato,Local,1500,1500,1500,1899.843584425155,-399.8435844251551,0,Medium,0.3781543145443134,2022,5,Summer
2022-05-18,Telangana,Nalgonda,Venkateswarnagar,Potato,Local,1500,1500,1500,1812.344080875912,-312.3440808759119,0,Medium,0.3781543145443134,2022,5,Summer
2022-05-21,Telangana,Nalgonda,Venkateswarnagar,Potato,Local,1500,1500,1500,1785.1813650284855,-285.1813650284855,0,Medium,0.3781543145443134,2022,5,Summer
2022-05-29,Telangana,Nalgonda,Venkateswarnagar,Potato,Local,1500,1500,1500,1743.611762361836,-243.6117623618361,0,Medium,0.3781543145443134,2022,5,Summer
2022-06-10,Telangana,Nalgonda,Venkateswarnagar,Potato,Local,2000,2000,2000,1771.112585427327,228.88741457267292,0,Medium,0.3781543145443134,2022,6,Monsoon
2022-06-12,Telangana,Nalgonda,Venkateswarnagar,Potato,Local,1600,1600,1600,1652.6148708495214,-52.61487084952137,0,Medium,0.3781543145443134,2022,6,Monsoon
2022-06-15,Telangana,Nalgonda,Venkateswarnagar,Potato,Local,1600,1600,1600,1613.0694677456747,-13.069467745674729,0,Medium,0.3781543145443134,2022,6,Monsoon
2022-06-28,Telangana,Nalgonda,Venkateswarnagar,Potato,Local,2000,2000,2000,1687.1544344631636,312.8455655368364,0,Medium,0.3781543145443134,2022,6,Monsoon
2022-06-29,Telangana,Nalgonda,Venkateswarnagar,Potato,Local,2000,2000,2000,1721.3471893635976,278.65281063640236,0,Medium,0.3781543145443134,2022,6,Monsoon
2022-07-01,Telangana,Nalgonda,Venkateswarnagar,Potato,Local,2000,2000,2000,1807.137563674476,192.86243632552396,0,Medium,0.3781543145443134,2022,7,Monsoon
2022-07-16,Telangana,Nalgonda,Venkateswarnagar,Potato,Local,2000,2000,2000,1895.629417211187,104.37058278881295,0,Medium,0.3781543145443134,2022,7,Monsoon
2022-07-17,Telangana,Nalgonda,Venkateswarnagar,Potato,Local,2000,2000,2000,1902.8328606207983,97.16713937920167,0,Medium,0.3781543145443134,2022,7,Monsoon
2022-07-22,Telangana,Nalgonda,Venkateswarnagar,Potato,Local,2000,2000,2000,1953.4567019032565,46.543298096743456,0,Medium,0.3781543145443134,2022,7,Monsoon
2022-07-26,Telangana,Nalgonda,Venkateswarnagar,Potato,Local,2000,2000,2000,1996.8770997761035,3.122900223896522,0,Medium,0.3781543145443134,2022,7,Monsoon
2022-07-27,Telangana,Nalgonda,Venkateswarnagar,Potato,Local,3000,3000,3000,2166.657363439916,833.342636560084,0,Medium,0.3781543145443134,2022,7,Monsoon
2022-08-09,Telangana,Nalgonda,Venkateswarnagar,Potato,Local,2000,2000,2000,2013.8012508041652,-13.801250804165193,0,Medium,0.3781543145443134,2022,8,Monsoon
2022-08-14,Telangana,Nalgonda,Venkateswarnagar,Potato,Local,2000,2000,2000,2185.5662144429157,-185.56621444291568,0,Medium,0.3781543145443134,2022,8,Monsoon
2022-08-23,Telangana,Nalgonda,Venkateswarnagar,Potato,Local,2000,2000,2000,2149.54899739486,-149.54899739486018,0,Medium,0.3781543145443134,2022,8,Monsoon
2022-08-25,Telangana,Nalgonda,Venkateswarnagar,Potato,Local,2000,2000,2000,2163.9558842140823,-163.9558842140823,0,Medium,0.3781543145443134,2022,8,Monsoon
2022-08-26,Telangana,Nalgonda,Venkateswarnagar,Potato,Local,2000,2000,2000,2171.1593276236936,-171.15932762369357,0,Medium,0.3781543145443134,2022,8,Monsoon
2022-08-30,Telangana,Nalgonda,Venkateswarnagar,Potato,Local,2000,2000,2000,2149.54899739486,-149.54899739486018,0,Medium,0.3781543145443134,2022,8,Monsoon
2022-09-01,Telangana,Nalgonda,Venkateswarnagar,Potato,Local,2000,2000,2000,1991.4741413244365,8.52585867556354,0,Medium,0.3781543145443134,2022,9,Monsoon
2022-09-03,Telangana,Nalgonda,Venkateswarnagar,Potato,Local,2000,2000,2000,2005.881028143659,-5.881028143659023,0,Medium,0.3781543145443134,2022,9,Monsoon
2022-09-14,Telangana,Nalgonda,Venkateswarnagar,Potato,Local,2000,2000,2000,1984.2706979148256,15.729302085174368,0,Medium,0.3781543145443134,2022,9,Monsoon
2022-09-20,Telangana,Nalgonda,Venkateswarnagar,Potato,Local,2000,2000,2000,1977.0672545052144,22.93274549478565,0,Medium,0.3781543145443134,2022,9,Monsoon
2022-10-11,Telangana,Nalgonda,Venkateswarnagar,Potato,Local,2000,2000,2000,1957.5136976351114,42.486302364888616,0,Medium,0.3781543145443134,2022,10,PostMonsoon
2022-10-19,Telangana,Nalgonda,Venkateswarnagar,Potato,Local,2000,2000,2000,1964.7171410447227,35.282858955277334,0,Medium,0.3781543145443134,2022,10,PostMonsoon
2022-10-23,Telangana,Nalgonda,Venkateswarnagar,Potato,Local,2000,2000,2000,1993.5309146831669,6.469085316833116,0,Medium,0.3781543145443134,2022,10,PostMonsoon
2022-10-28,Telangana,Nalgonda,Venkateswarnagar,Potato,Local,2500,2500,2500,2060.412437991046,439.58756200895414,0,Medium,0.3781543145443134,2022,10,PostMonsoon
2022-11-01,Telangana,Nalgonda,Venkateswarnagar,Potato,Local,2500,2500,2500,2042.3117219585201,457.68827804147986,0,Medium,0.3781543145443134,2022,11,PostMonsoon
2022-11-04,Telangana,Nalgonda,Venkateswarnagar,Potato,Local,2500,2500,2500,2145.210462314454,354.78953768554584,0,Medium,0.3781543145443134,2022,11,PostMonsoon
2022-11-06,Telangana,Nalgonda,Venkateswarnagar,Potato,Local,2500,2500,2500,2240.905759260777,259.0942407392231,0,Medium,0.3781543145443134,2022,11,PostMonsoon
2022-11-08,Telangana,Nalgonda,Venkateswarnagar,Potato,Local,2500,2500,2500,2286.176952339822,213.82304766017796,0,Medium,0.3781543145443134,2022,11,PostMonsoon
2022-11-18,Telangana,Nalgonda,Venkateswarnagar,Potato,Local,2500,2500,2500,2389.075692695755,110.92430730424485,0,Medium,0.3781543145443134,2022,11,PostMonsoon
2022-12-02,Telangana,Nalgonda,Venkateswarnagar,Potato,Local,2000,2000,2000,2359.873501590993,-359.8735015909929,0,Medium,0.3781543145443134,2022,12,Winter
2022-12-15,Telangana,Nalgonda,Venkateswarnagar,Potato,Local,2000,2000,2000,2339.2555213496294,-339.25552134962936,0,Medium,0.3781543145443134,2022,12,Winter
2022-12-20,Telangana,Nalgonda,Venkateswarnagar,Potato,Local,2000,2000,2000,2243.5602244033066,-243.56022440330662,0,Medium,0.3781543145443134,2022,12,Winter
2022-12-31,Telangana,Nalgonda,Venkateswarnagar,Potato,Local,2000,2000,2000,2191.08558791465,-191.0855879146502,0,Medium,0.3781543145443134,2022,12,Winter
2023-01-04,Telangana,Nalgonda,Venkateswarnagar,Potato,Local,2000,2000,2000,2197.1409965486064,-197.14099654860638,0,Medium,0.3781543145443134,2023,1,Winter
2023-01-17,Telangana,Nalgonda,Venkateswarnagar,Potato,Local,2000,2000,2000,2108.649143011896,-108.64914301189583,0,Medium,0.3781543145443134,2023,1,Winter
2023-01-20,Telangana,Nalgonda,Venkateswarnagar,Potato,Local,2000,2000,2000,2048.971063113628,-48.971063113628134,0,Medium,0.3781543145443134,2023,1,Winter
2023-01-25,Telangana,Nalgonda,Venkateswarnagar,Potato,Local,2000,2000,2000,2034.564176294406,-34.564176294406025,0,Medium,0.3781543145443134,2023,1,Winter
2023-01-30,Telangana,Nalgonda,Venkateswarnagar,Potato,Local,2000,2000,2000,2020.157289475184,-20.157289475183916,0,Medium,0.3781543145443134,2023,1,Winter
2023-01-31,Telangana,Nalgonda,Venkateswarnagar,Potato,Local,2000,2000,2000,2027.3607328847947,-27.360732884794743,0,Medium,0.3781543145443134,2023,1,Winter
2023-02-08,Telangana,Nalgonda,Venkateswarnagar,Potato,Local,2000,2000,2000,2024.6592536589615,-24.65925365896146,0,Medium,0.3781543145443134,2023,2,Winter
2023-02-09,Telangana,Nalgonda,Venkateswarnagar,Potato,Local,2000,2000,2000,2031.8626970685723,-31.862697068572288,0,Medium,0.3781543145443134,2023,2,Winter
2023-02-16,Telangana,Nalgonda,Venkateswarnagar,Potato,Local,2000,2000,2000,2031.8626970685723,-31.862697068572288,0,Medium,0.3781543145443134,2023,2,Winter
2023-02-17,Telangana,Nalgonda,Venkateswarnagar,Potato,Local,2000,2000,2000,2039.0661404781836,-39.06614047818357,0,Medium,0.3781543145443134,2023,2,Winter
2023-02-28,Telangana,Nalgonda,Venkateswarnagar,Potato,Local,2000,2000,2000,2017.4558102493502,-17.45581024935018,0,Medium,0.3781543145443134,2023,2,Winter
2023-03-01,Telangana,Nalgonda,Venkateswarnagar,Potato,Local,2000,2000,2000,2024.4029652581755,-24.402965258175527,0,Medium,0.3781543145443134,2023,3,Summer
2023-03-09,Telangana,Nalgonda,Venkateswarnagar,Potato,Local,1200,1200,1200,1901.5449524644257,-701.5449524644257,0,Medium,0.3781543145443134,2023,3,Summer
2023-03-10,Telangana,Nalgonda,Venkateswarnagar,Potato,Local,2000,2000,2000,2017.3465931465923,-17.34659314659234,0,Medium,0.3781543145443134,2023,3,Summer
2023-03-12,Telangana,Nalgonda,Venkateswarnagar,Potato,Local,2000,2000,2000,1923.155282693259,76.8447173067409,0,Medium,0.3781543145443134,2023,3,Summer
2023-03-13,Telangana,Nalgonda,Venkateswarnagar,Potato,Local,2000,2000,2000,1879.9346222355923,120.06537776440769,0,Medium,0.3781543145443134,2023,3,Summer
2023-03-17,Telangana,Nalgonda,Venkateswarnagar,Potato,Local,2000,2000,2000,1908.7483958740365,91.25160412596347,0,Medium,0.3781543145443134,2023,3,Summer
2023-03-20,Telangana,Nalgonda,Venkateswarnagar,Potato,Local,2000,2000,2000,1879.9346222355923,120.06537776440769,0,Medium,0.3781543145443134,2023,3,Summer
2023-03-24,Telangana,Nalgonda,Venkateswarnagar,Potato,Local,2000,2000,2000,1908.7483958740365,91.25160412596347,0,Medium,0.3781543145443134,2023,3,Summer
2023-04-01,Telangana,Nalgonda,Venkateswarnagar,Potato,Local,1800,1800,1800,2003.5930088007246,-203.59300880072465,0,Medium,0.3781543145443134,2023,4,Summer
2023-04-03,Telangana,Nalgonda,Venkateswarnagar,Potato,Local,1800,1800,1800,1962.2099770199675,-162.20997701996748,0,Medium,0.3781543145443134,2023,4,Summer
2023-04-05,Telangana,Nalgonda,Venkateswarnagar,Potato,Local,1500,1500,1500,1895.3284537120899,-395.32845371208987,0,Medium,0.3781543145443134,2023,4,Summer
2023-04-08,Telangana,Nalgonda,Venkateswarnagar,Potato,Local,2000,2000,2000,1957.6631079181311,42.33689208186888,0,Medium,0.3781543145443134,2023,4,Summer
2023-04-15,Telangana,Nalgonda,Venkateswarnagar,Potato,Local,2000,2000,2000,1889.7892346227839,110.21076537721615,0,Medium,0.3781543145443134,2023,4,Summer
2023-04-28,Telangana,Nalgonda,Venkateswarnagar,Potato,Local,2000,2000,2000,1882.585791213173,117.41420878682698,0,Medium,0.3781543145443134,2023,4,Summer
2023-04-30,Telangana,Nalgonda,Venkateswarnagar,Potato,Local,1800,1800,1800,1864.4773139815545,-64.47731398155452,0,Medium,0.3781543145443134,2023,4,Summer
2023-05-03,Telangana,Nalgonda,Venkateswarnagar,Potato,Local,2000,2000,2000,1885.4235310766453,114.5764689233547,0,Medium,0.3781543145443134,2023,5,Summer
2023-05-08,Telangana,Nalgonda,Venkateswarnagar,Potato,Local,800,800,800,1681.2902746850827,-881.2902746850827,1,Medium,0.3781543145443134,2023,5,Summer
2023-05-15,Telangana,Nalgonda,Venkateswarnagar,Potato,Local,2000,2000,2000,1925.4759807210164,74.52401927898359,0,Medium,0.3781543145443134,2023,5,Summer
2023-05-20,Telangana,Nalgonda,Venkateswarnagar,Potato,Local,2000,2000,2000,1798.5959018602382,201.4040981397618,0,Medium,0.3781543145443134,2023,5,Summer
2023-05-22,Telangana,Nalgonda,Venkateswarnagar,Potato,Local,2000,2000,2000,1762.5786848121827,237.4213151878173,0,Medium,0.3781543145443134,2023,5,Summer
2023-05-30,Telangana,Nalgonda,Venkateswarnagar,Potato,Local,2000,2000,2000,1769.782128221794,230.21787177820602,0,Medium,0.3781543145443134,2023,5,Summer
2023-06-04,Telangana,Nalgonda,Venkateswarnagar,Potato,Local,1800,1800,1800,1815.1916911037224,-15.191691103722405,0,Medium,0.3781543145443134,2023,6,Monsoon
2023-06-06,Telangana,Nalgonda,Venkateswarnagar,Potato,Local,1800,1800,1800,1773.8086593229652,26.19134067703476,0,Medium,0.3781543145443134,2023,6,Monsoon
2023-06-22,Telangana,Nalgonda,Venkateswarnagar,Potato,Local,2000,2000,2000,1983.3077304472288,16.692269552771222,0,Medium,0.3781543145443134,2023,6,Monsoon
2023-06-30,Telangana,Nalgonda,Venkateswarnagar,Potato,Local,2000,2000,2000,1963.361624538701,36.63837546129889,0,Medium,0.3781543145443134,2023,6,Monsoon
2023-07-13,Telangana,Nalgonda,Venkateswarnagar,Potato,Local,2000,2000,2000,1946.2532584936453,53.74674150635474,0,Medium,0.3781543145443134,2023,7,Monsoon
2023-07-15,Telangana,Nalgonda,Venkateswarnagar,Potato,Local,2000,2000,2000,1960.6601453128678,39.339854687132174,0,Medium,0.3781543145443134,2023,7,Monsoon
2023-07-20,Telangana,Nalgonda,Venkateswarnagar,Potato,Local,2000,2000,2000,1946.2532584936453,53.74674150635474,0,Medium,0.3781543145443134,2023,7,Monsoon
2023-07-24,Telangana,Nalgonda,Venkateswarnagar,Potato,Local,3000,3000,3000,2119.7351125698533,880.2648874301467,0,Medium,0.3781543145443134,2023,7,Monsoon
2023-07-27,Telangana,Nalgonda,Venkateswarnagar,Potato,Local,3000,3000,3000,2200.689880513033,799.3101194869669,0,Medium,0.3781543145443134,2023,7,Monsoon
2023-07-29,Telangana,Nalgonda,Venkateswarnagar,Potato,Local,3000,3000,3000,2377.673587586456,622.326412413544,0,Medium,0.3781543145443134,2023,7,Monsoon
2023-08-07,Telangana,Nalgonda,Venkateswarnagar,Potato,Local,3000,3000,3000,2494.3282681571577,505.6717318428423,0,Medium,0.3781543145443134,2023,8,Monsoon
2023-08-09,Telangana,Nalgonda,Venkateswarnagar,Potato,Local,3000,3000,3000,2671.31197523058,328.6880247694198,0,Medium,0.3781543145443134,2023,8,Monsoon
2023-08-12,Telangana,Nalgonda,Venkateswarnagar,Potato,Local,2500,2500,2500,2774.2107155865137,-274.21071558651374,0,Medium,0.3781543145443134,2023,8,Monsoon
2023-08-21,Telangana,Nalgonda,Venkateswarnagar,Potato,Local,1000,1000,1000,2643.490551579605,-1643.490551579605,0,Medium,0.3781543145443134,2023,8,Monsoon
2023-08-23,Telangana,Nalgonda,Venkateswarnagar,Potato,Local,1500,1500,1500,2617.6538279035676,-1117.6538279035676,0,Medium,0.3781543145443134,2023,8,Monsoon
2023-08-27,Telangana,Nalgonda,Venkateswarnagar,Potato,Local,2500,2500,2500,2497.3053181195646,2.6946818804353825,0,Medium,0.3781543145443134,2023,8,Monsoon
2023-08-31,Telangana,Nalgonda,Venkateswarnagar,Potato,Local,2000,2000,2000,2177.3704210458354,-177.37042104583543,0,Medium,0.3781543145443134,2023,8,Monsoon
2023-09-02,Telangana,Nalgonda,Venkateswarnagar,Potato,Local,2000,2000,2000,2087.16943827076,-87.16943827076011,0,Medium,0.3781543145443134,2023,9,Monsoon
2023-09-15,Telangana,Nalgonda,Venkateswarnagar,Potato,Local,2000,2000,2000,1917.3891746069476,82.61082539305244,0,Medium,0.3781543145443134,2023,9,Monsoon
2023-09-26,Telangana,Nalgonda,Venkateswarnagar,Potato,Local,2000,2000,2000,1814.4904342510135,185.50956574898646,0,Medium,0.3781543145443134,2023,9,Monsoon
2023-09-27,Telangana,Nalgonda,Venkateswarnagar,Potato,Local,2000,2000,2000,1984.2706979148256,15.729302085174368,0,Medium,0.3781543145443134,2023,9,Monsoon
2023-10-03,Telangana,Nalgonda,Venkateswarnagar,Potato,Local,2000,2000,2000,2038.8021077622125,-38.80210776221247,0,Medium,0.3781543145443134,2023,10,PostMonsoon
2023-10-05,Telangana,Nalgonda,Venkateswarnagar,Potato,Local,2000,2000,2000,1971.9205844543335,28.079415545666507,0,Medium,0.3781543145443134,2023,10,PostMonsoon
2023-10-07,Telangana,Nalgonda,Venkateswarnagar,Potato,Local,2000,2000,2000,1986.327471273556,13.672528726443943,0,Medium,0.3781543145443134,2023,10,PostMonsoon
2023-10-11,Telangana,Nalgonda,Venkateswarnagar,Potato,Local,2000,2000,2000,1964.7171410447227,35.282858955277334,0,Medium,0.3781543145443134,2023,10,PostMonsoon
2023-10-12,Telangana,Nalgonda,Venkateswarnagar,Potato,Local,2000,2000,2000,1971.9205844543335,28.079415545666507,0,Medium,0.3781543145443134,2023,10,PostMonsoon
2023-10-15,Telangana,Nalgonda,Venkateswarnagar,Potato,Local,2000,2000,2000,1993.5309146831669,6.469085316833116,0,Medium,0.3781543145443134,2023,10,PostMonsoon
2023-10-17,Telangana,Nalgonda,Venkateswarnagar,Potato,Local,2000,2000,2000,1957.5136976351114,42.486302364888616,0,Medium,0.3781543145443134,2023,10,PostMonsoon
2023-10-18,Telangana,Nalgonda,Venkateswarnagar,Potato,Local,2000,2000,2000,1964.7171410447227,35.282858955277334,0,Medium,0.3781543145443134,2023,10,PostMonsoon
2023-10-27,Telangana,Nalgonda,Venkateswarnagar,Potato,Local,2000,2000,2000,1979.1240278639448,20.875972136055225,0,Medium,0.3781543145443134,2023,10,PostMonsoon
2023-10-30,Telangana,Nalgonda,Venkateswarnagar,Potato,Local,2000,2000,2000,1950.3102542255006,49.68974577449944,0,Medium,0.3781543145443134,2023,10,PostMonsoon
2023-10-31,Telangana,Nalgonda,Venkateswarnagar,Potato,Local,2000,2000,2000,1957.5136976351114,42.486302364888616,0,Medium,0.3781543145443134,2023,10,PostMonsoon
2023-11-08,Telangana,Nalgonda,Venkateswarnagar,Potato,Local,2000,2000,2000,1954.812218409278,45.1877815907219,0,Medium,0.3781543145443134,2023,11,PostMonsoon
2023-11-12,Telangana,Nalgonda,Venkateswarnagar,Potato,Local,2000,2000,2000,1983.6259920477223,16.37400795227768,0,Medium,0.3781543145443134,2023,11,PostMonsoon
2023-11-18,Telangana,Nalgonda,Venkateswarnagar,Potato,Local,2000,2000,2000,1976.4225486381115,23.577451361888507,0,Medium,0.3781543145443134,2023,11,PostMonsoon
2023-12-13,Telangana,Nalgonda,Venkateswarnagar,Potato,Local,2000,2000,2000,1925.610027304516,74.38997269548395,0,Medium,0.3781543145443134,2023,12,Winter
2023-12-14,Telangana,Nalgonda,Venkateswarnagar,Potato,Local,2000,2000,2000,1932.8134707141269,67.18652928587312,0,Medium,0.3781543145443134,2023,12,Winter
2023-12-23,Telangana,Nalgonda,Venkateswarnagar,Potato,Local,2000,2000,2000,1947.2203575333494,52.77964246665056,0,Medium,0.3781543145443134,2023,12,Winter
2023-12-28,Telangana,Nalgonda,Venkateswarnagar,Potato,Local,2500,2500,2500,2014.1018808412284,485.8981191587716,0,Medium,0.3781543145443134,2023,12,Winter
2024-10-14,Telangana,Warangal,Warangal,Potato,Potato,2600,3000,2800,2877.783258698047,-77.78325869804712,0,Medium,0.3781543145443134,2024,10,PostMonsoon
2024-12-02,Telangana,Warangal,Warangal,Potato,Potato,3000,3500,3250,2993.20424311299,256.79575688701016,0,Medium,0.3781543145443134,2024,12,Winter
2024-12-06,Telangana,Warangal,Warangal,Potato,Potato,3000,3500,3250,3017.8334178745918,232.16658212540824,0,Medium,0.3781543145443134,2024,12,Winter
2024-12-07,Telangana,Warangal,Warangal,Potato,Potato,3000,3400,3200,3047.797616119791,152.2023838802088,0,Medium,0.3781543145443134,2024,12,Winter
2024-12-08,Telangana,Warangal,Warangal,Potato,Potato,3000,3500,3250,3086.445931264157,163.55406873584298,0,Medium,0.3781543145443134,2024,12,Winter
2024-12-09,Telangana,Warangal,Warangal,Potato,Potato,3000,3500,3250,3054.050372337828,195.94962766217213,0,Medium,0.3781543145443134,2024,12,Winter
2024-12-19,Telangana,Warangal,Warangal,Potato,Potato,3200,3600,3400,3124.4337486429213,275.5662513570787,0,Medium,0.3781543145443134,2024,12,Winter
2024-12-23,Telangana,Warangal,Warangal,Potato,Potato,3000,3400,3200,3147.4919845271643,52.50801547283572,0,Medium,0.3781543145443134,2024,12,Winter
2024-12-26,Telangana,Warangal,Warangal,Potato,Potato,3000,3500,3250,3196.251864074137,53.74813592586315,0,Medium,0.3781543145443134,2024,12,Winter
2024-12-27,Telangana,Warangal,Warangal,Potato,Potato,3000,3500,3250,3196.667920154213,53.33207984578712,0,Medium,0.3781543145443134,2024,12,Winter
2024-12-30,Telangana,Warangal,Warangal,Potato,Potato,2500,2800,2650,3078.4368953759576,-428.43689537595765,0,Medium,0.3781543145443134,2024,12,Winter
2026-04-17,Karnataka,Bengaluru,Bengaluru APMC,Rice,Medium,5300,5500,5400,5544.408260958444,-144.40826095844386,0,High,0.5224139105680151,2026,4,Summer
2026-04-17,Karnataka,Bengaluru,Bengaluru APMC,Rice,Dappa,3700,4000,3850,4942.940791779281,-1092.9407917792814,0,High,0.5224139105680151,2026,4,Summer
2026-04-18,Karnataka,Bengaluru,Bengaluru APMC,Rice,Fine,5500,5800,5650,5354.968023291785,295.03197670821464,0,High,0.5224139105680151,2026,4,Summer
2026-04-18,Karnataka,Bengaluru,Bengaluru APMC,Rice,Dappa,3700,4000,3850,4817.577360920337,-967.577360920337,0,High,0.5224139105680151,2026,4,Summer
2026-04-20,Karnataka,Bengaluru,Bengaluru APMC,Rice,Fine,5500,5800,5650,5171.9542645972215,478.0457354027785,0,High,0.5224139105680151,2026,4,Summer
2026-04-20,Karnataka,Bengaluru,Bengaluru APMC,Rice,Medium,5300,5500,5400,4991.284242000202,408.71575799979837,0,High,0.5224139105680151,2026,4,Summer
2026-04-20,Karnataka,Bengaluru,Bengaluru APMC,Rice,Dappa,3700,4000,3850,4732.582902190312,-882.5829021903119,0,High,0.5224139105680151,2026,4,Summer
2026-04-21,Karnataka,Bengaluru,Bengaluru APMC,Rice,Fine,5500,5800,5650,4990.839557879051,659.1604421209486,0,High,0.5224139105680151,2026,4,Summer
2026-04-21,Karnataka,Bengaluru,Bengaluru APMC,Rice,Dappa,3700,4000,3850,4746.493614015801,-896.4936140158006,0,High,0.5224139105680151,2026,4,Summer
2026-04-21,Karnataka,Bengaluru,Bengaluru APMC,Rice,Medium,5300,5500,5400,4950.195352815501,449.8046471844991,0,High,0.5224139105680151,2026,4,Summer
2026-04-22,Karnataka,Bengaluru,Bengaluru APMC,Rice,Dappa,3700,4000,3850,4746.989789009534,-896.9897890095344,0,High,0.5224139105680151,2026,4,Summer
2026-04-22,Karnataka,Bengaluru,Bengaluru APMC,Rice,Fine,5500,5800,5650,4957.398796225112,692.6012037748878,0,High,0.5224139105680151,2026,4,Summer
2026-04-23,Karnataka,Bengaluru,Bengaluru APMC,Rice,Fine,5500,5800,5650,4760.900500835023,889.0994991649768,0,High,0.5224139105680151,2026,4,Summer
2026-04-23,Karnataka,Bengaluru,Bengaluru APMC,Rice,Medium,5300,5500,5400,5012.8945722290355,387.1054277709645,0,High,0.5224139105680151,2026,4,Summer
2026-04-23,Karnataka,Bengaluru,Bengaluru APMC,Rice,Dappa,3700,4000,3850,4754.193232419146,-904.1932324191457,0,High,0.5224139105680151,2026,4,Summer
2026-04-24,Karnataka,Bengaluru,Bengaluru APMC,Rice,Fine,5500,5800,5650,5264.443959501896,385.55604049810427,0,High,0.5224139105680151,2026,4,Summer
2026-04-24,Karnataka,Bengaluru,Bengaluru APMC,Rice,Medium,5300,5500,5400,5020.098015638647,379.90198436135324,0,High,0.5224139105680151,2026,4,Summer
2026-04-24,Karnataka,Bengaluru,Bengaluru APMC,Rice,Dappa,3700,4000,3850,5054.03495228632,-1204.0349522863198,0,High,0.5224139105680151,2026,4,Summer
2026-04-25,Karnataka,Bengaluru,Bengaluru APMC,Rice,Fine,5500,5800,5650,5271.647402911507,378.352597088493,0,High,0.5224139105680151,2026,4,Summer
2026-04-25,Karnataka,Bengaluru,Bengaluru APMC,Rice,Medium,5300,5500,5400,4986.657253984706,413.3427460152943,0,High,0.5224139105680151,2026,4,Summer
2026-04-25,Karnataka,Bengaluru,Bengaluru APMC,Rice,Dappa,3700,4000,3850,4768.600119238368,-918.6001192383683,0,High,0.5224139105680151,2026,4,Summer
2026-04-27,Karnataka,Bengaluru,Bengaluru APMC,Rice,Dappa,3700,4000,3850,4942.99190940589,-1092.9919094058896,0,High,0.5224139105680151,2026,4,Summer
2026-04-27,Karnataka,Bengaluru,Bengaluru APMC,Rice,Fine,5500,5800,5650,4942.99190940589,707.0080905941104,0,High,0.5224139105680151,2026,4,Summer
2026-04-27,Karnataka,Bengaluru,Bengaluru APMC,Rice,Medium,5300,5500,5400,4698.645965542639,701.3540344573612,0,High,0.5224139105680151,2026,4,Summer
2026-04-28,Karnataka,Bengaluru,Bengaluru APMC,Rice,Medium,5300,5500,5400,4991.780416993935,408.21958300606457,0,High,0.5224139105680151,2026,4,Summer
2026-04-28,Karnataka,Bengaluru,Bengaluru APMC,Rice,Dappa,3700,4000,3850,4699.142140536374,-849.1421405363744,0,High,0.5224139105680151,2026,4,Summer
2026-04-28,Karnataka,Bengaluru,Bengaluru APMC,Rice,Fine,5500,5800,5650,4950.195352815501,699.8046471844991,0,High,0.5224139105680151,2026,4,Summer
2026-04-29,Karnataka,Bengaluru,Bengaluru APMC,Rice,Fine,5500,7700,6600,5160.139108060914,1439.8608919390863,0,High,0.5224139105680151,2026,4,Summer
2026-04-30,Karnataka,Bengaluru,Bengaluru APMC,Rice,Medium,5300,6000,5650,5331.020468666926,318.9795313330742,0,High,0.5224139105680151,2026,4,Summer
2026-05-02,Karnataka,Bengaluru,Bengaluru APMC,Rice,Medium,5300,6000,5650,5464.482792111865,185.5172078881351,0,High,0.5224139105680151,2026,5,Summer
2026-05-02,Karnataka,Bengaluru,Bengaluru APMC,Rice,Dappa,3800,4200,4000,5236.875243755983,-1236.8752437559833,0,High,0.5224139105680151,2026,5,Summer
2026-05-05,Karnataka,Bengaluru,Bengaluru APMC,Rice,Dappa,3800,4200,4000,5204.437703636304,-1204.437703636304,0,High,0.5224139105680151,2026,5,Summer
2026-05-05,Karnataka,Bengaluru,Bengaluru APMC,Rice,Fine,5500,7700,6600,5651.523959335356,948.4760406646437,0,High,0.5224139105680151,2026,5,Summer
2026-05-05,Karnataka,Bengaluru,Bengaluru APMC,Rice,Medium,5300,6000,5650,5298.579818199551,351.4201818004494,0,High,0.5224139105680151,2026,5,Summer
2026-05-06,Karnataka,Bengaluru,Bengaluru APMC,Rice,Fine,5500,7700,6600,5434.743620870322,1165.256379129678,0,High,0.5224139105680151,2026,5,Summer
2026-05-06,Karnataka,Bengaluru,Bengaluru APMC,Rice,Dappa,3800,4200,4000,5037.53150818973,-1037.5315081897297,0,High,0.5224139105680151,2026,5,Summer
2026-05-07,Karnataka,Bengaluru,Bengaluru APMC,Rice,Medium,5300,6000,5650,5397.6790927351485,252.32090726485148,0,High,0.5224139105680151,2026,5,Summer
2026-05-07,Karnataka,Bengaluru,Bengaluru APMC,Rice,Fine,5500,7700,6600,5596.395043521423,1003.6049564785772,0,High,0.5224139105680151,2026,5,Summer
2026-05-08,Karnataka,Bengaluru,Bengaluru APMC,Rice,Dappa,3800,4200,4000,5474.638127669874,-1474.638127669874,0,High,0.5224139105680151,2026,5,Summer
2026-05-08,Karnataka,Bengaluru,Bengaluru APMC,Rice,Medium,5300,6000,5650,5673.13428956419,-23.134289564190112,0,High,0.5224139105680151,2026,5,Summer
2026-05-09,Karnataka,Bengaluru,Bengaluru APMC,Rice,Fine,5500,7700,6600,5610.801930340645,989.1980696593546,0,High,0.5224139105680151,2026,5,Summer
2026-05-11,Karnataka,Bengaluru,Bengaluru APMC,Rice,Dappa,3800,4200,4000,5023.124621370507,-1023.1246213705072,0,High,0.5224139105680151,2026,5,Summer
2026-05-11,Karnataka,Bengaluru,Bengaluru APMC,Rice,Medium,5300,6000,5650,5644.320515925745,5.679484074255015,0,High,0.5224139105680151,2026,5,Summer
2026-05-12,Karnataka,Bengaluru,Bengaluru APMC,Rice,Fine,6000,6600,6300,5533.215110625941,766.7848893740593,0,High,0.5224139105680151,2026,5,Summer
2026-05-12,Karnataka,Bengaluru,Bengaluru APMC,Rice,Dappa,3800,4300,4050,5030.408183693777,-980.4081836937767,0,High,0.5224139105680151,2026,5,Summer
2026-05-12,Karnataka,Bengaluru,Bengaluru APMC,Rice,Medium,5300,6000,5650,5604.092366942272,45.90763305772816,0,High,0.5224139105680151,2026,5,Summer
2026-05-13,Karnataka,Bengaluru,Bengaluru APMC,Rice,Dappa,3800,4300,4050,5133.976503400048,-1083.9765034000484,0,High,0.5224139105680151,2026,5,Summer
2026-05-13,Karnataka,Bengaluru,Bengaluru APMC,Rice,Fine,6000,6600,6300,5302.3998518689,997.6001481310996,0,High,0.5224139105680151,2026,5,Summer
2026-05-14,Karnataka,Bengaluru,Bengaluru APMC,Rice,Medium,5300,6000,5650,5272.422618868881,377.5773811311192,0,High,0.5224139105680151,2026,5,Summer
2026-05-14,Karnataka,Bengaluru,Bengaluru APMC,Rice,Fine,6000,6600,6300,5466.333587318062,833.6664126819378,0,High,0.5224139105680151,2026,5,Summer
2026-05-15,Karnataka,Bengaluru,Bengaluru APMC,Rice,Dappa,3800,4300,4050,5019.503149871771,-969.5031498717708,0,High,0.5224139105680151,2026,5,Summer
2026-05-15,Karnataka,Bengaluru,Bengaluru APMC,Rice,Medium,5300,6000,5650,5585.058492107555,64.94150789244486,0,High,0.5224139105680151,2026,5,Summer
2026-05-15,Karnataka,Bengaluru,Bengaluru APMC,Rice,Fine,6000,6600,6300,5473.5370307276735,826.4629692723265,0,High,0.5224139105680151,2026,5,Summer
2026-05-16,Karnataka,Bengaluru,Bengaluru APMC,Rice,Medium,5300,6000,5650,5652.627351260055,-2.6273512600546383,0,High,0.5224139105680151,2026,5,Summer
2026-05-18,Karnataka,Bengaluru,Bengaluru APMC,Rice,Dappa,3800,4300,4050,5339.048323923998,-1289.0483239239984,0,High,0.5224139105680151,2026,5,Summer
2026-05-18,Karnataka,Bengaluru,Bengaluru APMC,Rice,Medium,5300,6000,5650,5556.24471846911,93.75528153088999,0,High,0.5224139105680151,2026,5,Summer
2026-05-19,Karnataka,Bengaluru,Bengaluru APMC,Rice,Medium,5300,6000,5650,5240.576834168378,409.4231658316221,0,High,0.5224139105680151,2026,5,Summer
2026-05-19,Karnataka,Bengaluru,Bengaluru APMC,Rice,Dappa,3800,4300,4050,5240.576834168378,-1190.576834168378,0,High,0.5224139105680151,2026,5,Summer
2026-05-19,Karnataka,Bengaluru,Bengaluru APMC,Rice,Fine,6000,6600,6300,5563.448161878721,736.5518381212787,0,High,0.5224139105680151,2026,5,Summer
2026-05-20,Karnataka,Bengaluru,Bengaluru APMC,Rice,Medium,5300,6000,5650,5159.544242294038,490.45575770596224,0,High,0.5224139105680151,2026,5,Summer
2026-05-20,Karnataka,Bengaluru,Bengaluru APMC,Rice,Dappa,3800,4300,4050,4987.657365171268,-937.6573651712679,0,High,0.5224139105680151,2026,5,Summer
2026-05-21,Karnataka,Bengaluru,Bengaluru APMC,Rice,Dappa,3800,4300,4050,5212.057203125991,-1162.0572031259908,0,High,0.5224139105680151,2026,5,Summer
2026-05-23,Karnataka,Bengaluru,Bengaluru APMC,Rice,Dappa,3800,4300,4050,4966.341177538492,-916.341177538492,0,High,0.5224139105680151,2026,5,Summer
2026-05-23,Karnataka,Bengaluru,Bengaluru APMC,Rice,Fine,6000,6600,6300,5072.016110703724,1227.9838892962762,0,High,0.5224139105680151,2026,5,Summer
2026-05-23,Karnataka,Bengaluru,Bengaluru APMC,Rice,Medium,5300,6000,5650,5026.706593281382,623.2934067186179,0,High,0.5224139105680151,2026,5,Summer
2026-05-25,Karnataka,Bengaluru,Bengaluru APMC,Rice,Fine,6000,6600,6300,5078.925411517277,1221.074588482723,0,High,0.5224139105680151,2026,5,Summer
2026-05-25,Karnataka,Bengaluru,Bengaluru APMC,Rice,Dappa,3800,4300,4050,4730.566463826604,-680.5664638266044,0,High,0.5224139105680151,2026,5,Summer
2026-05-25,Karnataka,Bengaluru,Bengaluru APMC,Rice,Medium,5300,6000,5650,5296.121806062389,353.8781939376113,0,High,0.5224139105680151,2026,5,Summer
2026-05-26,Karnataka,Bengaluru,Bengaluru APMC,Rice,Dappa,3800,4300,4050,5086.128854926888,-1036.1288549268884,0,High,0.5224139105680151,2026,5,Summer
2026-05-26,Karnataka,Bengaluru,Bengaluru APMC,Rice,Medium,5300,6000,5650,5563.448161878721,86.5518381212787,0,High,0.5224139105680151,2026,5,Summer
2026-05-26,Karnataka,Bengaluru,Bengaluru APMC,Rice,Fine,6000,6600,6300,5346.25176733361,953.7482326663903,0,High,0.5224139105680151,2026,5,Summer
2026-05-27,Karnataka,Bengaluru,Bengaluru APMC,Rice,Dappa,3800,4300,4050,5005.096263052548,-955.0962630525482,0,High,0.5224139105680151,2026,5,Summer
2026-05-27,Karnataka,Bengaluru,Bengaluru APMC,Rice,Medium,5300,6000,5650,5204.8537597163795,445.1462402836205,0,High,0.5224139105680151,2026,5,Summer
2026-05-27,Karnataka,Bengaluru,Bengaluru APMC,Rice,Fine,6000,6600,6300,5353.455210743221,946.544789256779,0,High,0.5224139105680151,2026,5,Summer
2026-05-28,Karnataka,Bengaluru,Bengaluru APMC,Rice,Medium,5300,6000,5650,5272.422618868881,377.5773811311192,0,High,0.5224139105680151,2026,5,Summer
2026-05-29,Karnataka,Bengaluru,Bengaluru APMC,Rice,Dappa,3800,4300,4050,5367.8620975624435,-1317.8620975624435,0,High,0.5224139105680151,2026,5,Summer
2026-05-30,Karnataka,Bengaluru,Bengaluru APMC,Rice,Fine,6000,6600,6300,5697.936868682396,602.0631313176036,0,High,0.5224139105680151,2026,5,Summer
2026-06-01,Karnataka,Bengaluru,Bengaluru APMC,Rice,Medium,5300,6000,5650,5260.204634473921,389.79536552607897,0,High,0.5224139105680151,2026,6,Monsoon
2026-06-02,Karnataka,Bengaluru,Bengaluru APMC,Rice,Medium,5300,6000,5650,5615.767025574203,34.23297442579678,0,High,0.5224139105680151,2026,6,Monsoon
2026-06-03,Karnataka,Bengaluru,Bengaluru APMC,Rice,Dappa,3800,4300,4050,5362.847556577093,-1312.8475565770932,0,High,0.5224139105680151,2026,6,Monsoon
2026-06-03,Karnataka,Bengaluru,Bengaluru APMC,Rice,Fine,6000,6600,6300,5580.043951122205,719.9560488777952,0,High,0.5224139105680151,2026,6,Monsoon
2026-06-04,Karnataka,Bengaluru,Bengaluru APMC,Rice,Dappa,3800,4300,4050,5021.692052296032,-971.6920522960318,0,High,0.5224139105680151,2026,6,Monsoon
2026-06-04,Karnataka,Bengaluru,Bengaluru APMC,Rice,Fine,6000,6600,6300,5692.922327697048,607.0776723029521,0,High,0.5224139105680151,2026,6,Monsoon
2026-06-04,Karnataka,Bengaluru,Bengaluru APMC,Rice,Medium,5300,6000,5650,5281.814964702753,368.18503529724694,0,High,0.5224139105680151,2026,6,Monsoon
2026-06-05,Karnataka,Bengaluru,Bengaluru APMC,Rice,Medium,5300,6000,5650,5377.254443396316,272.74555660368424,0,High,0.5224139105680151,2026,6,Monsoon
2026-06-05,Karnataka,Bengaluru,Bengaluru APMC,Rice,Dappa,3800,4300,4050,5117.1315309895945,-1067.1315309895945,0,High,0.5224139105680151,2026,6,Monsoon
2026-06-05,Karnataka,Bengaluru,Bengaluru APMC,Rice,Fine,6000,6600,6300,5700.125771106659,599.8742288933408,0,High,0.5224139105680151,2026,6,Monsoon
2026-06-06,Karnataka,Bengaluru,Bengaluru APMC,Rice,Dappa,3800,4300,4050,5036.098939115254,-986.0989391152543,0,High,0.5224139105680151,2026,6,Monsoon
2026-06-06,Karnataka,Bengaluru,Bengaluru APMC,Rice,Fine,6000,6600,6300,5707.32921451627,592.6707854837296,0,High,0.5224139105680151,2026,6,Monsoon
2026-06-06,Karnataka,Bengaluru,Bengaluru APMC,Rice,Medium,5300,6000,5650,5296.221851521976,353.7781484780244,0,High,0.5224139105680151,2026,6,Monsoon
2026-06-09,Karnataka,Bengaluru,Bengaluru APMC,Rice,Dappa,3100,3300,3200,4957.330903544691,-1757.330903544691,0,High,0.5224139105680151,2026,6,Monsoon
2026-06-09,Karnataka,Bengaluru,Bengaluru APMC,Rice,Medium,4800,5000,4900,5167.9802675012415,-267.98026750124154,0,High,0.5224139105680151,2026,6,Monsoon
2026-06-09,Karnataka,Bengaluru,Bengaluru APMC,Rice,Fine,5200,6000,5600,5189.203169691073,410.7968303089274,0,High,0.5224139105680151,2026,6,Monsoon
2026-06-10,Karnataka,Bengaluru,Bengaluru APMC,Rice,Fine,5200,6000,5600,4987.579416309258,612.4205836907422,0,High,0.5224139105680151,2026,6,Monsoon
2026-06-10,Karnataka,Bengaluru,Bengaluru APMC,Rice,Dappa,3100,3300,3200,4849.389119093186,-1649.3891190931863,0,High,0.5224139105680151,2026,6,Monsoon
2026-06-11,Karnataka,Bengaluru,Bengaluru APMC,Rice,Dappa,3100,3300,3200,4678.399011532441,-1478.3990115324414,0,High,0.5224139105680151,2026,6,Monsoon
2026-06-11,Karnataka,Bengaluru,Bengaluru APMC,Rice,Medium,4800,5000,4900,4556.46639634179,343.53360365821027,0,High,0.5224139105680151,2026,6,Monsoon
2026-06-12,Karnataka,Bengaluru,Bengaluru APMC,Rice,Dappa,3100,3300,3200,4332.898670547222,-1132.8986705472216,0,High,0.5224139105680151,2026,6,Monsoon
2026-06-12,Karnataka,Bengaluru,Bengaluru APMC,Rice,Medium,4800,5000,4900,4563.669839751401,336.330160248599,0,High,0.5224139105680151,2026,6,Monsoon
2026-06-12,Karnataka,Bengaluru,Bengaluru APMC,Rice,Fine,5200,6000,5600,4332.898670547222,1267.1013294527784,0,High,0.5224139105680151,2026,6,Monsoon
2026-06-13,Karnataka,Bengaluru,Bengaluru APMC,Rice,Medium,4800,5000,4900,4131.274917165405,768.725082834595,0,High,0.5224139105680151,2026,6,Monsoon
2026-06-15,Karnataka,Bengaluru,Bengaluru APMC,Rice,Dappa,3100,3300,3200,4190.281122730836,-990.2811227308357,0,High,0.5224139105680151,2026,6,Monsoon
2026-06-15,Karnataka,Bengaluru,Bengaluru APMC,Rice,Fine,5200,6000,5600,4811.236660545099,788.7633394549011,0,High,0.5224139105680151,2026,6,Monsoon
2026-06-15,Karnataka,Bengaluru,Bengaluru APMC,Rice,Medium,4800,5000,4900,4485.442068727432,414.55793127256766,0,High,0.5224139105680151,2026,6,Monsoon
2026-06-16,Karnataka,Bengaluru,Bengaluru APMC,Rice,Fine,5200,6000,5600,4977.853303360611,622.1466966393891,0,High,0.5224139105680151,2026,6,Monsoon
2026-06-16,Karnataka,Bengaluru,Bengaluru APMC,Rice,Medium,4800,5000,4900,4882.829880747126,17.17011925287443,0,High,0.5224139105680151,2026,6,Monsoon
2026-06-17,Karnataka,Bengaluru,Bengaluru APMC,Rice,Dappa,3100,3300,3200,4594.87237816014,-1394.8723781601402,0,High,0.5224139105680151,2026,6,Monsoon
2026-06-17,Karnataka,Bengaluru,Bengaluru APMC,Rice,Medium,4800,5000,4900,4825.643547364321,74.35645263567858,0,High,0.5224139105680151,2026,6,Monsoon
2026-06-18,Karnataka,Bengaluru,Bengaluru APMC,Rice,Dappa,3100,3300,3200,4602.0758215697515,-1402.0758215697515,0,High,0.5224139105680151,2026,6,Monsoon
2026-06-18,Karnataka,Bengaluru,Bengaluru APMC,Rice,Fine,5200,6000,5600,4832.846990773933,767.1530092260673,0,High,0.5224139105680151,2026,6,Monsoon
2026-06-19,Karnataka,Bengaluru,Bengaluru APMC,Rice,Medium,4800,5000,4900,4514.2558423658775,385.74415763412253,0,High,0.5224139105680151,2026,6,Monsoon
2026-06-19,Karnataka,Bengaluru,Bengaluru APMC,Rice,Dappa,3100,3300,3200,4219.094896369281,-1019.0948963692808,0,High,0.5224139105680151,2026,6,Monsoon
2026-06-19,Karnataka,Bengaluru,Bengaluru APMC,Rice,Fine,5200,6000,5600,4563.669839751401,1036.330160248599,0,High,0.5224139105680151,2026,6,Monsoon
2026-06-20,Karnataka,Bengaluru,Bengaluru APMC,Rice,Dappa,3100,3300,3200,4245.078691343346,-1045.0786913433458,0,High,0.5224139105680151,2026,6,Monsoon
2026-06-22,Karnataka,Bengaluru,Bengaluru APMC,Rice,Fine,5200,6000,5600,4648.6598402908985,951.3401597091015,0,High,0.5224139105680151,2026,6,Monsoon
2026-06-22,Karnataka,Bengaluru,Bengaluru APMC,Rice,Dappa,3100,3300,3200,4322.865248473232,-1122.865248473232,0,High,0.5224139105680151,2026,6,Monsoon
2026-06-23,Karnataka,Bengaluru,Bengaluru APMC,Rice,Dappa,3100,3300,3200,4265.678915090426,-1065.678915090426,0,High,0.5224139105680151,2026,6,Monsoon
2026-06-23,Karnataka,Bengaluru,Bengaluru APMC,Rice,Medium,4800,5000,4900,4265.678915090426,634.321084909574,0,High,0.5224139105680151,2026,6,Monsoon
2026-06-23,Karnataka,Bengaluru,Bengaluru APMC,Rice,Fine,5200,6000,5600,4425.092114496329,1174.9078855036714,0,High,0.5224139105680151,2026,6,Monsoon
2026-06-24,Karnataka,Bengaluru,Bengaluru APMC,Rice,Dappa,3100,3300,3200,3947.087766682371,-747.0877666823708,0,High,0.5224139105680151,2026,6,Monsoon
2026-06-24,Karnataka,Bengaluru,Bengaluru APMC,Rice,Fine,5200,6000,5600,4663.066727110119,936.9332728898808,0,High,0.5224139105680151,2026,6,Monsoon
2026-06-27,Karnataka,Bengaluru,Bengaluru APMC,Rice,Medium,4800,5000,4900,4245.078691343346,654.9213086566542,0,High,0.5224139105680151,2026,6,Monsoon
2026-06-29,Karnataka,Bengaluru,Bengaluru APMC,Rice,Fine,5200,6000,5600,4694.269265518858,905.7307344811416,0,High,0.5224139105680151,2026,6,Monsoon
2026-06-29,Karnataka,Bengaluru,Bengaluru APMC,Rice,Dappa,3100,3300,3200,4599.245842905373,-1399.2458429053731,0,High,0.5224139105680151,2026,6,Monsoon
2026-06-29,Karnataka,Bengaluru,Bengaluru APMC,Rice,Medium,4800,5000,4900,4925.04043472304,-25.040434723039652,0,High,0.5224139105680151,2026,6,Monsoon
2026-06-30,Karnataka,Bengaluru,Bengaluru APMC,Rice,Dappa,3100,3300,3200,4311.288340318388,-1111.2883403183878,0,High,0.5224139105680151,2026,6,Monsoon
2026-06-30,Karnataka,Bengaluru,Bengaluru APMC,Rice,Medium,4800,5000,4900,4818.44010395471,81.55989604528986,0,High,0.5224139105680151,2026,6,Monsoon
2026-07-01,Karnataka,Bengaluru,Bengaluru APMC,Rice,Fine,5200,6000,5600,4584.967455524697,1015.0325444753034,0,High,0.5224139105680151,2026,7,Monsoon
2026-07-01,Karnataka,Bengaluru,Bengaluru APMC,Rice,Medium,4800,5000,4900,4489.944032911209,410.05596708879057,0,High,0.5224139105680151,2026,7,Monsoon
2026-07-02,Karnataka,Bengaluru,Bengaluru APMC,Rice,Dappa,3100,3300,3200,4201.986530324224,-1001.9865303242241,0,High,0.5224139105680151,2026,7,Monsoon
2026-07-02,Karnataka,Bengaluru,Bengaluru APMC,Rice,Fine,5200,6000,5600,4822.942068138487,777.0579318615128,0,High,0.5224139105680151,2026,7,Monsoon
2026-07-03,Karnataka,Bengaluru,Bengaluru APMC,Rice,Dappa,3100,3300,3200,4227.970325298291,-1027.9703252982908,0,High,0.5224139105680151,2026,7,Monsoon
2026-07-03,Karnataka,Bengaluru,Bengaluru APMC,Rice,Fine,5200,6000,5600,4943.949285726039,656.0507142739607,0,High,0.5224139105680151,2026,7,Monsoon
2026-07-03,Karnataka,Bengaluru,Bengaluru APMC,Rice,Medium,4800,5000,4900,4618.154693908373,281.8453060916272,0,High,0.5224139105680151,2026,7,Monsoon
2026-07-04,Karnataka,Bengaluru,Bengaluru APMC,Rice,Fine,5200,6000,5600,4720.381559931469,879.6184400685306,0,High,0.5224139105680151,2026,7,Monsoon
2026-07-06,Karnataka,Bengaluru,Bengaluru APMC,Rice,Fine,5800,6200,6000,4768.17542254955,1231.8245774504503,0,High,0.5224139105680151,2026,7,Monsoon
2026-07-08,Karnataka,Bengaluru,Bengaluru APMC,Rice,Dappa,3800,4300,4050,4866.473507948564,-816.4735079485636,0,High,0.5224139105680151,2026,7,Monsoon
2026-07-08,Karnataka,Bengaluru,Bengaluru APMC,Rice,Fine,5800,6200,6000,5196.212341902099,803.7876580979009,0,High,0.5224139105680151,2026,7,Monsoon
2026-07-08,Karnataka,Bengaluru,Bengaluru APMC,Rice,Medium,6000,6300,6150,5411.105855800137,738.8941441998631,0,High,0.5224139105680151,2026,7,Monsoon
2026-07-09,Karnataka,Bengaluru,Bengaluru APMC,Rice,Medium,6000,6300,6150,5487.364388360955,662.6356116390452,0,High,0.5224139105680151,2026,7,Monsoon
2026-07-10,Karnataka,Bengaluru,Bengaluru APMC,Rice,Dappa,3800,4300,4050,5356.377534554495,-1306.3775345544946,0,High,0.5224139105680151,2026,7,Monsoon
2026-07-10,Karnataka,Bengaluru,Bengaluru APMC,Rice,Fine,5800,6200,6000,5706.4785304966335,293.52146950336646,0,High,0.5224139105680151,2026,7,Monsoon
2026-07-10,Karnataka,Bengaluru,Bengaluru APMC,Rice,Medium,6000,6300,6150,5466.156947682908,683.8430523170919,0,High,0.5224139105680151,2026,7,Monsoon
2026-07-11,Karnataka,Bengaluru,Bengaluru APMC,Rice,Dappa,3800,4300,4050,5452.998229103916,-1402.998229103916,0,High,0.5224139105680151,2026,7,Monsoon
2026-07-11,Karnataka,Bengaluru,Bengaluru APMC,Rice,Fine,5800,6200,6000,5738.0684969443755,261.9315030556245,0,High,0.5224139105680151,2026,7,Monsoon
2026-07-11,Karnataka,Bengaluru,Bengaluru APMC,Rice,Medium,6000,6300,6150,5473.360391092519,676.6396089074806,0,High,0.5224139105680151,2026,7,Monsoon
2026-07-13,Karnataka,Bengaluru,Bengaluru APMC,Rice,Fine,5800,6200,6000,5392.594489017731,607.4055109822693,0,High,0.5224139105680151,2026,7,Monsoon
2026-07-13,Karnataka,Bengaluru,Bengaluru APMC,Rice,Medium,6000,6300,6150,5754.3679735401565,395.6320264598435,0,High,0.5224139105680151,2026,7,Monsoon
2026-07-14,Karnataka,Bengaluru,Bengaluru APMC,Rice,Dappa,3800,4300,4050,5424.184455465473,-1374.1844554654726,0,High,0.5224139105680151,2026,7,Monsoon
2026-07-15,Karnataka,Bengaluru,Bengaluru APMC,Rice,Dappa,3800,4300,4050,5375.046844181719,-1325.0468441817193,0,High,0.5224139105680151,2026,7,Monsoon
2026-07-15,Karnataka,Bengaluru,Bengaluru APMC,Rice,Medium,6000,6300,6150,5716.458166715542,433.54183328445833,0,High,0.5224139105680151,2026,7,Monsoon
2026-07-16,Karnataka,Bengaluru,Bengaluru APMC,Rice,Dappa,3800,4300,4050,5121.566542789002,-1071.5665427890017,0,High,0.5224139105680151,2026,7,Monsoon
2026-07-16,Karnataka,Bengaluru,Bengaluru APMC,Rice,Fine,5800,6200,6000,5382.250287591331,617.7497124086694,0,High,0.5224139105680151,2026,7,Monsoon
2026-07-16,Karnataka,Bengaluru,Bengaluru APMC,Rice,Medium,6000,6300,6150,5141.928704777605,1008.0712952223948,0,High,0.5224139105680151,2026,7,Monsoon
2026-07-17,Karnataka,Bengaluru,Bengaluru APMC,Rice,Fine,5800,6200,6000,5104.383463160484,895.6165368395159,0,High,0.5224139105680151,2026,7,Monsoon
2026-07-18,Karnataka,Bengaluru,Bengaluru APMC,Rice,Fine,5800,6200,6000,5448.973868054389,551.0261319456113,0,High,0.5224139105680151,2026,7,Monsoon
2026-07-18,Karnataka,Bengaluru,Bengaluru APMC,Rice,Medium,6000,6300,6150,5790.385190588211,359.6148094117889,0,High,0.5224139105680151,2026,7,Monsoon
2026-07-20,Karnataka,Bengaluru,Bengaluru APMC,Rice,Dappa,3800,4300,4050,5392.594489017731,-1342.5944890177307,0,High,0.5224139105680151,2026,7,Monsoon
2026-07-20,Karnataka,Bengaluru,Bengaluru APMC,Rice,Medium,6000,6300,6150,6019.076079392011,130.9239206079892,0,High,0.5224139105680151,2026,7,Monsoon
2026-07-21,Karnataka,Bengaluru,Bengaluru APMC,Rice,Dappa,3100,3300,3200,5285.994158249401,-2085.994158249401,0,High,0.5224139105680151,2026,7,Monsoon
2026-07-21,Karnataka,Bengaluru,Bengaluru APMC,Rice,Fine,5800,6500,6150,5686.4500106919495,463.5499893080505,0,High,0.5224139105680151,2026,7,Monsoon
2026-07-21,Karnataka,Bengaluru,Bengaluru APMC,Rice,Medium,5400,5600,5500,5204.705748122302,295.2942518776981,0,High,0.5224139105680151,2026,7,Monsoon
2026-07-22,Karnataka,Bengaluru,Bengaluru APMC,Rice,Dappa,3100,3300,3200,4844.930130104101,-1644.9301301041014,0,High,0.5224139105680151,2026,7,Monsoon
2026-07-22,Karnataka,Bengaluru,Bengaluru APMC,Rice,Fine,5800,6500,6150,5157.149947262698,992.8500527373017,0,High,0.5224139105680151,2026,7,Monsoon
2026-07-23,Karnataka,Bengaluru,Bengaluru APMC,Rice,Medium,5400,5600,5500,4999.633927598352,500.3660724016481,0,High,0.5224139105680151,2026,7,Monsoon
2026-07-23,Karnataka,Bengaluru,Bengaluru APMC,Rice,Dappa,3100,3300,3200,4608.268343132411,-1408.2683431324112,0,High,0.5224139105680151,2026,7,Monsoon
2026-07-24,Karnataka,Bengaluru,Bengaluru APMC,Rice,Dappa,3100,3300,3200,4927.691603700619,-1727.6916037006195,0,High,0.5224139105680151,2026,7,Monsoon
2026-07-24,Karnataka,Bengaluru,Bengaluru APMC,Rice,Fine,5800,6500,6150,4927.691603700619,1222.3083962993805,0,High,0.5224139105680151,2026,7,Monsoon
2026-07-27,Karnataka,Bengaluru,Bengaluru APMC,Rice,Medium,5400,5600,5500,4498.421977619626,1001.578022380374,0,High,0.5224139105680151,2026,7,Monsoon
2026-07-27,Karnataka,Bengaluru,Bengaluru APMC,Rice,Dappa,3100,3300,3200,4586.658012903577,-1386.6580129035774,0,High,0.5224139105680151,2026,7,Monsoon
2026-07-27,Karnataka,Bengaluru,Bengaluru APMC,Rice,Fine,5800,6500,6150,4898.877830062174,1251.1221699378257,0,High,0.5224139105680151,2026,7,Monsoon
2026-07-28,Karnataka,Bengaluru,Bengaluru APMC,Rice,Dappa,3100,3300,3200,4131.698734444574,-931.6987344445743,0,High,0.5224139105680151,2026,7,Monsoon
2026-07-28,Karnataka,Bengaluru,Bengaluru APMC,Rice,Fine,5800,6500,6150,5011.756206637016,1138.2437933629844,0,High,0.5224139105680151,2026,7,Monsoon
2026-07-29,Karnataka,Bengaluru,Bengaluru APMC,Rice,Medium,5400,5600,5500,4992.430484188741,507.5695158112594,0,High,0.5224139105680151,2026,7,Monsoon
2026-07-29,Karnataka,Bengaluru,Bengaluru APMC,Rice,Fine,5800,6500,6150,5080.666519472692,1069.333480527308,0,High,0.5224139105680151,2026,7,Monsoon
2026-07-30,Karnataka,Bengaluru,Bengaluru APMC,Rice,Dappa,3100,3300,3200,4625.70724101369,-1425.7072410136898,0,High,0.5224139105680151,2026,7,Monsoon
2026-07-30,Karnataka,Bengaluru,Bengaluru APMC,Rice,Fine,5800,6500,6150,5505.764713206132,644.235286793868,0,High,0.5224139105680151,2026,7,Monsoon
2026-07-30,Karnataka,Bengaluru,Bengaluru APMC,Rice,Medium,5400,5600,5500,4999.633927598352,500.3660724016481,0,High,0.5224139105680151,2026,7,Monsoon
2026-07-31,Karnataka,Bengaluru,Bengaluru APMC,Rice,Dappa,3100,3300,3200,5095.073406291915,-1895.0734062919146,0,High,0.5224139105680151,2026,7,Monsoon
2026-07-31,Karnataka,Bengaluru,Bengaluru APMC,Rice,Fine,5800,6500,6150,5407.2932234505115,742.7067765494885,0,High,0.5224139105680151,2026,7,Monsoon
2026-07-31,Karnataka,Bengaluru,Bengaluru APMC,Rice,Medium,5400,5600,5500,5006.837371007963,493.16262899203684,0,High,0.5224139105680151,2026,7,Monsoon
2026-08-01,Karnataka,Bengaluru,Bengaluru APMC,Rice,Medium,5400,5600,5500,4986.69699390085,513.3030060991496,0,High,0.5224139105680151,2026,8,Monsoon
2026-08-01,Karnataka,Bengaluru,Bengaluru APMC,Rice,Dappa,3100,3300,3200,4986.69699390085,-1786.6969939008504,0,High,0.5224139105680151,2026,8,Monsoon
2026-08-03,Karnataka,Bengaluru,Bengaluru APMC,Rice,Medium,5400,5600,5500,5157.224660846161,342.775339153839,0,High,0.5224139105680151,2026,8,Monsoon
2026-08-03,Karnataka,Bengaluru,Bengaluru APMC,Rice,Dappa,3100,3300,3200,4471.078157102902,-1271.078157102902,0,High,0.5224139105680151,2026,8,Monsoon
2026-08-03,Karnataka,Bengaluru,Bengaluru APMC,Rice,Fine,5800,6500,6150,5262.899594011393,887.1004059886072,0,High,0.5224139105680151,2026,8,Monsoon
2026-08-04,Karnataka,Bengaluru,Bengaluru APMC,Rice,Dappa,3000,3100,3050,4365.659042190431,-1315.6590421904311,0,High,0.5224139105680151,2026,8,Monsoon
2026-08-04,Karnataka,Bengaluru,Bengaluru APMC,Rice,Medium,5000,6000,5500,4786.477056621585,713.5229433784152,0,High,0.5224139105680151,2026,8,Monsoon
2026-08-05,Karnataka,Bengaluru,Bengaluru APMC,Rice,Medium,5000,6000,5500,4461.098520883994,1038.9014791160062,0,High,0.5224139105680151,2026,8,Monsoon
2026-08-05,Karnataka,Bengaluru,Bengaluru APMC,Rice,Dappa,3000,3100,3050,4436.711997845865,-1386.711997845865,0,High,0.5224139105680151,2026,8,Monsoon
2026-08-06,Karnataka,Bengaluru,Bengaluru APMC,Rice,Medium,5000,6000,5500,4776.497420402677,723.5025795973233,0,High,0.5224139105680151,2026,8,Monsoon
2026-08-07,Karnataka,Bengaluru,Bengaluru APMC,Rice,Medium,5000,6000,5500,4825.045571249748,674.9544287502522,0,High,0.5224139105680151,2026,8,Monsoon
2026-08-07,Karnataka,Bengaluru,Bengaluru APMC,Rice,Dappa,3000,3100,3050,4321.057428461725,-1271.057428461725,0,High,0.5224139105680151,2026,8,Monsoon
2026-04-27,Karnataka,Belagavi,Gokak APMC,Rice,Sona,5358,6125,5685,5659.663493346105,25.336506653895412,0,High,0.5224139105680151,2026,4,Summer
2026-05-04,Karnataka,Belagavi,Gokak APMC,Rice,Sona,5470,5470,5470,5572.782842098135,-102.782842098135,0,High,0.5224139105680151,2026,5,Summer
2026-05-14,Karnataka,Belagavi,Gokak APMC,Rice,Sona,5740,5740,5740,5667.67790033792,72.32209966208029,0,High,0.5224139105680151,2026,5,Summer
2026-05-25,Karnataka,Belagavi,Gokak APMC,Rice,Sona Mansoori Non Basmati,3950,5580,5425,5564.178678293867,-139.17867829386705,0,High,0.5224139105680151,2026,5,Summer
2026-06-06,Karnataka,Belagavi,Gokak APMC,Rice,Sona Mansoori Non Basmati,5500,5815,5500,5636.416252966954,-136.41625296695383,0,High,0.5224139105680151,2026,6,Monsoon
2026-06-16,Karnataka,Belagavi,Gokak APMC,Rice,Sona,5865,5865,5865,5645.381560309195,219.61843969080473,0,High,0.5224139105680151,2026,6,Monsoon
2026-06-30,Karnataka,Belagavi,Gokak APMC,Rice,Sona,6200,7600,6200,5693.379724956114,506.62027504388607,0,High,0.5224139105680151,2026,6,Monsoon
2026-07-08,Karnataka,Belagavi,Gokak APMC,Rice,Sona,6370,6390,6370,5756.567872496524,613.4321275034763,0,High,0.5224139105680151,2026,7,Monsoon
2026-08-05,Karnataka,Belagavi,Gokak APMC,Rice,Sona Mansoori Non Basmati,3835,5000,3835,5457.772731825042,-1622.7727318250418,0,High,0.5224139105680151,2026,8,Monsoon
2026-05-05,Karnataka,Mysuru,Hunsur APMC,Rice,Broken Rice,2200,2200,2200,2060.3569084394016,139.64309156059835,0,High,0.5224139105680151,2026,5,Summer
2026-06-06,Karnataka,Mysuru,Hunsur APMC,Rice,Broken Rice,2200,2200,2200,2114.740591023481,85.2594089765189,0,High,0.5224139105680151,2026,6,Monsoon
2026-06-18,Karnataka,Mysuru,Hunsur APMC,Rice,Broken Rice,2080,2080,2080,2094.6435154953615,-14.643515495361498,0,High,0.5224139105680151,2026,6,Monsoon
2026-07-01,Karnataka,Mysuru,Hunsur APMC,Rice,Broken Rice,2200,2200,2200,2117.723671618557,82.27632838144291,0,High,0.5224139105680151,2026,7,Monsoon
2026-04-03,Karnataka,Mysuru,Mysuru APMC,Rice,Fine,3430,3430,3430,3010.9318792901163,419.0681207098837,0,High,0.5224139105680151,2026,4,Summer
2026-04-04,Karnataka,Mysuru,Mysuru APMC,Rice,Fine,2400,2400,2400,2682.9519980391797,-282.95199803917967,0,High,0.5224139105680151,2026,4,Summer
2026-04-04,Karnataka,Mysuru,Mysuru APMC,Rice,Basmati,9464,9464,9464,4734.86525617396,4729.13474382604,1,High,0.5224139105680151,2026,4,Summer
2026-04-05,Karnataka,Mysuru,Mysuru APMC,Rice,Fine,6850,6850,6850,4335.436333752452,2514.563666247548,0,High,0.5224139105680151,2026,4,Summer
2026-04-07,Karnataka,Mysuru,Mysuru APMC,Rice,Fine,3600,3600,3600,4406.019760218991,-806.019760218991,0,High,0.5224139105680151,2026,4,Summer
2026-04-08,Karnataka,Mysuru,Mysuru APMC,Rice,Fine,3600,7290,6352,5124.497670764005,1227.5023292359947,0,High,0.5224139105680151,2026,4,Summer
2026-04-09,Karnataka,Mysuru,Mysuru APMC,Rice,Fine,2100,7185,2400,4758.123315556024,-2358.123315556024,0,High,0.5224139105680151,2026,4,Summer
2026-04-09,Karnataka,Mysuru,Mysuru APMC,Rice,Basmati,10824,10824,10824,6496.69141904201,4327.30858095799,1,High,0.5224139105680151,2026,4,Summer
2026-04-10,Karnataka,Mysuru,Mysuru APMC,Rice,Fine,2100,2100,2100,5311.582799095349,-3211.5827990953494,0,High,0.5224139105680151,2026,4,Summer
2026-04-13,Karnataka,Mysuru,Mysuru APMC,Rice,Fine,7160,7160,7160,6092.455372848448,1067.544627151552,0,High,0.5224139105680151,2026,4,Summer
2026-04-15,Karnataka,Mysuru,Mysuru APMC,Rice,Basmati,11659,15298,11659,6201.810590521207,5457.189409478793,1,High,0.5224139105680151,2026,4,Summer
2026-04-15,Karnataka,Mysuru,Mysuru APMC,Rice,Fine,3550,7380,3686,5605.0630851515325,-1919.0630851515325,0,High,0.5224139105680151,2026,4,Summer
2026-04-16,Karnataka,Mysuru,Mysuru APMC,Rice,Fine,2400,3900,2400,6052.07971848415,-3652.0797184841504,0,High,0.5224139105680151,2026,4,Summer
2026-04-17,Karnataka,Mysuru,Mysuru APMC,Rice,Fine,7696,7696,7696,7094.861604075642,601.1383959243576,0,High,0.5224139105680151,2026,4,Summer
2026-04-17,Karnataka,Mysuru,Mysuru APMC,Rice,Basmati,15295,15295,15295,7102.822501487855,8192.177498512145,1,High,0.5224139105680151,2026,4,Summer
2026-04-18,Karnataka,Mysuru,Mysuru APMC,Rice,Fine,1990,1990,1990,6060.595368326816,-4070.5953683268162,0,High,0.5224139105680151,2026,4,Summer
2026-04-20,Karnataka,Mysuru,Mysuru APMC,Rice,Fine,2400,2400,2400,7056.8362552579565,-4656.8362552579565,0,High,0.5224139105680151,2026,4,Summer
2026-04-21,Karnataka,Mysuru,Mysuru APMC,Rice,Fine,1990,7390,2400,5503.084343831737,-3103.084343831737,0,High,0.5224139105680151,2026,4,Summer
2026-04-22,Karnataka,Mysuru,Mysuru APMC,Rice,Fine,2400,7540,2400,5301.213996394445,-2901.2139963944446,0,High,0.5224139105680151,2026,4,Summer
2026-04-22,Karnataka,Mysuru,Mysuru APMC,Rice,Basmati,9960,9966,9966,6531.2702184377285,3434.7297815622715,1,High,0.5224139105680151,2026,4,Summer
2026-04-24,Karnataka,Mysuru,Mysuru APMC,Rice,Fine,2400,2400,2400,4657.602814485508,-2257.602814485508,0,High,0.5224139105680151,2026,4,Summer
2026-04-25,Karnataka,Mysuru,Mysuru APMC,Rice,Fine,2400,2400,2400,3595.4456114223944,-1195.4456114223944,0,High,0.5224139105680151,2026,4,Summer
2026-04-26,Karnataka,Mysuru,Mysuru APMC,Rice,Fine,1990,6700,1990,3602.6490548320057,-1612.6490548320057,0,High,0.5224139105680151,2026,4,Summer
2026-04-27,Karnataka,Mysuru,Mysuru APMC,Rice,Fine,1990,2400,1990,3548.428474172302,-1558.4284741723018,0,High,0.5224139105680151,2026,4,Summer
2026-04-27,Karnataka,Mysuru,Mysuru APMC,Rice,Broken Rice,2500,2500,2500,3564.6861561977216,-1064.6861561977216,0,High,0.5224139105680151,2026,4,Summer
2026-04-28,Karnataka,Mysuru,Mysuru APMC,Rice,Fine,1990,1990,1990,3436.0017525418566,-1446.0017525418566,0,High,0.5224139105680151,2026,4,Summer
2026-04-29,Karnataka,Mysuru,Mysuru APMC,Rice,Fine,1990,1990,1990,2215.723828365215,-225.723828365215,0,High,0.5224139105680151,2026,4,Summer
2026-04-30,Karnataka,Mysuru,Mysuru APMC,Rice,Fine,1990,2400,1990,2156.2707754706043,-166.27077547060435,0,High,0.5224139105680151,2026,4,Summer
2026-05-02,Karnataka,Mysuru,Mysuru APMC,Rice,Fine,1990,2400,1990,2094.116243350159,-104.11624335015904,0,High,0.5224139105680151,2026,5,Summer
2026-05-04,Karnataka,Mysuru,Mysuru APMC,Rice,Fine,2400,2400,2400,2124.755522606327,275.24447739367315,0,High,0.5224139105680151,2026,5,Summer
2026-05-07,Karnataka,Mysuru,Mysuru APMC,Rice,Fine,6000,6000,6000,2742.64232595232,3257.35767404768,0,High,0.5224139105680151,2026,5,Summer
2026-05-14,Karnataka,Mysuru,Mysuru APMC,Rice,Fine,4900,4900,4900,2644.134806835902,2255.865193164098,0,High,0.5224139105680151,2026,5,Summer
2026-05-19,Karnataka,Mysuru,Mysuru APMC,Rice,Broken Rice,2470,2470,2470,2857.08731498846,-387.0873149884601,0,High,0.5224139105680151,2026,5,Summer
2026-05-19,Karnataka,Mysuru,Mysuru APMC,Rice,Fine,2400,6900,2400,3253.6108355080705,-853.6108355080705,0,High,0.5224139105680151,2026,5,Summer
2026-05-20,Karnataka,Mysuru,Mysuru APMC,Rice,Fine,7750,7750,7750,4206.759105843226,3543.2408941567737,0,High,0.5224139105680151,2026,5,Summer
2026-05-23,Karnataka,Mysuru,Mysuru APMC,Rice,Fine,2400,2400,2400,3568.775488116066,-1168.7754881160658,0,High,0.5224139105680151,2026,5,Summer
2026-05-26,Karnataka,Mysuru,Mysuru APMC,Rice,Fine,2400,2400,2400,4266.212158737837,-1866.212158737837,0,High,0.5224139105680151,2026,5,Summer
2026-05-27,Karnataka,Mysuru,Mysuru APMC,Rice,Fine,3600,7290,7290,4483.139700275367,2806.8602997246326,0,High,0.5224139105680151,2026,5,Summer
2026-05-29,Karnataka,Mysuru,Mysuru APMC,Rice,Fine,2300,2300,2300,3411.0403736051717,-1111.0403736051717,0,High,0.5224139105680151,2026,5,Summer
2026-05-30,Karnataka,Mysuru,Mysuru APMC,Rice,Fine,2320,7750,2400,4084.244695084555,-1684.2446950845551,0,High,0.5224139105680151,2026,5,Summer
2026-05-30,Karnataka,Mysuru,Mysuru APMC,Rice,Fine,2320,8000,5500,4574.658063213508,925.3419367864917,0,High,0.5224139105680151,2026,5,Summer
2026-05-31,Karnataka,Mysuru,Mysuru APMC,Rice,Fine,7000,7000,7000,4039.1108770013157,2960.8891229986843,0,High,0.5224139105680151,2026,5,Summer
2026-06-01,Karnataka,Mysuru,Mysuru APMC,Rice,Broken Rice,2400,2400,2400,3801.6609424914795,-1401.6609424914795,0,High,0.5224139105680151,2026,6,Monsoon
2026-06-02,Karnataka,Mysuru,Mysuru APMC,Rice,Fine,3650,7750,3700,4644.653886548747,-944.6538865487473,0,High,0.5224139105680151,2026,6,Monsoon
2026-06-02,Karnataka,Mysuru,Mysuru APMC,Rice,Basmati,12414,12414,12414,5301.225442963369,7112.774557036631,1,High,0.5224139105680151,2026,6,Monsoon
2026-06-04,Karnataka,Mysuru,Mysuru APMC,Rice,Fine,3831,3831,3831,4381.631577800459,-550.6315778004591,0,High,0.5224139105680151,2026,6,Monsoon
2026-06-08,Karnataka,Mysuru,Mysuru APMC,Rice,Broken Rice,2530,2595,2530,5546.279143192605,-3016.2791431926053,0,High,0.5224139105680151,2026,6,Monsoon
2026-06-08,Karnataka,Mysuru,Mysuru APMC,Rice,Basmati,15449,15449,15449,7340.363746216144,8108.636253783856,1,High,0.5224139105680151,2026,6,Monsoon
2026-06-10,Karnataka,Mysuru,Mysuru APMC,Rice,Basmati,15448,15448,15448,6974.494472337672,8473.505527662328,1,High,0.5224139105680151,2026,6,Monsoon
2026-06-10,Karnataka,Mysuru,Mysuru APMC,Rice,Fine,3600,7470,6638,7663.630784321565,-1025.6307843215654,0,High,0.5224139105680151,2026,6,Monsoon
2026-06-11,Karnataka,Mysuru,Mysuru APMC,Rice,Fine,2400,2400,2400,8655.422008864736,-6255.422008864736,0,High,0.5224139105680151,2026,6,Monsoon
2026-06-12,Karnataka,Mysuru,Mysuru APMC,Rice,Fine,2400,2400,2400,7609.880124300142,-5209.880124300142,0,High,0.5224139105680151,2026,6,Monsoon
2026-06-14,Karnataka,Mysuru,Mysuru APMC,Rice,Fine,7200,7200,7200,8172.008318555767,-972.0083185557669,0,High,0.5224139105680151,2026,6,Monsoon
2026-06-15,Karnataka,Mysuru,Mysuru APMC,Rice,Broken Rice,2510,2595,2510,7473.946938057681,-4963.946938057681,0,High,0.5224139105680151,2026,6,Monsoon
2026-06-15,Karnataka,Mysuru,Mysuru APMC,Rice,Fine,5000,5000,5000,6411.838674731895,-1411.8386747318946,0,High,0.5224139105680151,2026,6,Monsoon
2026-06-16,Karnataka,Mysuru,Mysuru APMC,Rice,Fine,4075,7660,7500,4788.869661750288,2711.1303382497117,0,High,0.5224139105680151,2026,6,Monsoon
2026-06-17,Karnataka,Mysuru,Mysuru APMC,Rice,Fine,2400,7690,2400,3767.7031744458586,-1367.7031744458586,0,High,0.5224139105680151,2026,6,Monsoon
2026-06-18,Karnataka,Mysuru,Mysuru APMC,Rice,Fine,1990,2400,2400,4467.220125468011,-2067.2201254680112,0,High,0.5224139105680151,2026,6,Monsoon
2026-06-18,Karnataka,Mysuru,Mysuru APMC,Rice,Broken Rice,2600,2600,2600,4499.735489518853,-1899.7354895188528,0,High,0.5224139105680151,2026,6,Monsoon
2026-06-19,Karnataka,Mysuru,Mysuru APMC,Rice,Fine,3430,3430,3430,3866.874771251988,-436.874771251988,0,High,0.5224139105680151,2026,6,Monsoon
2026-06-22,Karnataka,Mysuru,Mysuru APMC,Rice,Fine,2400,2400,2400,3707.506917715304,-1307.506917715304,0,High,0.5224139105680151,2026,6,Monsoon
2026-06-23,Karnataka,Mysuru,Mysuru APMC,Rice,Basmati,9326,9326,9326,4557.837864533003,4768.162135466997,1,High,0.5224139105680151,2026,6,Monsoon
2026-06-23,Karnataka,Mysuru,Mysuru APMC,Rice,Fine,2400,7575,3350,2942.955167590919,407.0448324090812,0,High,0.5224139105680151,2026,6,Monsoon
2026-06-24,Karnataka,Mysuru,Mysuru APMC,Rice,Fine,3700,8120,3700,3972.737010956983,-272.7370109569829,0,High,0.5224139105680151,2026,6,Monsoon
2026-06-25,Karnataka,Mysuru,Mysuru APMC,Rice,Fine,1990,7250,4671,4301.640701857141,369.3592981428592,0,High,0.5224139105680151,2026,6,Monsoon
2026-06-26,Karnataka,Mysuru,Mysuru APMC,Rice,Fine,3430,3430,3430,4311.971844138174,-881.9718441381738,0,High,0.5224139105680151,2026,6,Monsoon
2026-06-29,Karnataka,Mysuru,Mysuru APMC,Rice,Fine,2300,2400,2300,4267.909217131535,-1967.9092171315351,0,High,0.5224139105680151,2026,6,Monsoon
2026-06-29,Karnataka,Mysuru,Mysuru APMC,Rice,Broken Rice,2555,2555,2555,4446.503577918422,-1891.5035779184218,0,High,0.5224139105680151,2026,6,Monsoon
2026-07-01,Karnataka,Mysuru,Mysuru APMC,Rice,Basmati,11020,13338,13114,5032.230861844484,8081.769138155516,1,High,0.5224139105680151,2026,7,Monsoon
2026-07-01,Karnataka,Mysuru,Mysuru APMC,Rice,Fine,3831,7600,3831,3677.06985613561,153.93014386439017,0,High,0.5224139105680151,2026,7,Monsoon
2026-07-02,Karnataka,Mysuru,Mysuru APMC,Rice,Broken Rice,2510,2540,2510,4750.953215044141,-2240.953215044141,0,High,0.5224139105680151,2026,7,Monsoon
2026-07-03,Karnataka,Mysuru,Mysuru APMC,Rice,Fine,3200,7815,4950,4982.838364550982,-32.83836455098208,0,High,0.5224139105680151,2026,7,Monsoon
2026-07-04,Karnataka,Mysuru,Mysuru APMC,Rice,Fine,3430,3430,3430,4658.817306279298,-1228.8173062792976,0,High,0.5224139105680151,2026,7,Monsoon
2026-07-06,Karnataka,Mysuru,Mysuru APMC,Rice,Fine,2400,8065,2400,4845.394346074518,-2445.3943460745177,0,High,0.5224139105680151,2026,7,Monsoon
2026-07-07,Karnataka,Mysuru,Mysuru APMC,Rice,Basmati,11022,11022,11022,6368.955905564864,4653.044094435136,1,High,0.5224139105680151,2026,7,Monsoon
2026-07-07,Karnataka,Mysuru,Mysuru APMC,Rice,Fine,2400,8223,2400,3456.690782256386,-1056.6907822563858,0,High,0.5224139105680151,2026,7,Monsoon
2026-07-08,Karnataka,Mysuru,Mysuru APMC,Rice,Fine,3831,8340,4138,4684.222380589004,-546.2223805890044,0,High,0.5224139105680151,2026,7,Monsoon
2026-07-10,Karnataka,Mysuru,Mysuru APMC,Rice,Fine,4075,4075,4075,4717.132407531424,-642.1324075314242,0,High,0.5224139105680151,2026,7,Monsoon
2026-07-10,Karnataka,Mysuru,Mysuru APMC,Rice,Basmati,11198,11198,11198,5741.464488514886,5456.535511485114,1,High,0.5224139105680151,2026,7,Monsoon
2026-07-12,Karnataka,Mysuru,Mysuru APMC,Rice,Fine,2400,7100,2400,4621.486051506763,-2221.486051506763,0,High,0.5224139105680151,2026,7,Monsoon
2026-07-13,Karnataka,Mysuru,Mysuru APMC,Rice,Basmati,15474,15474,15474,7898.10341355745,7575.89658644255,1,High,0.5224139105680151,2026,7,Monsoon
2026-07-13,Karnataka,Mysuru,Mysuru APMC,Rice,Fine,3400,8440,3400,4884.17685065319,-1484.1768506531898,0,High,0.5224139105680151,2026,7,Monsoon
2026-07-14,Karnataka,Mysuru,Mysuru APMC,Rice,Fine,2400,8120,2400,6530.398586398849,-4130.398586398849,0,High,0.5224139105680151,2026,7,Monsoon
2026-07-14,Karnataka,Mysuru,Mysuru APMC,Rice,Basmati,11327,11327,11327,7834.911093796993,3492.0889062030074,1,High,0.5224139105680151,2026,7,Monsoon
2026-07-15,Karnataka,Mysuru,Mysuru APMC,Rice,Basmati,15471,15471,15471,8483.019847008349,6987.980152991651,1,High,0.5224139105680151,2026,7,Monsoon
2026-07-15,Karnataka,Mysuru,Mysuru APMC,Rice,Fine,2400,8440,7450,7311.1432628237635,138.8567371762365,0,High,0.5224139105680151,2026,7,Monsoon
2026-07-16,Karnataka,Mysuru,Mysuru APMC,Rice,Fine,2400,4075,2400,8407.179381637337,-6007.179381637337,0,High,0.5224139105680151,2026,7,Monsoon
2026-07-17,Karnataka,Mysuru,Mysuru APMC,Rice,Fine,4950,4950,4950,7388.950488974744,-2438.950488974744,0,High,0.5224139105680151,2026,7,Monsoon
2026-07-20,Karnataka,Mysuru,Mysuru APMC,Rice,Broken Rice,2690,2690,2690,6898.550419149546,-4208.550419149546,0,High,0.5224139105680151,2026,7,Monsoon
2026-07-21,Karnataka,Mysuru,Mysuru APMC,Rice,Fine,2400,8180,2400,7212.543769854126,-4812.543769854126,0,High,0.5224139105680151,2026,7,Monsoon
2026-07-21,Karnataka,Mysuru,Mysuru APMC,Rice,Broken Rice,2670,2690,2690,5847.734619829895,-3157.7346198298947,0,High,0.5224139105680151,2026,7,Monsoon
2026-07-22,Karnataka,Mysuru,Mysuru APMC,Rice,Fine,3800,8743,3831,3923.177028969307,-92.17702896930678,0,High,0.5224139105680151,2026,7,Monsoon
2026-07-22,Karnataka,Mysuru,Mysuru APMC,Rice,Basmati,9600,9600,9600,4117.829013655855,5482.170986344145,1,High,0.5224139105680151,2026,7,Monsoon
2026-07-23,Karnataka,Mysuru,Mysuru APMC,Rice,Broken Rice,2985,2985,2985,3437.0111468324562,-452.01114683245623,0,High,0.5224139105680151,2026,7,Monsoon
2026-07-23,Karnataka,Mysuru,Mysuru APMC,Rice,Fine,8065,8065,8065,4841.409285621738,3223.5907143782624,1,High,0.5224139105680151,2026,7,Monsoon
2026-07-24,Karnataka,Mysuru,Mysuru APMC,Rice,Fine,6550,8040,6550,4786.560702531835,1763.439297468165,0,High,0.5224139105680151,2026,7,Monsoon
2026-07-24,Karnataka,Mysuru,Mysuru APMC,Rice,Basmati,9400,9400,9400,6130.256280396145,3269.7437196038554,1,High,0.5224139105680151,2026,7,Monsoon
2026-07-25,Karnataka,Mysuru,Mysuru APMC,Rice,Broken Rice,2650,2650,2650,5744.075573212109,-3094.075573212109,0,High,0.5224139105680151,2026,7,Monsoon
2026-07-26,Karnataka,Mysuru,Mysuru APMC,Rice,Broken Rice,2300,2300,2300,6418.671194299726,-4118.671194299726,0,High,0.5224139105680151,2026,7,Monsoon
2026-07-27,Karnataka,Mysuru,Mysuru APMC,Rice,Fine,8065,8414,8065,6173.406826058605,1891.5931739413954,1,High,0.5224139105680151,2026,7,Monsoon
2026-07-28,Karnataka,Mysuru,Mysuru APMC,Rice,Fine,2400,8000,2400,5302.917070524154,-2902.917070524154,0,High,0.5224139105680151,2026,7,Monsoon
2026-07-28,Karnataka,Mysuru,Mysuru APMC,Rice,Broken Rice,2690,2690,2690,5198.077646094109,-2508.077646094109,0,High,0.5224139105680151,2026,7,Monsoon
2026-07-31,Karnataka,Mysuru,Mysuru APMC,Rice,Fine,2500,2500,2500,4521.885007782126,-2021.8850077821262,0,High,0.5224139105680151,2026,7,Monsoon
2026-08-01,Karnataka,Mysuru,Mysuru APMC,Rice,Broken Rice,2695,2700,2695,3454.8980206041083,-759.8980206041083,0,High,0.5224139105680151,2026,8,Monsoon
2026-08-03,Karnataka,Mysuru,Mysuru APMC,Rice,Fine,2500,8230,2500,3368.0234699327375,-868.0234699327375,0,High,0.5224139105680151,2026,8,Monsoon
2026-08-04,Karnataka,Mysuru,Mysuru APMC,Rice,Fine,3831,8180,6965,4160.118590413382,2804.8814095866182,0,High,0.5224139105680151,2026,8,Monsoon
2026-08-05,Karnataka,Mysuru,Mysuru APMC,Rice,Basmati,10500,10500,10500,3957.0829026145198,6542.91709738548,1,High,0.5224139105680151,2026,8,Monsoon
2026-08-06,Karnataka,Mysuru,Mysuru APMC,Rice,Broken Rice,2920,2920,2920,3568.958008358209,-648.9580083582091,0,High,0.5224139105680151,2026,8,Monsoon
2026-08-06,Karnataka,Mysuru,Mysuru APMC,Rice,Fine,2300,8365,2400,4550.778649641958,-2150.7786496419576,0,High,0.5224139105680151,2026,8,Monsoon
2026-06-12,Karnataka,Mysuru,Nanjangud APMC,Rice,Medium,2650,2650,2650,2558.1722551728553,91.82774482714467,0,High,0.5224139105680151,2026,6,Monsoon
2026-07-17,Karnataka,Belagavi,Nippani APMC,Rice,Medium,2320,2320,2320,2346.2314907310893,-26.231490731089252,0,High,0.5224139105680151,2026,7,Monsoon
2026-04-09,Karnataka,Belagavi,Sankeshwar APMC,Rice,Other,2400,2400,2400,2408.9775680156795,-8.97756801567948,0,High,0.5224139105680151,2026,4,Summer
2026-04-16,Karnataka,Belagavi,Sankeshwar APMC,Rice,Other,2520,2520,2520,2457.195338205483,62.80466179451696,0,High,0.5224139105680151,2026,4,Summer
2026-04-18,Karnataka,Belagavi,Sankeshwar APMC,Rice,Other,2540,2550,2550,2491.3503572568366,58.64964274316344,0,High,0.5224139105680151,2026,4,Summer
2026-05-04,Karnataka,Belagavi,Sankeshwar APMC,Rice,Other,2450,2480,2480,2447.0459738845125,32.95402611548752,0,High,0.5224139105680151,2026,5,Summer
2026-05-12,Karnataka,Belagavi,Sankeshwar APMC,Rice,Other,2450,2460,2460,2463.7517595554723,-3.7517595554722902,0,High,0.5224139105680151,2026,5,Summer
2026-05-26,Karnataka,Belagavi,Sankeshwar APMC,Rice,Other,2380,2400,2400,2456.712105272035,-56.71210527203493,0,High,0.5224139105680151,2026,5,Summer
2026-06-20,Karnataka,Belagavi,Sankeshwar APMC,Rice,Other,2525,2550,2550,2535.578453590633,14.421546409366783,0,High,0.5224139105680151,2026,6,Monsoon
2026-06-29,Karnataka,Belagavi,Sankeshwar APMC,Rice,Other,2540,2550,2550,2503.585597592104,46.41440240789598,0,High,0.5224139105680151,2026,6,Monsoon
2026-04-30,Karnataka,Mysuru,Santhesargur APMC,Rice,Broken Rice,2350,2350,2350,2408.290561541404,-58.290561541403804,0,High,0.5224139105680151,2026,4,Summer
2026-06-30,Karnataka,Mysuru,Santhesargur APMC,Rice,IR 20,2580,2720,2620,2490.941225747228,129.05877425277185,0,High,0.5224139105680151,2026,6,Monsoon
2026-06-30,Karnataka,Mysuru,Santhesargur APMC,Rice,Broken Rice,2380,2630,2630,2499.8108438389163,130.1891561610837,0,High,0.5224139105680151,2026,6,Monsoon
2026-07-21,Karnataka,Mysuru,Santhesargur APMC,Rice,IR 20,2650,2880,2650,2520.4135005073886,129.58649949261144,0,High,0.5224139105680151,2026,7,Monsoon
2026-07-21,Karnataka,Mysuru,Santhesargur APMC,Rice,Broken Rice,2600,2800,2600,2529.4582689072945,70.5417310927055,0,High,0.5224139105680151,2026,7,Monsoon
2026-07-28,Karnataka,Mysuru,Santhesargur APMC,Rice,IR 20,2940,3100,2940,2599.9215775030584,340.0784224969416,0,High,0.5224139105680151,2026,7,Monsoon
2026-07-28,Karnataka,Mysuru,Santhesargur APMC,Rice,Broken Rice,2600,2600,2600,2579.7796349028945,20.220365097105514,0,High,0.5224139105680151,2026,7,Monsoon
2026-07-30,Karnataka,Mysuru,Santhesargur APMC,Rice,IR 20,2920,2930,2920,2733.009543107847,186.9904568921529,0,High,0.5224139105680151,2026,7,Monsoon
2026-07-31,Karnataka,Mysuru,Santhesargur APMC,Rice,Broken Rice,2600,2600,2600,2693.522171203352,-93.52217120335217,0,High,0.5224139105680151,2026,7,Monsoon
2026-07-31,Karnataka,Mysuru,Santhesargur APMC,Rice,Coarse,2920,2920,2920,2784.1087279860926,135.89127201390738,0,High,0.5224139105680151,2026,7,Monsoon
2026-08-03,Karnataka,Mysuru,Santhesargur APMC,Rice,Coarse,2950,2950,2950,2750.723798879442,199.2762011205582,0,High,0.5224139105680151,2026,8,Monsoon
2026-08-05,Karnataka,Mysuru,Santhesargur APMC,Rice,IR 20,2920,2920,2920,2813.082835782287,106.91716421771298,0,High,0.5224139105680151,2026,8,Monsoon
2026-04-28,Karnataka,Belagavi,Soundati APMC,Rice,Other,2450,2450,2450,2466.854926099363,-16.854926099363183,0,High,0.5224139105680151,2026,4,Summer
2026-04-30,Karnataka,Belagavi,Soundati APMC,Rice,Other,2450,2450,2450,2481.2618129185853,-31.261812918585292,0,High,0.5224139105680151,2026,4,Summer
2026-05-01,Karnataka,Belagavi,Soundati APMC,Rice,Other,2430,2430,2430,2472.8701449838545,-42.870144983854516,0,High,0.5224139105680151,2026,5,Summer
2026-05-03,Karnataka,Belagavi,Soundati APMC,Rice,Other,2430,2430,2430,2486.5778735095523,-56.57787350955232,0,High,0.5224139105680151,2026,5,Summer
2026-05-06,Karnataka,Belagavi,Soundati APMC,Rice,Other,2430,2430,2430,2455.488024387549,-25.488024387549103,0,High,0.5224139105680151,2026,5,Summer
2026-05-09,Karnataka,Belagavi,Soundati APMC,Rice,Other,2430,2430,2430,2475.4725864138404,-45.47258641384042,0,High,0.5224139105680151,2026,5,Summer
2026-05-14,Karnataka,Belagavi,Soundati APMC,Rice,Other,2400,2400,2400,2452.936858581909,-52.93685858190884,0,High,0.5224139105680151,2026,5,Summer
2026-05-16,Karnataka,Belagavi,Soundati APMC,Rice,Other,2450,2450,2450,2471.416177798852,-21.416177798852004,0,High,0.5224139105680151,2026,5,Summer
2026-05-17,Karnataka,Belagavi,Soundati APMC,Rice,Other,2450,2450,2450,2471.8322338789285,-21.83223387892849,0,High,0.5224139105680151,2026,5,Summer
2026-05-20,Karnataka,Belagavi,Soundati APMC,Rice,Other,2450,2450,2450,2446.2699966455675,3.7300033544324833,0,High,0.5224139105680151,2026,5,Summer
2026-05-22,Karnataka,Belagavi,Soundati APMC,Rice,Other,2450,2450,2450,2463.928419869874,-13.928419869873778,0,High,0.5224139105680151,2026,5,Summer
2026-05-24,Karnataka,Belagavi,Soundati APMC,Rice,Other,2430,2430,2430,2478.335306689096,-48.33530668909589,0,High,0.5224139105680151,2026,5,Summer
2026-05-26,Karnataka,Belagavi,Soundati APMC,Rice,Other,2430,2430,2430,2445.0330445728546,-15.033044572854578,0,High,0.5224139105680151,2026,5,Summer
2026-05-28,Karnataka,Belagavi,Soundati APMC,Rice,Other,2430,2430,2430,2464.317235999703,-34.317235999702916,0,High,0.5224139105680151,2026,5,Summer
2026-05-31,Karnataka,Belagavi,Soundati APMC,Rice,Other,2430,2430,2430,2482.6760298234512,-52.676029823451245,0,High,0.5224139105680151,2026,5,Summer
2026-06-06,Karnataka,Belagavi,Soundati APMC,Rice,Other,2430,2430,2430,2481.6133958426294,-51.613395842629416,0,High,0.5224139105680151,2026,6,Monsoon
2026-06-14,Karnataka,Belagavi,Soundati APMC,Rice,Other,2500,2500,2500,2496.94568026495,3.0543197350498303,0,High,0.5224139105680151,2026,6,Monsoon
2026-06-16,Karnataka,Belagavi,Soundati APMC,Rice,Other,2500,2500,2500,2459.5549619682565,40.44503803174348,0,High,0.5224139105680151,2026,6,Monsoon
2026-06-18,Karnataka,Belagavi,Soundati APMC,Rice,Other,2525,2525,2525,2489.4066467116277,35.59335328837233,0,High,0.5224139105680151,2026,6,Monsoon
2026-06-22,Karnataka,Belagavi,Soundati APMC,Rice,Other,2550,2550,2550,2483.9118412485313,66.08815875146865,0,High,0.5224139105680151,2026,6,Monsoon
2026-06-24,Karnataka,Belagavi,Soundati APMC,Rice,Other,2550,2550,2550,2514.4342528334896,35.56574716651039,0,High,0.5224139105680151,2026,6,Monsoon
2026-06-30,Karnataka,Belagavi,Soundati APMC,Rice,Other,2550,2550,2550,2526.740027854383,23.259972145617212,0,High,0.5224139105680151,2026,6,Monsoon
2026-07-01,Karnataka,Belagavi,Soundati APMC,Rice,Other,2570,2570,2570,2546.7993034641377,23.200696535862335,0,High,0.5224139105680151,2026,7,Monsoon
2026-07-04,Karnataka,Belagavi,Soundati APMC,Rice,Other,2570,2570,2570,2577.0750561789514,-7.0750561789513995,0,High,0.5224139105680151,2026,7,Monsoon
2026-07-06,Karnataka,Belagavi,Soundati APMC,Rice,Other,2590,2590,2590,2555.6897529537737,34.31024704622632,0,High,0.5224139105680151,2026,7,Monsoon
2026-07-08,Karnataka,Belagavi,Soundati APMC,Rice,Other,2600,2600,2600,2579.574946360247,20.42505363975306,0,High,0.5224139105680151,2026,7,Monsoon
2026-07-13,Karnataka,Belagavi,Soundati APMC,Rice,Other,2625,2625,2625,2576.003843594183,48.996156405817146,0,High,0.5224139105680151,2026,7,Monsoon
2026-07-15,Karnataka,Belagavi,Soundati APMC,Rice,Other,2650,2650,2650,2603.274718774058,46.725281225942126,0,High,0.5224139105680151,2026,7,Monsoon
2026-07-17,Karnataka,Belagavi,Soundati APMC,Rice,Other,2700,2700,2700,2638.674434966643,61.32556503335718,0,High,0.5224139105680151,2026,7,Monsoon
2026-07-20,Karnataka,Belagavi,Soundati APMC,Rice,Other,2700,2700,2700,2624.2082606317094,75.79173936829056,0,High,0.5224139105680151,2026,7,Monsoon
2026-07-24,Karnataka,Belagavi,Soundati APMC,Rice,Other,2770,2770,2770,2685.5373983209943,84.46260167900573,0,High,0.5224139105680151,2026,7,Monsoon
2026-07-26,Karnataka,Belagavi,Soundati APMC,Rice,Other,2770,2770,2770,2719.705770524624,50.29422947537614,0,High,0.5224139105680151,2026,7,Monsoon
2026-07-29,Karnataka,Belagavi,Soundati APMC,Rice,Other,2700,2700,2700,2707.1496789116,-7.149678911599949,0,High,0.5224139105680151,2026,7,Monsoon
2026-08-03,Karnataka,Belagavi,Soundati APMC,Rice,Other,2700,2700,2700,2704.5334732373462,-4.533473237346243,0,High,0.5224139105680151,2026,8,Monsoon
2026-08-05,Karnataka,Belagavi,Soundati APMC,Rice,Other,2725,2725,2725,2731.133621575634,-6.133621575634152,0,High,0.5224139105680151,2026,8,Monsoon
2026-04-29,Karnataka,Mysuru,T. Narasipura APMC,Rice,Broken Rice,2100,2100,2100,2198.680631936025,-98.68063193602484,0,High,0.5224139105680151,2026,4,Summer
2026-05-10,Karnataka,Mysuru,T. Narasipura APMC,Rice,Other,5619,5619,5619,3541.7227119717604,2077.2772880282396,0,High,0.5224139105680151,2026,5,Summer
2026-05-11,Karnataka,Mysuru,T. Narasipura APMC,Rice,Broken Rice,2200,2400,2400,2753.461698421761,-353.46169842176096,0,High,0.5224139105680151,2026,5,Summer
2026-05-12,Karnataka,Mysuru,T. Narasipura APMC,Rice,Broken Rice,2200,2200,2200,2991.7092087318347,-791.7092087318347,0,High,0.5224139105680151,2026,5,Summer
2026-05-14,Karnataka,Mysuru,T. Narasipura APMC,Rice,Other,2500,2500,2500,2952.8822457081765,-452.88224570817647,0,High,0.5224139105680151,2026,5,Summer
2026-05-14,Karnataka,Mysuru,T. Narasipura APMC,Rice,Broken Rice,2300,2300,2300,2822.2258439936863,-522.2258439936863,0,High,0.5224139105680151,2026,5,Summer
2026-05-23,Karnataka,Mysuru,T. Narasipura APMC,Rice,Broken Rice,2100,2300,2300,2863.782280131047,-563.7822801310472,0,High,0.5224139105680151,2026,5,Summer
2026-05-25,Karnataka,Mysuru,T. Narasipura APMC,Rice,Broken Rice,2200,2200,2200,2844.0227451084124,-644.0227451084124,0,High,0.5224139105680151,2026,5,Summer
2026-05-27,Karnataka,Mysuru,T. Narasipura APMC,Rice,Other,5549,7900,5549,2860.62402916891,2688.37597083109,0,High,0.5224139105680151,2026,5,Summer
2026-05-30,Karnataka,Mysuru,T. Narasipura APMC,Rice,Broken Rice,2100,2100,2100,2378.8421099892457,-278.8421099892457,0,High,0.5224139105680151,2026,5,Summer
2026-06-06,Karnataka,Mysuru,T. Narasipura APMC,Rice,Broken Rice,2200,2300,2200,2856.4284338144244,-656.4284338144244,0,High,0.5224139105680151,2026,6,Monsoon
2026-06-08,Karnataka,Mysuru,T. Narasipura APMC,Rice,Broken Rice,2100,2100,2100,2741.80571400562,-641.8057140056198,0,High,0.5224139105680151,2026,6,Monsoon
2026-06-08,Karnataka,Mysuru,T. Narasipura APMC,Rice,Other,2500,2500,2500,2787.895852715529,-287.89585271552914,0,High,0.5224139105680151,2026,6,Monsoon
2026-06-12,Karnataka,Mysuru,T. Narasipura APMC,Rice,Broken Rice,2200,2300,2300,2762.4105277176955,-462.41052771769546,0,High,0.5224139105680151,2026,6,Monsoon
2026-06-15,Karnataka,Mysuru,T. Narasipura APMC,Rice,Broken Rice,2200,2200,2200,2760.74630339739,-560.74630339739,0,High,0.5224139105680151,2026,6,Monsoon
2026-06-22,Karnataka,Mysuru,T. Narasipura APMC,Rice,Other,2500,2500,2500,2278.6243531014015,221.37564689859846,0,High,0.5224139105680151,2026,6,Monsoon
2026-07-02,Karnataka,Mysuru,T. Narasipura APMC,Rice,Broken Rice,2300,2300,2300,2282.1208007684213,17.879199231578696,0,High,0.5224139105680151,2026,7,Monsoon
2026-07-04,Karnataka,Mysuru,T. Narasipura APMC,Rice,Broken Rice,2500,2500,2500,2372.4502829820426,127.54971701795739,0,High,0.5224139105680151,2026,7,Monsoon
2026-07-04,Karnataka,Mysuru,T. Narasipura APMC,Rice,Other,2600,2600,2600,2426.5891437910045,173.41085620899548,0,High,0.5224139105680151,2026,7,Monsoon
2026-07-13,Karnataka,Mysuru,T. Narasipura APMC,Rice,Broken Rice,2400,2400,2400,2360.739470058459,39.26052994154088,0,High,0.5224139105680151,2026,7,Monsoon
2026-07-14,Karnataka,Mysuru,T. Narasipura APMC,Rice,Other,2500,2500,2500,2427.6078268370497,72.39217316295026,0,High,0.5224139105680151,2026,7,Monsoon
2026-07-15,Karnataka,Mysuru,T. Narasipura APMC,Rice,Other,2550,2600,2600,2486.2672236892718,113.73277631072824,0,High,0.5224139105680151,2026,7,Monsoon
2026-07-16,Karnataka,Mysuru,T. Narasipura APMC,Rice,Other,2600,2600,2600,2496.1535744652333,103.8464255347667,0,High,0.5224139105680151,2026,7,Monsoon
2026-07-17,Karnataka,Mysuru,T. Narasipura APMC,Rice,Other,2500,2500,2500,2535.8723819256843,-35.872381925684294,0,High,0.5224139105680151,2026,7,Monsoon
2026-07-18,Karnataka,Mysuru,T. Narasipura APMC,Rice,Broken Rice,2300,2400,2400,2540.392917968945,-140.39291796894486,0,High,0.5224139105680151,2026,7,Monsoon
2026-07-19,Karnataka,Mysuru,T. Narasipura APMC,Rice,Broken Rice,2400,2400,2400,2528.6557719867856,-128.65577198678557,0,High,0.5224139105680151,2026,7,Monsoon
2026-07-22,Karnataka,Mysuru,T. Narasipura APMC,Rice,Other,2500,3530,2500,2516.099680373761,-16.099680373761203,0,High,0.5224139105680151,2026,7,Monsoon
2026-07-24,Karnataka,Mysuru,T. Narasipura APMC,Rice,Other,2500,2500,2500,2516.9317925339137,-16.931792533913722,0,High,0.5224139105680151,2026,7,Monsoon
2026-07-25,Karnataka,Mysuru,T. Narasipura APMC,Rice,Broken Rice,1800,2200,1800,2394.0737797401644,-594.0737797401644,1,High,0.5224139105680151,2026,7,Monsoon
2026-07-27,Karnataka,Mysuru,T. Narasipura APMC,Rice,Broken Rice,2400,2400,2400,2420.564621254755,-20.56462125475491,0,High,0.5224139105680151,2026,7,Monsoon
2026-07-29,Karnataka,Mysuru,T. Narasipura APMC,Rice,Broken Rice,2200,2200,2200,2304.7498140433,-104.74981404329992,0,High,0.5224139105680151,2026,7,Monsoon
2026-07-29,Karnataka,Mysuru,T. Narasipura APMC,Rice,Other,2500,3650,2500,2348.157045386859,151.84295461314105,0,High,0.5224139105680151,2026,7,Monsoon
2026-07-30,Karnataka,Mysuru,T. Narasipura APMC,Rice,Other,2500,2500,2500,2330.8938468446813,169.10615315531868,0,High,0.5224139105680151,2026,7,Monsoon
2026-08-01,Karnataka,Mysuru,T. Narasipura APMC,Rice,Other,2400,2500,2500,2335.3958110284593,164.60418897154068,0,High,0.5224139105680151,2026,8,Monsoon
2026-08-01,Karnataka,Mysuru,T. Narasipura APMC,Rice,Broken Rice,2400,2400,2400,2319.138129003039,80.86187099696099,0,High,0.5224139105680151,2026,8,Monsoon
2026-08-02,Karnataka,Mysuru,T. Narasipura APMC,Rice,Other,2500,2500,2500,2453.72012124966,46.279878750339776,0,High,0.5224139105680151,2026,8,Monsoon
2026-08-02,Karnataka,Mysuru,T. Narasipura APMC,Rice,Broken Rice,2400,2400,2400,2440.1453465905906,-40.145346590590634,0,High,0.5224139105680151,2026,8,Monsoon
2026-08-04,Karnataka,Mysuru,T. Narasipura APMC,Rice,Broken Rice,2400,2400,2400,2450.2182682524453,-50.21826825244534,0,High,0.5224139105680151,2026,8,Monsoon
2026-04-15,Karnataka,Belagavi,Belgaum APMC,Tomato,Tomato,750,1250,1100,1065.8088662577293,34.19113374227072,0,High,0.4581035998115063,2026,4,Summer
2026-04-17,Karnataka,Belagavi,Belgaum APMC,Tomato,Tomato,1200,1500,1350,1180.4447525958226,169.5552474041774,0,High,0.4581035998115063,2026,4,Summer
2026-04-04,Karnataka,Bengaluru,"Binny Mill (F&V), Bengaluru APMC",Tomato,Tomato,1300,1500,1400,1429.6427846854042,-29.642784685404195,0,High,0.4581035998115063,2026,4,Summer
2026-04-06,Karnataka,Bengaluru,"Binny Mill (F&V), Bengaluru APMC",Tomato,Tomato,1300,1500,1400,1393.6255676373487,6.374432362651305,0,High,0.4581035998115063,2026,4,Summer
2026-04-07,Karnataka,Bengaluru,"Binny Mill (F&V), Bengaluru APMC",Tomato,Tomato,1400,1600,1500,1429.279954591445,70.72004540855505,0,High,0.4581035998115063,2026,4,Summer
2026-04-08,Karnataka,Bengaluru,"Binny Mill (F&V), Bengaluru APMC",Tomato,Tomato,1400,1600,1500,1439.9791894686775,60.02081053132247,0,High,0.4581035998115063,2026,4,Summer
2026-04-09,Karnataka,Bengaluru,"Binny Mill (F&V), Bengaluru APMC",Tomato,Tomato,1400,1600,1500,1458.5630102960827,41.436989703917334,0,High,0.4581035998115063,2026,4,Summer
2026-04-10,Karnataka,Bengaluru,"Binny Mill (F&V), Bengaluru APMC",Tomato,Tomato,1200,1500,1300,1441.379930667564,-141.37993066756394,0,High,0.4581035998115063,2026,4,Summer
2026-04-13,Karnataka,Bengaluru,"Binny Mill (F&V), Bengaluru APMC",Tomato,Tomato,1300,1600,1400,1439.7157063472587,-39.715706347258674,0,High,0.4581035998115063,2026,4,Summer
2026-04-15,Karnataka,Bengaluru,"Binny Mill (F&V), Bengaluru APMC",Tomato,Tomato,1700,2100,1900,1521.8362286345114,378.1637713654886,0,High,0.4581035998115063,2026,4,Summer
2026-04-16,Karnataka,Bengaluru,"Binny Mill (F&V), Bengaluru APMC",Tomato,Tomato,1700,2100,1900,1542.454208875875,357.5457911241249,0,High,0.4581035998115063,2026,4,Summer
2026-04-17,Karnataka,Bengaluru,"Binny Mill (F&V), Bengaluru APMC",Tomato,Tomato,1800,2200,2000,1630.946062412587,369.053937587413,0,High,0.4581035998115063,2026,4,Summer
2026-04-18,Karnataka,Bengaluru,"Binny Mill (F&V), Bengaluru APMC",Tomato,Tomato,1900,2300,2100,1722.1208233156497,377.87917668435034,0,High,0.4581035998115063,2026,4,Summer
2026-04-21,Karnataka,Bengaluru,"Binny Mill (F&V), Bengaluru APMC",Tomato,Tomato,1800,2200,2000,1761.020685145236,238.97931485476397,0,High,0.4581035998115063,2026,4,Summer
2026-04-22,Karnataka,Bengaluru,"Binny Mill (F&V), Bengaluru APMC",Tomato,Tomato,1700,2000,1900,1879.3449953664367,20.655004633563294,0,High,0.4581035998115063,2026,4,Summer
2026-04-23,Karnataka,Bengaluru,"Binny Mill (F&V), Bengaluru APMC",Tomato,Tomato,3500,4000,3700,2274.049900019779,1425.9500999802208,0,High,0.4581035998115063,2026,4,Summer
2026-04-24,Karnataka,Bengaluru,"Binny Mill (F&V), Bengaluru APMC",Tomato,Tomato,1800,2200,2000,2053.16508159156,-53.16508159156001,0,High,0.4581035998115063,2026,4,Summer
2026-04-27,Karnataka,Bengaluru,"Binny Mill (F&V), Bengaluru APMC",Tomato,Tomato,2000,2600,2400,2336.4108872843976,63.58911271560237,0,High,0.4581035998115063,2026,4,Summer
2026-04-28,Karnataka,Bengaluru,"Binny Mill (F&V), Bengaluru APMC",Tomato,Tomato,2000,2600,2400,2354.3459601594113,45.654039840588666,0,High,0.4581035998115063,2026,4,Summer
2026-04-29,Karnataka,Bengaluru,"Binny Mill (F&V), Bengaluru APMC",Tomato,Tomato,2700,3000,2800,2475.353177746963,324.64682225303704,0,High,0.4581035998115063,2026,4,Summer
2026-04-30,Karnataka,Bengaluru,"Binny Mill (F&V), Bengaluru APMC",Tomato,Tomato,2000,2600,2400,2493.288250621976,-93.2882506219762,0,High,0.4581035998115063,2026,4,Summer
2026-05-02,Karnataka,Bengaluru,"Binny Mill (F&V), Bengaluru APMC",Tomato,Tomato,2900,3200,3000,2730.923815721653,269.0761842783468,0,High,0.4581035998115063,2026,5,Summer
2026-05-04,Karnataka,Bengaluru,"Binny Mill (F&V), Bengaluru APMC",Tomato,Tomato,2900,3200,3000,2499.6541765412403,500.3458234587597,0,High,0.4581035998115063,2026,5,Summer
2026-05-05,Karnataka,Bengaluru,"Binny Mill (F&V), Bengaluru APMC",Tomato,Tomato,3000,3500,3300,2718.207486281312,581.792513718688,0,High,0.4581035998115063,2026,5,Summer
2026-05-08,Karnataka,Bengaluru,"Binny Mill (F&V), Bengaluru APMC",Tomato,Tomato,3300,3500,3400,2861.670312787138,538.3296872128622,0,High,0.4581035998115063,2026,5,Summer
2026-05-11,Karnataka,Bengaluru,"Binny Mill (F&V), Bengaluru APMC",Tomato,Tomato,3400,3600,3500,2998.116266769245,501.88373323075484,0,High,0.4581035998115063,2026,5,Summer
2026-05-12,Karnataka,Bengaluru,"Binny Mill (F&V), Bengaluru APMC",Tomato,Tomato,3500,3700,3600,3121.806391723148,478.19360827685205,0,High,0.4581035998115063,2026,5,Summer
2026-05-14,Karnataka,Bengaluru,"Binny Mill (F&V), Bengaluru APMC",Tomato,Tomato,3200,3600,3400,3285.215324137501,114.78467586249917,0,High,0.4581035998115063,2026,5,Summer
2026-05-15,Karnataka,Bengaluru,"Binny Mill (F&V), Bengaluru APMC",Tomato,Tomato,3100,3400,3300,3368.3413629415113,-68.3413629415113,0,High,0.4581035998115063,2026,5,Summer
2026-05-20,Karnataka,Bengaluru,"Binny Mill (F&V), Bengaluru APMC",Tomato,Tomato,3000,3300,3200,3400.0246148321985,-200.0246148321985,0,High,0.4581035998115063,2026,5,Summer
2026-05-21,Karnataka,Bengaluru,"Binny Mill (F&V), Bengaluru APMC",Tomato,Tomato,3200,3400,3300,3420.8028329008794,-120.80283290087937,0,High,0.4581035998115063,2026,5,Summer
2026-05-30,Karnataka,Bengaluru,"Binny Mill (F&V), Bengaluru APMC",Tomato,Tomato,3500,3800,3700,3470.407991137292,229.5920088627081,0,High,0.4581035998115063,2026,5,Summer
2026-06-01,Karnataka,Bengaluru,"Binny Mill (F&V), Bengaluru APMC",Tomato,Tomato,3600,3800,3700,3421.9993853376723,278.00061466232773,0,High,0.4581035998115063,2026,6,Monsoon
2026-06-02,Karnataka,Bengaluru,"Binny Mill (F&V), Bengaluru APMC",Tomato,Tomato,3000,3600,3400,3396.687464696443,3.3125353035570697,0,High,0.4581035998115063,2026,6,Monsoon
2026-06-03,Karnataka,Bengaluru,"Binny Mill (F&V), Bengaluru APMC",Tomato,Tomato,3200,3500,3400,3444.615232083263,-44.61523208326298,0,High,0.4581035998115063,2026,6,Monsoon
2026-06-04,Karnataka,Bengaluru,"Binny Mill (F&V), Bengaluru APMC",Tomato,Tomato,3200,3500,3400,3468.076357518293,-68.07635751829321,0,High,0.4581035998115063,2026,6,Monsoon
2026-06-05,Karnataka,Bengaluru,"Binny Mill (F&V), Bengaluru APMC",Tomato,Tomato,3000,3700,3500,3524.052847004165,-24.05284700416496,0,High,0.4581035998115063,2026,6,Monsoon
2026-06-06,Karnataka,Bengaluru,"Binny Mill (F&V), Bengaluru APMC",Tomato,Tomato,3200,3500,3400,3533.939197780127,-133.93919778012696,0,High,0.4581035998115063,2026,6,Monsoon
2026-06-08,Karnataka,Bengaluru,"Binny Mill (F&V), Bengaluru APMC",Tomato,Tomato,3200,3500,3400,3462.723709314881,-62.723709314881035,0,High,0.4581035998115063,2026,6,Monsoon
2026-06-09,Karnataka,Bengaluru,"Binny Mill (F&V), Bengaluru APMC",Tomato,Tomato,3000,3500,3300,3404.896424622811,-104.89642462281108,0,High,0.4581035998115063,2026,6,Monsoon
2026-06-10,Karnataka,Bengaluru,"Binny Mill (F&V), Bengaluru APMC",Tomato,Tomato,3000,3500,3300,3409.4169606660716,-109.41696066607165,0,High,0.4581035998115063,2026,6,Monsoon
2026-06-11,Karnataka,Bengaluru,"Binny Mill (F&V), Bengaluru APMC",Tomato,Tomato,3200,3500,3400,3416.620404075683,-16.620404075682927,0,High,0.4581035998115063,2026,6,Monsoon
2026-06-12,Karnataka,Bengaluru,"Binny Mill (F&V), Bengaluru APMC",Tomato,Tomato,3200,3500,3400,3410.249072826225,-10.249072826225074,0,High,0.4581035998115063,2026,6,Monsoon
2026-06-15,Karnataka,Bengaluru,"Binny Mill (F&V), Bengaluru APMC",Tomato,Tomato,3500,3900,3700,3413.9506632386206,286.04933676137944,0,High,0.4581035998115063,2026,6,Monsoon
2026-06-16,Karnataka,Bengaluru,"Binny Mill (F&V), Bengaluru APMC",Tomato,Tomato,3300,3700,3500,3396.687464696443,103.31253530355707,0,High,0.4581035998115063,2026,6,Monsoon
2026-06-17,Karnataka,Bengaluru,"Binny Mill (F&V), Bengaluru APMC",Tomato,Tomato,3600,4000,3800,3496.0711855258737,303.9288144741263,0,High,0.4581035998115063,2026,6,Monsoon
2026-06-18,Karnataka,Bengaluru,"Binny Mill (F&V), Bengaluru APMC",Tomato,Tomato,3200,3500,3400,3478.807986983696,-78.80798698369608,0,High,0.4581035998115063,2026,6,Monsoon
2026-06-19,Karnataka,Bengaluru,"Binny Mill (F&V), Bengaluru APMC",Tomato,Tomato,3400,3600,3500,3572.8258930804254,-72.82589308042543,0,High,0.4581035998115063,2026,6,Monsoon
2026-06-20,Karnataka,Bengaluru,"Binny Mill (F&V), Bengaluru APMC",Tomato,Tomato,3400,3600,3500,3582.712243856387,-82.71224385638698,0,High,0.4581035998115063,2026,6,Monsoon
2026-06-22,Karnataka,Bengaluru,"Binny Mill (F&V), Bengaluru APMC",Tomato,Tomato,2200,2500,2400,3384.118206554131,-984.1182065541311,0,High,0.4581035998115063,2026,6,Monsoon
2026-06-23,Karnataka,Bengaluru,"Binny Mill (F&V), Bengaluru APMC",Tomato,Tomato,2300,2600,2500,3345.551986908465,-845.5519869084651,0,High,0.4581035998115063,2026,6,Monsoon
2026-06-24,Karnataka,Bengaluru,"Binny Mill (F&V), Bengaluru APMC",Tomato,Tomato,2500,2800,2700,3209.1191994556457,-509.1191994556457,0,High,0.4581035998115063,2026,6,Monsoon
2026-06-25,Karnataka,Bengaluru,"Binny Mill (F&V), Bengaluru APMC",Tomato,Tomato,2500,2800,2700,3010.338591267497,-310.3385912674971,0,High,0.4581035998115063,2026,6,Monsoon
2026-06-29,Karnataka,Bengaluru,"Binny Mill (F&V), Bengaluru APMC",Tomato,Tomato,2400,2700,2600,2858.6668048353026,-258.6668048353026,0,High,0.4581035998115063,2026,6,Monsoon
2026-06-30,Karnataka,Bengaluru,"Binny Mill (F&V), Bengaluru APMC",Tomato,Tomato,2200,2600,2400,2700.6105206243624,-300.6105206243624,0,High,0.4581035998115063,2026,6,Monsoon
2026-07-01,Karnataka,Bengaluru,"Binny Mill (F&V), Bengaluru APMC",Tomato,Tomato,2000,2400,2200,2513.708724386207,-313.708724386207,0,High,0.4581035998115063,2026,7,Monsoon
2026-07-02,Karnataka,Bengaluru,"Binny Mill (F&V), Bengaluru APMC",Tomato,Tomato,2000,2400,2200,2515.5463530631173,-315.5463530631173,0,High,0.4581035998115063,2026,7,Monsoon
2026-07-03,Karnataka,Bengaluru,"Binny Mill (F&V), Bengaluru APMC",Tomato,Tomato,2000,2400,2300,2490.2344324218875,-190.2344324218875,0,High,0.4581035998115063,2026,7,Monsoon
2026-07-04,Karnataka,Bengaluru,"Binny Mill (F&V), Bengaluru APMC",Tomato,Tomato,2000,2400,2200,2402.5746910453295,-202.57469104532947,0,High,0.4581035998115063,2026,7,Monsoon
2026-07-06,Karnataka,Bengaluru,"Binny Mill (F&V), Bengaluru APMC",Tomato,Tomato,2000,2200,2100,2282.586156503822,-182.58615650382217,0,High,0.4581035998115063,2026,7,Monsoon
2026-07-07,Karnataka,Bengaluru,"Binny Mill (F&V), Bengaluru APMC",Tomato,Tomato,1500,2000,1800,2173.302918369143,-373.30291836914284,0,High,0.4581035998115063,2026,7,Monsoon
2026-07-08,Karnataka,Bengaluru,"Binny Mill (F&V), Bengaluru APMC",Tomato,Tomato,1600,2100,1900,2139.9422756288614,-239.94227562886135,0,High,0.4581035998115063,2026,7,Monsoon
2026-07-09,Karnataka,Bengaluru,"Binny Mill (F&V), Bengaluru APMC",Tomato,Tomato,1500,1800,1700,2052.282534252303,-352.28253425230287,0,High,0.4581035998115063,2026,7,Monsoon
2026-07-10,Karnataka,Bengaluru,"Binny Mill (F&V), Bengaluru APMC",Tomato,Tomato,1500,1800,1700,2005.3471168529518,-305.3471168529518,0,High,0.4581035998115063,2026,7,Monsoon
2026-07-13,Karnataka,Bengaluru,"Binny Mill (F&V), Bengaluru APMC",Tomato,Tomato,1700,2000,1900,1911.5026151128272,-11.502615112827243,0,High,0.4581035998115063,2026,7,Monsoon
2026-07-14,Karnataka,Bengaluru,"Binny Mill (F&V), Bengaluru APMC",Tomato,Tomato,1500,2000,1800,1826.5257811026192,-26.52578110261925,0,High,0.4581035998115063,2026,7,Monsoon
2026-07-15,Karnataka,Bengaluru,"Binny Mill (F&V), Bengaluru APMC",Tomato,Tomato,1400,1600,1500,1749.757907018779,-249.75790701877895,0,High,0.4581035998115063,2026,7,Monsoon
2026-07-16,Karnataka,Bengaluru,"Binny Mill (F&V), Bengaluru APMC",Tomato,Tomato,1500,1700,1600,1765.1703103547588,-165.17031035475884,0,High,0.4581035998115063,2026,7,Monsoon
2026-07-17,Karnataka,Bengaluru,"Binny Mill (F&V), Bengaluru APMC",Tomato,Tomato,1600,1800,1700,1726.2836150544597,-26.283615054459688,0,High,0.4581035998115063,2026,7,Monsoon
2026-07-18,Karnataka,Bengaluru,"Binny Mill (F&V), Bengaluru APMC",Tomato,Tomato,1400,1700,1600,1703.6546017795813,-103.6546017795813,0,High,0.4581035998115063,2026,7,Monsoon
2026-07-20,Karnataka,Bengaluru,"Binny Mill (F&V), Bengaluru APMC",Tomato,Tomato,1500,1700,1600,1664.9544773651749,-64.95447736517485,0,High,0.4581035998115063,2026,7,Monsoon
2026-07-21,Karnataka,Bengaluru,"Binny Mill (F&V), Bengaluru APMC",Tomato,Tomato,1500,1700,1600,1623.3848746985263,-23.384874698526346,0,High,0.4581035998115063,2026,7,Monsoon
2026-06-02,Karnataka,Bengaluru,Binny Mill (FF&V) Bengaluru APMC,Tomato,Tomato,3000,3600,3400,3535.130856376774,-135.13085637677386,0,High,0.4581035998115063,2026,6,Monsoon
2026-06-03,Karnataka,Bengaluru,Binny Mill (FF&V) Bengaluru APMC,Tomato,Tomato,3200,3500,3400,3526.156736674623,-126.15673667462306,0,High,0.4581035998115063,2026,6,Monsoon
2026-06-04,Karnataka,Bengaluru,Binny Mill (FF&V) Bengaluru APMC,Tomato,Tomato,3200,3500,3400,3504.909236539749,-104.90923653974914,0,High,0.4581035998115063,2026,6,Monsoon
2026-06-05,Karnataka,Bengaluru,Binny Mill (FF&V) Bengaluru APMC,Tomato,Tomato,3000,3700,3500,3517.8028686582575,-17.802868658257466,0,High,0.4581035998115063,2026,6,Monsoon
2026-06-06,Karnataka,Bengaluru,Binny Mill (FF&V) Bengaluru APMC,Tomato,Tomato,3200,3500,3400,3496.25770085174,-96.25770085174008,0,High,0.4581035998115063,2026,6,Monsoon
2026-06-10,Karnataka,Bengaluru,Binny Mill (FF&V) Bengaluru APMC,Tomato,Tomato,3000,3500,3300,3461.1260085729427,-161.12600857294274,0,High,0.4581035998115063,2026,6,Monsoon
2026-06-11,Karnataka,Bengaluru,Binny Mill (FF&V) Bengaluru APMC,Tomato,Tomato,3200,3500,3400,3433.1311805653627,-33.13118056536268,0,High,0.4581035998115063,2026,6,Monsoon
2026-06-12,Karnataka,Bengaluru,Binny Mill (FF&V) Bengaluru APMC,Tomato,Tomato,3200,3500,3400,3426.759849315905,-26.75984931590483,0,High,0.4581035998115063,2026,6,Monsoon
2026-06-17,Karnataka,Bengaluru,Binny Mill (FF&V) Bengaluru APMC,Tomato,Tomato,3600,4000,3800,3477.3836905983626,322.6163094016374,0,High,0.4581035998115063,2026,6,Monsoon
2026-06-18,Karnataka,Bengaluru,Binny Mill (FF&V) Bengaluru APMC,Tomato,Tomato,3200,3500,3400,3430.2880353716964,-30.288035371696424,0,High,0.4581035998115063,2026,6,Monsoon
2026-06-19,Karnataka,Bengaluru,Binny Mill (FF&V) Bengaluru APMC,Tomato,Tomato,3400,3600,3500,3491.790577417585,8.209422582414845,0,High,0.4581035998115063,2026,6,Monsoon
2026-06-20,Karnataka,Bengaluru,Binny Mill (FF&V) Bengaluru APMC,Tomato,Tomato,3400,3600,3500,3501.6769281935476,-1.6769281935476101,0,High,0.4581035998115063,2026,6,Monsoon
2026-06-22,Karnataka,Bengaluru,Binny Mill (FF&V) Bengaluru APMC,Tomato,Tomato,2200,2500,2400,3319.3405729167102,-919.3405729167102,0,High,0.4581035998115063,2026,6,Monsoon
2026-06-24,Karnataka,Bengaluru,Binny Mill (FF&V) Bengaluru APMC,Tomato,Tomato,2500,2800,2700,3369.266206807756,-669.2662068077561,0,High,0.4581035998115063,2026,6,Monsoon
2026-06-25,Karnataka,Bengaluru,Binny Mill (FF&V) Bengaluru APMC,Tomato,Tomato,2500,2800,2700,3221.941552062218,-521.9415520622179,0,High,0.4581035998115063,2026,6,Monsoon
2026-06-29,Karnataka,Bengaluru,Binny Mill (FF&V) Bengaluru APMC,Tomato,Tomato,2400,2700,2600,3005.239037528345,-405.23903752834485,0,High,0.4581035998115063,2026,6,Monsoon
2026-06-30,Karnataka,Bengaluru,Binny Mill (FF&V) Bengaluru APMC,Tomato,Tomato,2200,2600,2400,2863.440435342823,-463.4404353428231,0,High,0.4581035998115063,2026,6,Monsoon
2026-07-02,Karnataka,Bengaluru,Binny Mill (FF&V) Bengaluru APMC,Tomato,Tomato,2000,2400,2200,2683.7420825142785,-483.74208251427854,0,High,0.4581035998115063,2026,7,Monsoon
2026-07-04,Karnataka,Bengaluru,Binny Mill (FF&V) Bengaluru APMC,Tomato,Tomato,2000,2400,2200,2513.948652321179,-313.948652321179,0,High,0.4581035998115063,2026,7,Monsoon
2026-07-06,Karnataka,Bengaluru,Binny Mill (FF&V) Bengaluru APMC,Tomato,Tomato,2000,2200,2100,2429.158389196863,-329.158389196863,0,High,0.4581035998115063,2026,7,Monsoon
2026-07-09,Karnataka,Bengaluru,Binny Mill (FF&V) Bengaluru APMC,Tomato,Tomato,1500,1800,1700,2301.7666738305657,-601.7666738305657,0,High,0.4581035998115063,2026,7,Monsoon
2026-07-10,Karnataka,Bengaluru,Binny Mill (FF&V) Bengaluru APMC,Tomato,Tomato,1500,1800,1700,2200.6923956222527,-500.69239562225266,0,High,0.4581035998115063,2026,7,Monsoon
2026-07-13,Karnataka,Bengaluru,Binny Mill (FF&V) Bengaluru APMC,Tomato,Tomato,1700,2000,1900,2058.0748478058686,-158.07484780586856,0,High,0.4581035998115063,2026,7,Monsoon
2026-07-15,Karnataka,Bengaluru,Binny Mill (FF&V) Bengaluru APMC,Tomato,Tomato,1400,1600,1500,1899.01304707817,-399.0130470781701,0,High,0.4581035998115063,2026,7,Monsoon
2026-07-16,Karnataka,Bengaluru,Binny Mill (FF&V) Bengaluru APMC,Tomato,Tomato,1500,1700,1600,1862.9694969715385,-262.96949697153855,0,High,0.4581035998115063,2026,7,Monsoon
2026-07-18,Karnataka,Bengaluru,Binny Mill (FF&V) Bengaluru APMC,Tomato,Tomato,1400,1700,1600,1766.255516979171,-166.25551697917103,0,High,0.4581035998115063,2026,7,Monsoon
2026-07-20,Karnataka,Bengaluru,Binny Mill (FF&V) Bengaluru APMC,Tomato,Tomato,1500,1700,1600,1648.9498898040147,-48.949889804014674,0,High,0.4581035998115063,2026,7,Monsoon
2026-07-21,Karnataka,Bengaluru,Binny Mill (FF&V) Bengaluru APMC,Tomato,Tomato,1500,1700,1600,1639.8956511882059,-39.895651188205875,0,High,0.4581035998115063,2026,7,Monsoon
2026-07-23,Karnataka,Bengaluru,Binny Mill (FF&V) Bengaluru APMC,Tomato,Tomato,1600,1800,1700,1654.302538007428,45.697461992572016,0,High,0.4581035998115063,2026,7,Monsoon
2026-08-01,Karnataka,Bengaluru,Binny Mill (FF&V) Bengaluru APMC,Tomato,Tomato,1900,2100,2000,1661.4874095575562,338.51259044244375,0,High,0.4581035998115063,2026,8,Monsoon
2026-08-03,Karnataka,Bengaluru,Binny Mill (FF&V) Bengaluru APMC,Tomato,Tomato,1900,2100,2000,1666.034278659393,333.96572134060693,0,High,0.4581035998115063,2026,8,Monsoon
2026-08-05,Karnataka,Bengaluru,Binny Mill (FF&V) Bengaluru APMC,Tomato,Tomato,2000,2200,2100,1761.7295756057156,338.2704243942844,0,High,0.4581035998115063,2026,8,Monsoon
2026-08-07,Karnataka,Bengaluru,Binny Mill (FF&V) Bengaluru APMC,Tomato,Tomato,1800,2000,1900,1811.3347338421283,88.66526615787166,0,High,0.4581035998115063,2026,8,Monsoon
2024-10-21,Telangana,Warangal,Hanmarkonda(Rythu Bazar),Tomato,Deshi,4800,5000,5000,5197.492908090318,-197.49290809031845,1,High,0.4581035998115063,2024,10,PostMonsoon
2024-10-24,Telangana,Warangal,Hanmarkonda(Rythu Bazar),Tomato,Deshi,5200,5600,5600,5414.355660451511,185.64433954848937,1,High,0.4581035998115063,2024,10,PostMonsoon
2024-11-01,Telangana,Warangal,Hanmarkonda(Rythu Bazar),Tomato,Deshi,4000,4400,4000,4931.892323648468,-931.8923236484679,0,High,0.4581035998115063,2024,11,PostMonsoon
2024-11-03,Telangana,Warangal,Hanmarkonda(Rythu Bazar),Tomato,Deshi,3600,4400,4000,4924.507679239126,-924.5076792391264,0,High,0.4581035998115063,2024,11,PostMonsoon
2024-11-07,Telangana,Warangal,Hanmarkonda(Rythu Bazar),Tomato,Deshi,3600,4000,4000,4743.5720651611755,-743.5720651611755,0,High,0.4581035998115063,2024,11,PostMonsoon
2024-11-21,Telangana,Warangal,Hanmarkonda(Rythu Bazar),Tomato,Deshi,3600,4400,4000,4629.768290983235,-629.7682909832347,0,High,0.4581035998115063,2024,11,PostMonsoon
2024-11-22,Telangana,Warangal,Hanmarkonda(Rythu Bazar),Tomato,Deshi,4000,4400,4400,4441.879550087806,-41.87955008780591,1,High,0.4581035998115063,2024,11,PostMonsoon
2026-07-22,Karnataka,Mysuru,Hunsur APMC,Tomato,Tomato,2000,2000,2000,1991.8268609820902,8.173139017909762,0,High,0.4581035998115063,2026,7,Monsoon
2026-07-27,Karnataka,Mysuru,Hunsur APMC,Tomato,Tomato,2000,2000,2000,1977.4199741628681,22.58002583713187,0,High,0.4581035998115063,2026,7,Monsoon
2026-07-29,Karnataka,Mysuru,Hunsur APMC,Tomato,Tomato,3000,3000,3000,2276.3362964269418,723.6637035730582,0,High,0.4581035998115063,2026,7,Monsoon
2026-07-30,Karnataka,Mysuru,Hunsur APMC,Tomato,Tomato,3000,3000,3000,2318.497654512769,681.5023454872312,0,High,0.4581035998115063,2026,7,Monsoon
2022-08-24,Telangana,Karimnagar,Karimnagar,Tomato,Hybrid,1250,1750,1500,1971.262950697646,-471.2629506976459,0,High,0.4581035998115063,2022,8,Monsoon
2022-08-25,Telangana,Karimnagar,Karimnagar,Tomato,Hybrid,1250,1500,1375,1870.3822931973407,-495.3822931973407,0,High,0.4581035998115063,2022,8,Monsoon
2022-09-04,Telangana,Karimnagar,Karimnagar,Tomato,Hybrid,2750,3500,3125,2266.5475232308336,858.4524767691664,0,High,0.4581035998115063,2022,9,Monsoon
2022-09-15,Telangana,Karimnagar,Karimnagar,Tomato,Hybrid,3000,3500,3250,2256.3243924825297,993.6756075174703,0,High,0.4581035998115063,2022,9,Monsoon
2022-09-28,Telangana,Karimnagar,Karimnagar,Tomato,Hybrid,2750,3000,2875,2326.9889592306986,548.0110407693014,0,High,0.4581035998115063,2022,9,Monsoon
2022-09-29,Telangana,Karimnagar,Karimnagar,Tomato,Hybrid,3000,3250,3125,2493.482354447954,631.5176455520459,0,High,0.4581035998115063,2022,9,Monsoon
2022-10-04,Telangana,Karimnagar,Karimnagar,Tomato,Hybrid,2000,3000,2750,2445.907076642731,304.0929233572688,0,High,0.4581035998115063,2022,10,PostMonsoon
2022-10-05,Telangana,Karimnagar,Karimnagar,Tomato,Hybrid,2750,3100,2925,2735.687893886088,189.3121061139118,0,High,0.4581035998115063,2022,10,PostMonsoon
2022-10-08,Telangana,Karimnagar,Karimnagar,Tomato,Hybrid,3000,3500,3250,3038.373906438176,211.62609356182384,0,High,0.4581035998115063,2022,10,PostMonsoon
2022-10-12,Telangana,Karimnagar,Karimnagar,Tomato,Hybrid,3000,3250,3125,2972.645558567367,152.35444143263294,0,High,0.4581035998115063,2022,10,PostMonsoon
2022-10-29,Telangana,Karimnagar,Karimnagar,Tomato,Hybrid,1750,2000,1875,2787.681229270512,-912.6812292705122,0,High,0.4581035998115063,2022,10,PostMonsoon
2022-11-02,Telangana,Karimnagar,Karimnagar,Tomato,Hybrid,1250,1750,1500,2702.3075317950756,-1202.3075317950756,0,High,0.4581035998115063,2022,11,PostMonsoon
2022-11-04,Telangana,Karimnagar,Karimnagar,Tomato,Hybrid,1500,1750,1625,2523.754593204507,-898.7545932045068,0,High,0.4581035998115063,2022,11,PostMonsoon
2022-11-05,Telangana,Karimnagar,Karimnagar,Tomato,Hybrid,1500,1750,1625,2331.0906455043055,-706.0906455043055,0,High,0.4581035998115063,2022,11,PostMonsoon
2022-11-09,Telangana,Karimnagar,Karimnagar,Tomato,Hybrid,1500,1500,1500,2077.8083464132364,-577.8083464132364,0,High,0.4581035998115063,2022,11,PostMonsoon
2022-11-15,Telangana,Karimnagar,Karimnagar,Tomato,Hybrid,1125,1500,1250,1762.4197308190596,-512.4197308190596,0,High,0.4581035998115063,2022,11,PostMonsoon
2022-11-20,Telangana,Karimnagar,Karimnagar,Tomato,Hybrid,1250,1500,1375,1547.864449069937,-172.8644490699371,0,High,0.4581035998115063,2022,11,PostMonsoon
2022-11-23,Telangana,Karimnagar,Karimnagar,Tomato,Hybrid,1000,1250,1125,1380.1495919170056,-255.14959191700564,0,High,0.4581035998115063,2022,11,PostMonsoon
2022-11-30,Telangana,Karimnagar,Karimnagar,Tomato,Hybrid,750,900,825,1304.3471748930933,-479.3471748930933,1,High,0.4581035998115063,2022,11,PostMonsoon
2022-12-03,Telangana,Karimnagar,Karimnagar,Tomato,Hybrid,1000,1250,1125,1256.1912278672726,-131.19122786727257,0,High,0.4581035998115063,2022,12,Winter
2022-12-12,Telangana,Karimnagar,Karimnagar,Tomato,Hybrid,650,750,700,1029.0661281068733,-329.0661281068733,0,High,0.4581035998115063,2022,12,Winter
2022-12-28,Telangana,Karimnagar,Karimnagar,Tomato,Hybrid,500,500,500,938.588986972939,-438.588986972939,1,High,0.4581035998115063,2022,12,Winter
2022-01-11,Telangana,Karimnagar,Karimnagar(Rythu Bazar),Tomato,Deshi,2500,3000,2500,2519.5611378487574,-19.561137848757426,0,High,0.4581035998115063,2022,1,Winter
2022-02-05,Telangana,Karimnagar,Karimnagar(Rythu Bazar),Tomato,Deshi,2000,2500,2000,2348.7970318885223,-348.79703188852227,0,High,0.4581035998115063,2022,2,Winter
2022-03-11,Telangana,Karimnagar,Karimnagar(Rythu Bazar),Tomato,Deshi,1200,2000,1500,2172.11997716943,-672.1199771694301,0,High,0.4581035998115063,2022,3,Summer
2022-04-12,Telangana,Karimnagar,Karimnagar(Rythu Bazar),Tomato,Deshi,800,1500,1000,1952.420105700133,-952.420105700133,0,High,0.4581035998115063,2022,4,Summer
2022-04-13,Telangana,Karimnagar,Karimnagar(Rythu Bazar),Tomato,Deshi,1000,1500,1200,1894.7263525308274,-694.7263525308274,0,High,0.4581035998115063,2022,4,Summer
2022-04-16,Telangana,Karimnagar,Karimnagar(Rythu Bazar),Tomato,Deshi,1000,1500,1200,1794.3506549599044,-594.3506549599044,0,High,0.4581035998115063,2022,4,Summer
2022-06-20,Telangana,Karimnagar,Karimnagar(Rythu Bazar),Tomato,Deshi,4500,5000,4800,2131.74754769494,2668.25245230506,1,High,0.4581035998115063,2022,6,Monsoon
2022-06-21,Telangana,Karimnagar,Karimnagar(Rythu Bazar),Tomato,Deshi,4200,5000,4500,1975.4127438864516,2524.5872561135484,1,High,0.4581035998115063,2022,6,Monsoon
2022-06-22,Telangana,Karimnagar,Karimnagar(Rythu Bazar),Tomato,Deshi,4400,4500,4500,2429.782561908774,2070.217438091226,1,High,0.4581035998115063,2022,6,Monsoon
2022-06-26,Telangana,Karimnagar,Karimnagar(Rythu Bazar),Tomato,Deshi,3800,4500,4000,2865.0383861827195,1134.9616138172805,0,High,0.4581035998115063,2022,6,Monsoon
2022-07-13,Telangana,Karimnagar,Karimnagar(Rythu Bazar),Tomato,Deshi,2500,3500,3000,3219.3472037125803,-219.34720371258027,0,High,0.4581035998115063,2022,7,Monsoon
2022-07-15,Telangana,Karimnagar,Karimnagar(Rythu Bazar),Tomato,Deshi,2500,3500,3000,3662.1401135800593,-662.1401135800593,0,High,0.4581035998115063,2022,7,Monsoon
2022-07-26,Telangana,Karimnagar,Karimnagar(Rythu Bazar),Tomato,Deshi,2000,3000,2500,3851.8796496816863,-1351.8796496816863,0,High,0.4581035998115063,2022,7,Monsoon
2022-07-27,Telangana,Karimnagar,Karimnagar(Rythu Bazar),Tomato,Deshi,2000,3000,2500,3553.030279801983,-1053.030279801983,0,High,0.4581035998115063,2022,7,Monsoon
2022-07-29,Telangana,Karimnagar,Karimnagar(Rythu Bazar),Tomato,Deshi,2000,3000,2500,3242.283526112803,-742.283526112803,0,High,0.4581035998115063,2022,7,Monsoon
2022-08-03,Telangana,Karimnagar,Karimnagar(Rythu Bazar),Tomato,Deshi,2000,3000,2500,2892.818076149735,-392.81807614973513,0,High,0.4581035998115063,2022,8,Monsoon
2022-08-04,Telangana,Karimnagar,Karimnagar(Rythu Bazar),Tomato,Deshi,2000,2500,2500,2656.156289178044,-156.15628917804406,0,High,0.4581035998115063,2022,8,Monsoon
2022-09-22,Telangana,Karimnagar,Karimnagar(Rythu Bazar),Tomato,Deshi,2000,3000,2500,2564.9629564155002,-64.96295641550023,0,High,0.4581035998115063,2022,9,Monsoon
2022-10-13,Telangana,Karimnagar,Karimnagar(Rythu Bazar),Tomato,Deshi,3000,4000,3500,2626.697809672496,873.3021903275039,0,High,0.4581035998115063,2022,10,PostMonsoon
2022-12-18,Telangana,Karimnagar,Karimnagar(Rythu Bazar),Tomato,Deshi,1000,1200,1000,2229.588049189127,-1229.588049189127,0,High,0.4581035998115063,2022,12,Winter
2022-01-10,Telangana,Nalgonda,Miryalguda(Rythu Bazar),Tomato,Deshi,2500,3000,2700,2666.1606299359014,33.8393700640986,0,High,0.4581035998115063,2022,1,Winter
2022-01-11,Telangana,Nalgonda,Miryalguda(Rythu Bazar),Tomato,Deshi,2500,2900,2700,2678.7565943827663,21.243405617233748,0,High,0.4581035998115063,2022,1,Winter
2022-01-17,Telangana,Nalgonda,Miryalguda(Rythu Bazar),Tomato,Deshi,2000,2400,2200,2538.7820810988915,-338.78208109889147,0,High,0.4581035998115063,2022,1,Winter
2022-01-29,Telangana,Nalgonda,Miryalguda(Rythu Bazar),Tomato,Deshi,1400,1600,1500,2403.685245668619,-903.6852456686188,0,High,0.4581035998115063,2022,1,Winter
2022-02-02,Telangana,Nalgonda,Miryalguda(Rythu Bazar),Tomato,Deshi,1400,1600,1500,2307.8681315687104,-807.8681315687104,0,High,0.4581035998115063,2022,2,Winter
2022-02-03,Telangana,Nalgonda,Miryalguda(Rythu Bazar),Tomato,Deshi,1400,1600,1500,2201.267800800381,-701.2678008003809,0,High,0.4581035998115063,2022,2,Winter
2022-02-08,Telangana,Nalgonda,Miryalguda(Rythu Bazar),Tomato,Deshi,1200,1400,1300,1975.5110476506977,-675.5110476506977,0,High,0.4581035998115063,2022,2,Winter
2022-03-02,Telangana,Nalgonda,Miryalguda(Rythu Bazar),Tomato,Deshi,600,800,700,1684.4541114692602,-984.4541114692602,0,High,0.4581035998115063,2022,3,Summer
2022-03-12,Telangana,Nalgonda,Miryalguda(Rythu Bazar),Tomato,Deshi,800,1000,900,1494.874813194948,-594.874813194948,0,High,0.4581035998115063,2022,3,Summer
2022-03-14,Telangana,Nalgonda,Miryalguda(Rythu Bazar),Tomato,Deshi,800,1000,900,1220.358180498293,-320.358180498293,0,High,0.4581035998115063,2022,3,Summer
2022-03-16,Telangana,Nalgonda,Miryalguda(Rythu Bazar),Tomato,Deshi,800,1000,900,1137.2189751649944,-237.2189751649944,0,High,0.4581035998115063,2022,3,Summer
2022-03-17,Telangana,Nalgonda,Miryalguda(Rythu Bazar),Tomato,Deshi,800,1000,900,1046.8763264220852,-146.87632642208519,0,High,0.4581035998115063,2022,3,Summer
2022-03-26,Telangana,Nalgonda,Miryalguda(Rythu Bazar),Tomato,Deshi,700,900,800,947.4794390633667,-147.47943906336673,1,High,0.4581035998115063,2022,3,Summer
2022-04-20,Telangana,Nalgonda,Miryalguda(Rythu Bazar),Tomato,Deshi,1200,1500,1400,945.7966428835782,454.2033571164218,0,High,0.4581035998115063,2022,4,Summer
2022-04-22,Telangana,Nalgonda,Miryalguda(Rythu Bazar),Tomato,Deshi,1500,2000,1700,1041.3317020025843,658.6682979974157,0,High,0.4581035998115063,2022,4,Summer
2022-04-23,Telangana,Nalgonda,Miryalguda(Rythu Bazar),Tomato,Deshi,1800,2200,2000,1186.6453237146086,813.3546762853914,0,High,0.4581035998115063,2022,4,Summer
2022-06-03,Telangana,Nalgonda,Miryalguda(Rythu Bazar),Tomato,Deshi,6000,6500,6300,2016.119808898902,4283.880191101098,1,High,0.4581035998115063,2022,6,Monsoon
2022-06-19,Telangana,Nalgonda,Miryalguda(Rythu Bazar),Tomato,Deshi,5600,6000,5800,2243.4378046237216,3556.5621953762784,1,High,0.4581035998115063,2022,6,Monsoon
2022-06-20,Telangana,Nalgonda,Miryalguda(Rythu Bazar),Tomato,Deshi,5600,6000,5800,3064.717436706987,2735.282563293013,1,High,0.4581035998115063,2022,6,Monsoon
2022-07-11,Telangana,Nalgonda,Miryalguda(Rythu Bazar),Tomato,Deshi,1400,1600,1500,3168.6162882494827,-1668.6162882494827,0,High,0.4581035998115063,2022,7,Monsoon
2022-07-23,Telangana,Nalgonda,Miryalguda(Rythu Bazar),Tomato,Deshi,1800,2000,1900,3869.6372257646267,-1969.6372257646267,0,High,0.4581035998115063,2022,7,Monsoon
2022-07-24,Telangana,Nalgonda,Miryalguda(Rythu Bazar),Tomato,Deshi,1600,2000,1800,3838.799252563379,-2038.799252563379,0,High,0.4581035998115063,2022,7,Monsoon
2022-08-04,Telangana,Nalgonda,Miryalguda(Rythu Bazar),Tomato,Deshi,1200,1600,1400,3723.31268220565,-2323.31268220565,0,High,0.4581035998115063,2022,8,Monsoon
2022-08-05,Telangana,Nalgonda,Miryalguda(Rythu Bazar),Tomato,Deshi,1200,1400,1400,2988.1888050059547,-1588.1888050059547,0,High,0.4581035998115063,2022,8,Monsoon
2022-09-13,Telangana,Nalgonda,Miryalguda(Rythu Bazar),Tomato,Deshi,3600,4000,3800,2631.519911633275,1168.4800883667249,0,High,0.4581035998115063,2022,9,Monsoon
2022-09-16,Telangana,Nalgonda,Miryalguda(Rythu Bazar),Tomato,Deshi,3600,4000,3800,2002.1820095360392,1797.8179904639608,0,High,0.4581035998115063,2022,9,Monsoon
2022-09-24,Telangana,Nalgonda,Miryalguda(Rythu Bazar),Tomato,Deshi,2400,2400,2400,2155.7045911744312,244.29540882556876,0,High,0.4581035998115063,2022,9,Monsoon
2022-09-27,Telangana,Nalgonda,Miryalguda(Rythu Bazar),Tomato,Deshi,3600,3800,3800,2625.8336212459412,1174.1663787540588,0,High,0.4581035998115063,2022,9,Monsoon
2022-10-04,Telangana,Nalgonda,Miryalguda(Rythu Bazar),Tomato,Deshi,4600,4800,4800,2903.9636799114683,1896.0363200885317,1,High,0.4581035998115063,2022,10,PostMonsoon
2022-10-07,Telangana,Nalgonda,Miryalguda(Rythu Bazar),Tomato,Deshi,3600,4000,3800,3180.0106321596886,619.9893678403114,0,High,0.4581035998115063,2022,10,PostMonsoon
2022-10-08,Telangana,Nalgonda,Miryalguda(Rythu Bazar),Tomato,Deshi,3400,3600,3600,3680.6308267192358,-80.63082671923576,0,High,0.4581035998115063,2022,10,PostMonsoon
2022-10-12,Telangana,Nalgonda,Miryalguda(Rythu Bazar),Tomato,Deshi,3800,4000,3900,3702.4277278339628,197.57227216603724,0,High,0.4581035998115063,2022,10,PostMonsoon
2022-10-14,Telangana,Nalgonda,Miryalguda(Rythu Bazar),Tomato,Deshi,4000,4000,4000,3708.625654726816,291.3743452731842,0,High,0.4581035998115063,2022,10,PostMonsoon
2022-10-20,Telangana,Nalgonda,Miryalguda(Rythu Bazar),Tomato,Deshi,3800,4000,4000,3947.970349064857,52.029650935142854,0,High,0.4581035998115063,2022,10,PostMonsoon
2022-10-26,Telangana,Nalgonda,Miryalguda(Rythu Bazar),Tomato,Deshi,2800,3000,3000,3810.705449451886,-810.7054494518861,0,High,0.4581035998115063,2022,10,PostMonsoon
2022-11-06,Telangana,Nalgonda,Miryalguda(Rythu Bazar),Tomato,Deshi,2000,2000,2000,3510.146950333818,-1510.146950333818,0,High,0.4581035998115063,2022,11,PostMonsoon
2022-11-08,Telangana,Nalgonda,Miryalguda(Rythu Bazar),Tomato,Deshi,2000,2000,2000,3317.2392034188947,-1317.2392034188947,0,High,0.4581035998115063,2022,11,PostMonsoon
2022-11-11,Telangana,Nalgonda,Miryalguda(Rythu Bazar),Tomato,Deshi,2000,2000,2000,3078.726621241007,-1078.7266212410068,0,High,0.4581035998115063,2022,11,PostMonsoon
2022-11-18,Telangana,Nalgonda,Miryalguda(Rythu Bazar),Tomato,Deshi,1800,2000,2000,2769.830662758025,-769.830662758025,0,High,0.4581035998115063,2022,11,PostMonsoon
2022-11-19,Telangana,Nalgonda,Miryalguda(Rythu Bazar),Tomato,Deshi,2000,2000,2000,2451.8804656592342,-451.88046565923423,0,High,0.4581035998115063,2022,11,PostMonsoon
2022-11-21,Telangana,Nalgonda,Miryalguda(Rythu Bazar),Tomato,Deshi,2000,2000,2000,2090.7096081027767,-90.70960810277666,0,High,0.4581035998115063,2022,11,PostMonsoon
2022-11-23,Telangana,Nalgonda,Miryalguda(Rythu Bazar),Tomato,Deshi,2000,2000,2000,1942.5396746677984,57.46032533220159,0,High,0.4581035998115063,2022,11,PostMonsoon
2022-11-25,Telangana,Nalgonda,Miryalguda(Rythu Bazar),Tomato,Deshi,2000,2000,2000,1956.9465614870205,43.05343851297948,0,High,0.4581035998115063,2022,11,PostMonsoon
2022-11-27,Telangana,Nalgonda,Miryalguda(Rythu Bazar),Tomato,Deshi,1600,2000,1800,1938.8380842554034,-138.83808425540337,0,High,0.4581035998115063,2022,11,PostMonsoon
2022-12-01,Telangana,Nalgonda,Miryalguda(Rythu Bazar),Tomato,Deshi,1400,1400,1400,1817.6290200874253,-417.62902008742526,0,High,0.4581035998115063,2022,12,Winter
2022-12-08,Telangana,Nalgonda,Miryalguda(Rythu Bazar),Tomato,Deshi,1200,1400,1300,1758.1243445457628,-458.1243445457628,0,High,0.4581035998115063,2022,12,Winter
2022-12-10,Telangana,Nalgonda,Miryalguda(Rythu Bazar),Tomato,Deshi,1200,1200,1200,1656.0445498206934,-456.0445498206934,0,High,0.4581035998115063,2022,12,Winter
2022-12-16,Telangana,Nalgonda,Miryalguda(Rythu Bazar),Tomato,Deshi,1200,1400,1300,1548.612106892211,-248.61210689221093,0,High,0.4581035998115063,2022,12,Winter
2022-12-17,Telangana,Nalgonda,Miryalguda(Rythu Bazar),Tomato,Deshi,1200,1400,1300,1428.437001464812,-128.43700146481206,0,High,0.4581035998115063,2022,12,Winter
2022-12-22,Telangana,Nalgonda,Miryalguda(Rythu Bazar),Tomato,Deshi,1400,1400,1400,1316.48402249307,83.51597750693008,0,High,0.4581035998115063,2022,12,Winter
2022-12-23,Telangana,Nalgonda,Miryalguda(Rythu Bazar),Tomato,Deshi,1200,1400,1300,1228.8242811165107,71.17571888348925,0,High,0.4581035998115063,2022,12,Winter
2022-12-24,Telangana,Nalgonda,Miryalguda(Rythu Bazar),Tomato,Deshi,1400,1400,1400,1249.6024991851914,150.3975008148086,0,High,0.4581035998115063,2022,12,Winter
2022-12-25,Telangana,Nalgonda,Miryalguda(Rythu Bazar),Tomato,Deshi,1400,1400,1400,1259.4888499611534,140.5111500388466,0,High,0.4581035998115063,2022,12,Winter
2022-12-26,Telangana,Nalgonda,Miryalguda(Rythu Bazar),Tomato,Deshi,1200,1400,1300,1232.5258715289067,67.47412847109331,0,High,0.4581035998115063,2022,12,Winter
2022-12-28,Telangana,Nalgonda,Miryalguda(Rythu Bazar),Tomato,Deshi,1200,1200,1200,1244.2498509817788,-44.24985098177876,0,High,0.4581035998115063,2022,12,Winter
2022-12-29,Telangana,Nalgonda,Miryalguda(Rythu Bazar),Tomato,Deshi,1000,1000,1000,1216.2550229741985,-216.25502297419848,0,High,0.4581035998115063,2022,12,Winter
2026-04-03,Karnataka,Mysuru,Mysuru APMC,Tomato,Tomato,800,1000,900,1003.3174220331443,-103.31742203314434,0,High,0.4581035998115063,2026,4,Summer
2026-04-05,Karnataka,Mysuru,Mysuru APMC,Tomato,Tomato,1200,1400,1300,1158.6776323484462,141.3223676515538,0,High,0.4581035998115063,2026,4,Summer
2026-04-06,Karnataka,Mysuru,Mysuru APMC,Tomato,Tomato,1200,1400,1300,1118.0597603434721,181.94023965652787,0,High,0.4581035998115063,2026,4,Summer
2026-04-07,Karnataka,Mysuru,Mysuru APMC,Tomato,Tomato,1200,1400,1300,1159.4043360064654,140.59566399353457,0,High,0.4581035998115063,2026,4,Summer
2026-04-08,Karnataka,Mysuru,Mysuru APMC,Tomato,Tomato,1200,1400,1300,1189.3685342516646,110.63146574833536,0,High,0.4581035998115063,2026,4,Summer
2026-04-09,Karnataka,Mysuru,Mysuru APMC,Tomato,Tomato,1200,1400,1300,1212.8296596866955,87.17034031330445,0,High,0.4581035998115063,2026,4,Summer
2026-04-10,Karnataka,Mysuru,Mysuru APMC,Tomato,Tomato,1400,1600,1500,1285.0638311979867,214.9361688020133,0,High,0.4581035998115063,2026,4,Summer
2026-04-12,Karnataka,Mysuru,Mysuru APMC,Tomato,Tomato,2400,2600,2500,1532.4440811057918,967.5559188942082,0,High,0.4581035998115063,2026,4,Summer
2026-04-13,Karnataka,Mysuru,Mysuru APMC,Tomato,Tomato,2000,2200,2100,1483.5371302607914,616.4628697392086,0,High,0.4581035998115063,2026,4,Summer
2026-04-14,Karnataka,Mysuru,Mysuru APMC,Tomato,Tomato,1300,1500,1400,1561.2973543321007,-161.29735433210067,0,High,0.4581035998115063,2026,4,Summer
2026-04-15,Karnataka,Mysuru,Mysuru APMC,Tomato,Tomato,1600,1800,1700,1728.5549484568783,-28.554948456878265,0,High,0.4581035998115063,2026,4,Summer
2026-04-16,Karnataka,Mysuru,Mysuru APMC,Tomato,Tomato,1600,1800,1700,1760.0647959909613,-60.06479599096133,0,High,0.4581035998115063,2026,4,Summer
2026-04-17,Karnataka,Mysuru,Mysuru APMC,Tomato,Tomato,1700,1900,1800,1848.5566495276732,-48.556649527673244,0,High,0.4581035998115063,2026,4,Summer
2026-04-19,Karnataka,Mysuru,Mysuru APMC,Tomato,Tomato,1700,1900,1800,1898.1618077640858,-98.16180776408578,0,High,0.4581035998115063,2026,4,Summer
2026-04-20,Karnataka,Mysuru,Mysuru APMC,Tomato,Tomato,1800,2000,1900,1757.3950551538983,142.60494484610172,0,High,0.4581035998115063,2026,4,Summer
2026-04-21,Karnataka,Mysuru,Mysuru APMC,Tomato,Tomato,3000,3200,3100,1913.6005441586415,1186.3994558413585,0,High,0.4581035998115063,2026,4,Summer
2026-04-22,Karnataka,Mysuru,Mysuru APMC,Tomato,Tomato,3000,3200,3100,2034.2872860915604,1065.7127139084396,0,High,0.4581035998115063,2026,4,Summer
2026-04-23,Karnataka,Mysuru,Mysuru APMC,Tomato,Tomato,2800,3000,2900,2236.582913806212,663.4170861937878,0,High,0.4581035998115063,2026,4,Summer
2026-04-24,Karnataka,Mysuru,Mysuru APMC,Tomato,Tomato,3100,3300,3200,2514.801136915263,685.1988630847368,0,High,0.4581035998115063,2026,4,Summer
2026-04-26,Karnataka,Mysuru,Mysuru APMC,Tomato,Tomato,3300,3500,3400,2748.6066121639997,651.3933878360003,0,High,0.4581035998115063,2026,4,Summer
2026-04-27,Karnataka,Mysuru,Mysuru APMC,Tomato,Tomato,3300,3500,3400,2938.3593147949146,461.64068520508545,0,High,0.4581035998115063,2026,4,Summer
2026-04-28,Karnataka,Mysuru,Mysuru APMC,Tomato,Tomato,3300,3500,3400,3189.427988585827,210.57201141417318,0,High,0.4581035998115063,2026,4,Summer
2026-04-29,Karnataka,Mysuru,Mysuru APMC,Tomato,Tomato,3300,3500,3400,3245.4044780716986,154.59552192830142,0,High,0.4581035998115063,2026,4,Summer
2026-04-30,Karnataka,Mysuru,Mysuru APMC,Tomato,Tomato,3400,3600,3500,3317.6386495829897,182.36135041701027,0,High,0.4581035998115063,2026,4,Summer
2026-05-01,Karnataka,Mysuru,Mysuru APMC,Tomato,Tomato,3100,3300,3200,3350.135441774348,-150.13544177434778,0,High,0.4581035998115063,2026,5,Summer
2026-05-04,Karnataka,Mysuru,Mysuru APMC,Tomato,Tomato,3300,3500,3400,3394.5613561639516,5.4386438360484135,0,High,0.4581035998115063,2026,5,Summer
2026-05-05,Karnataka,Mysuru,Mysuru APMC,Tomato,Tomato,3500,3700,3600,3407.130614306264,192.86938569373615,0,High,0.4581035998115063,2026,5,Summer
2026-05-06,Karnataka,Mysuru,Mysuru APMC,Tomato,Tomato,3500,3700,3600,3419.699872448576,180.30012755142388,0,High,0.4581035998115063,2026,5,Summer
2026-05-07,Karnataka,Mysuru,Mysuru APMC,Tomato,Tomato,3600,3800,3700,3475.676361934448,224.32363806555213,0,High,0.4581035998115063,2026,5,Summer
2026-05-08,Karnataka,Mysuru,Mysuru APMC,Tomato,Tomato,3400,3600,3500,3485.5627127104094,14.437287289590586,0,High,0.4581035998115063,2026,5,Summer
2026-05-10,Karnataka,Mysuru,Mysuru APMC,Tomato,Tomato,3000,3200,3100,3462.08842074609,-362.0884207460899,0,High,0.4581035998115063,2026,5,Summer
2026-05-11,Karnataka,Mysuru,Mysuru APMC,Tomato,Tomato,2600,2800,2700,3391.8784487976013,-691.8784487976013,0,High,0.4581035998115063,2026,5,Summer
2026-05-12,Karnataka,Mysuru,Mysuru APMC,Tomato,Tomato,2600,2800,2700,3339.57721666555,-639.5772166655502,0,High,0.4581035998115063,2026,5,Summer
2026-05-13,Karnataka,Mysuru,Mysuru APMC,Tomato,Tomato,2600,2800,2700,3200.461521846379,-500.4615218463791,0,High,0.4581035998115063,2026,5,Summer
2026-05-14,Karnataka,Mysuru,Mysuru APMC,Tomato,Tomato,2800,3000,2900,3093.8611910780496,-193.86119107804961,0,High,0.4581035998115063,2026,5,Summer
2026-05-15,Karnataka,Mysuru,Mysuru APMC,Tomato,Tomato,2800,3000,2900,2943.8536289661615,-43.85362896616152,0,High,0.4581035998115063,2026,5,Summer
2026-05-18,Karnataka,Mysuru,Mysuru APMC,Tomato,Tomato,3300,3500,3400,2898.782173302297,501.217826697703,0,High,0.4581035998115063,2026,5,Summer
2026-05-19,Karnataka,Mysuru,Mysuru APMC,Tomato,Tomato,3100,3300,3200,2854.3694254419806,345.63057455801936,0,High,0.4581035998115063,2026,5,Summer
2026-05-20,Karnataka,Mysuru,Mysuru APMC,Tomato,Tomato,3100,3300,3200,2970.0108282968313,229.98917170316872,0,High,0.4581035998115063,2026,5,Summer
2026-05-21,Karnataka,Mysuru,Mysuru APMC,Tomato,Tomato,3100,3300,3200,3058.5026818335436,141.49731816645635,0,High,0.4581035998115063,2026,5,Summer
2026-05-22,Karnataka,Mysuru,Mysuru APMC,Tomato,Tomato,3100,3300,3200,3146.994535370254,53.0054646297458,0,High,0.4581035998115063,2026,5,Summer
2026-05-24,Karnataka,Mysuru,Mysuru APMC,Tomato,Tomato,3300,3500,3400,3242.689832316577,157.31016768342306,0,High,0.4581035998115063,2026,5,Summer
2026-05-25,Karnataka,Mysuru,Mysuru APMC,Tomato,Tomato,3300,3500,3400,3253.608032667872,146.39196733212793,0,High,0.4581035998115063,2026,5,Summer
2026-05-26,Karnataka,Mysuru,Mysuru APMC,Tomato,Tomato,3000,3200,3100,3212.0384300012224,-112.03843000122242,0,High,0.4581035998115063,2026,5,Summer
2026-05-27,Karnataka,Mysuru,Mysuru APMC,Tomato,Tomato,3000,3200,3100,3243.7085153626217,-143.7085153626217,0,High,0.4581035998115063,2026,5,Summer
2026-05-27,Karnataka,Mysuru,Mysuru APMC,Tomato,Tomato,3000,3200,3100,3227.450833337202,-127.45083333720186,0,High,0.4581035998115063,2026,5,Summer
2026-05-28,Karnataka,Mysuru,Mysuru APMC,Tomato,Tomato,3000,3200,3100,3218.3965947213933,-118.39659472139328,0,High,0.4581035998115063,2026,5,Summer
2026-05-29,Karnataka,Mysuru,Mysuru APMC,Tomato,Tomato,3200,3400,3300,3241.8577201564244,58.14227984357558,0,High,0.4581035998115063,2026,5,Summer
2026-05-31,Karnataka,Mysuru,Mysuru APMC,Tomato,Tomato,2800,3000,2900,3147.8266475304067,-247.82664753040672,0,High,0.4581035998115063,2026,5,Summer
2026-06-01,Karnataka,Mysuru,Mysuru APMC,Tomato,Tomato,3000,3200,3100,3119.5243854666314,-19.52438546663143,0,High,0.4581035998115063,2026,6,Monsoon
2026-06-02,Karnataka,Mysuru,Mysuru APMC,Tomato,Tomato,3100,3300,3200,3115.835961583524,84.16403841647616,0,High,0.4581035998115063,2026,6,Monsoon
2026-06-03,Karnataka,Mysuru,Mysuru APMC,Tomato,Tomato,3100,3300,3200,3125.7223123594854,74.27768764051461,0,High,0.4581035998115063,2026,6,Monsoon
2026-06-04,Karnataka,Mysuru,Mysuru APMC,Tomato,Tomato,3300,3500,3400,3181.6988018453576,218.3011981546424,0,High,0.4581035998115063,2026,6,Monsoon
2026-06-05,Karnataka,Mysuru,Mysuru APMC,Tomato,Tomato,3000,3200,3100,3161.7526959368292,-61.75269593682924,0,High,0.4581035998115063,2026,6,Monsoon
2026-06-07,Karnataka,Mysuru,Mysuru APMC,Tomato,Tomato,3000,3200,3100,3184.368542682419,-84.36854268241905,0,High,0.4581035998115063,2026,6,Monsoon
2026-06-08,Karnataka,Mysuru,Mysuru APMC,Tomato,Tomato,3000,3200,3100,3173.663246275594,-73.66324627559379,0,High,0.4581035998115063,2026,6,Monsoon
2026-06-10,Karnataka,Mysuru,Mysuru APMC,Tomato,Tomato,3300,3500,3400,3236.8431791710755,163.15682082892454,0,High,0.4581035998115063,2026,6,Monsoon
2026-06-11,Karnataka,Mysuru,Mysuru APMC,Tomato,Tomato,3300,3500,3400,3235.837662654318,164.16233734568186,0,High,0.4581035998115063,2026,6,Monsoon
2026-06-12,Karnataka,Mysuru,Mysuru APMC,Tomato,Tomato,3300,3500,3400,3275.55647011477,124.44352988522996,0,High,0.4581035998115063,2026,6,Monsoon
2026-06-14,Karnataka,Mysuru,Mysuru APMC,Tomato,Tomato,3000,3200,3100,3241.190310857731,-141.19031085773122,0,High,0.4581035998115063,2026,6,Monsoon
2026-06-16,Karnataka,Mysuru,Mysuru APMC,Tomato,Tomato,2800,3000,2900,3213.3820537360443,-313.3820537360443,0,High,0.4581035998115063,2026,6,Monsoon
2026-06-18,Karnataka,Mysuru,Mysuru APMC,Tomato,Tomato,2500,2700,2600,3173.6500797463045,-573.6500797463045,0,High,0.4581035998115063,2026,6,Monsoon
2026-06-21,Karnataka,Mysuru,Mysuru APMC,Tomato,Tomato,1800,2000,1900,3040.8925496473053,-1140.8925496473053,0,High,0.4581035998115063,2026,6,Monsoon
2026-06-23,Karnataka,Mysuru,Mysuru APMC,Tomato,Tomato,1500,1700,1600,2807.2604787551745,-1207.2604787551745,0,High,0.4581035998115063,2026,6,Monsoon
2026-06-24,Karnataka,Mysuru,Mysuru APMC,Tomato,Tomato,1600,1800,1700,2578.807651709853,-878.807651709853,0,High,0.4581035998115063,2026,6,Monsoon
2026-06-25,Karnataka,Mysuru,Mysuru APMC,Tomato,Tomato,1500,1700,1600,2279.7980440028327,-679.7980440028327,0,High,0.4581035998115063,2026,6,Monsoon
2026-06-26,Karnataka,Mysuru,Mysuru APMC,Tomato,Tomato,1500,1700,1600,2056.7110316902117,-456.7110316902117,0,High,0.4581035998115063,2026,6,Monsoon
2026-06-29,Karnataka,Mysuru,Mysuru APMC,Tomato,Tomato,1400,1600,1500,1800.2897096958861,-300.28970969588613,0,High,0.4581035998115063,2026,6,Monsoon
2026-06-30,Karnataka,Mysuru,Mysuru APMC,Tomato,Tomato,1400,1600,1500,1642.233425484946,-142.2334254849461,0,High,0.4581035998115063,2026,6,Monsoon
2026-07-05,Karnataka,Mysuru,Mysuru APMC,Tomato,Tomato,1400,1600,1500,1603.3149917958758,-103.31499179587581,0,High,0.4581035998115063,2026,7,Monsoon
2026-07-06,Karnataka,Mysuru,Mysuru APMC,Tomato,Tomato,1300,1500,1400,1527.5789672873693,-127.57896728736932,0,High,0.4581035998115063,2026,7,Monsoon
2026-07-08,Karnataka,Mysuru,Mysuru APMC,Tomato,Tomato,1100,1300,1200,1474.2722186385604,-274.2722186385604,0,High,0.4581035998115063,2026,7,Monsoon
2026-07-09,Karnataka,Mysuru,Mysuru APMC,Tomato,Tomato,900,1100,1000,1411.0791192137904,-411.07911921379036,0,High,0.4581035998115063,2026,7,Monsoon
2026-07-10,Karnataka,Mysuru,Mysuru APMC,Tomato,Tomato,900,1100,1000,1347.8860197890197,-347.88601978901966,0,High,0.4581035998115063,2026,7,Monsoon
2026-07-12,Karnataka,Mysuru,Mysuru APMC,Tomato,Tomato,1100,1300,1200,1313.5198605319815,-113.51986053198152,0,High,0.4581035998115063,2026,7,Monsoon
2026-07-14,Karnataka,Mysuru,Mysuru APMC,Tomato,Tomato,1200,1400,1300,1217.8377301149474,82.16226988505264,0,High,0.4581035998115063,2026,7,Monsoon
2026-07-15,Karnataka,Mysuru,Mysuru APMC,Tomato,Tomato,1300,1500,1400,1195.2087168400683,204.7912831599317,0,High,0.4581035998115063,2026,7,Monsoon
2026-07-16,Karnataka,Mysuru,Mysuru APMC,Tomato,Tomato,1300,1500,1400,1188.83738559061,211.16261440939002,0,High,0.4581035998115063,2026,7,Monsoon
2026-07-17,Karnataka,Mysuru,Mysuru APMC,Tomato,Tomato,1300,1500,1400,1228.5561930510614,171.44380694893857,0,High,0.4581035998115063,2026,7,Monsoon
2026-07-19,Karnataka,Mysuru,Mysuru APMC,Tomato,Tomato,1200,1400,1300,1291.736125946544,8.263874053455993,0,High,0.4581035998115063,2026,7,Monsoon
2026-07-20,Karnataka,Mysuru,Mysuru APMC,Tomato,Tomato,800,1000,900,1245.8325581225263,-345.8325581225263,0,High,0.4581035998115063,2026,7,Monsoon
2026-07-22,Karnataka,Mysuru,Mysuru APMC,Tomato,Tomato,800,1000,900,1265.7654975017667,-365.76549750176673,0,High,0.4581035998115063,2026,7,Monsoon
2026-07-24,Karnataka,Mysuru,Mysuru APMC,Tomato,Tomato,500,700,600,1166.3686101430483,-566.3686101430483,0,High,0.4581035998115063,2026,7,Monsoon
2026-07-26,Karnataka,Mysuru,Mysuru APMC,Tomato,Tomato,800,1000,900,1140.2114108123783,-240.2114108123783,0,High,0.4581035998115063,2026,7,Monsoon
2026-07-28,Karnataka,Mysuru,Mysuru APMC,Tomato,Tomato,800,1000,900,982.1814596600136,-82.18145966001362,0,High,0.4581035998115063,2026,7,Monsoon
2026-07-29,Karnataka,Mysuru,Mysuru APMC,Tomato,Tomato,600,800,700,875.5811288916843,-175.58112889168433,0,High,0.4581035998115063,2026,7,Monsoon
2026-07-30,Karnataka,Mysuru,Mysuru APMC,Tomato,Tomato,600,800,700,812.3880294669137,-112.38802946691374,0,High,0.4581035998115063,2026,7,Monsoon
2026-07-31,Karnataka,Mysuru,Mysuru APMC,Tomato,Tomato,600,800,700,787.0761088256847,-87.07610882568474,0,High,0.4581035998115063,2026,7,Monsoon
2026-08-02,Karnataka,Mysuru,Mysuru APMC,Tomato,Tomato,400,600,500,726.547344907782,-226.54734490778196,1,High,0.4581035998115063,2026,8,Monsoon
2026-08-03,Karnataka,Mysuru,Mysuru APMC,Tomato,Tomato,400,600,500,694.2185517428343,-194.21855174283428,1,High,0.4581035998115063,2026,8,Monsoon
2026-08-05,Karnataka,Mysuru,Mysuru APMC,Tomato,Tomato,800,1000,900,708.6254385620564,191.3745614379436,0,High,0.4581035998115063,2026,8,Monsoon
2026-08-06,Karnataka,Mysuru,Mysuru APMC,Tomato,Tomato,800,1000,900,661.5297833353898,238.47021666461023,0,High,0.4581035998115063,2026,8,Monsoon
2026-08-07,Karnataka,Mysuru,Mysuru APMC,Tomato,Tomato,600,800,700,668.7332267450008,31.26677325499918,0,High,0.4581035998115063,2026,8,Monsoon
2026-04-02,Karnataka,Mysuru,Nanjangud APMC,Tomato,Hybrid,1515,2083,1851,1862.8906336524562,-11.890633652456245,0,High,0.4581035998115063,2026,4,Summer
2026-04-04,Karnataka,Mysuru,Nanjangud APMC,Tomato,Tomato,1111,2222,1851,1877.2975204716784,-26.297520471678354,0,High,0.4581035998115063,2026,4,Summer
2026-04-06,Karnataka,Mysuru,Nanjangud APMC,Tomato,Hybrid,1515,2083,1851,1841.2803034236229,9.719696576377146,0,High,0.4581035998115063,2026,4,Summer
2026-04-07,Karnataka,Mysuru,Nanjangud APMC,Tomato,Tomato,1111,1515,1200,1700.3112328535553,-500.31123285355534,0,High,0.4581035998115063,2026,4,Summer
2026-04-08,Karnataka,Mysuru,Nanjangud APMC,Tomato,Tomato,1111,1515,1200,1697.1047833072562,-497.1047833072562,0,High,0.4581035998115063,2026,4,Summer
2026-04-09,Karnataka,Mysuru,Nanjangud APMC,Tomato,Tomato,1560,2083,1851,1739.5873967120287,111.41260328797125,0,High,0.4581035998115063,2026,4,Summer
2026-04-10,Karnataka,Mysuru,Nanjangud APMC,Tomato,Tomato,2380,2777,2564,1774.336329932343,789.663670067657,0,High,0.4581035998115063,2026,4,Summer
2026-04-13,Karnataka,Mysuru,Nanjangud APMC,Tomato,Tomato,2380,2777,2564,1764.6516858159785,799.3483141840215,0,High,0.4581035998115063,2026,4,Summer
2026-04-15,Karnataka,Mysuru,Nanjangud APMC,Tomato,Tomato,2380,2777,2564,1894.9758454764465,669.0241545235535,0,High,0.4581035998115063,2026,4,Summer
2026-04-16,Karnataka,Mysuru,Nanjangud APMC,Tomato,Tomato,2777,3333,3030,2093.8573599657598,936.1426400342402,0,High,0.4581035998115063,2026,4,Summer
2026-04-17,Karnataka,Mysuru,Nanjangud APMC,Tomato,Tomato,2083,3333,2777,2294.185999004982,482.814000995018,0,High,0.4581035998115063,2026,4,Summer
2026-04-18,Karnataka,Mysuru,Nanjangud APMC,Tomato,Tomato,2380,2777,2564,2557.488405128769,6.511594871230955,0,High,0.4581035998115063,2026,4,Summer
2026-04-21,Karnataka,Mysuru,Nanjangud APMC,Tomato,Tomato,3700,5555,3703,2858.6811726249225,844.3188273750775,0,High,0.4581035998115063,2026,4,Summer
2026-04-22,Karnataka,Mysuru,Nanjangud APMC,Tomato,Tomato,3030,3333,3030,2787.02873090619,242.97126909380995,0,High,0.4581035998115063,2026,4,Summer
2026-04-23,Karnataka,Mysuru,Nanjangud APMC,Tomato,Tomato,3030,6666,3703,3070.7654060408736,632.2345939591264,0,High,0.4581035998115063,2026,4,Summer
2026-04-24,Karnataka,Mysuru,Nanjangud APMC,Tomato,Tomato,3030,6666,3333,3111.6321907704273,221.36780922957269,0,High,0.4581035998115063,2026,4,Summer
2026-04-27,Karnataka,Mysuru,Nanjangud APMC,Tomato,Hybrid,3333,4166,3700,3241.9715529408545,458.0284470591455,0,High,0.4581035998115063,2026,4,Summer
2026-04-28,Karnataka,Mysuru,Nanjangud APMC,Tomato,Tomato,3700,6666,3703,3349.9017089070708,353.09829109292923,0,High,0.4581035998115063,2026,4,Summer
2026-04-29,Karnataka,Mysuru,Nanjangud APMC,Tomato,Tomato,3700,6666,3703,3541.8729073464447,161.12709265355534,0,High,0.4581035998115063,2026,4,Summer
2026-04-30,Karnataka,Mysuru,Nanjangud APMC,Tomato,Hybrid,2083,3333,3030,3439.6621507249793,-409.66215072497926,0,High,0.4581035998115063,2026,4,Summer
2026-05-02,Karnataka,Mysuru,Nanjangud APMC,Tomato,Tomato,2564,5555,4166,3720.2096161730665,445.7903838269335,0,High,0.4581035998115063,2026,5,Summer
2026-05-04,Karnataka,Mysuru,Nanjangud APMC,Tomato,Tomato,2700,4166,3703,3529.9829589979818,173.01704100201823,0,High,0.4581035998115063,2026,5,Summer
2026-05-05,Karnataka,Mysuru,Nanjangud APMC,Tomato,Tomato,3333,5555,4166,3735.4641003508336,430.53589964916637,0,High,0.4581035998115063,2026,5,Summer
2026-05-06,Karnataka,Mysuru,Nanjangud APMC,Tomato,Tomato,3333,4166,3700,3679.8163370889533,20.183662911046667,0,High,0.4581035998115063,2026,5,Summer
2026-05-07,Karnataka,Mysuru,Nanjangud APMC,Tomato,Hybrid,2777,3333,3030,3640.8640303787506,-610.8640303787506,0,High,0.4581035998115063,2026,5,Summer
2026-05-08,Karnataka,Mysuru,Nanjangud APMC,Tomato,Tomato,3030,6666,3703,3739.0184640041275,-36.01846400412751,0,High,0.4581035998115063,2026,5,Summer
2026-05-11,Karnataka,Mysuru,Nanjangud APMC,Tomato,Tomato,3700,6666,3703,3728.2606569412224,-25.26065694122235,0,High,0.4581035998115063,2026,5,Summer
2026-05-12,Karnataka,Mysuru,Nanjangud APMC,Tomato,Tomato,3030,5555,3703,3660.191032573139,42.80896742686082,0,High,0.4581035998115063,2026,5,Summer
2026-05-15,Karnataka,Mysuru,Nanjangud APMC,Tomato,Tomato,3030,6666,4166,3757.0744305796666,408.92556942033343,0,High,0.4581035998115063,2026,5,Summer
2026-05-16,Karnataka,Mysuru,Nanjangud APMC,Tomato,Hybrid,3700,6066,4166,3701.4266673177863,464.57333268221373,0,High,0.4581035998115063,2026,5,Summer
2026-05-18,Karnataka,Mysuru,Nanjangud APMC,Tomato,Tomato,3030,4666,3703,3665.8971807304933,37.102819269506654,0,High,0.4581035998115063,2026,5,Summer
2026-05-19,Karnataka,Mysuru,Nanjangud APMC,Tomato,Tomato,3030,5555,4166,3920.639098620369,245.36090137963083,0,High,0.4581035998115063,2026,5,Summer
2026-05-21,Karnataka,Mysuru,Nanjangud APMC,Tomato,Tomato,3030,6666,4166,3947.4678465457946,218.5321534542054,0,High,0.4581035998115063,2026,5,Summer
2026-05-22,Karnataka,Mysuru,Nanjangud APMC,Tomato,Tomato,3700,6666,4166,4029.9443577331003,136.05564226689967,0,High,0.4581035998115063,2026,5,Summer
2026-05-25,Karnataka,Mysuru,Nanjangud APMC,Tomato,Hybrid,3333,6066,4166,4076.4036518723515,89.59634812764853,0,High,0.4581035998115063,2026,5,Summer
2026-05-27,Karnataka,Mysuru,Nanjangud APMC,Tomato,Tomato,3030,3706,3333,3955.384047419824,-622.3840474198241,0,High,0.4581035998115063,2026,5,Summer
2026-05-30,Karnataka,Mysuru,Nanjangud APMC,Tomato,Tomato,2380,4666,3703,4014.79918278101,-311.79918278101013,0,High,0.4581035998115063,2026,5,Summer
2026-06-02,Karnataka,Mysuru,Nanjangud APMC,Tomato,Tomato,2380,3333,3030,3835.7368887068055,-805.7368887068055,0,High,0.4581035998115063,2026,6,Monsoon
2026-06-03,Karnataka,Mysuru,Nanjangud APMC,Tomato,Tomato,2380,4666,3030,3749.6112977631815,-719.6112977631815,0,High,0.4581035998115063,2026,6,Monsoon
2026-06-04,Karnataka,Mysuru,Nanjangud APMC,Tomato,Tomato,3030,5555,3703,3681.5416733950974,21.458326604902595,0,High,0.4581035998115063,2026,6,Monsoon
2026-06-05,Karnataka,Mysuru,Nanjangud APMC,Tomato,Tomato,3030,4666,3333,3461.960392077422,-128.96039207742206,0,High,0.4581035998115063,2026,6,Monsoon
2026-06-06,Karnataka,Mysuru,Nanjangud APMC,Tomato,Tomato,3030,4666,3333,3383.9640104538403,-50.964010453840274,0,High,0.4581035998115063,2026,6,Monsoon
2026-06-11,Karnataka,Mysuru,Nanjangud APMC,Tomato,Tomato,3030,4666,3333,3369.5571236346186,-36.55712363461862,0,High,0.4581035998115063,2026,6,Monsoon
2026-06-15,Karnataka,Mysuru,Nanjangud APMC,Tomato,Tomato,3030,5555,3703,3347.9467934057857,355.0532065942143,0,High,0.4581035998115063,2026,6,Monsoon
2026-06-17,Karnataka,Mysuru,Nanjangud APMC,Tomato,Tomato,3030,4666,3333,3361.3877905234735,-28.38779052347354,0,High,0.4581035998115063,2026,6,Monsoon
2026-06-19,Karnataka,Mysuru,Nanjangud APMC,Tomato,Tomato,2380,2777,2564,3350.260545342794,-786.2605453427941,0,High,0.4581035998115063,2026,6,Monsoon
2026-06-20,Karnataka,Mysuru,Nanjangud APMC,Tomato,Tomato,3030,5555,4166,3537.127073658345,628.8729263416549,0,High,0.4581035998115063,2026,6,Monsoon
2026-06-22,Karnataka,Mysuru,Nanjangud APMC,Tomato,Tomato,3700,6666,4166,3419.0684578437463,746.9315421562537,0,High,0.4581035998115063,2026,6,Monsoon
2026-06-23,Karnataka,Mysuru,Nanjangud APMC,Tomato,Tomato,3030,4666,3333,3426.271901253357,-93.2719012533571,0,High,0.4581035998115063,2026,6,Monsoon
2026-06-24,Karnataka,Mysuru,Nanjangud APMC,Tomato,Tomato,3700,4666,4166,3681.979708844766,484.0202911552342,0,High,0.4581035998115063,2026,6,Monsoon
2026-06-25,Karnataka,Mysuru,Nanjangud APMC,Tomato,Tomato,3700,6666,4166,3651.378347122023,514.6216528779769,0,High,0.4581035998115063,2026,6,Monsoon
2026-07-01,Karnataka,Mysuru,Nanjangud APMC,Tomato,Tomato,3700,4666,4166,3769.696472348717,396.3035276512828,0,High,0.4581035998115063,2026,7,Monsoon
2026-07-02,Karnataka,Mysuru,Nanjangud APMC,Tomato,Tomato,3030,5555,4166,4037.3479818055584,128.65201819444155,0,High,0.4581035998115063,2026,7,Monsoon
2026-07-03,Karnataka,Mysuru,Nanjangud APMC,Tomato,Tomato,3700,6666,4166,4044.5514252151697,121.44857478483027,0,High,0.4581035998115063,2026,7,Monsoon
2026-07-06,Karnataka,Mysuru,Nanjangud APMC,Tomato,Tomato,3030,5555,4166,4015.7376515767246,150.2623484232754,0,High,0.4581035998115063,2026,7,Monsoon
2026-07-07,Karnataka,Mysuru,Nanjangud APMC,Tomato,Tomato,3700,6666,4166,4158.367586258086,7.632413741914206,0,High,0.4581035998115063,2026,7,Monsoon
2026-07-08,Karnataka,Mysuru,Nanjangud APMC,Tomato,Tomato,3700,4666,4166,4165.571029667696,0.42897033230383386,0,High,0.4581035998115063,2026,7,Monsoon
2026-07-09,Karnataka,Mysuru,Nanjangud APMC,Tomato,Tomato,3030,4666,3333,4037.3479818055584,-704.3479818055584,0,High,0.4581035998115063,2026,7,Monsoon
2026-07-10,Karnataka,Mysuru,Nanjangud APMC,Tomato,Tomato,3700,4666,4166,4157.629298125218,8.370701874781844,0,High,0.4581035998115063,2026,7,Monsoon
2026-07-13,Karnataka,Mysuru,Nanjangud APMC,Tomato,Tomato,3700,4666,4166,4015.7376515767246,150.2623484232754,0,High,0.4581035998115063,2026,7,Monsoon
2026-07-14,Karnataka,Mysuru,Nanjangud APMC,Tomato,Tomato,3030,5555,4166,4022.941094986336,143.05890501366412,0,High,0.4581035998115063,2026,7,Monsoon
2026-07-15,Karnataka,Mysuru,Nanjangud APMC,Tomato,Tomato,3700,6666,4166,4030.144538395947,135.85546160405283,0,High,0.4581035998115063,2026,7,Monsoon
2026-07-17,Karnataka,Mysuru,Nanjangud APMC,Tomato,Tomato,3700,6666,4166,4044.5514252151697,121.44857478483027,0,High,0.4581035998115063,2026,7,Monsoon
2026-07-18,Karnataka,Mysuru,Nanjangud APMC,Tomato,Tomato,3700,4666,4166,4051.75486862478,114.2451313752199,0,High,0.4581035998115063,2026,7,Monsoon
2026-07-21,Karnataka,Mysuru,Nanjangud APMC,Tomato,Tomato,3030,6666,4166,4158.367586258086,7.632413741914206,0,High,0.4581035998115063,2026,7,Monsoon
2026-07-23,Karnataka,Mysuru,Nanjangud APMC,Tomato,Tomato,3030,5555,4166,4172.774473077307,-6.774473077307448,0,High,0.4581035998115063,2026,7,Monsoon
2026-07-24,Karnataka,Mysuru,Nanjangud APMC,Tomato,Tomato,3030,5555,4166,4179.977916486919,-13.97791648691873,0,High,0.4581035998115063,2026,7,Monsoon
2026-07-27,Karnataka,Mysuru,Nanjangud APMC,Tomato,Tomato,3700,6666,4166,4151.1641428484745,14.835857151525488,0,High,0.4581035998115063,2026,7,Monsoon
2026-07-28,Karnataka,Mysuru,Nanjangud APMC,Tomato,Tomato,3030,5555,4166,4158.367586258086,7.632413741914206,0,High,0.4581035998115063,2026,7,Monsoon
2026-07-29,Karnataka,Mysuru,Nanjangud APMC,Tomato,Tomato,3030,6666,4166,4165.571029667696,0.42897033230383386,0,High,0.4581035998115063,2026,7,Monsoon
2026-07-30,Karnataka,Mysuru,Nanjangud APMC,Tomato,Tomato,3700,4666,4166,4172.774473077307,-6.774473077307448,0,High,0.4581035998115063,2026,7,Monsoon
2026-07-31,Karnataka,Mysuru,Nanjangud APMC,Tomato,Tomato,3700,6666,4166,4179.977916486919,-13.97791648691873,0,High,0.4581035998115063,2026,7,Monsoon
2026-08-01,Karnataka,Mysuru,Nanjangud APMC,Tomato,Tomato,3030,6666,4166,4177.276437261085,-11.276437261085448,0,High,0.4581035998115063,2026,8,Monsoon
2026-08-03,Karnataka,Mysuru,Nanjangud APMC,Tomato,Tomato,3700,6666,4166,4141.25922021303,24.74077978697005,0,High,0.4581035998115063,2026,8,Monsoon
2026-08-05,Karnataka,Mysuru,Nanjangud APMC,Tomato,Tomato,3030,4166,3703,4080.393039254557,-377.39303925455715,0,High,0.4581035998115063,2026,8,Monsoon
2026-08-06,Karnataka,Mysuru,Nanjangud APMC,Tomato,Tomato,3030,4666,3703,4075.1746215579647,-372.17462155796466,0,High,0.4581035998115063,2026,8,Monsoon
2026-04-08,Karnataka,Mysuru,T. Narasipura APMC,Tomato,Hybrid,1000,2000,2000,2007.0531552400407,-7.053155240040724,0,High,0.4581035998115063,2026,4,Summer
2026-04-13,Karnataka,Mysuru,T. Narasipura APMC,Tomato,Hybrid,1500,2000,1500,1802.9733114575843,-302.97331145758426,0,High,0.4581035998115063,2026,4,Summer
2026-04-16,Karnataka,Mysuru,T. Narasipura APMC,Tomato,Hybrid,1500,2000,2000,1939.8757542225733,60.12424577742672,0,High,0.4581035998115063,2026,4,Summer
2022-03-15,Telangana,Nalgonda,Venkateswarnagar,Tomato,Local,600,600,600,604.5050239497454,-4.50502394974535,0,High,0.4581035998115063,2022,3,Summer
2022-03-16,Telangana,Nalgonda,Venkateswarnagar,Tomato,Local,600,600,600,611.7084673593564,-11.708467359356405,0,High,0.4581035998115063,2022,3,Summer
2022-03-20,Telangana,Nalgonda,Venkateswarnagar,Tomato,Local,600,600,600,640.5222409978007,-40.522240997800736,0,High,0.4581035998115063,2022,3,Summer
2022-03-24,Telangana,Nalgonda,Venkateswarnagar,Tomato,Local,600,600,600,618.9119107689675,-18.91191076896746,0,High,0.4581035998115063,2022,3,Summer
2022-03-27,Telangana,Nalgonda,Venkateswarnagar,Tomato,Local,600,600,600,640.5222409978007,-40.522240997800736,0,High,0.4581035998115063,2022,3,Summer
2022-03-29,Telangana,Nalgonda,Venkateswarnagar,Tomato,Local,600,600,600,604.5050239497454,-4.50502394974535,0,High,0.4581035998115063,2022,3,Summer
2022-04-05,Telangana,Nalgonda,Venkateswarnagar,Tomato,Local,600,600,600,594.6001013143008,5.399898685699213,0,High,0.4581035998115063,2022,4,Summer
2022-04-21,Telangana,Nalgonda,Venkateswarnagar,Tomato,Local,400,400,400,576.4916240826827,-176.49162408268273,1,High,0.4581035998115063,2022,4,Summer
2022-05-03,Telangana,Nalgonda,Venkateswarnagar,Tomato,Local,2500,2500,2500,888.2253224291367,1611.7746775708633,0,High,0.4581035998115063,2022,5,Summer
2022-05-07,Telangana,Nalgonda,Venkateswarnagar,Tomato,Local,3000,3000,3000,1022.1531968372044,1977.8468031627956,0,High,0.4581035998115063,2022,5,Summer
2022-05-11,Telangana,Nalgonda,Venkateswarnagar,Tomato,Local,2500,2500,2500,1241.5649517960053,1258.4350482039947,0,High,0.4581035998115063,2022,5,Summer
2022-06-08,Telangana,Nalgonda,Venkateswarnagar,Tomato,Local,4000,4000,4000,1871.592359789509,2128.407640210491,0,High,0.4581035998115063,2022,6,Monsoon
2022-06-09,Telangana,Nalgonda,Venkateswarnagar,Tomato,Local,4000,4000,4000,2227.935372177361,1772.064627822639,0,High,0.4581035998115063,2022,6,Monsoon
2022-06-10,Telangana,Nalgonda,Venkateswarnagar,Tomato,Local,4000,4000,4000,2787.900004451255,1212.099995548745,0,High,0.4581035998115063,2022,6,Monsoon
2022-06-11,Telangana,Nalgonda,Venkateswarnagar,Tomato,Local,4000,4000,4000,3380.380000775989,619.6199992240108,0,High,0.4581035998115063,2022,6,Monsoon
2022-06-23,Telangana,Nalgonda,Venkateswarnagar,Tomato,Local,3000,3000,3000,3447.2615240838677,-447.2615240838677,0,High,0.4581035998115063,2022,6,Monsoon
2022-06-28,Telangana,Nalgonda,Venkateswarnagar,Tomato,Local,2000,2000,2000,3406.0255636011393,-1406.0255636011393,0,High,0.4581035998115063,2022,6,Monsoon
2022-07-01,Telangana,Nalgonda,Venkateswarnagar,Tomato,Local,2000,2000,2000,3472.1903076581225,-1472.1903076581225,0,High,0.4581035998115063,2022,7,Monsoon
2022-07-09,Telangana,Nalgonda,Venkateswarnagar,Tomato,Local,1500,1500,1500,3072.951700432231,-1572.951700432231,0,High,0.4581035998115063,2022,7,Monsoon
2022-07-12,Telangana,Nalgonda,Venkateswarnagar,Tomato,Local,1500,1500,1500,2705.5697494536325,-1205.5697494536325,0,High,0.4581035998115063,2022,7,Monsoon
2022-07-20,Telangana,Nalgonda,Venkateswarnagar,Tomato,Local,1500,1500,1500,2306.3311422277407,-806.3311422277407,0,High,0.4581035998115063,2022,7,Monsoon
2022-08-25,Telangana,Nalgonda,Venkateswarnagar,Tomato,Local,800,800,800,1783.3838381884643,-983.3838381884643,1,High,0.4581035998115063,2022,8,Monsoon
2022-08-28,Telangana,Nalgonda,Venkateswarnagar,Tomato,Local,1500,1500,1500,1656.1523606494825,-156.1523606494825,0,High,0.4581035998115063,2022,8,Monsoon
2022-09-03,Telangana,Nalgonda,Venkateswarnagar,Tomato,Local,1500,1500,1500,1462.7321618638398,37.26783813616021,0,High,0.4581035998115063,2022,9,Monsoon
2022-09-13,Telangana,Nalgonda,Venkateswarnagar,Tomato,Local,3000,3000,3000,1596.4952084795966,1403.5047915204034,0,High,0.4581035998115063,2022,9,Monsoon
2022-09-15,Telangana,Nalgonda,Venkateswarnagar,Tomato,Local,2500,2500,2500,1569.8572956669777,930.1427043330223,0,High,0.4581035998115063,2022,9,Monsoon
2022-09-17,Telangana,Nalgonda,Venkateswarnagar,Tomato,Local,2000,2000,2000,1733.426465908648,266.57353409135203,0,High,0.4581035998115063,2022,9,Monsoon
2022-09-20,Telangana,Nalgonda,Venkateswarnagar,Tomato,Local,1500,1500,1500,1772.486565565551,-272.486565565551,0,High,0.4581035998115063,2022,9,Monsoon
2022-09-24,Telangana,Nalgonda,Venkateswarnagar,Tomato,Local,1200,1200,1200,1934.2049406010226,-734.2049406010226,0,High,0.4581035998115063,2022,9,Monsoon
2022-10-14,Telangana,Nalgonda,Venkateswarnagar,Tomato,Local,2000,2000,2000,2029.460674425617,-29.46067442561707,0,High,0.4581035998115063,2022,10,PostMonsoon
2022-10-20,Telangana,Nalgonda,Venkateswarnagar,Tomato,Local,2000,2000,2000,1994.9474438705513,5.052556129448703,0,High,0.4581035998115063,2022,10,PostMonsoon
2022-10-21,Telangana,Nalgonda,Venkateswarnagar,Tomato,Local,2000,2000,2000,1839.5740670259609,160.42593297403914,0,High,0.4581035998115063,2022,10,PostMonsoon
2022-10-30,Telangana,Nalgonda,Venkateswarnagar,Tomato,Local,1500,1500,1500,1691.4041335909826,-191.4041335909826,0,High,0.4581035998115063,2022,10,PostMonsoon
2022-11-03,Telangana,Nalgonda,Venkateswarnagar,Tomato,Local,1200,1200,1200,1597.7012978186917,-397.7012978186917,0,High,0.4581035998115063,2022,11,PostMonsoon
2022-11-09,Telangana,Nalgonda,Venkateswarnagar,Tomato,Local,1000,1000,1000,1549.933768259188,-549.9337682591879,0,High,0.4581035998115063,2022,11,PostMonsoon
2022-11-16,Telangana,Nalgonda,Venkateswarnagar,Tomato,Local,600,600,600,1479.5372254248061,-879.5372254248061,0,High,0.4581035998115063,2022,11,PostMonsoon
2022-11-25,Telangana,Nalgonda,Venkateswarnagar,Tomato,Local,1500,1500,1500,1466.954800753206,33.04519924679403,0,High,0.4581035998115063,2022,11,PostMonsoon
2022-11-29,Telangana,Nalgonda,Venkateswarnagar,Tomato,Local,500,500,500,1079.3062682114464,-579.3062682114464,1,High,0.4581035998115063,2022,11,PostMonsoon
2022-11-30,Telangana,Nalgonda,Venkateswarnagar,Tomato,Local,600,600,600,994.6499098558704,-394.6499098558704,0,High,0.4581035998115063,2022,11,PostMonsoon
2022-12-01,Telangana,Nalgonda,Venkateswarnagar,Tomato,Local,600,600,600,812.7572492728693,-212.75724927286933,0,High,0.4581035998115063,2022,12,Winter
2022-12-02,Telangana,Nalgonda,Venkateswarnagar,Tomato,Local,600,600,600,722.41460052996,-122.41460052996001,0,High,0.4581035998115063,2022,12,Winter
2022-12-04,Telangana,Nalgonda,Venkateswarnagar,Tomato,Local,600,600,600,671.7907592475018,-71.7907592475018,0,High,0.4581035998115063,2022,12,Winter
2022-12-14,Telangana,Nalgonda,Venkateswarnagar,Tomato,Local,400,400,400,610.4616215582172,-210.4616215582172,1,High,0.4581035998115063,2022,12,Winter
2022-12-20,Telangana,Nalgonda,Venkateswarnagar,Tomato,Local,400,400,400,451.5732251871241,-51.57322518712408,1,High,0.4581035998115063,2022,12,Winter
2022-12-23,Telangana,Nalgonda,Venkateswarnagar,Tomato,Local,600,600,600,489.44123744137744,110.55876255862256,0,High,0.4581035998115063,2022,12,Winter
2024-10-10,Telangana,Warangal,Warangal,Tomato,Tomato,3500,4000,3750,4145.37036673084,-395.37036673084003,0,High,0.4581035998115063,2024,10,PostMonsoon
2024-10-27,Telangana,Warangal,Warangal,Tomato,Tomato,2500,3000,2750,3733.7095726606644,-983.7095726606644,0,High,0.4581035998115063,2024,10,PostMonsoon
2024-10-31,Telangana,Warangal,Warangal,Tomato,Tomato,2500,3000,2750,3563.3375535776745,-813.3375535776745,0,High,0.4581035998115063,2024,10,PostMonsoon
2024-11-03,Telangana,Warangal,Warangal,Tomato,Tomato,2500,3000,2750,3404.337299904152,-654.3372999041521,0,High,0.4581035998115063,2024,11,PostMonsoon
2024-11-11,Telangana,Warangal,Warangal,Tomato,Tomato,2000,2500,2250,3152.476386786928,-902.4763867869278,0,High,0.4581035998115063,2024,11,PostMonsoon
2024-11-12,Telangana,Warangal,Warangal,Tomato,Tomato,2500,3000,2750,3159.8133617193025,-409.8133617193025,0,High,0.4581035998115063,2024,11,PostMonsoon
2024-11-19,Telangana,Warangal,Warangal,Tomato,Tomato,3600,4000,3800,2937.491509182465,862.508490817535,0,High,0.4581035998115063,2024,11,PostMonsoon
2024-11-20,Telangana,Warangal,Warangal,Tomato,Tomato,2500,3000,2750,2639.5829984176453,110.41700158235471,0,High,0.4581035998115063,2024,11,PostMonsoon
2024-11-24,Telangana,Warangal,Warangal,Tomato,Tomato,3000,3500,3250,2892.2203161034195,357.77968389658054,0,High,0.4581035998115063,2024,11,PostMonsoon
2024-11-25,Telangana,Warangal,Warangal,Tomato,Tomato,2500,3000,2750,2781.1257823504056,-31.125782350405643,0,High,0.4581035998115063,2024,11,PostMonsoon
2024-12-17,Telangana,Warangal,Warangal,Tomato,Tomato,1200,1600,1400,2607.522200607431,-1207.522200607431,0,High,0.4581035998115063,2024,12,Winter
2024-12-19,Telangana,Warangal,Warangal,Tomato,Tomato,1600,2000,1800,2732.0289762096995,-932.0289762096995,0,High,0.4581035998115063,2024,12,Winter
2024-12-27,Telangana,Warangal,Warangal,Tomato,Tomato,1000,1400,1200,2432.9392495890224,-1232.9392495890224,0,High,0.4581035998115063,2024,12,Winter
2024-12-31,Telangana,Warangal,Warangal,Tomato,Tomato,1000,1200,1100,2053.820152628263,-953.8201526282628,0,High,0.4581035998115063,2024,12,Winter
