Arrival_Date,Commodity,Commodity_Code,District,Grade,Market,Max_Price,Min_Price,Modal_Price,State,Variety,Year,Month,DayOfWeek,lag_price_1,lag_price_7,rolling_avg_7,price_change_pct,Season,Anomaly
2026-04-01,Banana,19,Bengaluru,Local,"Binny Mill (F&V), Bengaluru APMC",1600,700,1150,Karnataka,Nauti Bale,2026,4,2,1200.0,,1175.0,-0.0416666666666666,Summer,0
2026-04-01,Banana,19,Bengaluru,Local,"Binny Mill (F&V), Bengaluru APMC",2000,1000,1500,Karnataka,Nendra Bale,2026,4,2,1150.0,,1283.3333333333333,0.3043478260869565,Summer,0
2026-04-01,Banana,19,Bengaluru,Local,"Binny Mill (F&V), Bengaluru APMC",3800,1000,2400,Karnataka,Elakki Bale,2026,4,2,1500.0,,1562.5,0.6000000000000001,Summer,0
2026-04-02,Banana,19,Bengaluru,Local,"Binny Mill (F&V), Bengaluru APMC",1800,600,1200,Karnataka,Pachha Bale,2026,4,3,2400.0,,1490.0,-0.5,Summer,0
2026-04-02,Banana,19,Bengaluru,Local,"Binny Mill (F&V), Bengaluru APMC",3800,1000,2400,Karnataka,Elakki Bale,2026,4,3,1200.0,,1641.6666666666667,1.0,Summer,0
2026-04-02,Banana,19,Bengaluru,Local,"Binny Mill (F&V), Bengaluru APMC",2000,1000,1500,Karnataka,Nendra Bale,2026,4,3,2400.0,,1621.428571428571,-0.375,Summer,0
2026-04-04,Banana,19,Bengaluru,Local,"Binny Mill (F&V), Bengaluru APMC",1600,700,1150,Karnataka,Nauti Bale,2026,4,5,1500.0,1200.0,1614.2857142857142,-0.2333333333333332,Summer,0
2026-04-04,Banana,19,Bengaluru,Local,"Binny Mill (F&V), Bengaluru APMC",1800,600,1200,Karnataka,Pachha Bale,2026,4,5,1150.0,1150.0,1621.428571428571,0.0434782608695651,Summer,0
2026-04-04,Banana,19,Bengaluru,Local,"Binny Mill (F&V), Bengaluru APMC",4000,1000,2500,Karnataka,Elakki Bale,2026,4,5,1200.0,1500.0,1764.2857142857142,1.0833333333333337,Summer,0
2026-04-04,Banana,19,Bengaluru,Local,"Binny Mill (F&V), Bengaluru APMC",2000,1000,1500,Karnataka,Nendra Bale,2026,4,5,2500.0,2400.0,1635.7142857142858,-0.4,Summer,0
2026-04-06,Banana,19,Bengaluru,Local,"Binny Mill (F&V), Bengaluru APMC",2100,1000,1550,Karnataka,Nendra Bale,2026,4,0,1500.0,1200.0,1685.7142857142858,0.0333333333333334,Summer,0
2026-04-06,Banana,19,Bengaluru,Local,"Binny Mill (F&V), Bengaluru APMC",3900,1000,2450,Karnataka,Elakki Bale,2026,4,0,1550.0,2400.0,1692.857142857143,0.5806451612903225,Summer,0
2026-04-06,Banana,19,Bengaluru,Local,"Binny Mill (F&V), Bengaluru APMC",1900,600,1250,Karnataka,Pachha Bale,2026,4,0,2450.0,1500.0,1657.142857142857,-0.4897959183673469,Summer,0
2026-04-07,Banana,19,Bengaluru,Local,"Binny Mill (F&V), Bengaluru APMC",1800,600,1200,Karnataka,Pachha Bale,2026,4,1,1250.0,1150.0,1664.2857142857142,-0.04,Summer,0
2026-04-07,Banana,19,Bengaluru,Local,"Binny Mill (F&V), Bengaluru APMC",2200,1000,1600,Karnataka,Nendra Bale,2026,4,1,1200.0,1200.0,1721.428571428571,0.3333333333333332,Summer,0
2026-04-07,Banana,19,Bengaluru,Local,"Binny Mill (F&V), Bengaluru APMC",4100,1000,2550,Karnataka,Elakki Bale,2026,4,1,1600.0,2500.0,1728.571428571429,0.59375,Summer,0
2026-04-08,Banana,19,Bengaluru,Local,"Binny Mill (F&V), Bengaluru APMC",2100,1000,1550,Karnataka,Nendra Bale,2026,4,2,2550.0,1500.0,1735.7142857142858,-0.3921568627450981,Summer,0
2026-04-08,Banana,19,Bengaluru,Local,"Binny Mill (F&V), Bengaluru APMC",1700,700,1200,Karnataka,Nauti Bale,2026,4,2,1550.0,1550.0,1685.7142857142858,-0.2258064516129032,Summer,0
2026-04-08,Banana,19,Bengaluru,Local,"Binny Mill (F&V), Bengaluru APMC",4200,1000,2600,Karnataka,Elakki Bale,2026,4,2,1200.0,2450.0,1707.142857142857,1.1666666666666663,Summer,0
2026-04-08,Banana,19,Bengaluru,Local,"Binny Mill (F&V), Bengaluru APMC",1900,600,1250,Karnataka,Pachha Bale,2026,4,2,2600.0,1250.0,1707.142857142857,-0.5192307692307692,Summer,0
2026-04-09,Banana,19,Bengaluru,Local,"Binny Mill (F&V), Bengaluru APMC",1800,600,1200,Karnataka,Pachha Bale,2026,4,3,1250.0,1200.0,1707.142857142857,-0.04,Summer,0
2026-04-09,Banana,19,Bengaluru,Local,"Binny Mill (F&V), Bengaluru APMC",2200,1000,1600,Karnataka,Nendra Bale,2026,4,3,1200.0,1600.0,1707.142857142857,0.3333333333333332,Summer,0
2026-04-09,Banana,19,Bengaluru,Local,"Binny Mill (F&V), Bengaluru APMC",1800,700,1250,Karnataka,Nauti Bale,2026,4,3,1600.0,2550.0,1521.428571428571,-0.21875,Summer,0
2026-04-09,Banana,19,Bengaluru,Local,"Binny Mill (F&V), Bengaluru APMC",4100,1000,2500,Karnataka,Elakki Bale,2026,4,3,1250.0,1550.0,1657.142857142857,1.0,Summer,0
2026-04-10,Banana,19,Bengaluru,Local,"Binny Mill (F&V), Bengaluru APMC",2100,1000,1550,Karnataka,Nendra Bale,2026,4,4,2500.0,1200.0,1707.142857142857,-0.38,Summer,0
2026-04-10,Banana,19,Bengaluru,Local,"Binny Mill (F&V), Bengaluru APMC",1900,600,1250,Karnataka,Pachha Bale,2026,4,4,1550.0,2600.0,1514.2857142857142,-0.1935483870967742,Summer,0
2026-04-10,Banana,19,Bengaluru,Local,"Binny Mill (F&V), Bengaluru APMC",4000,1000,2500,Karnataka,Elakki Bale,2026,4,4,1250.0,1250.0,1692.857142857143,1.0,Summer,0
2026-04-13,Banana,19,Bengaluru,Local,"Binny Mill (F&V), Bengaluru APMC",2200,1000,1600,Karnataka,Nendra Bale,2026,4,0,2500.0,1200.0,1750.0,-0.36,Summer,0
2026-04-13,Banana,19,Bengaluru,Local,"Binny Mill (F&V), Bengaluru APMC",1800,600,1200,Karnataka,Pachha Bale,2026,4,0,1600.0,1600.0,1692.857142857143,-0.25,Summer,0
2026-04-13,Banana,19,Bengaluru,Local,"Binny Mill (F&V), Bengaluru APMC",4100,1000,2550,Karnataka,Elakki Bale,2026,4,0,1200.0,1250.0,1878.571428571429,1.125,Summer,0
2026-04-15,Banana,19,Bengaluru,Local,"Binny Mill (F&V), Bengaluru APMC",1900,600,1250,Karnataka,Pachha Bale,2026,4,2,2550.0,2500.0,1700.0,-0.5098039215686274,Summer,0
2026-04-15,Banana,19,Bengaluru,Local,"Binny Mill (F&V), Bengaluru APMC",4200,1000,2600,Karnataka,Elakki Bale,2026,4,2,1250.0,1550.0,1850.0,1.08,Summer,0
2026-04-15,Banana,19,Bengaluru,Local,"Binny Mill (F&V), Bengaluru APMC",2000,1000,1500,Karnataka,Nendra Bale,2026,4,2,2600.0,1250.0,1885.7142857142856,-0.4230769230769231,Summer,0
2026-04-16,Banana,19,Bengaluru,Local,"Binny Mill (F&V), Bengaluru APMC",2100,700,1400,Karnataka,Nauti Bale,2026,4,3,1500.0,2500.0,1728.571428571429,-0.0666666666666666,Summer,0
2026-04-16,Banana,19,Bengaluru,Local,"Binny Mill (F&V), Bengaluru APMC",4300,1000,2650,Karnataka,Elakki Bale,2026,4,3,1400.0,1600.0,1878.571428571429,0.8928571428571428,Summer,0
2026-04-16,Banana,19,Bengaluru,Local,"Binny Mill (F&V), Bengaluru APMC",2000,1000,1500,Karnataka,Nendra Bale,2026,4,3,2650.0,1200.0,1921.4285714285716,-0.4339622641509434,Summer,0
2026-04-16,Banana,19,Bengaluru,Local,"Binny Mill (F&V), Bengaluru APMC",2000,600,1300,Karnataka,Pachha Bale,2026,4,3,1500.0,2550.0,1742.857142857143,-0.1333333333333333,Summer,0
2026-04-17,Banana,19,Bengaluru,Local,"Binny Mill (F&V), Bengaluru APMC",4400,1000,2700,Karnataka,Elakki Bale,2026,4,4,1300.0,1250.0,1950.0,1.076923076923077,Summer,0
2026-04-17,Banana,19,Bengaluru,Local,"Binny Mill (F&V), Bengaluru APMC",2000,700,1350,Karnataka,Nauti Bale,2026,4,4,2700.0,2600.0,1771.428571428571,-0.5,Summer,0
2026-04-17,Banana,19,Bengaluru,Local,"Binny Mill (F&V), Bengaluru APMC",2100,600,1350,Karnataka,Pachha Bale,2026,4,4,1350.0,1500.0,1750.0,0.0,Summer,0
2026-04-17,Banana,19,Bengaluru,Local,"Binny Mill (F&V), Bengaluru APMC",1900,1000,1450,Karnataka,Nendra Bale,2026,4,4,1350.0,1400.0,1757.142857142857,0.0740740740740741,Summer,0
2026-04-18,Banana,19,Bengaluru,Local,"Binny Mill (F&V), Bengaluru APMC",2100,700,1400,Karnataka,Nauti Bale,2026,4,5,1450.0,2650.0,1578.571428571429,-0.0344827586206896,Summer,0
2026-04-18,Banana,19,Bengaluru,Local,"Binny Mill (F&V), Bengaluru APMC",4500,1000,2700,Karnataka,Elakki Bale,2026,4,5,1400.0,1500.0,1750.0,0.9285714285714286,Summer,0
2026-04-18,Banana,19,Bengaluru,Local,"Binny Mill (F&V), Bengaluru APMC",2000,600,1300,Karnataka,Pachha Bale,2026,4,5,2700.0,1300.0,1750.0,-0.5185185185185186,Summer,0
2026-04-18,Banana,19,Bengaluru,Local,"Binny Mill (F&V), Bengaluru APMC",2000,1000,1500,Karnataka,Nendra Bale,2026,4,5,1300.0,2700.0,1578.571428571429,0.1538461538461537,Summer,0
2026-04-21,Banana,19,Bengaluru,Local,"Binny Mill (F&V), Bengaluru APMC",4500,1000,2750,Karnataka,Elakki Bale,2026,4,1,1500.0,1350.0,1778.571428571429,0.8333333333333333,Summer,0
2026-04-21,Banana,19,Bengaluru,Local,"Binny Mill (F&V), Bengaluru APMC",2000,600,1300,Karnataka,Pachha Bale,2026,4,1,2750.0,1350.0,1771.428571428571,-0.5272727272727273,Summer,0
2026-04-21,Banana,19,Bengaluru,Local,"Binny Mill (F&V), Bengaluru APMC",2100,700,1400,Karnataka,Nauti Bale,2026,4,1,1300.0,1450.0,1764.2857142857142,0.0769230769230768,Summer,0
2026-04-21,Banana,19,Bengaluru,Local,"Binny Mill (F&V), Bengaluru APMC",2000,1000,1500,Karnataka,Nendra Bale,2026,4,1,1400.0,1400.0,1778.571428571429,0.0714285714285714,Summer,0
2026-04-22,Banana,19,Bengaluru,Local,"Binny Mill (F&V), Bengaluru APMC",2000,600,1300,Karnataka,Pachha Bale,2026,4,2,1500.0,2700.0,1578.571428571429,-0.1333333333333333,Summer,0
2026-04-22,Banana,19,Bengaluru,Local,"Binny Mill (F&V), Bengaluru APMC",2000,1000,1500,Karnataka,Nendra Bale,2026,4,2,1300.0,1300.0,1607.142857142857,0.1538461538461537,Summer,0
2026-04-22,Banana,19,Bengaluru,Local,"Binny Mill (F&V), Bengaluru APMC",4500,1000,2750,Karnataka,Elakki Bale,2026,4,2,1500.0,1500.0,1785.7142857142858,0.8333333333333333,Summer,0
2026-04-23,Banana,19,Bengaluru,Local,"Binny Mill (F&V), Bengaluru APMC",4400,1000,2700,Karnataka,Elakki Bale,2026,4,3,2750.0,2750.0,1778.571428571429,-0.0181818181818181,Summer,0
2026-04-23,Banana,19,Bengaluru,Local,"Binny Mill (F&V), Bengaluru APMC",1900,600,1250,Karnataka,Pachha Bale,2026,4,3,2700.0,1300.0,1771.428571428571,-0.537037037037037,Summer,0
2026-04-23,Banana,19,Bengaluru,Local,"Binny Mill (F&V), Bengaluru APMC",2100,1000,1550,Karnataka,Nendra Bale,2026,4,3,1250.0,1400.0,1792.857142857143,0.24,Summer,0
2026-04-24,Banana,19,Bengaluru,Local,"Binny Mill (F&V), Bengaluru APMC",4500,1000,2750,Karnataka,Elakki Bale,2026,4,4,1550.0,1500.0,1971.4285714285716,0.7741935483870968,Summer,0
2026-04-24,Banana,19,Bengaluru,Local,"Binny Mill (F&V), Bengaluru APMC",2000,1000,1500,Karnataka,Nendra Bale,2026,4,4,2750.0,1300.0,2000.0,-0.4545454545454546,Summer,0
2026-04-24,Banana,19,Bengaluru,Local,"Binny Mill (F&V), Bengaluru APMC",1900,600,1250,Karnataka,Pachha Bale,2026,4,4,1500.0,1500.0,1964.2857142857144,-0.1666666666666666,Summer,0
2026-04-27,Banana,19,Bengaluru,Local,"Binny Mill (F&V), Bengaluru APMC",2600,1000,1800,Karnataka,Nendra Bale,2026,4,0,1250.0,2750.0,1828.571428571429,0.4399999999999999,Summer,0
2026-04-27,Banana,19,Bengaluru,Local,"Binny Mill (F&V), Bengaluru APMC",1800,600,1200,Karnataka,Pachha Bale,2026,4,0,1800.0,2700.0,1614.2857142857142,-0.3333333333333333,Summer,0
2026-04-27,Banana,19,Bengaluru,Local,"Binny Mill (F&V), Bengaluru APMC",4600,1000,2800,Karnataka,Elakki Bale,2026,4,0,1200.0,1250.0,1835.7142857142856,1.3333333333333337,Summer,0
2026-04-28,Banana,19,Bengaluru,Local,"Binny Mill (F&V), Bengaluru APMC",2500,1000,1750,Karnataka,Nendra Bale,2026,4,1,2800.0,1550.0,1864.2857142857144,-0.375,Summer,0
2026-04-28,Banana,19,Bengaluru,Local,"Binny Mill (F&V), Bengaluru APMC",1900,600,1250,Karnataka,Pachha Bale,2026,4,1,1750.0,2750.0,1650.0,-0.2857142857142857,Summer,0
2026-04-28,Banana,19,Bengaluru,Local,"Binny Mill (F&V), Bengaluru APMC",4400,1000,2700,Karnataka,Elakki Bale,2026,4,1,1250.0,1500.0,1821.4285714285716,1.16,Summer,0
2026-04-29,Banana,19,Bengaluru,Local,"Binny Mill (F&V), Bengaluru APMC",4500,1000,2750,Karnataka,Elakki Bale,2026,4,2,2700.0,1250.0,2035.7142857142856,0.0185185185185186,Summer,0
2026-04-29,Banana,19,Bengaluru,Local,"Binny Mill (F&V), Bengaluru APMC",2600,1000,1800,Karnataka,Nendra Bale,2026,4,2,2750.0,1800.0,2035.7142857142856,-0.3454545454545454,Summer,0
2026-04-29,Banana,19,Bengaluru,Local,"Binny Mill (F&V), Bengaluru APMC",2000,600,1300,Karnataka,Pachha Bale,2026,4,2,1800.0,1200.0,2050.0,-0.2777777777777778,Summer,0
2026-04-30,Banana,19,Bengaluru,Local,"Binny Mill (F&V), Bengaluru APMC",2100,700,1400,Karnataka,Nauti Bale,2026,4,3,1300.0,2800.0,1850.0,0.0769230769230768,Summer,0
2026-04-30,Banana,19,Bengaluru,Local,"Binny Mill (F&V), Bengaluru APMC",1900,600,1250,Karnataka,Pachha Bale,2026,4,3,1400.0,1750.0,1778.571428571429,-0.1071428571428571,Summer,0
2026-04-30,Banana,19,Bengaluru,Local,"Binny Mill (F&V), Bengaluru APMC",2500,1000,1750,Karnataka,Nendra Bale,2026,4,3,1250.0,1250.0,1850.0,0.3999999999999999,Summer,0
2026-04-30,Banana,19,Bengaluru,Local,"Binny Mill (F&V), Bengaluru APMC",4400,1000,2700,Karnataka,Elakki Bale,2026,4,3,1750.0,2700.0,1850.0,0.5428571428571429,Summer,0
2026-05-02,Banana,19,Bengaluru,Local,"Binny Mill (F&V), Bengaluru APMC",1800,600,1200,Karnataka,Pachha Bale,2026,5,5,2700.0,2750.0,1628.571428571429,-0.5555555555555556,Summer,0
2026-05-02,Banana,19,Bengaluru,Local,"Binny Mill (F&V), Bengaluru APMC",2000,700,1350,Karnataka,Nauti Bale,2026,5,5,1200.0,1800.0,1564.2857142857142,0.125,Summer,0
2026-05-04,Banana,19,Bengaluru,Local,"Binny Mill (F&V), Bengaluru APMC",2300,1000,1650,Karnataka,Nauti Bale,2026,5,0,1350.0,1300.0,1614.2857142857142,0.2222222222222223,Summer,0
2026-05-04,Banana,19,Bengaluru,Local,"Binny Mill (F&V), Bengaluru APMC",1700,600,1150,Karnataka,Pachha Bale,2026,5,0,1650.0,1400.0,1578.571428571429,-0.303030303030303,Summer,0
2026-05-04,Banana,19,Bengaluru,Local,"Binny Mill (F&V), Bengaluru APMC",1900,700,1300,Karnataka,Elakki Bale,2026,5,0,1150.0,1250.0,1585.7142857142858,0.1304347826086955,Summer,0
2026-05-04,Banana,19,Bengaluru,Local,"Binny Mill (F&V), Bengaluru APMC",2300,1000,1650,Karnataka,Nendra Bale,2026,5,0,1300.0,1750.0,1571.428571428571,0.2692307692307691,Summer,0
2026-05-05,Banana,19,Bengaluru,Local,"Binny Mill (F&V), Bengaluru APMC",2100,700,1400,Karnataka,Nauti Bale,2026,5,1,1650.0,2700.0,1385.7142857142858,-0.1515151515151515,Summer,0
2026-05-05,Banana,19,Bengaluru,Local,"Binny Mill (F&V), Bengaluru APMC",4700,1000,2850,Karnataka,Elakki Bale,2026,5,1,1400.0,1200.0,1621.428571428571,1.0357142857142856,Summer,0
2026-05-05,Banana,19,Bengaluru,Local,"Binny Mill (F&V), Bengaluru APMC",2200,1000,1600,Karnataka,Nendra Bale,2026,5,1,2850.0,1350.0,1657.142857142857,-0.4385964912280702,Summer,0
2026-05-05,Banana,19,Bengaluru,Local,"Binny Mill (F&V), Bengaluru APMC",1700,600,1150,Karnataka,Pachha Bale,2026,5,1,1600.0,1650.0,1585.7142857142858,-0.28125,Summer,0
2026-05-06,Banana,19,Bengaluru,Local,"Binny Mill (F&V), Bengaluru APMC",2000,700,1350,Karnataka,Nauti Bale,2026,5,2,1150.0,1150.0,1614.2857142857142,0.1739130434782609,Summer,0
2026-05-06,Banana,19,Bengaluru,Local,"Binny Mill (F&V), Bengaluru APMC",1800,600,1200,Karnataka,Pachha Bale,2026,5,2,1350.0,1300.0,1600.0,-0.1111111111111111,Summer,0
2026-05-06,Banana,19,Bengaluru,Local,"Binny Mill (F&V), Bengaluru APMC",2100,1000,1550,Karnataka,Nendra Bale,2026,5,2,1200.0,1650.0,1585.7142857142858,0.2916666666666667,Summer,0
2026-05-07,Banana,19,Bengaluru,Local,"Binny Mill (F&V), Bengaluru APMC",1700,600,1150,Karnataka,Pachha Bale,2026,5,3,1550.0,1400.0,1550.0,-0.2580645161290322,Summer,0
2026-05-07,Banana,19,Bengaluru,Local,"Binny Mill (F&V), Bengaluru APMC",4500,1000,2750,Karnataka,Elakki Bale,2026,5,3,1150.0,2850.0,1535.7142857142858,1.391304347826087,Summer,0
2026-05-07,Banana,19,Bengaluru,Local,"Binny Mill (F&V), Bengaluru APMC",2000,1000,1500,Karnataka,Nendra Bale,2026,5,3,2750.0,1600.0,1521.428571428571,-0.4545454545454546,Summer,0
2026-05-08,Banana,19,Bengaluru,Local,"Binny Mill (F&V), Bengaluru APMC",1900,600,1250,Karnataka,Pachha Bale,2026,5,4,1500.0,1150.0,1535.7142857142858,-0.1666666666666666,Summer,0
2026-05-08,Banana,19,Bengaluru,Local,"Binny Mill (F&V), Bengaluru APMC",4400,1000,2700,Karnataka,Elakki Bale,2026,5,4,1250.0,1350.0,1728.571428571429,1.16,Summer,0
2026-05-08,Banana,19,Bengaluru,Local,"Binny Mill (F&V), Bengaluru APMC",2000,1000,1500,Karnataka,Nendra Bale,2026,5,4,2700.0,1200.0,1771.428571428571,-0.4444444444444444,Summer,0
2026-05-11,Banana,19,Bengaluru,Local,"Binny Mill (F&V), Bengaluru APMC",2000,1000,1500,Karnataka,Nendra Bale,2026,5,0,1500.0,1550.0,1764.2857142857142,0.0,Summer,0
2026-05-11,Banana,19,Bengaluru,Local,"Binny Mill (F&V), Bengaluru APMC",2000,600,1300,Karnataka,Pachha Bale,2026,5,0,1500.0,1150.0,1785.7142857142858,-0.1333333333333333,Summer,0
2026-05-11,Banana,19,Bengaluru,Local,"Binny Mill (F&V), Bengaluru APMC",4700,1000,2800,Karnataka,Elakki Bale,2026,5,0,1300.0,2750.0,1792.857142857143,1.1538461538461535,Summer,0
2026-05-11,Banana,19,Bengaluru,Local,"Binny Mill (F&V), Bengaluru APMC",2100,700,1400,Karnataka,Nauti Bale,2026,5,0,2800.0,1500.0,1778.571428571429,-0.5,Summer,0
2026-05-12,Banana,19,Bengaluru,Local,"Binny Mill (F&V), Bengaluru APMC",4600,1000,2800,Karnataka,Elakki Bale,2026,5,1,1400.0,1250.0,2000.0,1.0,Summer,0
2026-05-12,Banana,19,Bengaluru,Local,"Binny Mill (F&V), Bengaluru APMC",2000,600,1800,Karnataka,Pachha Bale,2026,5,1,2800.0,2700.0,1871.4285714285716,-0.3571428571428571,Summer,0
2026-05-12,Banana,19,Bengaluru,Local,"Binny Mill (F&V), Bengaluru APMC",2000,1000,1500,Karnataka,Nendra Bale,2026,5,1,1800.0,1500.0,1871.4285714285716,-0.1666666666666666,Summer,0
2026-05-13,Banana,19,Bengaluru,Local,"Binny Mill (F&V), Bengaluru APMC",2000,1000,1500,Karnataka,Nendra Bale,2026,5,2,1500.0,1500.0,1871.4285714285716,0.0,Summer,0
2026-05-13,Banana,19,Bengaluru,Local,"Binny Mill (F&V), Bengaluru APMC",2000,600,1300,Karnataka,Pachha Bale,2026,5,2,1500.0,1300.0,1871.4285714285716,-0.1333333333333333,Summer,0
2026-05-13,Banana,19,Bengaluru,Local,"Binny Mill (F&V), Bengaluru APMC",4600,1000,2800,Karnataka,Elakki Bale,2026,5,2,1300.0,2800.0,1871.4285714285716,1.1538461538461535,Summer,0
2026-05-14,Banana,19,Bengaluru,Local,"Binny Mill (F&V), Bengaluru APMC",2000,1000,1500,Karnataka,Nendra Bale,2026,5,3,2800.0,1400.0,1885.7142857142856,-0.4642857142857143,Summer,0
2026-05-14,Banana,19,Bengaluru,Local,"Binny Mill (F&V), Bengaluru APMC",2000,700,1350,Karnataka,Pachha Bale,2026,5,3,1500.0,2800.0,1678.571428571429,-0.0999999999999999,Summer,0
2026-05-15,Banana,19,Bengaluru,Local,"Binny Mill (F&V), Bengaluru APMC",4600,1000,2800,Karnataka,Elakki Bale,2026,5,4,1350.0,1800.0,1821.4285714285716,1.074074074074074,Summer,0
2026-05-15,Banana,19,Bengaluru,Local,"Binny Mill (F&V), Bengaluru APMC",2200,600,1400,Karnataka,Pachha Bale,2026,5,4,2800.0,1500.0,1807.142857142857,-0.5,Summer,0
2026-05-15,Banana,19,Bengaluru,Local,"Binny Mill (F&V), Bengaluru APMC",2000,1000,1500,Karnataka,Nendra Bale,2026,5,4,1400.0,1500.0,1807.142857142857,0.0714285714285714,Summer,0
2026-05-16,Banana,19,Bengaluru,Local,"Binny Mill (F&V), Bengaluru APMC",2200,600,1400,Karnataka,Pachha Bale,2026,5,5,1500.0,1300.0,1821.4285714285716,-0.0666666666666666,Summer,0
2026-05-16,Banana,19,Bengaluru,Local,"Binny Mill (F&V), Bengaluru APMC",4600,1000,2800,Karnataka,Elakki Bale,2026,5,5,1400.0,2800.0,1821.4285714285716,1.0,Summer,0
2026-05-18,Banana,19,Bengaluru,Local,"Binny Mill (F&V), Bengaluru APMC",2300,600,1450,Karnataka,Pachha Bale,2026,5,0,2800.0,1500.0,1814.2857142857144,-0.4821428571428571,Summer,0
2026-05-18,Banana,19,Bengaluru,Local,"Binny Mill (F&V), Bengaluru APMC",4400,1000,2700,Karnataka,Elakki Bale,2026,5,0,1450.0,1350.0,2007.142857142857,0.8620689655172413,Summer,0
2026-05-18,Banana,19,Bengaluru,Local,"Binny Mill (F&V), Bengaluru APMC",2300,1000,1650,Karnataka,Nendra Bale,2026,5,0,2700.0,2800.0,1842.857142857143,-0.3888888888888888,Summer,0
2026-05-19,Banana,19,Bengaluru,Local,"Binny Mill (F&V), Bengaluru APMC",4500,1000,2700,Karnataka,Elakki Bale,2026,5,1,1650.0,1400.0,2028.571428571429,0.6363636363636365,Summer,0
2026-05-19,Banana,19,Bengaluru,Local,"Binny Mill (F&V), Bengaluru APMC",2200,600,1400,Karnataka,Pachha Bale,2026,5,1,2700.0,1500.0,2014.2857142857144,-0.4814814814814815,Summer,0
2026-05-20,Banana,19,Bengaluru,Local,"Binny Mill (F&V), Bengaluru APMC",4400,1000,2700,Karnataka,Elakki Bale,2026,5,2,1400.0,1400.0,2200.0,0.9285714285714286,Summer,0
2026-05-20,Banana,19,Bengaluru,Local,"Binny Mill (F&V), Bengaluru APMC",2500,1000,1750,Karnataka,Nendra Bale,2026,5,2,2700.0,2800.0,2050.0,-0.3518518518518518,Summer,0
2026-05-20,Banana,19,Bengaluru,Local,"Binny Mill (F&V), Bengaluru APMC",1900,700,1300,Karnataka,Nauti Bale,2026,5,2,1750.0,1450.0,2028.571428571429,-0.2571428571428571,Summer,0
2026-05-21,Banana,19,Bengaluru,Local,"Binny Mill (F&V), Bengaluru APMC",2500,600,1550,Karnataka,Pachha Bale,2026,5,3,1300.0,2700.0,1864.2857142857144,0.1923076923076923,Summer,0
2026-05-21,Banana,19,Bengaluru,Local,"Binny Mill (F&V), Bengaluru APMC",4500,1000,2750,Karnataka,Elakki Bale,2026,5,3,1550.0,1650.0,2021.4285714285716,0.7741935483870968,Summer,0
2026-05-21,Banana,19,Bengaluru,Local,"Binny Mill (F&V), Bengaluru APMC",2000,700,1350,Karnataka,Nauti Bale,2026,5,3,2750.0,2700.0,1828.571428571429,-0.509090909090909,Summer,0
2026-05-22,Banana,19,Bengaluru,Local,"Binny Mill (F&V), Bengaluru APMC",2600,1000,2100,Karnataka,Nendra Bale,2026,5,4,1350.0,1400.0,1928.571428571429,0.5555555555555556,Summer,0
2026-05-22,Banana,19,Bengaluru,Local,"Binny Mill (F&V), Bengaluru APMC",2600,600,1600,Karnataka,Pachha Bale,2026,5,4,2100.0,2700.0,1771.428571428571,-0.2380952380952381,Summer,0
2026-05-22,Banana,19,Bengaluru,Local,"Binny Mill (F&V), Bengaluru APMC",4400,1000,2700,Karnataka,Elakki Bale,2026,5,4,1600.0,1750.0,1907.142857142857,0.6875,Summer,0
2026-05-25,Banana,19,Bengaluru,Local,"Binny Mill (F&V), Bengaluru APMC",4400,1000,2700,Karnataka,Elakki Bale,2026,5,0,2700.0,1300.0,2107.1428571428573,0.0,Summer,0
2026-05-25,Banana,19,Bengaluru,Local,"Binny Mill (F&V), Bengaluru APMC",2300,1000,1650,Karnataka,Nendra Bale,2026,5,0,2700.0,1550.0,2121.428571428572,-0.3888888888888888,Summer,0
2026-05-25,Banana,19,Bengaluru,Local,"Binny Mill (F&V), Bengaluru APMC",2200,600,1400,Karnataka,Pachha Bale,2026,5,0,1650.0,2750.0,1928.571428571429,-0.1515151515151515,Summer,0
2026-05-26,Banana,19,Bengaluru,Local,"Binny Mill (F&V), Bengaluru APMC",2400,600,1500,Karnataka,Pachha Bale,2026,5,1,1400.0,1350.0,1950.0,0.0714285714285714,Summer,0
2026-05-26,Banana,19,Bengaluru,Local,"Binny Mill (F&V), Bengaluru APMC",2500,700,1600,Karnataka,Nendra Bale,2026,5,1,1500.0,2100.0,1878.571428571429,0.0666666666666666,Summer,0
2026-05-27,Banana,19,Bengaluru,Local,"Binny Mill (F&V), Bengaluru APMC",4600,1000,2800,Karnataka,Elakki Bale,2026,5,2,1600.0,1600.0,2050.0,0.75,Summer,0
2026-05-27,Banana,19,Bengaluru,Local,"Binny Mill (F&V), Bengaluru APMC",2700,700,1700,Karnataka,Nauti Bale,2026,5,2,2800.0,2700.0,1907.142857142857,-0.3928571428571429,Summer,0
2026-05-27,Banana,19,Bengaluru,Local,"Binny Mill (F&V), Bengaluru APMC",2400,1000,1700,Karnataka,Nendra Bale,2026,5,2,1700.0,2700.0,1764.2857142857142,0.0,Summer,0
2026-05-29,Banana,19,Bengaluru,Local,"Binny Mill (F&V), Bengaluru APMC",2500,700,1600,Karnataka,Nauti Bale,2026,5,4,1700.0,1650.0,1757.142857142857,-0.0588235294117647,Summer,0
2026-05-29,Banana,19,Bengaluru,Local,"Binny Mill (F&V), Bengaluru APMC",2500,1000,1750,Karnataka,Nendra Bale,2026,5,4,1600.0,1400.0,1807.142857142857,0.09375,Summer,0
2026-05-30,Banana,19,Bengaluru,Local,"Binny Mill (F&V), Bengaluru APMC",4500,1000,2750,Karnataka,Elakki Bale,2026,5,5,1750.0,1500.0,1985.7142857142856,0.5714285714285714,Summer,0
2026-05-30,Banana,19,Bengaluru,Local,"Binny Mill (F&V), Bengaluru APMC",2600,1000,1800,Karnataka,Nendra Bale,2026,5,5,2750.0,1600.0,2014.2857142857144,-0.3454545454545454,Summer,0
2026-05-30,Banana,19,Bengaluru,Local,"Binny Mill (F&V), Bengaluru APMC",2500,600,1550,Karnataka,Pachha Bale,2026,5,5,1800.0,2800.0,1835.7142857142856,-0.1388888888888888,Summer,0
2026-06-01,Banana,19,Bengaluru,Local,"Binny Mill (F&V), Bengaluru APMC",2600,1000,1800,Karnataka,Nendra Bale,2026,6,0,1550.0,1700.0,1850.0,0.1612903225806452,Monsoon,0
2026-06-01,Banana,19,Bengaluru,Local,"Binny Mill (F&V), Bengaluru APMC",4500,1000,2750,Karnataka,Elakki Bale,2026,6,0,1800.0,1700.0,2000.0,0.5277777777777777,Monsoon,0
2026-06-02,Banana,19,Bengaluru,Local,"Binny Mill (F&V), Bengaluru APMC",2500,600,1550,Karnataka,Pachha Bale,2026,6,1,2750.0,1600.0,1992.857142857143,-0.4363636363636364,Monsoon,0
2026-06-02,Banana,19,Bengaluru,Local,"Binny Mill (F&V), Bengaluru APMC",4500,1000,2750,Karnataka,Elakki Bale,2026,6,1,1550.0,1750.0,2135.714285714286,0.7741935483870968,Monsoon,0
2026-06-02,Banana,19,Bengaluru,Local,"Binny Mill (F&V), Bengaluru APMC",2200,700,1450,Karnataka,Nauti Bale,2026,6,1,2750.0,2750.0,1950.0,-0.4727272727272728,Monsoon,0
2026-06-03,Banana,19,Bengaluru,Local,"Binny Mill (F&V), Bengaluru APMC",4500,1000,2750,Karnataka,Elakki Bale,2026,6,2,1450.0,1800.0,2085.714285714286,0.896551724137931,Monsoon,0
2026-06-03,Banana,19,Bengaluru,Local,"Binny Mill (F&V), Bengaluru APMC",2500,600,1550,Karnataka,Pachha Bale,2026,6,2,2750.0,1550.0,2085.714285714286,-0.4363636363636364,Monsoon,0
2026-06-03,Banana,19,Bengaluru,Local,"Binny Mill (F&V), Bengaluru APMC",2500,1000,1700,Karnataka,Nendra Bale,2026,6,2,1550.0,1800.0,2071.428571428572,0.096774193548387,Monsoon,0
2026-06-03,Banana,19,Bengaluru,Local,"Binny Mill (F&V), Bengaluru APMC",2200,700,1450,Karnataka,Nauti Bale,2026,6,2,1700.0,2750.0,1885.7142857142856,-0.1470588235294118,Monsoon,0
2026-06-04,Banana,19,Bengaluru,Local,"Binny Mill (F&V), Bengaluru APMC",2500,1000,1750,Karnataka,Nendra Bale,2026,6,3,1450.0,1550.0,1914.2857142857144,0.2068965517241379,Monsoon,0
2026-06-04,Banana,19,Bengaluru,Local,"Binny Mill (F&V), Bengaluru APMC",4500,1000,2750,Karnataka,Elakki Bale,2026,6,3,1750.0,2750.0,1914.2857142857144,0.5714285714285714,Monsoon,0
2026-06-05,Banana,19,Bengaluru,Local,"Binny Mill (F&V), Bengaluru APMC",2600,600,1600,Karnataka,Pachha Bale,2026,6,4,2750.0,1450.0,1935.7142857142856,-0.4181818181818182,Monsoon,0
2026-06-06,Banana,19,Bengaluru,Local,"Binny Mill (F&V), Bengaluru APMC",2600,600,1600,Karnataka,Pachha Bale,2026,6,5,1600.0,2750.0,1771.428571428571,0.0,Monsoon,0
2026-06-08,Banana,19,Bengaluru,Local,"Binny Mill (F&V), Bengaluru APMC",2700,600,1650,Karnataka,Pachha Bale,2026,6,0,1600.0,1550.0,1785.7142857142858,0.03125,Monsoon,0
2026-06-09,Banana,19,Bengaluru,Local,"Binny Mill (F&V), Bengaluru APMC",2500,1000,1750,Karnataka,Nendra Bale,2026,6,1,1650.0,1700.0,1792.857142857143,0.0606060606060605,Monsoon,0
2026-06-09,Banana,19,Bengaluru,Local,"Binny Mill (F&V), Bengaluru APMC",4500,1000,2750,Karnataka,Elakki Bale,2026,6,1,1750.0,1450.0,1978.571428571429,0.5714285714285714,Monsoon,0
2026-06-10,Banana,19,Bengaluru,Local,"Binny Mill (F&V), Bengaluru APMC",2500,600,1550,Karnataka,Pachha Bale,2026,6,2,2750.0,1750.0,1950.0,-0.4363636363636364,Monsoon,0
2026-06-11,Banana,19,Bengaluru,Local,"Binny Mill (F&V), Bengaluru APMC",44000,1000,2700,Karnataka,Elakki Bale,2026,6,3,1550.0,2750.0,1942.857142857143,0.7419354838709677,Monsoon,0
2026-06-11,Banana,19,Bengaluru,Local,"Binny Mill (F&V), Bengaluru APMC",2500,1000,1750,Karnataka,Nendra Bale,2026,6,3,2700.0,1600.0,1964.2857142857144,-0.3518518518518518,Monsoon,0
2026-06-11,Banana,19,Bengaluru,Local,"Binny Mill (F&V), Bengaluru APMC",2500,600,1550,Karnataka,Pachha Bale,2026,6,3,1750.0,1600.0,1957.142857142857,-0.1142857142857143,Monsoon,0
2026-06-12,Banana,19,Bengaluru,Local,"Binny Mill (F&V), Bengaluru APMC",2500,600,1550,Karnataka,Pachha Bale,2026,6,4,1550.0,1650.0,1942.857142857143,0.0,Monsoon,0
2026-06-12,Banana,19,Bengaluru,Local,"Binny Mill (F&V), Bengaluru APMC",2600,1000,1800,Karnataka,Nendra Bale,2026,6,4,1550.0,1750.0,1950.0,0.1612903225806452,Monsoon,0
2026-06-12,Banana,19,Bengaluru,Local,"Binny Mill (F&V), Bengaluru APMC",4400,1000,2700,Karnataka,Elakki Bale,2026,6,4,1800.0,2750.0,1942.857142857143,0.5,Monsoon,0
2026-06-15,Banana,19,Bengaluru,Local,"Binny Mill (F&V), Bengaluru APMC",2600,600,1600,Karnataka,Pachha Bale,2026,6,0,2700.0,1550.0,1950.0,-0.4074074074074074,Monsoon,0
2026-06-15,Banana,19,Bengaluru,Local,"Binny Mill (F&V), Bengaluru APMC",4600,1000,2800,Karnataka,Elakki Bale,2026,6,0,1600.0,2700.0,1964.2857142857144,0.75,Monsoon,0
2026-06-16,Banana,19,Bengaluru,Local,"Binny Mill (F&V), Bengaluru APMC",2500,1000,1750,Karnataka,Nendra Bale,2026,6,1,2800.0,1750.0,1964.2857142857144,-0.375,Monsoon,0
2026-06-16,Banana,19,Bengaluru,Local,"Binny Mill (F&V), Bengaluru APMC",2600,600,1600,Karnataka,Pachha Bale,2026,6,1,1750.0,1550.0,1971.4285714285716,-0.0857142857142857,Monsoon,0
2026-06-17,Banana,19,Bengaluru,Local,"Binny Mill (F&V), Bengaluru APMC",2500,600,1550,Karnataka,Pachha Bale,2026,6,2,1600.0,1550.0,1971.4285714285716,-0.03125,Monsoon,0
2026-06-18,Banana,19,Bengaluru,Local,"Binny Mill (F&V), Bengaluru APMC",5000,1000,3000,Karnataka,Elakki Bale,2026,6,3,1550.0,1800.0,2142.8571428571427,0.935483870967742,Monsoon,0
2026-06-18,Banana,19,Bengaluru,Local,"Binny Mill (F&V), Bengaluru APMC",2500,600,1550,Karnataka,Pachha Bale,2026,6,3,3000.0,2700.0,1978.571428571429,-0.4833333333333333,Monsoon,0
2026-06-19,Banana,19,Bengaluru,Local,"Binny Mill (F&V), Bengaluru APMC",2700,600,1650,Karnataka,Pachha Bale,2026,6,4,1550.0,1600.0,1985.7142857142856,0.064516129032258,Monsoon,0
2026-06-19,Banana,19,Bengaluru,Local,"Binny Mill (F&V), Bengaluru APMC",5100,1000,3350,Karnataka,Elakki Bale,2026,6,4,1650.0,2800.0,2064.285714285714,1.0303030303030305,Monsoon,1
2026-06-19,Banana,19,Bengaluru,Local,"Binny Mill (F&V), Bengaluru APMC",2500,1000,1750,Karnataka,Nendra Bale,2026,6,4,3350.0,1750.0,2064.285714285714,-0.4776119402985075,Monsoon,0
2026-06-20,Banana,19,Bengaluru,Local,"Binny Mill (F&V), Bengaluru APMC",2500,600,1550,Karnataka,Pachha Bale,2026,6,5,1750.0,1600.0,2057.1428571428573,-0.1142857142857143,Monsoon,0
2026-06-20,Banana,19,Bengaluru,Local,"Binny Mill (F&V), Bengaluru APMC",5000,1000,3000,Karnataka,Elakki Bale,2026,6,5,1550.0,1550.0,2264.285714285714,0.935483870967742,Monsoon,0
2026-06-22,Banana,19,Bengaluru,Local,"Binny Mill (F&V), Bengaluru APMC",2500,600,1550,Karnataka,Pachha Bale,2026,6,0,3000.0,3000.0,2057.1428571428573,-0.4833333333333333,Monsoon,0
2026-06-22,Banana,19,Bengaluru,Local,"Binny Mill (F&V), Bengaluru APMC",2500,700,1550,Karnataka,Nauti Bale,2026,6,0,1550.0,1550.0,2057.1428571428573,0.0,Monsoon,0
2026-06-22,Banana,19,Bengaluru,Local,"Binny Mill (F&V), Bengaluru APMC",2400,1000,1700,Karnataka,Nendra Bale,2026,6,0,1550.0,1650.0,2064.285714285714,0.096774193548387,Monsoon,0
2026-06-22,Banana,19,Bengaluru,Local,"Binny Mill (F&V), Bengaluru APMC",5000,1000,3000,Karnataka,Elakki Bale,2026,6,0,1700.0,3350.0,2014.2857142857144,0.7647058823529411,Monsoon,0
2026-06-23,Banana,19,Bengaluru,Local,"Binny Mill (F&V), Bengaluru APMC",2600,1000,1800,Karnataka,Nendra Bale,2026,6,1,3000.0,1750.0,2021.4285714285716,-0.4,Monsoon,0
2026-06-23,Banana,19,Bengaluru,Local,"Binny Mill (F&V), Bengaluru APMC",2500,600,1550,Karnataka,Pachha Bale,2026,6,1,1800.0,1550.0,2021.4285714285716,-0.1388888888888888,Monsoon,0
2026-06-23,Banana,19,Bengaluru,Local,"Binny Mill (F&V), Bengaluru APMC",2500,700,1600,Karnataka,Nauti Bale,2026,6,1,1550.0,3000.0,1821.4285714285716,0.032258064516129,Monsoon,0
2026-06-24,Banana,19,Bengaluru,Local,"Binny Mill (F&V), Bengaluru APMC",2500,1000,1750,Karnataka,Nendra Bale,2026,6,2,1600.0,1550.0,1850.0,0.09375,Monsoon,0
2026-06-24,Banana,19,Bengaluru,Local,"Binny Mill (F&V), Bengaluru APMC",5500,1000,3250,Karnataka,Elakki Bale,2026,6,2,1750.0,1550.0,2092.8571428571427,0.8571428571428572,Monsoon,1
2026-06-25,Banana,19,Bengaluru,Local,"Binny Mill (F&V), Bengaluru APMC",2600,600,1600,Karnataka,Pachha Bale,2026,6,3,3250.0,1700.0,2078.5714285714284,-0.5076923076923077,Monsoon,0
2026-06-25,Banana,19,Bengaluru,Local,"Binny Mill (F&V), Bengaluru APMC",5500,1000,3250,Karnataka,Elakki Bale,2026,6,3,1600.0,3000.0,2114.285714285714,1.03125,Monsoon,1
2026-06-25,Banana,19,Bengaluru,Local,"Binny Mill (F&V), Bengaluru APMC",2600,1000,1800,Karnataka,Nendra Bale,2026,6,3,3250.0,1800.0,2114.285714285714,-0.4461538461538461,Monsoon,0
2026-06-29,Banana,19,Bengaluru,Local,"Binny Mill (F&V), Bengaluru APMC",3000,1000,2000,Karnataka,Nendra Bale,2026,6,0,1800.0,1550.0,2178.5714285714284,0.1111111111111111,Monsoon,0
2026-06-29,Banana,19,Bengaluru,Local,"Binny Mill (F&V), Bengaluru APMC",6200,1000,3600,Karnataka,Elakki Bale,2026,6,0,2000.0,1600.0,2464.285714285714,0.8,Monsoon,1
2026-06-30,Banana,19,Bengaluru,Local,"Binny Mill (F&V), Bengaluru APMC",2500,1000,1750,Karnataka,Nendra Bale,2026,6,1,3600.0,1750.0,2464.285714285714,-0.5138888888888888,Monsoon,0
2026-06-30,Banana,19,Bengaluru,Local,"Binny Mill (F&V), Bengaluru APMC",2700,600,1750,Karnataka,Pachha Bale,2026,6,1,1750.0,3250.0,2250.0,0.0,Monsoon,0
2026-06-30,Banana,19,Bengaluru,Local,"Binny Mill (F&V), Bengaluru APMC",6200,1000,1750,Karnataka,Elakki Bale,2026,6,1,1750.0,1600.0,2271.428571428572,0.0,Monsoon,0
2026-07-01,Banana,19,Bengaluru,Local,"Binny Mill (F&V), Bengaluru APMC",6500,1000,3750,Karnataka,Elakki Bale,2026,7,2,1750.0,3250.0,2342.8571428571427,1.1428571428571428,Monsoon,0
2026-07-01,Banana,19,Bengaluru,Local,"Binny Mill (F&V), Bengaluru APMC",2600,1000,1800,Karnataka,Nendra Bale,2026,7,2,3750.0,1800.0,2342.8571428571427,-0.52,Monsoon,0
2026-07-02,Banana,19,Bengaluru,Local,"Binny Mill (F&V), Bengaluru APMC",2700,1000,1850,Karnataka,Nendra Bale,2026,7,3,1800.0,2000.0,2321.428571428572,0.0277777777777776,Monsoon,0
2026-07-02,Banana,19,Bengaluru,Local,"Binny Mill (F&V), Bengaluru APMC",2700,600,1650,Karnataka,Pachha Bale,2026,7,3,1850.0,3600.0,2042.857142857143,-0.1081081081081081,Monsoon,0
2026-07-02,Banana,19,Bengaluru,Local,"Binny Mill (F&V), Bengaluru APMC",6600,1000,3800,Karnataka,Elakki Bale,2026,7,3,1650.0,1750.0,2335.714285714286,1.3030303030303032,Monsoon,0
2026-07-04,Banana,19,Bengaluru,Local,"Binny Mill (F&V), Bengaluru APMC",6600,1000,3800,Karnataka,Elakki Bale,2026,7,5,3800.0,1750.0,2628.5714285714284,0.0,Monsoon,0
2026-07-04,Banana,19,Bengaluru,Local,"Binny Mill (F&V), Bengaluru APMC",2700,1000,1850,Karnataka,Nendra Bale,2026,7,5,3800.0,1750.0,2642.8571428571427,-0.513157894736842,Monsoon,0
2026-07-04,Banana,19,Bengaluru,Local,"Binny Mill (F&V), Bengaluru APMC",2700,600,1650,Karnataka,Pachha Bale,2026,7,5,1850.0,3750.0,2342.8571428571427,-0.1081081081081081,Monsoon,0
2026-07-06,Banana,19,Bengaluru,Local,"Binny Mill (F&V), Bengaluru APMC",2600,600,1600,Karnataka,Pachha Bale,2026,7,0,1650.0,1800.0,2314.285714285714,-0.0303030303030302,Monsoon,0
2026-07-06,Banana,19,Bengaluru,Local,"Binny Mill (F&V), Bengaluru APMC",2600,1000,1800,Karnataka,Nendra Bale,2026,7,0,1600.0,1850.0,2307.1428571428573,0.125,Monsoon,0
2026-07-07,Banana,19,Bengaluru,Local,"Binny Mill (F&V), Bengaluru APMC",2700,600,1650,Karnataka,Pachha Bale,2026,7,1,1800.0,1650.0,2307.1428571428573,-0.0833333333333333,Monsoon,0
2026-07-07,Banana,19,Bengaluru,Local,"Binny Mill (F&V), Bengaluru APMC",2500,1000,1750,Karnataka,Nendra Bale,2026,7,1,1650.0,3800.0,2014.2857142857144,0.0606060606060605,Monsoon,0
2026-07-07,Banana,19,Bengaluru,Local,"Binny Mill (F&V), Bengaluru APMC",6600,1000,3800,Karnataka,Elakki Bale,2026,7,1,1750.0,3800.0,2014.2857142857144,1.1714285714285713,Monsoon,0
2026-07-08,Banana,19,Bengaluru,Local,"Binny Mill (F&V), Bengaluru APMC",2600,600,1600,Karnataka,Pachha Bale,2026,7,2,3800.0,1850.0,1978.571428571429,-0.5789473684210527,Monsoon,0
2026-07-08,Banana,19,Bengaluru,Local,"Binny Mill (F&V), Bengaluru APMC",6500,1000,3750,Karnataka,Elakki Bale,2026,7,2,1600.0,1650.0,2278.5714285714284,1.34375,Monsoon,0
2026-07-08,Banana,19,Bengaluru,Local,"Binny Mill (F&V), Bengaluru APMC",2600,1000,1800,Karnataka,Nendra Bale,2026,7,2,3750.0,1600.0,2307.1428571428573,-0.52,Monsoon,0
2026-07-09,Banana,19,Bengaluru,Local,"Binny Mill (F&V), Bengaluru APMC",6700,1000,3850,Karnataka,Elakki Bale,2026,7,3,1800.0,1800.0,2600.0,1.1388888888888888,Monsoon,1
2026-07-09,Banana,19,Bengaluru,Local,"Binny Mill (F&V), Bengaluru APMC",2800,600,1700,Karnataka,Pachha Bale,2026,7,3,3850.0,1650.0,2607.1428571428573,-0.5584415584415585,Monsoon,0
2026-07-09,Banana,19,Bengaluru,Local,"Binny Mill (F&V), Bengaluru APMC",2700,1000,1850,Karnataka,Nendra Bale,2026,7,3,1700.0,1750.0,2621.428571428572,0.0882352941176469,Monsoon,0
2026-07-10,Banana,19,Bengaluru,Local,"Binny Mill (F&V), Bengaluru APMC",6800,1000,3900,Karnataka,Elakki Bale,2026,7,4,1850.0,3800.0,2635.714285714286,1.108108108108108,Monsoon,1
2026-07-10,Banana,19,Bengaluru,Local,"Binny Mill (F&V), Bengaluru APMC",2600,600,1600,Karnataka,Pachha Bale,2026,7,4,3900.0,1600.0,2635.714285714286,-0.5897435897435898,Monsoon,0
2026-07-13,Banana,19,Bengaluru,Local,"Binny Mill (F&V), Bengaluru APMC",2400,1000,1700,Karnataka,Nendra Bale,2026,7,0,1600.0,3750.0,2342.8571428571427,0.0625,Monsoon,0
2026-07-13,Banana,19,Bengaluru,Local,"Binny Mill (F&V), Bengaluru APMC",3000,600,1800,Karnataka,Pachha Bale,2026,7,0,1700.0,1800.0,2342.8571428571427,0.0588235294117647,Monsoon,0
2026-07-13,Banana,19,Bengaluru,Local,"Binny Mill (F&V), Bengaluru APMC",6500,1000,3750,Karnataka,Elakki Bale,2026,7,0,1800.0,3850.0,2328.5714285714284,1.0833333333333337,Monsoon,0
2026-07-14,Banana,19,Bengaluru,Local,"Binny Mill (F&V), Bengaluru APMC",2400,1000,1700,Karnataka,Nendra Bale,2026,7,1,3750.0,1700.0,2328.5714285714284,-0.5466666666666666,Monsoon,0
2026-07-15,Banana,19,Bengaluru,Local,"Binny Mill (F&V), Bengaluru APMC",6500,1000,3750,Karnataka,Elakki Bale,2026,7,2,1700.0,1850.0,2600.0,1.2058823529411766,Monsoon,0
2026-07-15,Banana,19,Bengaluru,Local,"Binny Mill (F&V), Bengaluru APMC",3000,600,1800,Karnataka,Pachha Bale,2026,7,2,3750.0,3900.0,2300.0,-0.52,Monsoon,0
2026-07-15,Banana,19,Bengaluru,Local,"Binny Mill (F&V), Bengaluru APMC",2500,700,1600,Karnataka,Nauti Bale,2026,7,2,1800.0,1600.0,2300.0,-0.1111111111111111,Monsoon,0
2026-07-16,Banana,19,Bengaluru,Local,"Binny Mill (F&V), Bengaluru APMC",2900,1000,1950,Karnataka,Nendra Bale,2026,7,3,1600.0,1700.0,2335.714285714286,0.21875,Monsoon,0
2026-07-17,Banana,19,Bengaluru,Local,"Binny Mill (F&V), Bengaluru APMC",3100,600,2050,Karnataka,Pachha Bale,2026,7,4,1950.0,1800.0,2371.428571428572,0.0512820512820513,Monsoon,0
2026-07-17,Banana,19,Bengaluru,Local,"Binny Mill (F&V), Bengaluru APMC",2600,700,1650,Karnataka,Nauti Bale,2026,7,4,2050.0,3750.0,2071.428571428572,-0.1951219512195121,Monsoon,0
2026-07-17,Banana,19,Bengaluru,Local,"Binny Mill (F&V), Bengaluru APMC",7000,1000,4000,Karnataka,Elakki Bale,2026,7,4,1650.0,1700.0,2400.0,1.4242424242424243,Monsoon,0
2026-07-18,Banana,19,Bengaluru,Local,"Binny Mill (F&V), Bengaluru APMC",7000,1000,4000,Karnataka,Elakki Bale,2026,7,5,4000.0,3750.0,2435.714285714286,0.0,Monsoon,0
2026-07-18,Banana,19,Bengaluru,Local,"Binny Mill (F&V), Bengaluru APMC",3000,600,1800,Karnataka,Pachha Bale,2026,7,5,4000.0,1800.0,2435.714285714286,-0.55,Monsoon,0
2026-07-18,Banana,19,Bengaluru,Local,"Binny Mill (F&V), Bengaluru APMC",2900,1000,1950,Karnataka,Nendra Bale,2026,7,5,1800.0,1600.0,2485.714285714286,0.0833333333333332,Monsoon,0
2026-07-20,Banana,19,Bengaluru,Local,"Binny Mill (F&V), Bengaluru APMC",7100,1000,1650,Karnataka,Elakki Bale,2026,7,0,1950.0,1950.0,2442.8571428571427,-0.1538461538461538,Monsoon,0
2026-07-20,Banana,19,Bengaluru,Local,"Binny Mill (F&V), Bengaluru APMC",2700,600,1650,Karnataka,Pachha Bale,2026,7,0,1650.0,2050.0,2385.714285714286,0.0,Monsoon,0
2026-07-21,Banana,19,Bengaluru,Local,"Binny Mill (F&V), Bengaluru APMC",2800,1000,1900,Karnataka,Nendra Bale,2026,7,1,1650.0,1650.0,2421.428571428572,0.1515151515151516,Monsoon,0
2026-07-21,Banana,19,Bengaluru,Local,"Binny Mill (F&V), Bengaluru APMC",2600,600,1600,Karnataka,Pachha Bale,2026,7,1,1900.0,4000.0,2078.5714285714284,-0.1578947368421053,Monsoon,0
2026-06-01,Banana,19,Bengaluru,Local,Binny Mill (FF&V) Bengaluru APMC,2500,600,1550,Karnataka,Pachha Bale,2026,6,0,2750.0,,2150.0,-0.4363636363636364,Monsoon,0
2026-06-01,Banana,19,Bengaluru,Local,Binny Mill (FF&V) Bengaluru APMC,2600,1000,1800,Karnataka,Nendra Bale,2026,6,0,1550.0,,2033.3333333333333,0.1612903225806452,Monsoon,0
2026-06-02,Banana,19,Bengaluru,Local,Binny Mill (FF&V) Bengaluru APMC,4500,1000,2750,Karnataka,Elakki Bale,2026,6,1,1800.0,,2212.5,0.5277777777777777,Monsoon,0
2026-06-02,Banana,19,Bengaluru,Local,Binny Mill (FF&V) Bengaluru APMC,2500,600,1550,Karnataka,Pachha Bale,2026,6,1,2750.0,,2080.0,-0.4363636363636364,Monsoon,0
2026-06-02,Banana,19,Bengaluru,Local,Binny Mill (FF&V) Bengaluru APMC,2200,700,1450,Karnataka,Nauti Bale,2026,6,1,1550.0,,1975.0,-0.0645161290322581,Monsoon,0
2026-06-02,Banana,19,Bengaluru,Local,Binny Mill (FF&V) Bengaluru APMC,2500,1000,1750,Karnataka,Nendra Bale,2026,6,1,1450.0,,1942.857142857143,0.2068965517241379,Monsoon,0
2026-06-03,Banana,19,Bengaluru,Local,Binny Mill (FF&V) Bengaluru APMC,2500,600,1550,Karnataka,Pachha Bale,2026,6,2,1750.0,2750.0,1771.428571428571,-0.1142857142857143,Monsoon,0
2026-06-03,Banana,19,Bengaluru,Local,Binny Mill (FF&V) Bengaluru APMC,4500,1000,2750,Karnataka,Elakki Bale,2026,6,2,1550.0,1550.0,1942.857142857143,0.7741935483870968,Monsoon,0
2026-06-03,Banana,19,Bengaluru,Local,Binny Mill (FF&V) Bengaluru APMC,2200,700,1450,Karnataka,Nauti Bale,2026,6,2,2750.0,1800.0,1892.857142857143,-0.4727272727272728,Monsoon,0
2026-06-03,Banana,19,Bengaluru,Local,Binny Mill (FF&V) Bengaluru APMC,2500,1000,1700,Karnataka,Nendra Bale,2026,6,2,1450.0,2750.0,1742.857142857143,0.1724137931034481,Monsoon,0
2026-06-04,Banana,19,Bengaluru,Local,Binny Mill (FF&V) Bengaluru APMC,2200,700,1450,Karnataka,Nauti Bale,2026,6,3,1700.0,1550.0,1728.571428571429,-0.1470588235294118,Monsoon,0
2026-06-04,Banana,19,Bengaluru,Local,Binny Mill (FF&V) Bengaluru APMC,2600,600,1600,Karnataka,Pachha Bale,2026,6,3,1450.0,1450.0,1750.0,0.1034482758620689,Monsoon,0
2026-06-04,Banana,19,Bengaluru,Local,Binny Mill (FF&V) Bengaluru APMC,4500,1000,2750,Karnataka,Elakki Bale,2026,6,3,1600.0,1750.0,1892.857142857143,0.71875,Monsoon,0
2026-06-04,Banana,19,Bengaluru,Local,Binny Mill (FF&V) Bengaluru APMC,2500,1000,1750,Karnataka,Nendra Bale,2026,6,3,2750.0,1550.0,1921.4285714285716,-0.3636363636363636,Monsoon,0
2026-06-05,Banana,19,Bengaluru,Local,Binny Mill (FF&V) Bengaluru APMC,4500,1000,2750,Karnataka,Elakki Bale,2026,6,4,1750.0,2750.0,1921.4285714285716,0.5714285714285714,Monsoon,0
2026-06-05,Banana,19,Bengaluru,Local,Binny Mill (FF&V) Bengaluru APMC,2500,700,1600,Karnataka,Nendra Bale,2026,6,4,2750.0,1450.0,1942.857142857143,-0.4181818181818182,Monsoon,0
2026-06-05,Banana,19,Bengaluru,Local,Binny Mill (FF&V) Bengaluru APMC,2600,600,1600,Karnataka,Pachha Bale,2026,6,4,1600.0,1700.0,1928.571428571429,0.0,Monsoon,0
2026-06-06,Banana,19,Bengaluru,Local,Binny Mill (FF&V) Bengaluru APMC,2600,600,1600,Karnataka,Pachha Bale,2026,6,5,1600.0,1450.0,1950.0,0.0,Monsoon,0
2026-06-06,Banana,19,Bengaluru,Local,Binny Mill (FF&V) Bengaluru APMC,2500,1000,1750,Karnataka,Nendra Bale,2026,6,5,1600.0,1600.0,1971.4285714285716,0.09375,Monsoon,0
2026-06-06,Banana,19,Bengaluru,Local,Binny Mill (FF&V) Bengaluru APMC,4500,1000,2750,Karnataka,Elakki Bale,2026,6,5,1750.0,2750.0,1971.4285714285716,0.5714285714285714,Monsoon,0
2026-06-08,Banana,19,Bengaluru,Local,Binny Mill (FF&V) Bengaluru APMC,2700,600,1650,Karnataka,Pachha Bale,2026,6,0,2750.0,1750.0,1957.142857142857,-0.4,Monsoon,0
2026-06-08,Banana,19,Bengaluru,Local,Binny Mill (FF&V) Bengaluru APMC,4600,1000,2600,Karnataka,Elakki Bale,2026,6,0,1650.0,2750.0,1935.7142857142856,0.5757575757575757,Monsoon,0
2026-06-09,Banana,19,Bengaluru,Local,Binny Mill (FF&V) Bengaluru APMC,4500,1000,2750,Karnataka,Elakki Bale,2026,6,1,2600.0,1600.0,2100.0,0.0576923076923077,Monsoon,0
2026-06-09,Banana,19,Bengaluru,Local,Binny Mill (FF&V) Bengaluru APMC,2500,1000,1750,Karnataka,Nendra Bale,2026,6,1,2750.0,1600.0,2121.428571428572,-0.3636363636363636,Monsoon,0
2026-06-09,Banana,19,Bengaluru,Local,Binny Mill (FF&V) Bengaluru APMC,2600,600,1600,Karnataka,Pachha Bale,2026,6,1,1750.0,1600.0,2121.428571428572,-0.0857142857142857,Monsoon,0
2026-06-10,Banana,19,Bengaluru,Local,Binny Mill (FF&V) Bengaluru APMC,4600,1000,2800,Karnataka,Elakki Bale,2026,6,2,1600.0,1750.0,2271.428571428572,0.75,Monsoon,0
2026-06-10,Banana,19,Bengaluru,Local,Binny Mill (FF&V) Bengaluru APMC,2500,600,1550,Karnataka,Pachha Bale,2026,6,2,2800.0,2750.0,2100.0,-0.4464285714285714,Monsoon,0
2026-06-11,Banana,19,Bengaluru,Local,Binny Mill (FF&V) Bengaluru APMC,2500,600,1550,Karnataka,Pachha Bale,2026,6,3,1550.0,1650.0,2085.714285714286,0.0,Monsoon,0
2026-06-11,Banana,19,Bengaluru,Local,Binny Mill (FF&V) Bengaluru APMC,44000,1000,2700,Karnataka,Elakki Bale,2026,6,3,1550.0,2600.0,2100.0,0.7419354838709677,Monsoon,0
2026-06-12,Banana,19,Bengaluru,Local,Binny Mill (FF&V) Bengaluru APMC,2500,600,1550,Karnataka,Pachha Bale,2026,6,4,2700.0,2750.0,1928.571428571429,-0.4259259259259259,Monsoon,0
2026-06-12,Banana,19,Bengaluru,Local,Binny Mill (FF&V) Bengaluru APMC,2600,1000,1800,Karnataka,Nendra Bale,2026,6,4,1550.0,1750.0,1935.7142857142856,0.1612903225806452,Monsoon,0
2026-06-12,Banana,19,Bengaluru,Local,Binny Mill (FF&V) Bengaluru APMC,4400,1000,2700,Karnataka,Elakki Bale,2026,6,4,1800.0,1600.0,2092.8571428571427,0.5,Monsoon,0
2026-06-15,Banana,19,Bengaluru,Local,Binny Mill (FF&V) Bengaluru APMC,4600,1000,2800,Karnataka,Elakki Bale,2026,6,0,2700.0,2800.0,2092.8571428571427,0.0370370370370369,Monsoon,0
2026-06-15,Banana,19,Bengaluru,Local,Binny Mill (FF&V) Bengaluru APMC,2500,1000,1750,Karnataka,Nendra Bale,2026,6,0,2800.0,1550.0,2121.428571428572,-0.375,Monsoon,0
2026-06-15,Banana,19,Bengaluru,Local,Binny Mill (FF&V) Bengaluru APMC,2600,600,1600,Karnataka,Pachha Bale,2026,6,0,1750.0,1550.0,2128.5714285714284,-0.0857142857142857,Monsoon,0
2026-06-16,Banana,19,Bengaluru,Local,Binny Mill (FF&V) Bengaluru APMC,4600,1000,2800,Karnataka,Elakki Bale,2026,6,1,1600.0,2700.0,2142.8571428571427,0.75,Monsoon,0
2026-06-16,Banana,19,Bengaluru,Local,Binny Mill (FF&V) Bengaluru APMC,2600,600,1600,Karnataka,Pachha Bale,2026,6,1,2800.0,1550.0,2150.0,-0.4285714285714286,Monsoon,0
2026-06-17,Banana,19,Bengaluru,Local,Binny Mill (FF&V) Bengaluru APMC,4700,1000,2850,Karnataka,Elakki Bale,2026,6,2,1600.0,1800.0,2300.0,0.78125,Monsoon,0
2026-06-17,Banana,19,Bengaluru,Local,Binny Mill (FF&V) Bengaluru APMC,2500,600,1550,Karnataka,Pachha Bale,2026,6,2,2850.0,2700.0,2135.714285714286,-0.4561403508771929,Monsoon,0
2026-06-18,Banana,19,Bengaluru,Local,Binny Mill (FF&V) Bengaluru APMC,2500,600,1550,Karnataka,Pachha Bale,2026,6,3,1550.0,2800.0,1957.142857142857,0.0,Monsoon,0
2026-06-18,Banana,19,Bengaluru,Local,Binny Mill (FF&V) Bengaluru APMC,5000,1000,3000,Karnataka,Elakki Bale,2026,6,3,1550.0,1750.0,2135.714285714286,0.935483870967742,Monsoon,0
2026-06-19,Banana,19,Bengaluru,Local,Binny Mill (FF&V) Bengaluru APMC,2700,600,1650,Karnataka,Pachha Bale,2026,6,4,3000.0,1600.0,2142.8571428571427,-0.4499999999999999,Monsoon,0
2026-06-19,Banana,19,Bengaluru,Local,Binny Mill (FF&V) Bengaluru APMC,5100,1000,3350,Karnataka,Elakki Bale,2026,6,4,1650.0,2800.0,2221.428571428572,1.0303030303030305,Monsoon,1
2026-06-19,Banana,19,Bengaluru,Local,Binny Mill (FF&V) Bengaluru APMC,2500,1000,1750,Karnataka,Nendra Bale,2026,6,4,3350.0,1600.0,2242.8571428571427,-0.4776119402985075,Monsoon,0
2026-06-20,Banana,19,Bengaluru,Local,Binny Mill (FF&V) Bengaluru APMC,2400,1000,1700,Karnataka,Nendra Bale,2026,6,5,1750.0,2850.0,2078.5714285714284,-0.0285714285714285,Monsoon,0
2026-06-20,Banana,19,Bengaluru,Local,Binny Mill (FF&V) Bengaluru APMC,5000,1000,3000,Karnataka,Elakki Bale,2026,6,5,1700.0,1550.0,2285.714285714286,0.7647058823529411,Monsoon,0
2026-06-22,Banana,19,Bengaluru,Local,Binny Mill (FF&V) Bengaluru APMC,2500,700,1550,Karnataka,Nauti Bale,2026,6,0,3000.0,1550.0,2285.714285714286,-0.4833333333333333,Monsoon,0
2026-06-22,Banana,19,Bengaluru,Local,Binny Mill (FF&V) Bengaluru APMC,2500,600,1550,Karnataka,Pachha Bale,2026,6,0,1550.0,3000.0,2078.5714285714284,0.0,Monsoon,0
2026-06-22,Banana,19,Bengaluru,Local,Binny Mill (FF&V) Bengaluru APMC,5000,1000,3000,Karnataka,Elakki Bale,2026,6,0,1550.0,1650.0,2271.428571428572,0.935483870967742,Monsoon,0
2026-06-23,Banana,19,Bengaluru,Local,Binny Mill (FF&V) Bengaluru APMC,2500,600,1550,Karnataka,Pachha Bale,2026,6,1,3000.0,3350.0,2014.2857142857144,-0.4833333333333333,Monsoon,0
2026-06-23,Banana,19,Bengaluru,Local,Binny Mill (FF&V) Bengaluru APMC,2500,700,1600,Karnataka,Nauti Bale,2026,6,1,1550.0,1750.0,1992.857142857143,0.032258064516129,Monsoon,0
2026-06-23,Banana,19,Bengaluru,Local,Binny Mill (FF&V) Bengaluru APMC,5500,1000,3250,Karnataka,Elakki Bale,2026,6,1,1600.0,1700.0,2214.285714285714,1.03125,Monsoon,1
2026-06-24,Banana,19,Bengaluru,Local,Binny Mill (FF&V) Bengaluru APMC,2500,600,1550,Karnataka,Pachha Bale,2026,6,2,3250.0,3000.0,2007.142857142857,-0.523076923076923,Monsoon,0
2026-06-24,Banana,19,Bengaluru,Local,Binny Mill (FF&V) Bengaluru APMC,2500,700,1600,Karnataka,Nauti Bale,2026,6,2,1550.0,1550.0,2014.2857142857144,0.032258064516129,Monsoon,0
2026-06-24,Banana,19,Bengaluru,Local,Binny Mill (FF&V) Bengaluru APMC,2500,1000,1750,Karnataka,Nendra Bale,2026,6,2,1600.0,1550.0,2042.857142857143,0.09375,Monsoon,0
2026-06-25,Banana,19,Bengaluru,Local,Binny Mill (FF&V) Bengaluru APMC,2600,600,1600,Karnataka,Pachha Bale,2026,6,3,1750.0,3000.0,1842.857142857143,-0.0857142857142857,Monsoon,0
2026-06-29,Banana,19,Bengaluru,Local,Binny Mill (FF&V) Bengaluru APMC,3000,600,1800,Karnataka,Pachha Bale,2026,6,0,1600.0,1550.0,1878.571428571429,0.125,Monsoon,0
2026-06-29,Banana,19,Bengaluru,Local,Binny Mill (FF&V) Bengaluru APMC,6200,1000,3600,Karnataka,Elakki Bale,2026,6,0,1800.0,1600.0,2164.285714285714,1.0,Monsoon,1
2026-06-29,Banana,19,Bengaluru,Local,Binny Mill (FF&V) Bengaluru APMC,3000,1000,2000,Karnataka,Nendra Bale,2026,6,0,3600.0,3250.0,1985.7142857142856,-0.4444444444444444,Monsoon,0
2026-06-30,Banana,19,Bengaluru,Local,Binny Mill (FF&V) Bengaluru APMC,2500,1000,1750,Karnataka,Nendra Bale,2026,6,1,2000.0,1550.0,2014.2857142857144,-0.125,Monsoon,0
2026-06-30,Banana,19,Bengaluru,Local,Binny Mill (FF&V) Bengaluru APMC,6200,1000,1750,Karnataka,Elakki Bale,2026,6,1,1750.0,1600.0,2035.7142857142856,0.0,Monsoon,0
2026-07-01,Banana,19,Bengaluru,Local,Binny Mill (FF&V) Bengaluru APMC,2600,1000,1800,Karnataka,Nendra Bale,2026,7,2,1750.0,1750.0,2042.857142857143,0.0285714285714284,Monsoon,0
2026-07-01,Banana,19,Bengaluru,Local,Binny Mill (FF&V) Bengaluru APMC,2800,600,1700,Karnataka,Pachha Bale,2026,7,2,1800.0,1600.0,2057.1428571428573,-0.0555555555555555,Monsoon,0
2026-07-02,Banana,19,Bengaluru,Local,Binny Mill (FF&V) Bengaluru APMC,2500,700,1600,Karnataka,Nauti Bale,2026,7,3,1700.0,1800.0,2028.571428571429,-0.0588235294117647,Monsoon,0
2026-07-02,Banana,19,Bengaluru,Local,Binny Mill (FF&V) Bengaluru APMC,2700,1000,1850,Karnataka,Nendra Bale,2026,7,3,1600.0,3600.0,1778.571428571429,0.15625,Monsoon,0
2026-07-03,Banana,19,Bengaluru,Local,Binny Mill (FF&V) Bengaluru APMC,2600,600,1600,Karnataka,Pachha Bale,2026,7,4,1850.0,2000.0,1721.428571428571,-0.1351351351351351,Monsoon,0
2026-07-03,Banana,19,Bengaluru,Local,Binny Mill (FF&V) Bengaluru APMC,6500,1000,3750,Karnataka,Elakki Bale,2026,7,4,1600.0,1750.0,2007.142857142857,1.34375,Monsoon,0
2026-07-04,Banana,19,Bengaluru,Local,Binny Mill (FF&V) Bengaluru APMC,6600,1000,3800,Karnataka,Elakki Bale,2026,7,5,3750.0,1750.0,2300.0,0.0133333333333334,Monsoon,0
2026-07-04,Banana,19,Bengaluru,Local,Binny Mill (FF&V) Bengaluru APMC,2700,1000,1850,Karnataka,Nendra Bale,2026,7,5,3800.0,1800.0,2307.1428571428573,-0.513157894736842,Monsoon,0
2026-07-04,Banana,19,Bengaluru,Local,Binny Mill (FF&V) Bengaluru APMC,2700,600,1650,Karnataka,Pachha Bale,2026,7,5,1850.0,1700.0,2300.0,-0.1081081081081081,Monsoon,0
2026-07-06,Banana,19,Bengaluru,Local,Binny Mill (FF&V) Bengaluru APMC,2600,600,1600,Karnataka,Pachha Bale,2026,7,0,1650.0,1600.0,2300.0,-0.0303030303030302,Monsoon,0
2026-07-06,Banana,19,Bengaluru,Local,Binny Mill (FF&V) Bengaluru APMC,2600,1000,1800,Karnataka,Nendra Bale,2026,7,0,1600.0,1850.0,2292.8571428571427,0.125,Monsoon,0
2026-07-06,Banana,19,Bengaluru,Local,Binny Mill (FF&V) Bengaluru APMC,6500,1000,3750,Karnataka,Elakki Bale,2026,7,0,1800.0,1600.0,2600.0,1.0833333333333337,Monsoon,0
2026-07-07,Banana,19,Bengaluru,Local,Binny Mill (FF&V) Bengaluru APMC,6600,1000,3800,Karnataka,Elakki Bale,2026,7,1,3750.0,3750.0,2607.1428571428573,0.0133333333333334,Monsoon,0
2026-07-07,Banana,19,Bengaluru,Local,Binny Mill (FF&V) Bengaluru APMC,2500,1000,1750,Karnataka,Nendra Bale,2026,7,1,3800.0,3800.0,2314.285714285714,-0.5394736842105263,Monsoon,0
2026-07-07,Banana,19,Bengaluru,Local,Binny Mill (FF&V) Bengaluru APMC,2700,600,1650,Karnataka,Pachha Bale,2026,7,1,1750.0,1850.0,2285.714285714286,-0.0571428571428571,Monsoon,0
2026-07-08,Banana,19,Bengaluru,Local,Binny Mill (FF&V) Bengaluru APMC,2600,1000,1800,Karnataka,Nendra Bale,2026,7,2,1650.0,1650.0,2307.1428571428573,0.0909090909090908,Monsoon,0
2026-07-08,Banana,19,Bengaluru,Local,Binny Mill (FF&V) Bengaluru APMC,6500,1000,3750,Karnataka,Elakki Bale,2026,7,2,1800.0,1600.0,2614.285714285714,1.0833333333333337,Monsoon,0
2026-07-08,Banana,19,Bengaluru,Local,Binny Mill (FF&V) Bengaluru APMC,2700,700,1700,Karnataka,Nauti Bale,2026,7,2,3750.0,1800.0,2600.0,-0.5466666666666666,Monsoon,0
2026-07-09,Banana,19,Bengaluru,Local,Binny Mill (FF&V) Bengaluru APMC,2700,1000,1850,Karnataka,Nendra Bale,2026,7,3,1700.0,3750.0,2328.5714285714284,0.0882352941176469,Monsoon,0
2026-07-10,Banana,19,Bengaluru,Local,Binny Mill (FF&V) Bengaluru APMC,2600,600,1600,Karnataka,Pachha Bale,2026,7,4,1850.0,3800.0,2014.2857142857144,-0.1351351351351351,Monsoon,0
2026-07-14,Banana,19,Bengaluru,Local,Binny Mill (FF&V) Bengaluru APMC,2400,1000,1700,Karnataka,Nendra Bale,2026,7,1,1600.0,1750.0,2007.142857142857,0.0625,Monsoon,0
2026-07-15,Banana,19,Bengaluru,Local,Binny Mill (FF&V) Bengaluru APMC,2800,1000,1900,Karnataka,Nendra Bale,2026,7,2,1700.0,1650.0,2042.857142857143,0.1176470588235294,Monsoon,0
2026-07-15,Banana,19,Bengaluru,Local,Binny Mill (FF&V) Bengaluru APMC,2500,700,1600,Karnataka,Nauti Bale,2026,7,2,1900.0,1800.0,2014.2857142857144,-0.1578947368421053,Monsoon,0
2026-07-16,Banana,19,Bengaluru,Local,Binny Mill (FF&V) Bengaluru APMC,2900,1000,1950,Karnataka,Nendra Bale,2026,7,3,1600.0,3750.0,1757.142857142857,0.21875,Monsoon,0
2026-07-16,Banana,19,Bengaluru,Local,Binny Mill (FF&V) Bengaluru APMC,3000,600,1800,Karnataka,Pachha Bale,2026,7,3,1950.0,1700.0,1771.428571428571,-0.0769230769230768,Monsoon,0
2026-07-16,Banana,19,Bengaluru,Local,Binny Mill (FF&V) Bengaluru APMC,7000,1000,4000,Karnataka,Elakki Bale,2026,7,3,1800.0,1850.0,2078.5714285714284,1.2222222222222223,Monsoon,0
2026-07-16,Banana,19,Bengaluru,Local,Binny Mill (FF&V) Bengaluru APMC,2500,700,1600,Karnataka,Nauti Bale,2026,7,3,4000.0,1600.0,2078.5714285714284,-0.6,Monsoon,0
2026-07-17,Banana,19,Bengaluru,Local,Binny Mill (FF&V) Bengaluru APMC,3100,600,2050,Karnataka,Pachha Bale,2026,7,4,1600.0,1700.0,2128.5714285714284,0.28125,Monsoon,0
2026-07-18,Banana,19,Bengaluru,Local,Binny Mill (FF&V) Bengaluru APMC,3000,600,1800,Karnataka,Pachha Bale,2026,7,5,2050.0,1900.0,2114.285714285714,-0.1219512195121951,Monsoon,0
2026-07-18,Banana,19,Bengaluru,Local,Binny Mill (FF&V) Bengaluru APMC,2900,1000,1950,Karnataka,Nendra Bale,2026,7,5,1800.0,1600.0,2164.285714285714,0.0833333333333332,Monsoon,0
2026-07-21,Banana,19,Bengaluru,Local,Binny Mill (FF&V) Bengaluru APMC,2900,700,1800,Karnataka,Nauti Bale,2026,7,1,1950.0,1950.0,2142.8571428571427,-0.0769230769230768,Monsoon,0
2026-07-21,Banana,19,Bengaluru,Local,Binny Mill (FF&V) Bengaluru APMC,2800,1000,1900,Karnataka,Nendra Bale,2026,7,1,1800.0,1800.0,2157.1428571428573,0.0555555555555555,Monsoon,0
2026-07-22,Banana,19,Bengaluru,Local,Binny Mill (FF&V) Bengaluru APMC,7100,1000,1050,Karnataka,Elakki Bale,2026,7,2,1900.0,4000.0,1735.7142857142858,-0.4473684210526315,Monsoon,1
2026-07-22,Banana,19,Bengaluru,Local,Binny Mill (FF&V) Bengaluru APMC,2700,600,1650,Karnataka,Pachha Bale,2026,7,2,1050.0,1600.0,1742.857142857143,0.5714285714285714,Monsoon,0
2026-07-22,Banana,19,Bengaluru,Local,Binny Mill (FF&V) Bengaluru APMC,2900,1000,1950,Karnataka,Nendra Bale,2026,7,2,1650.0,2050.0,1728.571428571429,0.1818181818181818,Monsoon,0
2026-07-23,Banana,19,Bengaluru,Local,Binny Mill (FF&V) Bengaluru APMC,2800,600,1700,Karnataka,Pachha Bale,2026,7,3,1950.0,1800.0,1714.2857142857142,-0.1282051282051282,Monsoon,0
2026-07-23,Banana,19,Bengaluru,Local,Binny Mill (FF&V) Bengaluru APMC,2900,700,1800,Karnataka,Nauti Bale,2026,7,3,1700.0,1950.0,1692.857142857143,0.0588235294117647,Monsoon,0
2026-07-24,Banana,19,Bengaluru,Local,Binny Mill (FF&V) Bengaluru APMC,2900,1000,1950,Karnataka,Nendra Bale,2026,7,4,1800.0,1800.0,1714.2857142857142,0.0833333333333332,Monsoon,0
2026-07-24,Banana,19,Bengaluru,Local,Binny Mill (FF&V) Bengaluru APMC,7100,1000,4050,Karnataka,Elakki Bale,2026,7,4,1950.0,1900.0,2021.4285714285716,1.076923076923077,Monsoon,1
2026-07-24,Banana,19,Bengaluru,Local,Binny Mill (FF&V) Bengaluru APMC,2700,600,1650,Karnataka,Pachha Bale,2026,7,4,4050.0,1050.0,2107.1428571428573,-0.5925925925925926,Monsoon,0
2026-07-24,Banana,19,Bengaluru,Local,Binny Mill (FF&V) Bengaluru APMC,2800,700,1750,Karnataka,Nauti Bale,2026,7,4,1650.0,1650.0,2121.428571428572,0.0606060606060605,Monsoon,0
2026-07-27,Banana,19,Bengaluru,Local,Binny Mill (FF&V) Bengaluru APMC,3000,700,1850,Karnataka,Nauti Bale,2026,7,0,1750.0,1950.0,2107.1428571428573,0.0571428571428571,Monsoon,0
2026-07-27,Banana,19,Bengaluru,Local,Binny Mill (FF&V) Bengaluru APMC,2700,600,1650,Karnataka,Pachha Bale,2026,7,0,1850.0,1700.0,2100.0,-0.1081081081081081,Monsoon,0
2026-07-27,Banana,19,Bengaluru,Local,Binny Mill (FF&V) Bengaluru APMC,7100,1000,4050,Karnataka,Elakki Bale,2026,7,0,1650.0,1800.0,2421.428571428572,1.4545454545454546,Monsoon,1
2026-07-28,Banana,19,Bengaluru,Local,Binny Mill (FF&V) Bengaluru APMC,3000,1000,2000,Karnataka,Nendra Bale,2026,7,1,4050.0,1950.0,2428.5714285714284,-0.5061728395061729,Monsoon,0
2026-07-28,Banana,19,Bengaluru,Local,Binny Mill (FF&V) Bengaluru APMC,2900,700,1800,Karnataka,Nauti Bale,2026,7,1,2000.0,4050.0,2107.1428571428573,-0.0999999999999999,Monsoon,0
2026-07-29,Banana,19,Bengaluru,Local,Binny Mill (FF&V) Bengaluru APMC,2500,600,1550,Karnataka,Pachha Bale,2026,7,2,1800.0,1650.0,2092.8571428571427,-0.1388888888888888,Monsoon,0
2026-07-29,Banana,19,Bengaluru,Local,Binny Mill (FF&V) Bengaluru APMC,2800,1000,1900,Karnataka,Nendra Bale,2026,7,2,1550.0,1750.0,2114.285714285714,0.2258064516129032,Monsoon,0
2026-07-29,Banana,19,Bengaluru,Local,Binny Mill (FF&V) Bengaluru APMC,2700,700,1700,Karnataka,Nauti Bale,2026,7,2,1900.0,1850.0,2092.8571428571427,-0.1052631578947368,Monsoon,0
2026-07-30,Banana,19,Bengaluru,Local,Binny Mill (FF&V) Bengaluru APMC,7100,1000,4050,Karnataka,Elakki Bale,2026,7,3,1700.0,1650.0,2435.714285714286,1.3823529411764706,Monsoon,1
2026-07-30,Banana,19,Bengaluru,Local,Binny Mill (FF&V) Bengaluru APMC,2800,700,1750,Karnataka,Nauti Bale,2026,7,3,4050.0,4050.0,2107.1428571428573,-0.5679012345679013,Monsoon,0
2026-07-30,Banana,19,Bengaluru,Local,Binny Mill (FF&V) Bengaluru APMC,2800,600,1700,Karnataka,Pachha Bale,2026,7,3,1750.0,2000.0,2064.285714285714,-0.0285714285714285,Monsoon,0
2026-07-31,Banana,19,Bengaluru,Local,Binny Mill (FF&V) Bengaluru APMC,2900,1000,1950,Karnataka,Nendra Bale,2026,7,4,1700.0,1800.0,2085.714285714286,0.1470588235294117,Monsoon,0
2026-07-31,Banana,19,Bengaluru,Local,Binny Mill (FF&V) Bengaluru APMC,7200,1000,4100,Karnataka,Elakki Bale,2026,7,4,1950.0,1550.0,2450.0,1.1025641025641026,Monsoon,1
2026-07-31,Banana,19,Bengaluru,Local,Binny Mill (FF&V) Bengaluru APMC,2900,600,1950,Karnataka,Pachha Bale,2026,7,4,4100.0,1900.0,2457.1428571428573,-0.524390243902439,Monsoon,0
2026-08-01,Banana,19,Bengaluru,Local,Binny Mill (FF&V) Bengaluru APMC,3000,600,1800,Karnataka,Pachha Bale,2026,8,5,1950.0,1700.0,2471.428571428572,-0.0769230769230768,Monsoon,0
2026-08-01,Banana,19,Bengaluru,Local,Binny Mill (FF&V) Bengaluru APMC,2500,1000,1750,Karnataka,Nauti Bale,2026,8,5,1800.0,4050.0,2142.8571428571427,-0.0277777777777777,Monsoon,0
2026-08-01,Banana,19,Bengaluru,Local,Binny Mill (FF&V) Bengaluru APMC,7000,1000,4000,Karnataka,Elakki Bale,2026,8,5,1750.0,1750.0,2464.285714285714,1.2857142857142856,Monsoon,0
2026-08-03,Banana,19,Bengaluru,Local,Binny Mill (FF&V) Bengaluru APMC,2900,1000,1950,Karnataka,Nendra Bale,2026,8,0,4000.0,1700.0,2500.0,-0.5125,Monsoon,0
2026-08-03,Banana,19,Bengaluru,Local,Binny Mill (FF&V) Bengaluru APMC,3000,700,1850,Karnataka,Nauti Bale,2026,8,0,1950.0,1950.0,2485.714285714286,-0.0512820512820513,Monsoon,0
2026-08-03,Banana,19,Bengaluru,Local,Binny Mill (FF&V) Bengaluru APMC,2800,600,1700,Karnataka,Pachha Bale,2026,8,0,1850.0,4100.0,2142.8571428571427,-0.081081081081081,Monsoon,0
2026-08-04,Banana,19,Bengaluru,Local,Binny Mill (FF&V) Bengaluru APMC,7100,1000,4050,Karnataka,Elakki Bale,2026,8,1,1700.0,1950.0,2442.8571428571427,1.3823529411764706,Monsoon,1
2026-08-04,Banana,19,Bengaluru,Local,Binny Mill (FF&V) Bengaluru APMC,3000,700,1850,Karnataka,Nauti Bale,2026,8,1,4050.0,1800.0,2450.0,-0.5432098765432098,Monsoon,0
2026-08-04,Banana,19,Bengaluru,Local,Binny Mill (FF&V) Bengaluru APMC,2900,1000,1950,Karnataka,Nendra Bale,2026,8,1,1850.0,1750.0,2478.5714285714284,0.0540540540540539,Monsoon,0
2026-08-04,Banana,19,Bengaluru,Local,Binny Mill (FF&V) Bengaluru APMC,2800,600,1700,Karnataka,Pachha Bale,2026,8,1,1950.0,4000.0,2150.0,-0.1282051282051282,Monsoon,0
2026-08-05,Banana,19,Bengaluru,Local,Binny Mill (FF&V) Bengaluru APMC,2900,1000,1950,Karnataka,Nendra Bale,2026,8,2,1700.0,1950.0,2150.0,0.1470588235294117,Monsoon,0
2026-08-05,Banana,19,Bengaluru,Local,Binny Mill (FF&V) Bengaluru APMC,3000,700,1850,Karnataka,Nauti Bale,2026,8,2,1950.0,1850.0,2150.0,-0.0512820512820513,Monsoon,0
2026-08-06,Banana,19,Bengaluru,Local,Binny Mill (FF&V) Bengaluru APMC,7200,1000,4100,Karnataka,Elakki Bale,2026,8,3,1850.0,1700.0,2492.8571428571427,1.2162162162162162,Monsoon,1
2026-08-06,Banana,19,Bengaluru,Local,Binny Mill (FF&V) Bengaluru APMC,3000,700,1850,Karnataka,Nauti Bale,2026,8,3,4100.0,4050.0,2178.5714285714284,-0.5487804878048781,Monsoon,0
2026-08-07,Banana,19,Bengaluru,Local,Binny Mill (FF&V) Bengaluru APMC,2800,600,1700,Karnataka,Pachha Bale,2026,8,4,1850.0,1850.0,2157.1428571428573,-0.081081081081081,Monsoon,0
2026-08-07,Banana,19,Bengaluru,Local,Binny Mill (FF&V) Bengaluru APMC,2800,700,1750,Karnataka,Nauti Bale,2026,8,4,1700.0,1950.0,2128.5714285714284,0.0294117647058822,Monsoon,0
2026-08-07,Banana,19,Bengaluru,Local,Binny Mill (FF&V) Bengaluru APMC,7000,1000,4000,Karnataka,Elakki Bale,2026,8,4,1750.0,1700.0,2457.1428571428573,1.2857142857142856,Monsoon,0
2026-08-04,Banana,19,Mysuru,Medium,Mysuru APMC,2260,2260,2260,Karnataka,Pachha Bale,2026,8,1,2000.0,,2130.0,0.1299999999999999,Monsoon,1
2024-12-10,Banana,19,Warangal,Medium,Warangal,2800,2800,2800,Telangana,Banana - Ripe,2024,12,1,3000.0,,2900.0,-0.0666666666666666,Winter,0
2026-04-02,Brinjal,35,Bengaluru,Local,"Binny Mill (F&V), Bengaluru APMC",2000,1600,1800,Karnataka,Brinjal,2026,4,3,2000.0,,1900.0,-0.0999999999999999,Summer,0
2026-04-04,Brinjal,35,Bengaluru,Local,"Binny Mill (F&V), Bengaluru APMC",2200,1800,2000,Karnataka,Brinjal,2026,4,5,1800.0,,1933.3333333333333,0.1111111111111111,Summer,0
2026-04-06,Brinjal,35,Bengaluru,Local,"Binny Mill (F&V), Bengaluru APMC",2200,2000,2100,Karnataka,Brinjal,2026,4,0,2000.0,,1975.0,0.05,Summer,0
2026-04-07,Brinjal,35,Bengaluru,Local,"Binny Mill (F&V), Bengaluru APMC",2200,2000,2100,Karnataka,Brinjal,2026,4,1,2100.0,,2000.0,0.0,Summer,0
2026-04-08,Brinjal,35,Bengaluru,Local,"Binny Mill (F&V), Bengaluru APMC",2200,2000,2100,Karnataka,Brinjal,2026,4,2,2100.0,,2016.6666666666667,0.0,Summer,0
2026-04-10,Brinjal,35,Bengaluru,Local,"Binny Mill (F&V), Bengaluru APMC",2400,2000,2200,Karnataka,Brinjal,2026,4,4,2100.0,,2042.857142857143,0.0476190476190476,Summer,0
2026-04-13,Brinjal,35,Bengaluru,Local,"Binny Mill (F&V), Bengaluru APMC",2400,2000,2200,Karnataka,Brinjal,2026,4,0,2200.0,2000.0,2071.428571428572,0.0,Summer,0
2026-04-15,Brinjal,35,Bengaluru,Local,"Binny Mill (F&V), Bengaluru APMC",2600,2200,2400,Karnataka,Brinjal,2026,4,2,2200.0,1800.0,2157.1428571428573,0.0909090909090908,Summer,0
2026-04-16,Brinjal,35,Bengaluru,Local,"Binny Mill (F&V), Bengaluru APMC",2700,2300,2500,Karnataka,Brinjal,2026,4,3,2400.0,2000.0,2228.5714285714284,0.0416666666666667,Summer,0
2026-04-17,Brinjal,35,Bengaluru,Local,"Binny Mill (F&V), Bengaluru APMC",2800,2400,2600,Karnataka,Brinjal,2026,4,4,2500.0,2100.0,2300.0,0.04,Summer,0
2026-04-18,Brinjal,35,Bengaluru,Local,"Binny Mill (F&V), Bengaluru APMC",2900,2500,2700,Karnataka,Brinjal,2026,4,5,2600.0,2100.0,2385.714285714286,0.0384615384615385,Summer,0
2026-04-21,Brinjal,35,Bengaluru,Local,"Binny Mill (F&V), Bengaluru APMC",2600,2200,2400,Karnataka,Brinjal,2026,4,1,2700.0,2100.0,2428.5714285714284,-0.1111111111111111,Summer,0
2026-04-22,Brinjal,35,Bengaluru,Local,"Binny Mill (F&V), Bengaluru APMC",2500,2000,2300,Karnataka,Brinjal,2026,4,2,2400.0,2200.0,2442.8571428571427,-0.0416666666666666,Summer,0
2026-04-23,Brinjal,35,Bengaluru,Local,"Binny Mill (F&V), Bengaluru APMC",2500,2200,2400,Karnataka,Brinjal,2026,4,3,2300.0,2200.0,2471.428571428572,0.0434782608695651,Summer,0
2026-04-24,Brinjal,35,Bengaluru,Local,"Binny Mill (F&V), Bengaluru APMC",2800,2400,2600,Karnataka,Brinjal,2026,4,4,2400.0,2400.0,2500.0,0.0833333333333332,Summer,0
2026-04-27,Brinjal,35,Bengaluru,Local,"Binny Mill (F&V), Bengaluru APMC",2600,2400,2500,Karnataka,Brinjal,2026,4,0,2600.0,2500.0,2500.0,-0.0384615384615384,Summer,0
2026-04-28,Brinjal,35,Bengaluru,Local,"Binny Mill (F&V), Bengaluru APMC",2600,2400,2500,Karnataka,Brinjal,2026,4,1,2500.0,2600.0,2485.714285714286,0.0,Summer,0
2026-04-29,Brinjal,35,Bengaluru,Local,"Binny Mill (F&V), Bengaluru APMC",3000,2500,2800,Karnataka,Brinjal,2026,4,2,2500.0,2700.0,2500.0,0.1200000000000001,Summer,0
2026-04-30,Brinjal,35,Bengaluru,Local,"Binny Mill (F&V), Bengaluru APMC",2700,2500,2600,Karnataka,Brinjal,2026,4,3,2800.0,2400.0,2528.5714285714284,-0.0714285714285714,Summer,0
2026-05-02,Brinjal,35,Bengaluru,Local,"Binny Mill (F&V), Bengaluru APMC",3100,2600,2900,Karnataka,Brinjal,2026,5,5,2600.0,2300.0,2614.285714285714,0.1153846153846154,Summer,0
2026-05-04,Brinjal,35,Bengaluru,Local,"Binny Mill (F&V), Bengaluru APMC",3200,2700,3000,Karnataka,Brinjal,2026,5,0,2900.0,2400.0,2700.0,0.0344827586206897,Summer,0
2026-05-07,Brinjal,35,Bengaluru,Local,"Binny Mill (F&V), Bengaluru APMC",3200,3000,3100,Karnataka,Brinjal,2026,5,3,3000.0,2600.0,2771.428571428572,0.0333333333333334,Summer,0
2026-05-08,Brinjal,35,Bengaluru,Local,"Binny Mill (F&V), Bengaluru APMC",3200,2800,3000,Karnataka,Brinjal,2026,5,4,3100.0,2500.0,2842.8571428571427,-0.032258064516129,Summer,0
2026-05-12,Brinjal,35,Bengaluru,Local,"Binny Mill (F&V), Bengaluru APMC",3300,2900,3100,Karnataka,Brinjal,2026,5,1,3000.0,2500.0,2928.5714285714284,0.0333333333333334,Summer,0
2026-05-13,Brinjal,35,Bengaluru,Local,"Binny Mill (F&V), Bengaluru APMC",3400,3000,3200,Karnataka,Brinjal,2026,5,2,3100.0,2800.0,2985.714285714286,0.032258064516129,Summer,0
2026-05-15,Brinjal,35,Bengaluru,Local,"Binny Mill (F&V), Bengaluru APMC",3300,3000,3200,Karnataka,Brinjal,2026,5,4,3200.0,2600.0,3071.428571428572,0.0,Summer,0
2026-05-16,Brinjal,35,Bengaluru,Local,"Binny Mill (F&V), Bengaluru APMC",3300,3000,3200,Karnataka,Brinjal,2026,5,5,3200.0,2900.0,3114.285714285714,0.0,Summer,0
2026-05-18,Brinjal,35,Bengaluru,Local,"Binny Mill (F&V), Bengaluru APMC",3500,3200,3400,Karnataka,Brinjal,2026,5,0,3200.0,3000.0,3171.428571428572,0.0625,Summer,0
2026-05-19,Brinjal,35,Bengaluru,Local,"Binny Mill (F&V), Bengaluru APMC",3300,3000,3200,Karnataka,Brinjal,2026,5,1,3400.0,3100.0,3185.714285714286,-0.0588235294117647,Summer,0
2026-05-20,Brinjal,35,Bengaluru,Local,"Binny Mill (F&V), Bengaluru APMC",3300,3000,3200,Karnataka,Brinjal,2026,5,2,3200.0,3000.0,3214.285714285714,0.0,Summer,0
2026-05-21,Brinjal,35,Bengaluru,Local,"Binny Mill (F&V), Bengaluru APMC",3000,2800,2900,Karnataka,Brinjal,2026,5,3,3200.0,3100.0,3185.714285714286,-0.09375,Summer,0
2026-05-25,Brinjal,35,Bengaluru,Local,"Binny Mill (F&V), Bengaluru APMC",3000,2800,2900,Karnataka,Brinjal,2026,5,0,2900.0,3200.0,3142.8571428571427,0.0,Summer,0
2026-05-26,Brinjal,35,Bengaluru,Local,"Binny Mill (F&V), Bengaluru APMC",3200,300,3100,Karnataka,Brinjal,2026,5,1,2900.0,3200.0,3128.5714285714284,0.0689655172413792,Summer,0
2026-05-29,Brinjal,35,Bengaluru,Local,"Binny Mill (F&V), Bengaluru APMC",3500,3000,3300,Karnataka,Brinjal,2026,5,4,3100.0,3200.0,3142.8571428571427,0.064516129032258,Summer,0
2026-05-30,Brinjal,35,Bengaluru,Local,"Binny Mill (F&V), Bengaluru APMC",3500,3300,3400,Karnataka,Brinjal,2026,5,5,3300.0,3400.0,3142.8571428571427,0.0303030303030302,Summer,0
2026-06-01,Brinjal,35,Bengaluru,Local,"Binny Mill (F&V), Bengaluru APMC",3500,3300,3400,Karnataka,Brinjal,2026,6,0,3400.0,3200.0,3171.428571428572,0.0,Monsoon,0
2026-06-02,Brinjal,35,Bengaluru,Local,"Binny Mill (F&V), Bengaluru APMC",3500,3000,3300,Karnataka,Brinjal,2026,6,1,3400.0,3200.0,3185.714285714286,-0.0294117647058823,Monsoon,0
2026-06-03,Brinjal,35,Bengaluru,Local,"Binny Mill (F&V), Bengaluru APMC",3300,3000,3200,Karnataka,Brinjal,2026,6,2,3300.0,2900.0,3228.5714285714284,-0.0303030303030302,Monsoon,0
2026-06-04,Brinjal,35,Bengaluru,Local,"Binny Mill (F&V), Bengaluru APMC",3300,3000,3200,Karnataka,Brinjal,2026,6,3,3200.0,2900.0,3271.428571428572,0.0,Monsoon,0
2026-06-05,Brinjal,35,Bengaluru,Local,"Binny Mill (F&V), Bengaluru APMC",3100,2800,3000,Karnataka,Brinjal,2026,6,4,3200.0,3100.0,3257.1428571428573,-0.0625,Monsoon,0
2026-06-06,Brinjal,35,Bengaluru,Local,"Binny Mill (F&V), Bengaluru APMC",3000,2700,2900,Karnataka,Brinjal,2026,6,5,3000.0,3300.0,3200.0,-0.0333333333333333,Monsoon,0
2026-06-08,Brinjal,35,Bengaluru,Local,"Binny Mill (F&V), Bengaluru APMC",3000,2700,2900,Karnataka,Brinjal,2026,6,0,2900.0,3400.0,3128.5714285714284,0.0,Monsoon,0
2026-06-09,Brinjal,35,Bengaluru,Local,"Binny Mill (F&V), Bengaluru APMC",3200,2800,3000,Karnataka,Brinjal,2026,6,1,2900.0,3400.0,3071.428571428572,0.0344827586206897,Monsoon,0
2026-06-10,Brinjal,35,Bengaluru,Local,"Binny Mill (F&V), Bengaluru APMC",3200,2800,3000,Karnataka,Brinjal,2026,6,2,3000.0,3300.0,3028.5714285714284,0.0,Monsoon,0
2026-06-11,Brinjal,35,Bengaluru,Local,"Binny Mill (F&V), Bengaluru APMC",3000,2700,2900,Karnataka,Brinjal,2026,6,3,3000.0,3200.0,2985.714285714286,-0.0333333333333333,Monsoon,0
2026-06-12,Brinjal,35,Bengaluru,Local,"Binny Mill (F&V), Bengaluru APMC",3200,3000,3100,Karnataka,Brinjal,2026,6,4,2900.0,3200.0,2971.428571428572,0.0689655172413792,Monsoon,0
2026-06-15,Brinjal,35,Bengaluru,Local,"Binny Mill (F&V), Bengaluru APMC",3000,2800,2900,Karnataka,Brinjal,2026,6,0,3100.0,3000.0,2957.1428571428573,-0.0645161290322581,Monsoon,0
2026-06-16,Brinjal,35,Bengaluru,Local,"Binny Mill (F&V), Bengaluru APMC",3000,2500,2800,Karnataka,Brinjal,2026,6,1,2900.0,2900.0,2942.8571428571427,-0.0344827586206896,Monsoon,0
2026-06-17,Brinjal,35,Bengaluru,Local,"Binny Mill (F&V), Bengaluru APMC",3000,2800,2900,Karnataka,Brinjal,2026,6,2,2800.0,2900.0,2942.8571428571427,0.0357142857142858,Monsoon,0
2026-06-18,Brinjal,35,Bengaluru,Local,"Binny Mill (F&V), Bengaluru APMC",3300,3000,3200,Karnataka,Brinjal,2026,6,3,2900.0,3000.0,2971.428571428572,0.1034482758620689,Monsoon,0
2026-06-19,Brinjal,35,Bengaluru,Local,"Binny Mill (F&V), Bengaluru APMC",4000,3600,3800,Karnataka,Brinjal,2026,6,4,3200.0,3000.0,3085.714285714286,0.1875,Monsoon,1
2026-06-20,Brinjal,35,Bengaluru,Local,"Binny Mill (F&V), Bengaluru APMC",3900,3500,3700,Karnataka,Brinjal,2026,6,5,3800.0,2900.0,3200.0,-0.0263157894736841,Monsoon,0
2026-06-22,Brinjal,35,Bengaluru,Local,"Binny Mill (F&V), Bengaluru APMC",3700,3300,3500,Karnataka,Brinjal,2026,6,0,3700.0,3100.0,3257.1428571428573,-0.054054054054054,Monsoon,0
2026-06-23,Brinjal,35,Bengaluru,Local,"Binny Mill (F&V), Bengaluru APMC",3800,3400,3600,Karnataka,Brinjal,2026,6,1,3500.0,2900.0,3357.1428571428573,0.0285714285714284,Monsoon,0
2026-06-24,Brinjal,35,Bengaluru,Local,"Binny Mill (F&V), Bengaluru APMC",4000,3500,3700,Karnataka,Brinjal,2026,6,2,3600.0,2800.0,3485.714285714286,0.0277777777777776,Monsoon,0
2026-06-25,Brinjal,35,Bengaluru,Local,"Binny Mill (F&V), Bengaluru APMC",4000,3500,3700,Karnataka,Brinjal,2026,6,3,3700.0,2900.0,3600.0,0.0,Monsoon,0
2026-06-29,Brinjal,35,Bengaluru,Local,"Binny Mill (F&V), Bengaluru APMC",4000,3500,3700,Karnataka,Brinjal,2026,6,0,3700.0,3200.0,3671.428571428572,0.0,Monsoon,0
2026-06-30,Brinjal,35,Bengaluru,Local,"Binny Mill (F&V), Bengaluru APMC",4000,3500,3700,Karnataka,Brinjal,2026,6,1,3700.0,3800.0,3657.142857142857,0.0,Monsoon,0
2026-07-01,Brinjal,35,Bengaluru,Local,"Binny Mill (F&V), Bengaluru APMC",4000,3500,3700,Karnataka,Brinjal,2026,7,2,3700.0,3700.0,3657.142857142857,0.0,Monsoon,0
2026-07-02,Brinjal,35,Bengaluru,Local,"Binny Mill (F&V), Bengaluru APMC",4000,3500,3700,Karnataka,Brinjal,2026,7,3,3700.0,3500.0,3685.714285714286,0.0,Monsoon,0
2026-07-03,Brinjal,35,Bengaluru,Local,"Binny Mill (F&V), Bengaluru APMC",4000,3500,3700,Karnataka,Brinjal,2026,7,4,3700.0,3600.0,3700.0,0.0,Monsoon,0
2026-07-04,Brinjal,35,Bengaluru,Local,"Binny Mill (F&V), Bengaluru APMC",4000,3200,3600,Karnataka,Brinjal,2026,7,5,3700.0,3700.0,3685.714285714286,-0.0270270270270269,Monsoon,0
2026-07-06,Brinjal,35,Bengaluru,Local,"Binny Mill (F&V), Bengaluru APMC",3000,2500,2700,Karnataka,Brinjal,2026,7,0,3600.0,3700.0,3542.8571428571427,-0.25,Monsoon,0
2026-07-07,Brinjal,35,Bengaluru,Local,"Binny Mill (F&V), Bengaluru APMC",2500,2300,2400,Karnataka,Brinjal,2026,7,1,2700.0,3700.0,3357.1428571428573,-0.1111111111111111,Monsoon,0
2026-07-08,Brinjal,35,Bengaluru,Local,"Binny Mill (F&V), Bengaluru APMC",2500,2300,2400,Karnataka,Brinjal,2026,7,2,2400.0,3700.0,3171.428571428572,0.0,Monsoon,0
2026-07-09,Brinjal,35,Bengaluru,Local,"Binny Mill (F&V), Bengaluru APMC",2500,2000,2400,Karnataka,Brinjal,2026,7,3,2400.0,3700.0,2985.714285714286,0.0,Monsoon,0
2026-07-10,Brinjal,35,Bengaluru,Local,"Binny Mill (F&V), Bengaluru APMC",2500,2000,2400,Karnataka,Brinjal,2026,7,4,2400.0,3700.0,2800.0,0.0,Monsoon,0
2026-07-13,Brinjal,35,Bengaluru,Local,"Binny Mill (F&V), Bengaluru APMC",2600,2200,2400,Karnataka,Brinjal,2026,7,0,2400.0,3700.0,2614.285714285714,0.0,Monsoon,0
2026-07-14,Brinjal,35,Bengaluru,Local,"Binny Mill (F&V), Bengaluru APMC",2400,2000,2300,Karnataka,Brinjal,2026,7,1,2400.0,3600.0,2428.5714285714284,-0.0416666666666666,Monsoon,0
2026-07-15,Brinjal,35,Bengaluru,Local,"Binny Mill (F&V), Bengaluru APMC",2600,2300,2400,Karnataka,Brinjal,2026,7,2,2300.0,2700.0,2385.714285714286,0.0434782608695651,Monsoon,0
2026-07-16,Brinjal,35,Bengaluru,Local,"Binny Mill (F&V), Bengaluru APMC",2600,2300,2400,Karnataka,Brinjal,2026,7,3,2400.0,2400.0,2385.714285714286,0.0,Monsoon,0
2026-07-17,Brinjal,35,Bengaluru,Local,"Binny Mill (F&V), Bengaluru APMC",2600,2300,2400,Karnataka,Brinjal,2026,7,4,2400.0,2400.0,2385.714285714286,0.0,Monsoon,0
2026-07-18,Brinjal,35,Bengaluru,Local,"Binny Mill (F&V), Bengaluru APMC",2800,2500,2700,Karnataka,Brinjal,2026,7,5,2400.0,2400.0,2428.5714285714284,0.125,Monsoon,0
2026-07-20,Brinjal,35,Bengaluru,Local,"Binny Mill (F&V), Bengaluru APMC",2800,2400,2700,Karnataka,Brinjal,2026,7,0,2700.0,2400.0,2471.428571428572,0.0,Monsoon,0
2026-07-21,Brinjal,35,Bengaluru,Local,"Binny Mill (F&V), Bengaluru APMC",2800,2500,2700,Karnataka,Brinjal,2026,7,1,2700.0,2400.0,2514.285714285714,0.0,Monsoon,0
2026-06-05,Brinjal,35,Bengaluru,Local,Binny Mill (FF&V) Bengaluru APMC,3100,2800,3000,Karnataka,Brinjal,2026,6,4,3400.0,,3200.0,-0.1176470588235294,Monsoon,0
2026-06-09,Brinjal,35,Bengaluru,Local,Binny Mill (FF&V) Bengaluru APMC,3200,2800,3000,Karnataka,Brinjal,2026,6,1,3000.0,,3133.333333333333,0.0,Monsoon,0
2026-06-11,Brinjal,35,Bengaluru,Local,Binny Mill (FF&V) Bengaluru APMC,3000,2700,2900,Karnataka,Brinjal,2026,6,3,3000.0,,3075.0,-0.0333333333333333,Monsoon,0
2026-06-12,Brinjal,35,Bengaluru,Local,Binny Mill (FF&V) Bengaluru APMC,3200,3000,3100,Karnataka,Brinjal,2026,6,4,2900.0,,3080.0,0.0689655172413792,Monsoon,0
2026-06-15,Brinjal,35,Bengaluru,Local,Binny Mill (FF&V) Bengaluru APMC,3000,2800,2900,Karnataka,Brinjal,2026,6,0,3100.0,,3050.0,-0.0645161290322581,Monsoon,0
2026-06-17,Brinjal,35,Bengaluru,Local,Binny Mill (FF&V) Bengaluru APMC,3000,2800,2900,Karnataka,Brinjal,2026,6,2,2900.0,,3028.5714285714284,0.0,Monsoon,0
2026-06-19,Brinjal,35,Bengaluru,Local,Binny Mill (FF&V) Bengaluru APMC,4000,3600,3800,Karnataka,Brinjal,2026,6,4,2900.0,3400.0,3085.714285714286,0.3103448275862068,Monsoon,1
2026-06-20,Brinjal,35,Bengaluru,Local,Binny Mill (FF&V) Bengaluru APMC,3900,3500,3700,Karnataka,Brinjal,2026,6,5,3800.0,3000.0,3185.714285714286,-0.0263157894736841,Monsoon,0
2026-06-22,Brinjal,35,Bengaluru,Local,Binny Mill (FF&V) Bengaluru APMC,3700,3300,3500,Karnataka,Brinjal,2026,6,0,3700.0,3000.0,3257.1428571428573,-0.054054054054054,Monsoon,0
2026-06-23,Brinjal,35,Bengaluru,Local,Binny Mill (FF&V) Bengaluru APMC,3800,3400,3600,Karnataka,Brinjal,2026,6,1,3500.0,2900.0,3357.1428571428573,0.0285714285714284,Monsoon,0
2026-06-24,Brinjal,35,Bengaluru,Local,Binny Mill (FF&V) Bengaluru APMC,4000,3500,3700,Karnataka,Brinjal,2026,6,2,3600.0,3100.0,3442.8571428571427,0.0277777777777776,Monsoon,0
2026-06-25,Brinjal,35,Bengaluru,Local,Binny Mill (FF&V) Bengaluru APMC,4000,3500,3700,Karnataka,Brinjal,2026,6,3,3700.0,2900.0,3557.1428571428573,0.0,Monsoon,0
2026-06-29,Brinjal,35,Bengaluru,Local,Binny Mill (FF&V) Bengaluru APMC,4000,3500,3700,Karnataka,Brinjal,2026,6,0,3700.0,2900.0,3671.428571428572,0.0,Monsoon,0
2026-07-01,Brinjal,35,Bengaluru,Local,Binny Mill (FF&V) Bengaluru APMC,4000,3500,3700,Karnataka,Brinjal,2026,7,2,3700.0,3800.0,3657.142857142857,0.0,Monsoon,0
2026-07-03,Brinjal,35,Bengaluru,Local,Binny Mill (FF&V) Bengaluru APMC,4000,3500,3700,Karnataka,Brinjal,2026,7,4,3700.0,3700.0,3657.142857142857,0.0,Monsoon,0
2026-07-09,Brinjal,35,Bengaluru,Local,Binny Mill (FF&V) Bengaluru APMC,2500,2000,2400,Karnataka,Brinjal,2026,7,3,3700.0,3500.0,3500.0,-0.3513513513513513,Monsoon,0
2026-07-13,Brinjal,35,Bengaluru,Local,Binny Mill (FF&V) Bengaluru APMC,2600,2200,2400,Karnataka,Brinjal,2026,7,0,2400.0,3600.0,3328.5714285714284,0.0,Monsoon,0
2026-07-15,Brinjal,35,Bengaluru,Local,Binny Mill (FF&V) Bengaluru APMC,2600,2300,2400,Karnataka,Brinjal,2026,7,2,2400.0,3700.0,3142.8571428571427,0.0,Monsoon,0
2026-07-17,Brinjal,35,Bengaluru,Local,Binny Mill (FF&V) Bengaluru APMC,2600,2300,2400,Karnataka,Brinjal,2026,7,4,2400.0,3700.0,2957.1428571428573,0.0,Monsoon,0
2026-07-20,Brinjal,35,Bengaluru,Local,Binny Mill (FF&V) Bengaluru APMC,2800,2400,2700,Karnataka,Brinjal,2026,7,0,2400.0,3700.0,2814.285714285714,0.125,Monsoon,0
2026-07-21,Brinjal,35,Bengaluru,Local,Binny Mill (FF&V) Bengaluru APMC,2800,2500,2700,Karnataka,Brinjal,2026,7,1,2700.0,3700.0,2671.428571428572,0.0,Monsoon,0
2026-07-23,Brinjal,35,Bengaluru,Local,Binny Mill (FF&V) Bengaluru APMC,2800,2500,2700,Karnataka,Brinjal,2026,7,3,2700.0,3700.0,2528.5714285714284,0.0,Monsoon,0
2026-07-24,Brinjal,35,Bengaluru,Local,Binny Mill (FF&V) Bengaluru APMC,2800,2500,2700,Karnataka,Brinjal,2026,7,4,2700.0,2400.0,2571.428571428572,0.0,Monsoon,0
2026-07-27,Brinjal,35,Bengaluru,Local,Binny Mill (FF&V) Bengaluru APMC,2800,2500,2700,Karnataka,Brinjal,2026,7,0,2700.0,2400.0,2614.285714285714,0.0,Monsoon,0
2026-07-28,Brinjal,35,Bengaluru,Local,Binny Mill (FF&V) Bengaluru APMC,3100,2600,2900,Karnataka,Brinjal,2026,7,1,2700.0,2400.0,2685.714285714286,0.0740740740740741,Monsoon,0
2026-07-29,Brinjal,35,Bengaluru,Local,Binny Mill (FF&V) Bengaluru APMC,3100,2600,2900,Karnataka,Brinjal,2026,7,2,2900.0,2400.0,2757.1428571428573,0.0,Monsoon,0
2026-07-30,Brinjal,35,Bengaluru,Local,Binny Mill (FF&V) Bengaluru APMC,3100,2600,2900,Karnataka,Brinjal,2026,7,3,2900.0,2700.0,2785.714285714286,0.0,Monsoon,0
2026-08-01,Brinjal,35,Bengaluru,Local,Binny Mill (FF&V) Bengaluru APMC,3100,2700,2900,Karnataka,Brinjal,2026,8,5,2900.0,2700.0,2814.285714285714,0.0,Monsoon,0
2026-08-04,Brinjal,35,Bengaluru,Local,Binny Mill (FF&V) Bengaluru APMC,3000,2600,2800,Karnataka,Brinjal,2026,8,1,2900.0,2700.0,2828.5714285714284,-0.0344827586206896,Monsoon,0
2026-08-05,Brinjal,35,Bengaluru,Local,Binny Mill (FF&V) Bengaluru APMC,3000,2600,2800,Karnataka,Brinjal,2026,8,2,2800.0,2700.0,2842.8571428571427,0.0,Monsoon,0
2026-08-06,Brinjal,35,Bengaluru,Local,Binny Mill (FF&V) Bengaluru APMC,2800,2200,2400,Karnataka,Brinjal,2026,8,3,2800.0,2700.0,2800.0,-0.1428571428571429,Monsoon,0
2026-04-02,Brinjal,35,Mysuru,Grade Range-1,Mysuru APMC,2000,1800,1900,Karnataka,Brinjal,2026,4,3,1900.0,,1900.0,0.0,Summer,0
2026-04-02,Brinjal,35,Mysuru,Grade Range-1,Mysuru APMC,1400,1200,1300,Karnataka,Round,2026,4,3,1900.0,,1700.0,-0.3157894736842105,Summer,1
2026-04-03,Brinjal,35,Mysuru,Grade Range-1,Mysuru APMC,1400,1200,1300,Karnataka,Round,2026,4,4,1300.0,,1600.0,0.0,Summer,1
2026-04-03,Brinjal,35,Mysuru,Grade Range-1,Mysuru APMC,2500,2300,2400,Karnataka,Brinjal,2026,4,4,1300.0,,1760.0,0.8461538461538463,Summer,0
2026-04-05,Brinjal,35,Mysuru,Grade Range-1,Mysuru APMC,1600,1400,1500,Karnataka,Round,2026,4,6,2400.0,,1716.6666666666667,-0.375,Summer,0
2026-04-05,Brinjal,35,Mysuru,Grade Range-1,Mysuru APMC,3000,2800,2900,Karnataka,Brinjal,2026,4,6,1500.0,,1885.7142857142856,0.9333333333333332,Summer,0
2026-04-06,Brinjal,35,Mysuru,Grade Range-1,Mysuru APMC,2000,1800,1900,Karnataka,Round,2026,4,0,2900.0,1900.0,1885.7142857142856,-0.3448275862068966,Summer,0
2026-04-07,Brinjal,35,Mysuru,Grade Range-1,Mysuru APMC,3000,2800,2900,Karnataka,Brinjal,2026,4,1,1900.0,1900.0,2028.571428571429,0.5263157894736843,Summer,0
2026-04-08,Brinjal,35,Mysuru,Grade Range-1,Mysuru APMC,2500,2300,2400,Karnataka,Round,2026,4,2,2900.0,1300.0,2185.714285714286,-0.1724137931034483,Summer,0
2026-04-08,Brinjal,35,Mysuru,Grade Range-1,Mysuru APMC,3000,2800,2900,Karnataka,Brinjal,2026,4,2,2400.0,1300.0,2414.285714285714,0.2083333333333332,Summer,0
2026-04-09,Brinjal,35,Mysuru,Grade Range-1,Mysuru APMC,2200,2000,2100,Karnataka,Round,2026,4,3,2900.0,2400.0,2371.428571428572,-0.2758620689655172,Summer,0
2026-04-10,Brinjal,35,Mysuru,Grade Range-1,Mysuru APMC,3000,2800,2900,Karnataka,Brinjal,2026,4,4,2100.0,1500.0,2571.428571428572,0.3809523809523809,Summer,0
2026-04-10,Brinjal,35,Mysuru,Grade Range-1,Mysuru APMC,2200,2000,2100,Karnataka,Round,2026,4,4,2900.0,2900.0,2457.1428571428573,-0.2758620689655172,Summer,0
2026-04-12,Brinjal,35,Mysuru,Grade Range-1,Mysuru APMC,2600,2400,2500,Karnataka,Round,2026,4,6,2100.0,1900.0,2542.8571428571427,0.1904761904761904,Summer,0
2026-04-12,Brinjal,35,Mysuru,Grade Range-1,Mysuru APMC,3500,3300,3400,Karnataka,Brinjal,2026,4,6,2500.0,2900.0,2614.285714285714,0.3600000000000001,Summer,0
2026-04-13,Brinjal,35,Mysuru,Grade Range-1,Mysuru APMC,4000,3800,3900,Karnataka,Brinjal,2026,4,0,3400.0,2400.0,2828.5714285714284,0.1470588235294117,Summer,1
2026-04-13,Brinjal,35,Mysuru,Grade Range-1,Mysuru APMC,3000,2800,2900,Karnataka,Round,2026,4,0,3900.0,2900.0,2828.5714285714284,-0.2564102564102564,Summer,0
2026-04-14,Brinjal,35,Mysuru,Grade Range-1,Mysuru APMC,3500,3300,3400,Karnataka,Brinjal,2026,4,1,2900.0,2100.0,3014.285714285714,0.1724137931034481,Summer,0
2026-04-15,Brinjal,35,Mysuru,Grade Range-1,Mysuru APMC,3500,3300,3400,Karnataka,Brinjal,2026,4,2,3400.0,2900.0,3085.714285714286,0.0,Summer,0
2026-04-15,Brinjal,35,Mysuru,Grade Range-1,Mysuru APMC,2700,2500,2600,Karnataka,Round,2026,4,2,3400.0,2100.0,3157.1428571428573,-0.2352941176470588,Summer,0
2026-04-16,Brinjal,35,Mysuru,Grade Range-1,Mysuru APMC,2500,2300,2400,Karnataka,Round,2026,4,3,2600.0,2500.0,3142.8571428571427,-0.0769230769230768,Summer,0
2026-04-17,Brinjal,35,Mysuru,Grade Range-1,Mysuru APMC,4000,3800,3900,Karnataka,Brinjal,2026,4,4,2400.0,3400.0,3214.285714285714,0.625,Summer,1
2026-04-17,Brinjal,35,Mysuru,Grade Range-1,Mysuru APMC,2700,2500,2600,Karnataka,Round,2026,4,4,3900.0,3900.0,3028.5714285714284,-0.3333333333333333,Summer,0
2026-04-19,Brinjal,35,Mysuru,Grade Range-1,Mysuru APMC,4000,3800,3900,Karnataka,Brinjal,2026,4,6,2600.0,2900.0,3171.428571428572,0.5,Summer,1
2026-04-20,Brinjal,35,Mysuru,Grade Range-1,Mysuru APMC,3300,3100,3200,Karnataka,Brinjal,2026,4,0,3900.0,3400.0,3142.8571428571427,-0.1794871794871795,Summer,0
2026-04-21,Brinjal,35,Mysuru,Grade Range-1,Mysuru APMC,2500,2300,2400,Karnataka,Round,2026,4,1,3200.0,3400.0,3000.0,-0.25,Summer,0
2026-04-21,Brinjal,35,Mysuru,Grade Range-1,Mysuru APMC,3500,3300,3400,Karnataka,Brinjal,2026,4,1,2400.0,2600.0,3114.285714285714,0.4166666666666667,Summer,0
2026-04-22,Brinjal,35,Mysuru,Grade Range-1,Mysuru APMC,3500,3300,3400,Karnataka,Brinjal,2026,4,2,3400.0,2400.0,3257.1428571428573,0.0,Summer,0
2026-04-24,Brinjal,35,Mysuru,Grade Range-1,Mysuru APMC,3500,3300,3400,Karnataka,Brinjal,2026,4,4,3400.0,3900.0,3185.714285714286,0.0,Summer,0
2026-04-24,Brinjal,35,Mysuru,Grade Range-1,Mysuru APMC,2700,2500,2600,Karnataka,Round,2026,4,4,3400.0,2600.0,3185.714285714286,-0.2352941176470588,Summer,0
2026-04-27,Brinjal,35,Mysuru,Grade Range-1,Mysuru APMC,3300,3100,3200,Karnataka,Brinjal,2026,4,0,2600.0,3900.0,3085.714285714286,0.2307692307692308,Summer,0
2026-04-27,Brinjal,35,Mysuru,Grade Range-1,Mysuru APMC,2500,2300,2400,Karnataka,Round,2026,4,0,3200.0,3200.0,2971.428571428572,-0.25,Summer,0
2026-04-28,Brinjal,35,Mysuru,Grade Range-1,Mysuru APMC,2400,2200,2300,Karnataka,Round,2026,4,1,2400.0,2400.0,2957.1428571428573,-0.0416666666666666,Summer,0
2026-04-29,Brinjal,35,Mysuru,Grade Range-1,Mysuru APMC,2000,1800,1900,Karnataka,Round,2026,4,2,2300.0,3400.0,2742.8571428571427,-0.1739130434782608,Summer,0
2026-04-29,Brinjal,35,Mysuru,Grade Range-1,Mysuru APMC,2000,1800,1900,Karnataka,Brinjal,2026,4,2,1900.0,3400.0,2528.5714285714284,0.0,Summer,0
2026-04-30,Brinjal,35,Mysuru,Grade Range-1,Mysuru APMC,2000,1800,1900,Karnataka,Brinjal,2026,4,3,1900.0,3400.0,2314.285714285714,0.0,Summer,0
2026-04-30,Brinjal,35,Mysuru,Grade Range-1,Mysuru APMC,1700,1500,1600,Karnataka,Round,2026,4,3,1900.0,2600.0,2171.428571428572,-0.1578947368421053,Summer,0
2026-05-01,Brinjal,35,Mysuru,Grade Range-1,Mysuru APMC,1500,1300,1400,Karnataka,Brinjal,2026,5,4,1600.0,3200.0,1914.2857142857144,-0.125,Summer,0
2026-05-01,Brinjal,35,Mysuru,Grade Range-1,Mysuru APMC,1700,1500,1600,Karnataka,Round,2026,5,4,1400.0,2400.0,1800.0,0.1428571428571428,Summer,0
2026-05-03,Brinjal,35,Mysuru,Grade Range-1,Mysuru APMC,2000,1800,1900,Karnataka,Round,2026,5,6,1600.0,2300.0,1742.857142857143,0.1875,Summer,0
2026-05-03,Brinjal,35,Mysuru,Grade Range-1,Mysuru APMC,1500,1300,1400,Karnataka,Brinjal,2026,5,6,1900.0,1900.0,1671.428571428571,-0.2631578947368421,Summer,0
2026-05-04,Brinjal,35,Mysuru,Grade Range-1,Mysuru APMC,1800,1600,1700,Karnataka,Round,2026,5,0,1400.0,1900.0,1642.857142857143,0.2142857142857142,Summer,0
2026-05-04,Brinjal,35,Mysuru,Grade Range-1,Mysuru APMC,1500,1300,1400,Karnataka,Brinjal,2026,5,0,1700.0,1900.0,1571.428571428571,-0.1764705882352941,Summer,0
2026-05-05,Brinjal,35,Mysuru,Grade Range-1,Mysuru APMC,1700,1500,1600,Karnataka,Brinjal,2026,5,1,1400.0,1600.0,1571.428571428571,0.1428571428571428,Summer,0
2026-05-05,Brinjal,35,Mysuru,Grade Range-1,Mysuru APMC,1600,1400,1500,Karnataka,Round,2026,5,1,1600.0,1400.0,1585.7142857142858,-0.0625,Summer,0
2026-05-06,Brinjal,35,Mysuru,Grade Range-1,Mysuru APMC,1300,1100,1200,Karnataka,Round,2026,5,2,1500.0,1600.0,1528.571428571429,-0.1999999999999999,Summer,1
2026-05-07,Brinjal,35,Mysuru,Grade Range-1,Mysuru APMC,1700,1500,1600,Karnataka,Brinjal,2026,5,3,1200.0,1900.0,1485.7142857142858,0.3333333333333332,Summer,0
2026-05-07,Brinjal,35,Mysuru,Grade Range-1,Mysuru APMC,1700,1500,1600,Karnataka,Round,2026,5,3,1600.0,1400.0,1514.2857142857142,0.0,Summer,0
2026-05-08,Brinjal,35,Mysuru,Medium,Mysuru APMC,1300,1100,1200,Karnataka,Brinjal,2026,5,4,1600.0,1700.0,1442.857142857143,-0.25,Summer,1
2026-05-10,Brinjal,35,Mysuru,Medium,Mysuru APMC,1500,1300,1400,Karnataka,Round,2026,5,6,1200.0,1400.0,1442.857142857143,0.1666666666666667,Summer,0
2026-05-10,Brinjal,35,Mysuru,Medium,Mysuru APMC,1300,1100,1200,Karnataka,Brinjal,2026,5,6,1400.0,1600.0,1385.7142857142858,-0.1428571428571429,Summer,1
2026-05-11,Brinjal,35,Mysuru,Medium,Mysuru APMC,1300,1100,1200,Karnataka,Brinjal,2026,5,0,1200.0,1500.0,1342.857142857143,0.0,Summer,1
2026-05-11,Brinjal,35,Mysuru,Medium,Mysuru APMC,1500,1300,1400,Karnataka,Round,2026,5,0,1200.0,1200.0,1371.428571428571,0.1666666666666667,Summer,0
2026-05-12,Brinjal,35,Mysuru,Medium,Mysuru APMC,1500,1300,1400,Karnataka,Brinjal,2026,5,1,1400.0,1600.0,1342.857142857143,0.0,Summer,0
2026-05-12,Brinjal,35,Mysuru,Medium,Mysuru APMC,1500,1300,1400,Karnataka,Round,2026,5,1,1400.0,1600.0,1314.2857142857142,0.0,Summer,0
2026-05-13,Brinjal,35,Mysuru,Medium,Mysuru APMC,1700,1500,1600,Karnataka,Round,2026,5,2,1400.0,1200.0,1371.428571428571,0.1428571428571428,Summer,0
2026-05-13,Brinjal,35,Mysuru,Medium,Mysuru APMC,1500,1300,1400,Karnataka,Brinjal,2026,5,2,1600.0,1400.0,1371.428571428571,-0.125,Summer,0
2026-05-15,Brinjal,35,Mysuru,Medium,Mysuru APMC,1200,1000,1100,Karnataka,Brinjal,2026,5,4,1400.0,1200.0,1357.142857142857,-0.2142857142857143,Summer,1
2026-05-17,Brinjal,35,Mysuru,Medium,Mysuru APMC,1800,1600,1700,Karnataka,Round,2026,5,6,1100.0,1200.0,1428.571428571429,0.5454545454545454,Summer,0
2026-05-17,Brinjal,35,Mysuru,Medium,Mysuru APMC,1500,1300,1400,Karnataka,Brinjal,2026,5,6,1700.0,1400.0,1428.571428571429,-0.1764705882352941,Summer,0
2026-05-18,Brinjal,35,Mysuru,Medium,Mysuru APMC,1800,1600,1700,Karnataka,Round,2026,5,0,1400.0,1400.0,1471.428571428571,0.2142857142857142,Summer,0
2026-05-18,Brinjal,35,Mysuru,Medium,Mysuru APMC,1500,1300,1400,Karnataka,Brinjal,2026,5,0,1700.0,1400.0,1471.428571428571,-0.1764705882352941,Summer,0
2026-05-19,Brinjal,35,Mysuru,Medium,Mysuru APMC,1800,1600,1700,Karnataka,Round,2026,5,1,1400.0,1600.0,1485.7142857142858,0.2142857142857142,Summer,0
2026-05-19,Brinjal,35,Mysuru,Medium,Mysuru APMC,1500,1300,1400,Karnataka,Brinjal,2026,5,1,1700.0,1400.0,1485.7142857142858,-0.1764705882352941,Summer,0
2026-05-20,Brinjal,35,Mysuru,Medium,Mysuru APMC,1500,1300,1400,Karnataka,Brinjal,2026,5,2,1400.0,1100.0,1528.571428571429,0.0,Summer,0
2026-05-21,Brinjal,35,Mysuru,Medium,Mysuru APMC,1800,1600,1700,Karnataka,Round,2026,5,3,1400.0,1700.0,1528.571428571429,0.2142857142857142,Summer,0
2026-05-21,Brinjal,35,Mysuru,Medium,Mysuru APMC,1700,1500,1600,Karnataka,Brinjal,2026,5,3,1700.0,1400.0,1557.142857142857,-0.0588235294117647,Summer,0
2026-05-22,Brinjal,35,Mysuru,Medium,Mysuru APMC,2000,1800,1900,Karnataka,Brinjal,2026,5,4,1600.0,1700.0,1585.7142857142858,0.1875,Summer,0
2026-05-22,Brinjal,35,Mysuru,Medium,Mysuru APMC,2000,1800,1900,Karnataka,Round,2026,5,4,1900.0,1400.0,1657.142857142857,0.0,Summer,0
2026-05-24,Brinjal,35,Mysuru,Medium,Mysuru APMC,2300,2100,2200,Karnataka,Round,2026,5,6,1900.0,1700.0,1728.571428571429,0.1578947368421053,Summer,0
2026-05-24,Brinjal,35,Mysuru,Medium,Mysuru APMC,2300,2100,2200,Karnataka,Brinjal,2026,5,6,2200.0,1400.0,1842.857142857143,0.0,Summer,0
2026-05-26,Brinjal,35,Mysuru,Medium,Mysuru APMC,2300,2100,2200,Karnataka,Round,2026,5,1,2200.0,1400.0,1957.142857142857,0.0,Summer,0
2026-05-27,Brinjal,35,Mysuru,Grade Range-1,Mysuru APMC,2000,1800,1900,Karnataka,Round,2026,5,2,2200.0,1700.0,1985.7142857142856,-0.1363636363636363,Summer,0
2026-05-27,Brinjal,35,Mysuru,Grade Range-1,Mysuru APMC,2500,2300,2400,Karnataka,Brinjal,2026,5,2,1900.0,1600.0,2100.0,0.263157894736842,Summer,0
2026-05-27,Brinjal,35,Mysuru,Medium,Mysuru APMC,2000,1800,1900,Karnataka,Round,2026,5,2,2400.0,1900.0,2100.0,-0.2083333333333333,Summer,0
2026-05-28,Brinjal,35,Mysuru,Grade Range-1,Mysuru APMC,2500,2300,2400,Karnataka,Brinjal,2026,5,3,1900.0,1900.0,2171.428571428572,0.263157894736842,Summer,0
2026-05-28,Brinjal,35,Mysuru,Medium,Mysuru APMC,2000,1800,1900,Karnataka,Round,2026,5,3,2400.0,2200.0,2128.5714285714284,-0.2083333333333333,Summer,0
2026-05-28,Brinjal,35,Mysuru,Medium,Mysuru APMC,2500,2300,2400,Karnataka,Brinjal,2026,5,3,1900.0,2200.0,2157.1428571428573,0.263157894736842,Summer,0
2026-05-29,Brinjal,35,Mysuru,Medium,Mysuru APMC,2300,2100,2200,Karnataka,Round,2026,5,4,2400.0,2200.0,2157.1428571428573,-0.0833333333333333,Summer,0
2026-05-29,Brinjal,35,Mysuru,Medium,Mysuru APMC,2500,2300,2400,Karnataka,Brinjal,2026,5,4,2200.0,1900.0,2228.5714285714284,0.0909090909090908,Summer,0
2026-05-31,Brinjal,35,Mysuru,Medium,Mysuru APMC,2500,2300,2400,Karnataka,Round,2026,5,6,2400.0,2400.0,2228.5714285714284,0.0,Summer,0
2026-05-31,Brinjal,35,Mysuru,Medium,Mysuru APMC,2800,2600,2700,Karnataka,Brinjal,2026,5,6,2400.0,1900.0,2342.8571428571427,0.125,Summer,0
2026-06-01,Brinjal,35,Mysuru,Medium,Mysuru APMC,2600,2400,2500,Karnataka,Round,2026,6,0,2700.0,2400.0,2357.1428571428573,-0.074074074074074,Monsoon,0
2026-06-02,Brinjal,35,Mysuru,Medium,Mysuru APMC,3000,2800,2900,Karnataka,Round,2026,6,1,2500.0,1900.0,2500.0,0.1599999999999999,Monsoon,0
2026-06-02,Brinjal,35,Mysuru,Medium,Mysuru APMC,3200,3000,3100,Karnataka,Brinjal,2026,6,1,2900.0,2400.0,2600.0,0.0689655172413792,Monsoon,0
2026-06-03,Brinjal,35,Mysuru,Medium,Mysuru APMC,3200,3000,3100,Karnataka,Brinjal,2026,6,2,3100.0,2200.0,2728.5714285714284,0.0,Monsoon,0
2026-06-03,Brinjal,35,Mysuru,Medium,Mysuru APMC,3000,2800,2900,Karnataka,Round,2026,6,2,3100.0,2400.0,2800.0,-0.0645161290322581,Monsoon,0
2026-06-04,Brinjal,35,Mysuru,Medium,Mysuru APMC,3000,2800,2900,Karnataka,Round,2026,6,3,2900.0,2400.0,2871.428571428572,0.0,Monsoon,0
2026-06-04,Brinjal,35,Mysuru,Medium,Mysuru APMC,3200,3000,3100,Karnataka,Brinjal,2026,6,3,2900.0,2700.0,2928.5714285714284,0.0689655172413792,Monsoon,0
2026-06-05,Brinjal,35,Mysuru,Medium,Mysuru APMC,3000,2800,2900,Karnataka,Round,2026,6,4,3100.0,2500.0,2985.714285714286,-0.0645161290322581,Monsoon,0
2026-06-05,Brinjal,35,Mysuru,Medium,Mysuru APMC,3200,3000,3100,Karnataka,Brinjal,2026,6,4,2900.0,2900.0,3014.285714285714,0.0689655172413792,Monsoon,0
2026-06-07,Brinjal,35,Mysuru,Medium,Mysuru APMC,3200,3000,3100,Karnataka,Brinjal,2026,6,6,3100.0,3100.0,3014.285714285714,0.0,Monsoon,0
2026-06-07,Brinjal,35,Mysuru,Medium,Mysuru APMC,3200,3000,3100,Karnataka,Round,2026,6,6,3100.0,3100.0,3014.285714285714,0.0,Monsoon,0
2026-06-08,Brinjal,35,Mysuru,Medium,Mysuru APMC,3200,3000,3100,Karnataka,Brinjal,2026,6,0,3100.0,2900.0,3042.8571428571427,0.0,Monsoon,0
2026-06-09,Brinjal,35,Mysuru,Medium,Mysuru APMC,3200,3000,3100,Karnataka,Brinjal,2026,6,1,3100.0,2900.0,3071.428571428572,0.0,Monsoon,0
2026-06-09,Brinjal,35,Mysuru,Medium,Mysuru APMC,2800,2600,2700,Karnataka,Round,2026,6,1,3100.0,3100.0,3014.285714285714,-0.1290322580645161,Monsoon,0
2026-06-10,Brinjal,35,Mysuru,Medium,Mysuru APMC,3000,2800,2900,Karnataka,Round,2026,6,2,2700.0,2900.0,3014.285714285714,0.0740740740740741,Monsoon,0
2026-06-11,Brinjal,35,Mysuru,Medium,Mysuru APMC,3200,3000,3100,Karnataka,Brinjal,2026,6,3,2900.0,3100.0,3014.285714285714,0.0689655172413792,Monsoon,0
2026-06-11,Brinjal,35,Mysuru,Medium,Mysuru APMC,3000,2800,2900,Karnataka,Round,2026,6,3,3100.0,3100.0,2985.714285714286,-0.0645161290322581,Monsoon,0
2026-06-12,Brinjal,35,Mysuru,Medium,Mysuru APMC,3000,2800,2900,Karnataka,Round,2026,6,4,2900.0,3100.0,2957.1428571428573,0.0,Monsoon,0
2026-06-12,Brinjal,35,Mysuru,Medium,Mysuru APMC,3200,3000,3100,Karnataka,Brinjal,2026,6,4,2900.0,3100.0,2957.1428571428573,0.0689655172413792,Monsoon,0
2026-06-14,Brinjal,35,Mysuru,Medium,Mysuru APMC,2800,2600,2700,Karnataka,Round,2026,6,6,3100.0,3100.0,2900.0,-0.1290322580645161,Monsoon,0
2026-06-14,Brinjal,35,Mysuru,Medium,Mysuru APMC,3000,2800,2900,Karnataka,Brinjal,2026,6,6,2700.0,2700.0,2928.5714285714284,0.0740740740740741,Monsoon,0
2026-06-15,Brinjal,35,Mysuru,Medium,Mysuru APMC,3000,2800,2900,Karnataka,Round,2026,6,0,2900.0,2900.0,2928.5714285714284,0.0,Monsoon,0
2026-06-15,Brinjal,35,Mysuru,Medium,Mysuru APMC,3000,2800,2900,Karnataka,Brinjal,2026,6,0,2900.0,3100.0,2900.0,0.0,Monsoon,0
2026-06-16,Brinjal,35,Mysuru,Medium,Mysuru APMC,3000,2800,2900,Karnataka,Round,2026,6,1,2900.0,2900.0,2900.0,0.0,Monsoon,0
2026-06-17,Brinjal,35,Mysuru,Medium,Mysuru APMC,3200,3000,3100,Karnataka,Brinjal,2026,6,2,2900.0,2900.0,2928.5714285714284,0.0689655172413792,Monsoon,0
2026-06-18,Brinjal,35,Mysuru,Medium,Mysuru APMC,3000,2800,2900,Karnataka,Round,2026,6,3,3100.0,3100.0,2900.0,-0.0645161290322581,Monsoon,0
2026-06-19,Brinjal,35,Mysuru,Medium,Mysuru APMC,3200,3000,3100,Karnataka,Round,2026,6,4,2900.0,2700.0,2957.1428571428573,0.0689655172413792,Monsoon,0
2026-06-19,Brinjal,35,Mysuru,Medium,Mysuru APMC,3200,3000,3100,Karnataka,Brinjal,2026,6,4,3100.0,2900.0,2985.714285714286,0.0,Monsoon,0
2026-06-21,Brinjal,35,Mysuru,Medium,Mysuru APMC,3200,3000,3100,Karnataka,Brinjal,2026,6,6,3100.0,2900.0,3014.285714285714,0.0,Monsoon,0
2026-06-22,Brinjal,35,Mysuru,Medium,Mysuru APMC,3200,3000,3100,Karnataka,Brinjal,2026,6,0,3100.0,2900.0,3042.8571428571427,0.0,Monsoon,0
2026-06-22,Brinjal,35,Mysuru,Medium,Mysuru APMC,3200,3000,3100,Karnataka,Round,2026,6,0,3100.0,2900.0,3071.428571428572,0.0,Monsoon,0
2026-06-23,Brinjal,35,Mysuru,Medium,Mysuru APMC,3000,2800,2900,Karnataka,Brinjal,2026,6,1,3100.0,3100.0,3042.8571428571427,-0.0645161290322581,Monsoon,0
2026-06-23,Brinjal,35,Mysuru,Medium,Mysuru APMC,3200,3000,3100,Karnataka,Round,2026,6,1,2900.0,2900.0,3071.428571428572,0.0689655172413792,Monsoon,0
2026-06-24,Brinjal,35,Mysuru,Medium,Mysuru APMC,2800,2600,2700,Karnataka,Brinjal,2026,6,2,3100.0,3100.0,3014.285714285714,-0.1290322580645161,Monsoon,0
2026-06-25,Brinjal,35,Mysuru,Medium,Mysuru APMC,2500,2300,2400,Karnataka,Brinjal,2026,6,3,2700.0,3100.0,2914.285714285714,-0.1111111111111111,Monsoon,0
2026-06-25,Brinjal,35,Mysuru,Medium,Mysuru APMC,3200,3000,3100,Karnataka,Round,2026,6,3,2400.0,3100.0,2914.285714285714,0.2916666666666667,Monsoon,0
2026-06-26,Brinjal,35,Mysuru,Medium,Mysuru APMC,2500,2300,2400,Karnataka,Brinjal,2026,6,4,3100.0,3100.0,2814.285714285714,-0.2258064516129032,Monsoon,0
2026-06-29,Brinjal,35,Mysuru,Medium,Mysuru APMC,2500,2300,2400,Karnataka,Round,2026,6,0,2400.0,3100.0,2714.285714285714,0.0,Monsoon,0
2026-06-29,Brinjal,35,Mysuru,Medium,Mysuru APMC,2000,1800,1900,Karnataka,Brinjal,2026,6,0,2400.0,2900.0,2571.428571428572,-0.2083333333333333,Monsoon,0
2026-06-30,Brinjal,35,Mysuru,Medium,Mysuru APMC,2200,2000,2100,Karnataka,Round,2026,6,1,1900.0,3100.0,2428.5714285714284,0.1052631578947369,Monsoon,0
2026-06-30,Brinjal,35,Mysuru,Medium,Mysuru APMC,1800,1600,1700,Karnataka,Brinjal,2026,6,1,2100.0,2700.0,2285.714285714286,-0.1904761904761904,Monsoon,0
2026-07-01,Brinjal,35,Mysuru,Medium,Mysuru APMC,1800,1600,1700,Karnataka,Brinjal,2026,7,2,1700.0,2400.0,2185.714285714286,0.0,Monsoon,0
2026-07-01,Brinjal,35,Mysuru,Medium,Mysuru APMC,1700,1500,1600,Karnataka,Round,2026,7,2,1700.0,3100.0,1971.4285714285716,-0.0588235294117647,Monsoon,0
2026-07-02,Brinjal,35,Mysuru,Medium,Mysuru APMC,1800,1600,1700,Karnataka,Brinjal,2026,7,3,1600.0,2400.0,1871.4285714285716,0.0625,Monsoon,0
2026-07-02,Brinjal,35,Mysuru,Medium,Mysuru APMC,1500,1300,1400,Karnataka,Round,2026,7,3,1700.0,2400.0,1728.571428571429,-0.1764705882352941,Monsoon,0
2026-07-03,Brinjal,35,Mysuru,Medium,Mysuru APMC,1700,1500,1600,Karnataka,Round,2026,7,4,1400.0,1900.0,1685.7142857142858,0.1428571428571428,Monsoon,0
2026-07-03,Brinjal,35,Mysuru,Medium,Mysuru APMC,1800,1600,1700,Karnataka,Brinjal,2026,7,4,1600.0,2100.0,1628.571428571429,0.0625,Monsoon,0
2026-07-05,Brinjal,35,Mysuru,Medium,Mysuru APMC,2000,1800,1900,Karnataka,Brinjal,2026,7,6,1700.0,1700.0,1657.142857142857,0.1176470588235294,Monsoon,0
2026-07-05,Brinjal,35,Mysuru,Medium,Mysuru APMC,1700,1500,1600,Karnataka,Round,2026,7,6,1900.0,1700.0,1642.857142857143,-0.1578947368421053,Monsoon,0
2026-07-06,Brinjal,35,Mysuru,Medium,Mysuru APMC,2000,1800,1900,Karnataka,Round,2026,7,0,1600.0,1600.0,1685.7142857142858,0.1875,Monsoon,0
2026-07-06,Brinjal,35,Mysuru,Medium,Mysuru APMC,2200,2000,2100,Karnataka,Brinjal,2026,7,0,1900.0,1700.0,1742.857142857143,0.1052631578947369,Monsoon,0
2026-07-07,Brinjal,35,Mysuru,Medium,Mysuru APMC,2200,2000,2100,Karnataka,Brinjal,2026,7,1,2100.0,1400.0,1842.857142857143,0.0,Monsoon,0
2026-07-07,Brinjal,35,Mysuru,Medium,Mysuru APMC,2200,2000,2100,Karnataka,Round,2026,7,1,2100.0,1600.0,1914.2857142857144,0.0,Monsoon,0
2026-07-08,Brinjal,35,Mysuru,Medium,Mysuru APMC,2200,2000,2100,Karnataka,Round,2026,7,2,2100.0,1700.0,1971.4285714285716,0.0,Monsoon,0
2026-07-08,Brinjal,35,Mysuru,Medium,Mysuru APMC,2200,2000,2100,Karnataka,Brinjal,2026,7,2,2100.0,1900.0,2000.0,0.0,Monsoon,0
2026-07-09,Brinjal,35,Mysuru,Medium,Mysuru APMC,2000,1800,1900,Karnataka,Round,2026,7,3,2100.0,1600.0,2042.857142857143,-0.0952380952380952,Monsoon,0
2026-07-09,Brinjal,35,Mysuru,Medium,Mysuru APMC,2000,1800,1900,Karnataka,Brinjal,2026,7,3,1900.0,1900.0,2042.857142857143,0.0,Monsoon,0
2026-07-10,Brinjal,35,Mysuru,Medium,Mysuru APMC,1800,1600,1700,Karnataka,Brinjal,2026,7,4,1900.0,2100.0,1985.7142857142856,-0.1052631578947368,Monsoon,0
2026-07-10,Brinjal,35,Mysuru,Medium,Mysuru APMC,1500,1300,1400,Karnataka,Round,2026,7,4,1700.0,2100.0,1885.7142857142856,-0.1764705882352941,Monsoon,0
2026-07-12,Brinjal,35,Mysuru,Medium,Mysuru APMC,1800,1600,1700,Karnataka,Brinjal,2026,7,6,1400.0,2100.0,1828.571428571429,0.2142857142857142,Monsoon,0
2026-07-12,Brinjal,35,Mysuru,Medium,Mysuru APMC,1500,1300,1400,Karnataka,Round,2026,7,6,1700.0,2100.0,1728.571428571429,-0.1764705882352941,Monsoon,0
2026-07-13,Brinjal,35,Mysuru,Medium,Mysuru APMC,1800,1600,1700,Karnataka,Brinjal,2026,7,0,1400.0,2100.0,1671.428571428571,0.2142857142857142,Monsoon,0
2026-07-13,Brinjal,35,Mysuru,Medium,Mysuru APMC,1800,1600,1700,Karnataka,Round,2026,7,0,1700.0,1900.0,1642.857142857143,0.0,Monsoon,0
2026-07-14,Brinjal,35,Mysuru,Medium,Mysuru APMC,2000,1800,1900,Karnataka,Brinjal,2026,7,1,1700.0,1900.0,1642.857142857143,0.1176470588235294,Monsoon,0
2026-07-14,Brinjal,35,Mysuru,Medium,Mysuru APMC,2000,1800,1900,Karnataka,Round,2026,7,1,1900.0,1700.0,1671.428571428571,0.0,Monsoon,0
2026-07-15,Brinjal,35,Mysuru,Medium,Mysuru APMC,2000,1800,1900,Karnataka,Brinjal,2026,7,2,1900.0,1400.0,1742.857142857143,0.0,Monsoon,0
2026-07-15,Brinjal,35,Mysuru,Medium,Mysuru APMC,2200,2000,2100,Karnataka,Round,2026,7,2,1900.0,1700.0,1800.0,0.1052631578947369,Monsoon,0
2026-07-16,Brinjal,35,Mysuru,Medium,Mysuru APMC,2000,1800,1900,Karnataka,Round,2026,7,3,2100.0,1400.0,1871.4285714285716,-0.0952380952380952,Monsoon,0
2026-07-16,Brinjal,35,Mysuru,Medium,Mysuru APMC,1800,1600,1700,Karnataka,Brinjal,2026,7,3,1900.0,1700.0,1871.4285714285716,-0.1052631578947368,Monsoon,0
2026-07-17,Brinjal,35,Mysuru,Medium,Mysuru APMC,1800,1600,1700,Karnataka,Brinjal,2026,7,4,1700.0,1700.0,1871.4285714285716,0.0,Monsoon,0
2026-07-17,Brinjal,35,Mysuru,Medium,Mysuru APMC,1800,1600,1700,Karnataka,Round,2026,7,4,1700.0,1900.0,1842.857142857143,0.0,Monsoon,0
2026-07-19,Brinjal,35,Mysuru,Medium,Mysuru APMC,2000,1800,1900,Karnataka,Brinjal,2026,7,6,1700.0,1900.0,1842.857142857143,0.1176470588235294,Monsoon,0
2026-07-19,Brinjal,35,Mysuru,Medium,Mysuru APMC,2000,1800,1900,Karnataka,Round,2026,7,6,1900.0,1900.0,1842.857142857143,0.0,Monsoon,0
2026-07-20,Brinjal,35,Mysuru,Medium,Mysuru APMC,2000,1800,1900,Karnataka,Round,2026,7,0,1900.0,2100.0,1814.2857142857144,0.0,Monsoon,0
2026-07-20,Brinjal,35,Mysuru,Medium,Mysuru APMC,2000,1800,1900,Karnataka,Brinjal,2026,7,0,1900.0,1900.0,1814.2857142857144,0.0,Monsoon,0
2026-07-21,Brinjal,35,Mysuru,Medium,Mysuru APMC,2000,1800,1900,Karnataka,Brinjal,2026,7,1,1900.0,1700.0,1842.857142857143,0.0,Monsoon,0
2026-07-21,Brinjal,35,Mysuru,Medium,Mysuru APMC,2000,1800,1900,Karnataka,Round,2026,7,1,1900.0,1700.0,1871.4285714285716,0.0,Monsoon,0
2026-07-22,Brinjal,35,Mysuru,Medium,Mysuru APMC,1500,1300,1400,Karnataka,Round,2026,7,2,1900.0,1700.0,1828.571428571429,-0.2631578947368421,Monsoon,0
2026-07-22,Brinjal,35,Mysuru,Medium,Mysuru APMC,2000,1800,1900,Karnataka,Brinjal,2026,7,2,1400.0,1900.0,1828.571428571429,0.3571428571428572,Monsoon,0
2026-07-23,Brinjal,35,Mysuru,Medium,Mysuru APMC,2000,1800,1900,Karnataka,Brinjal,2026,7,3,1900.0,1900.0,1828.571428571429,0.0,Monsoon,0
2026-07-23,Brinjal,35,Mysuru,Medium,Mysuru APMC,1500,1300,1400,Karnataka,Round,2026,7,3,1900.0,1900.0,1757.142857142857,-0.2631578947368421,Monsoon,0
2026-07-24,Brinjal,35,Mysuru,Medium,Mysuru APMC,1800,1600,1700,Karnataka,Round,2026,7,4,1400.0,1900.0,1728.571428571429,0.2142857142857142,Monsoon,0
2026-07-24,Brinjal,35,Mysuru,Medium,Mysuru APMC,2200,2000,2100,Karnataka,Brinjal,2026,7,4,1700.0,1900.0,1757.142857142857,0.2352941176470588,Monsoon,0
2026-07-26,Brinjal,35,Mysuru,Medium,Mysuru APMC,2400,2200,2300,Karnataka,Brinjal,2026,7,6,2100.0,1900.0,1814.2857142857144,0.0952380952380953,Monsoon,0
2026-07-26,Brinjal,35,Mysuru,Medium,Mysuru APMC,1500,1300,1400,Karnataka,Round,2026,7,6,2300.0,1400.0,1814.2857142857144,-0.3913043478260869,Monsoon,0
2026-07-27,Brinjal,35,Mysuru,Medium,Mysuru APMC,1700,1500,1600,Karnataka,Round,2026,7,0,1400.0,1900.0,1771.428571428571,0.1428571428571428,Monsoon,0
2026-07-27,Brinjal,35,Mysuru,Medium,Mysuru APMC,2400,2200,2300,Karnataka,Brinjal,2026,7,0,1600.0,1900.0,1828.571428571429,0.4375,Monsoon,0
2026-07-28,Brinjal,35,Mysuru,Medium,Mysuru APMC,1500,1300,1400,Karnataka,Round,2026,7,1,2300.0,1400.0,1828.571428571429,-0.3913043478260869,Monsoon,0
2026-07-28,Brinjal,35,Mysuru,Medium,Mysuru APMC,2500,2300,2400,Karnataka,Brinjal,2026,7,1,1400.0,1700.0,1928.571428571429,0.7142857142857142,Monsoon,0
2026-07-29,Brinjal,35,Mysuru,Medium,Mysuru APMC,1300,1100,1200,Karnataka,Round,2026,7,2,2400.0,2100.0,1800.0,-0.5,Monsoon,1
2026-07-29,Brinjal,35,Mysuru,Medium,Mysuru APMC,2500,2300,2400,Karnataka,Brinjal,2026,7,2,1200.0,2300.0,1814.2857142857144,1.0,Monsoon,0
2026-07-30,Brinjal,35,Mysuru,Medium,Mysuru APMC,1000,800,900,Karnataka,Round,2026,7,3,2400.0,1400.0,1742.857142857143,-0.625,Monsoon,1
2026-07-30,Brinjal,35,Mysuru,Medium,Mysuru APMC,2500,2300,2400,Karnataka,Brinjal,2026,7,3,900.0,1600.0,1857.142857142857,1.6666666666666663,Monsoon,0
2026-07-31,Brinjal,35,Mysuru,Medium,Mysuru APMC,2500,2300,2400,Karnataka,Brinjal,2026,7,4,2400.0,2300.0,1871.4285714285716,0.0,Monsoon,0
2026-07-31,Brinjal,35,Mysuru,Medium,Mysuru APMC,1200,1000,1100,Karnataka,Round,2026,7,4,2400.0,1400.0,1828.571428571429,-0.5416666666666667,Monsoon,1
2026-08-02,Brinjal,35,Mysuru,Medium,Mysuru APMC,2500,2300,2400,Karnataka,Brinjal,2026,8,6,1100.0,2400.0,1828.571428571429,1.1818181818181817,Monsoon,0
2026-08-02,Brinjal,35,Mysuru,Medium,Mysuru APMC,1500,1300,1400,Karnataka,Round,2026,8,6,2400.0,1200.0,1857.142857142857,-0.4166666666666666,Monsoon,0
2026-08-03,Brinjal,35,Mysuru,Medium,Mysuru APMC,1500,1300,1400,Karnataka,Round,2026,8,0,1400.0,2400.0,1714.2857142857142,0.0,Monsoon,0
2026-08-03,Brinjal,35,Mysuru,Medium,Mysuru APMC,2500,2300,2400,Karnataka,Brinjal,2026,8,0,1400.0,900.0,1928.571428571429,0.7142857142857142,Monsoon,0
2026-08-04,Brinjal,35,Mysuru,Medium,Mysuru APMC,2500,2300,2400,Karnataka,Brinjal,2026,8,1,2400.0,2400.0,1928.571428571429,0.0,Monsoon,0
2026-08-04,Brinjal,35,Mysuru,Medium,Mysuru APMC,1500,1300,1400,Karnataka,Round,2026,8,1,2400.0,2400.0,1785.7142857142858,-0.4166666666666666,Monsoon,0
2026-08-05,Brinjal,35,Mysuru,Medium,Mysuru APMC,2500,2300,2400,Karnataka,Brinjal,2026,8,2,1400.0,1100.0,1971.4285714285716,0.7142857142857142,Monsoon,0
2026-08-05,Brinjal,35,Mysuru,Medium,Mysuru APMC,1500,1300,1400,Karnataka,Round,2026,8,2,2400.0,2400.0,1828.571428571429,-0.4166666666666666,Monsoon,0
2026-08-06,Brinjal,35,Mysuru,Medium,Mysuru APMC,1700,1500,1600,Karnataka,Round,2026,8,3,1400.0,1400.0,1857.142857142857,0.1428571428571428,Monsoon,0
2026-08-06,Brinjal,35,Mysuru,Medium,Mysuru APMC,2500,2300,2400,Karnataka,Brinjal,2026,8,3,1600.0,1400.0,2000.0,0.5,Monsoon,0
2026-08-07,Brinjal,35,Mysuru,Medium,Mysuru APMC,2200,2000,2100,Karnataka,Brinjal,2026,8,4,2400.0,2400.0,1957.142857142857,-0.125,Monsoon,0
2026-08-07,Brinjal,35,Mysuru,Medium,Mysuru APMC,1700,1500,1600,Karnataka,Round,2026,8,4,2100.0,2400.0,1842.857142857143,-0.2380952380952381,Monsoon,0
2026-04-06,Brinjal,35,Mysuru,Local,Nanjangud APMC,2380,2083,2222,Karnataka,Round,2026,4,0,2083.0,,2152.5,0.0667306769083053,Summer,0
2026-04-07,Brinjal,35,Mysuru,Local,Nanjangud APMC,2222,2083,2083,Karnataka,Brinjal,2026,4,1,2222.0,,2129.333333333333,-0.0625562556255625,Summer,0
2026-04-08,Brinjal,35,Mysuru,Local,Nanjangud APMC,2222,2083,2083,Karnataka,Brinjal,2026,4,2,2083.0,,2117.75,0.0,Summer,0
2026-04-09,Brinjal,35,Mysuru,Local,Nanjangud APMC,2222,2083,2083,Karnataka,Brinjal,2026,4,3,2083.0,,2110.8,0.0,Summer,0
2026-04-10,Brinjal,35,Mysuru,Local,Nanjangud APMC,2777,2380,2564,Karnataka,Brinjal,2026,4,4,2083.0,,2186.333333333333,0.2309169467114737,Summer,0
2026-04-13,Brinjal,35,Mysuru,Local,Nanjangud APMC,2222,2083,2083,Karnataka,Brinjal,2026,4,0,2564.0,,2171.5714285714284,-0.187597503900156,Summer,0
2026-04-15,Brinjal,35,Mysuru,Local,Nanjangud APMC,27777,2380,2564,Karnataka,Brinjal,2026,4,2,2083.0,2083.0,2240.285714285714,0.2309169467114737,Summer,0
2026-04-16,Brinjal,35,Mysuru,Local,Nanjangud APMC,27777,2380,2564,Karnataka,Brinjal,2026,4,3,2564.0,2222.0,2289.1428571428573,0.0,Summer,0
2026-04-17,Brinjal,35,Mysuru,Local,Nanjangud APMC,27777,2380,2564,Karnataka,Brinjal,2026,4,4,2564.0,2083.0,2357.8571428571427,0.0,Summer,0
2026-04-21,Brinjal,35,Mysuru,Local,Nanjangud APMC,4166,3030,3703,Karnataka,Brinjal,2026,4,1,2564.0,2083.0,2589.285714285714,0.4442277691107643,Summer,0
2026-04-22,Brinjal,35,Mysuru,Local,Nanjangud APMC,3333,3030,3030,Karnataka,Brinjal,2026,4,2,3703.0,2083.0,2724.5714285714284,-0.1817445314609775,Summer,0
2026-04-23,Brinjal,35,Mysuru,Local,Nanjangud APMC,3333,3030,3030,Karnataka,Brinjal,2026,4,3,3030.0,2564.0,2791.1428571428573,0.0,Summer,0
2026-04-27,Brinjal,35,Mysuru,Local,Nanjangud APMC,3333,3030,3030,Karnataka,Brinjal,2026,4,0,3030.0,2083.0,2926.428571428572,0.0,Summer,0
2026-04-28,Brinjal,35,Mysuru,Local,Nanjangud APMC,4166,3030,3703,Karnataka,Brinjal,2026,4,1,3030.0,2564.0,3089.1428571428573,0.222112211221122,Summer,0
2026-04-29,Brinjal,35,Mysuru,Local,Nanjangud APMC,4166,3030,3030,Karnataka,Brinjal,2026,4,2,3703.0,2564.0,3155.714285714286,-0.1817445314609775,Summer,0
2026-04-30,Brinjal,35,Mysuru,Local,Nanjangud APMC,3030,2083,2564,Karnataka,Round,2026,4,3,3030.0,2564.0,3155.714285714286,-0.1537953795379537,Summer,0
2026-05-04,Brinjal,35,Mysuru,Local,Nanjangud APMC,5555,3700,4166,Karnataka,Brinjal,2026,5,0,2564.0,3703.0,3221.8571428571427,0.6248049921996879,Summer,1
2026-05-05,Brinjal,35,Mysuru,Local,Nanjangud APMC,4166,3333,3700,Karnataka,Brinjal,2026,5,1,4166.0,3030.0,3317.5714285714284,-0.1118578972635622,Summer,0
2026-05-06,Brinjal,35,Mysuru,Local,Nanjangud APMC,5555,3703,4166,Karnataka,Brinjal,2026,5,2,3700.0,3030.0,3479.8571428571427,0.125945945945946,Summer,1
2026-05-07,Brinjal,35,Mysuru,Local,Nanjangud APMC,4166,3030,3030,Karnataka,Brinjal,2026,5,3,4166.0,3030.0,3479.8571428571427,-0.2726836293807009,Summer,0
2026-05-08,Brinjal,35,Mysuru,Local,Nanjangud APMC,4166,3030,3703,Karnataka,Brinjal,2026,5,4,3030.0,3703.0,3479.8571428571427,0.222112211221122,Summer,0
2026-05-11,Brinjal,35,Mysuru,Local,Nanjangud APMC,3703,3030,3333,Karnataka,Brinjal,2026,5,0,3703.0,3030.0,3523.1428571428573,-0.0999189846070753,Summer,0
2026-05-16,Brinjal,35,Mysuru,Local,Nanjangud APMC,3030,2380,2777,Karnataka,Brinjal,2026,5,5,3333.0,2564.0,3553.5714285714284,-0.1668166816681667,Summer,0
2026-05-18,Brinjal,35,Mysuru,Local,Nanjangud APMC,3703,3030,3333,Karnataka,Brinjal,2026,5,0,2777.0,4166.0,3434.5714285714284,0.2002160604969391,Summer,0
2026-05-19,Brinjal,35,Mysuru,Local,Nanjangud APMC,4166,3030,3703,Karnataka,Brinjal,2026,5,1,3333.0,3700.0,3435.0,0.1110111011101109,Summer,0
2026-05-20,Brinjal,35,Mysuru,Local,Nanjangud APMC,3703,2380,2777,Karnataka,Brinjal,2026,5,2,3703.0,4166.0,3236.5714285714284,-0.2500675128274372,Summer,0
2026-05-21,Brinjal,35,Mysuru,Local,Nanjangud APMC,3030,2380,2777,Karnataka,Brinjal,2026,5,3,2777.0,3030.0,3200.428571428572,0.0,Summer,0
2026-05-22,Brinjal,35,Mysuru,Local,Nanjangud APMC,4166,3030,3703,Karnataka,Brinjal,2026,5,4,2777.0,3703.0,3200.428571428572,0.3334533669427439,Summer,0
2026-05-25,Brinjal,35,Mysuru,Local,Nanjangud APMC,4166,3030,3703,Karnataka,Brinjal,2026,5,0,3703.0,3333.0,3253.285714285714,0.0,Summer,0
2026-05-26,Brinjal,35,Mysuru,Local,Nanjangud APMC,3703,3030,3333,Karnataka,Brinjal,2026,5,1,3703.0,2777.0,3332.714285714286,-0.0999189846070753,Summer,0
2026-05-27,Brinjal,35,Mysuru,Local,Nanjangud APMC,2777,2380,2564,Karnataka,Brinjal,2026,5,2,3333.0,3333.0,3222.8571428571427,-0.2307230723072307,Summer,0
2026-06-01,Brinjal,35,Mysuru,Local,Nanjangud APMC,2564,2083,2083,Karnataka,Brinjal,2026,6,0,2564.0,3703.0,2991.428571428572,-0.187597503900156,Monsoon,0
2026-06-02,Brinjal,35,Mysuru,Local,Nanjangud APMC,3703,2380,2564,Karnataka,Brinjal,2026,6,1,2083.0,2777.0,2961.0,0.2309169467114737,Monsoon,0
2026-06-04,Brinjal,35,Mysuru,Local,Nanjangud APMC,3030,2083,2564,Karnataka,Brinjal,2026,6,3,2564.0,2777.0,2930.5714285714284,0.0,Monsoon,0
2026-06-05,Brinjal,35,Mysuru,Local,Nanjangud APMC,2564,2083,2222,Karnataka,Round,2026,6,4,2564.0,3703.0,2719.0,-0.1333853354134165,Monsoon,0
2026-06-06,Brinjal,35,Mysuru,Local,Nanjangud APMC,4166,2380,3030,Karnataka,Brinjal,2026,6,5,2222.0,3703.0,2622.8571428571427,0.3636363636363635,Monsoon,0
2026-06-08,Brinjal,35,Mysuru,Local,Nanjangud APMC,4166,2380,3030,Karnataka,Brinjal,2026,6,0,3030.0,3333.0,2579.5714285714284,0.0,Monsoon,0
2026-06-10,Brinjal,35,Mysuru,Local,Nanjangud APMC,4166,2380,3030,Karnataka,Brinjal,2026,6,2,3030.0,2564.0,2646.1428571428573,0.0,Monsoon,0
2026-06-11,Brinjal,35,Mysuru,Local,Nanjangud APMC,4166,2380,3030,Karnataka,Brinjal,2026,6,3,3030.0,2083.0,2781.428571428572,0.0,Monsoon,0
2026-06-12,Brinjal,35,Mysuru,Local,Nanjangud APMC,4166,2380,3030,Karnataka,Brinjal,2026,6,4,3030.0,2564.0,2848.0,0.0,Monsoon,0
2026-06-16,Brinjal,35,Mysuru,Local,Nanjangud APMC,4166,2380,3030,Karnataka,Brinjal,2026,6,1,3030.0,2564.0,2914.5714285714284,0.0,Monsoon,0
2026-06-17,Brinjal,35,Mysuru,Local,Nanjangud APMC,4166,2380,3030,Karnataka,Brinjal,2026,6,2,3030.0,2222.0,3030.0,0.0,Monsoon,0
2026-06-18,Brinjal,35,Mysuru,Local,Nanjangud APMC,4166,2380,3030,Karnataka,Brinjal,2026,6,3,3030.0,3030.0,3030.0,0.0,Monsoon,0
2026-06-19,Brinjal,35,Mysuru,Local,Nanjangud APMC,2777,2380,2564,Karnataka,Brinjal,2026,6,4,3030.0,3030.0,2963.428571428572,-0.1537953795379537,Monsoon,0
2026-06-20,Brinjal,35,Mysuru,Local,Nanjangud APMC,3703,2380,2777,Karnataka,Brinjal,2026,6,5,2564.0,3030.0,2927.285714285714,0.0830733229329172,Monsoon,0
2026-06-22,Brinjal,35,Mysuru,Local,Nanjangud APMC,4166,3030,3703,Karnataka,Brinjal,2026,6,0,2777.0,3030.0,3023.428571428572,0.3334533669427439,Monsoon,0
2026-06-23,Brinjal,35,Mysuru,Local,Nanjangud APMC,4166,2380,3030,Karnataka,Brinjal,2026,6,1,3703.0,3030.0,3023.428571428572,-0.1817445314609775,Monsoon,0
2026-06-24,Brinjal,35,Mysuru,Local,Nanjangud APMC,3703,3030,3333,Karnataka,Brinjal,2026,6,2,3030.0,3030.0,3066.714285714286,0.1,Monsoon,0
2026-06-25,Brinjal,35,Mysuru,Local,Nanjangud APMC,4166,3030,3703,Karnataka,Brinjal,2026,6,3,3333.0,3030.0,3162.8571428571427,0.1110111011101109,Monsoon,0
2026-06-30,Brinjal,35,Mysuru,Local,Nanjangud APMC,3703,3030,3333,Karnataka,Brinjal,2026,6,1,3703.0,3030.0,3206.1428571428573,-0.0999189846070753,Monsoon,0
2026-07-01,Brinjal,35,Mysuru,Local,Nanjangud APMC,3703,3030,3333,Karnataka,Brinjal,2026,7,2,3333.0,2564.0,3316.0,0.0,Monsoon,0
2026-07-02,Brinjal,35,Mysuru,Local,Nanjangud APMC,3703,2380,2777,Karnataka,Brinjal,2026,7,3,3333.0,2777.0,3316.0,-0.1668166816681667,Monsoon,0
2026-07-03,Brinjal,35,Mysuru,Local,Nanjangud APMC,4166,3030,3703,Karnataka,Brinjal,2026,7,4,2777.0,3703.0,3316.0,0.3334533669427439,Monsoon,0
2026-07-04,Brinjal,35,Mysuru,Local,Nanjangud APMC,3703,3030,3333,Karnataka,Brinjal,2026,7,5,3703.0,3030.0,3359.285714285714,-0.0999189846070753,Monsoon,0
2026-07-06,Brinjal,35,Mysuru,Local,Nanjangud APMC,3703,2380,2777,Karnataka,Brinjal,2026,7,0,3333.0,3333.0,3279.8571428571427,-0.1668166816681667,Monsoon,0
2026-07-07,Brinjal,35,Mysuru,Local,Nanjangud APMC,4166,3030,3703,Karnataka,Brinjal,2026,7,1,2777.0,3703.0,3279.8571428571427,0.3334533669427439,Monsoon,0
2026-07-08,Brinjal,35,Mysuru,Local,Nanjangud APMC,3703,3030,3333,Karnataka,Brinjal,2026,7,2,3703.0,3333.0,3279.8571428571427,-0.0999189846070753,Monsoon,0
2026-07-09,Brinjal,35,Mysuru,Local,Nanjangud APMC,4166,2380,3030,Karnataka,Brinjal,2026,7,3,3333.0,3333.0,3236.5714285714284,-0.0909090909090909,Monsoon,0
2026-07-10,Brinjal,35,Mysuru,Local,Nanjangud APMC,3703,3030,3333,Karnataka,Brinjal,2026,7,4,3030.0,2777.0,3316.0,0.1,Monsoon,0
2026-07-13,Brinjal,35,Mysuru,Local,Nanjangud APMC,3703,3030,3333,Karnataka,Brinjal,2026,7,0,3333.0,3703.0,3263.1428571428573,0.0,Monsoon,0
2026-07-14,Brinjal,35,Mysuru,Local,Nanjangud APMC,3703,2380,2777,Karnataka,Brinjal,2026,7,1,3333.0,3333.0,3183.714285714286,-0.1668166816681667,Monsoon,0
2026-07-15,Brinjal,35,Mysuru,Local,Nanjangud APMC,4166,3030,3703,Karnataka,Brinjal,2026,7,2,2777.0,2777.0,3316.0,0.3334533669427439,Monsoon,0
2026-07-16,Brinjal,35,Mysuru,Local,Nanjangud APMC,4166,2380,3030,Karnataka,Brinjal,2026,7,3,3703.0,3703.0,3219.8571428571427,-0.1817445314609775,Monsoon,0
2026-07-17,Brinjal,35,Mysuru,Local,Nanjangud APMC,4166,3030,3703,Karnataka,Brinjal,2026,7,4,3030.0,3333.0,3272.714285714286,0.222112211221122,Monsoon,0
2026-07-18,Brinjal,35,Mysuru,Local,Nanjangud APMC,3703,3030,3333,Karnataka,Brinjal,2026,7,5,3703.0,3030.0,3316.0,-0.0999189846070753,Monsoon,0
2026-07-20,Brinjal,35,Mysuru,Local,Nanjangud APMC,3703,3030,3333,Karnataka,Brinjal,2026,7,0,3333.0,3333.0,3316.0,0.0,Monsoon,0
2026-07-22,Brinjal,35,Mysuru,Local,Nanjangud APMC,4166,3030,3703,Karnataka,Brinjal,2026,7,2,3333.0,3333.0,3368.8571428571427,0.1110111011101109,Monsoon,0
2026-07-23,Brinjal,35,Mysuru,Local,Nanjangud APMC,3703,2380,2777,Karnataka,Brinjal,2026,7,3,3703.0,2777.0,3368.8571428571427,-0.2500675128274372,Monsoon,0
2026-07-30,Brinjal,35,Mysuru,Local,Nanjangud APMC,3703,3030,3333,Karnataka,Brinjal,2026,7,3,2777.0,3703.0,3316.0,0.2002160604969391,Monsoon,0
2026-08-01,Brinjal,35,Mysuru,Local,Nanjangud APMC,3030,2380,2777,Karnataka,Brinjal,2026,8,5,3333.0,3030.0,3279.8571428571427,-0.1668166816681667,Monsoon,0
2026-08-06,Brinjal,35,Mysuru,Local,Nanjangud APMC,3703,3030,3333,Karnataka,Brinjal,2026,8,3,2777.0,3703.0,3227.0,0.2002160604969391,Monsoon,0
2026-06-19,Brinjal,35,Mysuru,Small,Santhesargur APMC,1660,1660,1660,Karnataka,Brinjal,2026,6,4,1383.0,,1521.5,0.200289226319595,Monsoon,0
2026-07-23,Brinjal,35,Mysuru,Small,Santhesargur APMC,1383,1383,1383,Karnataka,Brinjal,2026,7,3,1660.0,,1475.3333333333333,-0.166867469879518,Monsoon,0
2026-04-06,Brinjal,35,Mysuru,Small,T. Narasipura APMC,2000,1500,2000,Karnataka,Brinjal,2026,4,0,2000.0,,2000.0,0.0,Summer,0
2026-04-08,Brinjal,35,Mysuru,Small,T. Narasipura APMC,2000,1500,2000,Karnataka,Brinjal,2026,4,2,2000.0,,2000.0,0.0,Summer,0
2026-04-09,Brinjal,35,Mysuru,Small,T. Narasipura APMC,2000,1500,2000,Karnataka,Brinjal,2026,4,3,2000.0,,2000.0,0.0,Summer,0
2026-04-13,Brinjal,35,Mysuru,Small,T. Narasipura APMC,2000,1500,2000,Karnataka,Brinjal,2026,4,0,2000.0,,2000.0,0.0,Summer,0
2026-04-15,Brinjal,35,Mysuru,Small,T. Narasipura APMC,2000,1500,2000,Karnataka,Brinjal,2026,4,2,2000.0,,2000.0,0.0,Summer,0
2026-04-16,Brinjal,35,Mysuru,Small,T. Narasipura APMC,4000,3500,4000,Karnataka,Brinjal,2026,4,3,2000.0,,2285.714285714286,1.0,Summer,1
2026-05-02,Brinjal,35,Mysuru,Small,T. Narasipura APMC,3000,2000,2000,Karnataka,Brinjal,2026,5,5,4000.0,2000.0,2285.714285714286,-0.5,Summer,0
2026-05-04,Brinjal,35,Mysuru,Small,T. Narasipura APMC,3000,2000,3000,Karnataka,Brinjal,2026,5,0,2000.0,2000.0,2428.5714285714284,0.5,Summer,0
2026-05-07,Brinjal,35,Mysuru,Small,T. Narasipura APMC,2000,1500,2000,Karnataka,Brinjal,2026,5,3,3000.0,2000.0,2428.5714285714284,-0.3333333333333333,Summer,0
2026-05-08,Brinjal,35,Mysuru,Small,T. Narasipura APMC,2000,1500,2000,Karnataka,Brinjal,2026,5,4,2000.0,2000.0,2428.5714285714284,0.0,Summer,0
2026-05-13,Brinjal,35,Mysuru,Small,T. Narasipura APMC,2000,1500,2000,Karnataka,Brinjal,2026,5,2,2000.0,2000.0,2428.5714285714284,0.0,Summer,0
2026-05-14,Brinjal,35,Mysuru,Small,T. Narasipura APMC,2000,1500,2000,Karnataka,Brinjal,2026,5,3,2000.0,2000.0,2428.5714285714284,0.0,Summer,0
2026-05-15,Brinjal,35,Mysuru,Small,T. Narasipura APMC,2000,1500,2000,Karnataka,Brinjal,2026,5,4,2000.0,4000.0,2142.8571428571427,0.0,Summer,0
2026-06-01,Brinjal,35,Mysuru,Small,T. Narasipura APMC,2000,1500,2000,Karnataka,Brinjal,2026,6,0,2000.0,2000.0,2142.8571428571427,0.0,Monsoon,0
2026-06-03,Brinjal,35,Mysuru,Small,T. Narasipura APMC,2000,1500,2000,Karnataka,Brinjal,2026,6,2,2000.0,3000.0,2000.0,0.0,Monsoon,0
2026-06-04,Brinjal,35,Mysuru,Small,T. Narasipura APMC,2000,1500,2000,Karnataka,Brinjal,2026,6,3,2000.0,2000.0,2000.0,0.0,Monsoon,0
2026-06-05,Brinjal,35,Mysuru,Small,T. Narasipura APMC,2000,1500,2000,Karnataka,Brinjal,2026,6,4,2000.0,2000.0,2000.0,0.0,Monsoon,0
2026-06-06,Brinjal,35,Mysuru,Small,T. Narasipura APMC,2000,1500,2000,Karnataka,Brinjal,2026,6,5,2000.0,2000.0,2000.0,0.0,Monsoon,0
2026-06-08,Brinjal,35,Mysuru,Small,T. Narasipura APMC,2000,1500,2000,Karnataka,Brinjal,2026,6,0,2000.0,2000.0,2000.0,0.0,Monsoon,0
2024-12-17,Brinjal,35,Warangal,FAQ,Warangal,2000,1600,1800,Telangana,Brinjal,2024,12,1,2750.0,,2275.0,-0.3454545454545454,Winter,0
2024-12-25,Brinjal,35,Warangal,FAQ,Warangal,2000,1600,1800,Telangana,Brinjal,2024,12,2,1800.0,,2116.6666666666665,0.0,Winter,0
2024-12-28,Brinjal,35,Warangal,FAQ,Warangal,1500,1000,1250,Telangana,Brinjal,2024,12,5,1800.0,,1900.0,-0.3055555555555556,Winter,1
2024-12-31,Brinjal,35,Warangal,FAQ,Warangal,1500,1000,1250,Telangana,Brinjal,2024,12,1,1250.0,,1770.0,0.0,Winter,1
2026-04-18,Cabbage,154,Belagavi,Large,Belgaum APMC,400,300,380,Karnataka,Cabbage,2026,4,5,1500.0,,940.0,-0.7466666666666666,Summer,1
2026-04-23,Cabbage,154,Belagavi,Large,Belgaum APMC,400,300,380,Karnataka,Cabbage,2026,4,3,380.0,,753.3333333333334,0.0,Summer,1
2026-05-02,Cabbage,154,Belagavi,Large,Belgaum APMC,1000,400,800,Karnataka,Cabbage,2026,5,5,380.0,,765.0,1.1052631578947367,Summer,1
2026-04-02,Cabbage,154,Bengaluru,Local,"Binny Mill (F&V), Bengaluru APMC",1000,800,900,Karnataka,Cabbage,2026,4,3,900.0,,900.0,0.0,Summer,0
2026-04-04,Cabbage,154,Bengaluru,Local,"Binny Mill (F&V), Bengaluru APMC",1100,900,1000,Karnataka,Cabbage,2026,4,5,900.0,,933.3333333333334,0.1111111111111111,Summer,0
2026-04-06,Cabbage,154,Bengaluru,Local,"Binny Mill (F&V), Bengaluru APMC",1100,900,1000,Karnataka,Cabbage,2026,4,0,1000.0,,950.0,0.0,Summer,0
2026-04-08,Cabbage,154,Bengaluru,Local,"Binny Mill (F&V), Bengaluru APMC",1100,900,1000,Karnataka,Cabbage,2026,4,2,1000.0,,960.0,0.0,Summer,0
2026-04-09,Cabbage,154,Bengaluru,Local,"Binny Mill (F&V), Bengaluru APMC",1100,900,1000,Karnataka,Cabbage,2026,4,3,1000.0,,966.6666666666666,0.0,Summer,0
2026-04-10,Cabbage,154,Bengaluru,Local,"Binny Mill (F&V), Bengaluru APMC",1100,900,1000,Karnataka,Cabbage,2026,4,4,1000.0,,971.4285714285714,0.0,Summer,0
2026-04-13,Cabbage,154,Bengaluru,Local,"Binny Mill (F&V), Bengaluru APMC",1200,1000,1100,Karnataka,Cabbage,2026,4,0,1000.0,900.0,1000.0,0.1,Summer,0
2026-04-15,Cabbage,154,Bengaluru,Local,"Binny Mill (F&V), Bengaluru APMC",1200,1000,1100,Karnataka,Cabbage,2026,4,2,1100.0,900.0,1028.571428571429,0.0,Summer,0
2026-04-16,Cabbage,154,Bengaluru,Local,"Binny Mill (F&V), Bengaluru APMC",1200,1000,1100,Karnataka,Cabbage,2026,4,3,1100.0,1000.0,1042.857142857143,0.0,Summer,0
2026-04-17,Cabbage,154,Bengaluru,Local,"Binny Mill (F&V), Bengaluru APMC",1200,1000,1100,Karnataka,Cabbage,2026,4,4,1100.0,1000.0,1057.142857142857,0.0,Summer,0
2026-04-18,Cabbage,154,Bengaluru,Local,"Binny Mill (F&V), Bengaluru APMC",1200,1000,1100,Karnataka,Cabbage,2026,4,5,1100.0,1000.0,1071.428571428571,0.0,Summer,0
2026-04-21,Cabbage,154,Bengaluru,Local,"Binny Mill (F&V), Bengaluru APMC",1100,900,1000,Karnataka,Cabbage,2026,4,1,1100.0,1000.0,1071.428571428571,-0.0909090909090909,Summer,0
2026-04-22,Cabbage,154,Bengaluru,Local,"Binny Mill (F&V), Bengaluru APMC",1000,800,900,Karnataka,Cabbage,2026,4,2,1000.0,1000.0,1057.142857142857,-0.0999999999999999,Summer,0
2026-04-23,Cabbage,154,Bengaluru,Local,"Binny Mill (F&V), Bengaluru APMC",900,700,800,Karnataka,Cabbage,2026,4,3,900.0,1100.0,1014.2857142857144,-0.1111111111111111,Summer,1
2026-04-24,Cabbage,154,Bengaluru,Local,"Binny Mill (F&V), Bengaluru APMC",1200,1000,1100,Karnataka,Cabbage,2026,4,4,800.0,1100.0,1014.2857142857144,0.375,Summer,0
2026-04-27,Cabbage,154,Bengaluru,Local,"Binny Mill (F&V), Bengaluru APMC",1200,1000,1100,Karnataka,Cabbage,2026,4,0,1100.0,1100.0,1014.2857142857144,0.0,Summer,0
2026-04-28,Cabbage,154,Bengaluru,Local,"Binny Mill (F&V), Bengaluru APMC",1200,1000,1100,Karnataka,Cabbage,2026,4,1,1100.0,1100.0,1014.2857142857144,0.0,Summer,0
2026-04-29,Cabbage,154,Bengaluru,Local,"Binny Mill (F&V), Bengaluru APMC",1100,900,1000,Karnataka,Cabbage,2026,4,2,1100.0,1100.0,1000.0,-0.0909090909090909,Summer,0
2026-04-30,Cabbage,154,Bengaluru,Local,"Binny Mill (F&V), Bengaluru APMC",1200,1000,1100,Karnataka,Cabbage,2026,4,3,1000.0,1000.0,1014.2857142857144,0.1,Summer,0
2026-05-07,Cabbage,154,Bengaluru,Local,"Binny Mill (F&V), Bengaluru APMC",1100,900,1000,Karnataka,Cabbage,2026,5,3,1100.0,900.0,1028.571428571429,-0.0909090909090909,Summer,0
2026-05-08,Cabbage,154,Bengaluru,Local,"Binny Mill (F&V), Bengaluru APMC",1100,1000,1000,Karnataka,Cabbage,2026,5,4,1000.0,800.0,1057.142857142857,0.0,Summer,0
2026-05-11,Cabbage,154,Bengaluru,Local,"Binny Mill (F&V), Bengaluru APMC",1100,900,1000,Karnataka,Cabbage,2026,5,0,1000.0,1100.0,1042.857142857143,0.0,Summer,0
2026-05-12,Cabbage,154,Bengaluru,Local,"Binny Mill (F&V), Bengaluru APMC",1200,1000,1100,Karnataka,Cabbage,2026,5,1,1000.0,1100.0,1042.857142857143,0.1,Summer,0
2026-05-14,Cabbage,154,Bengaluru,Local,"Binny Mill (F&V), Bengaluru APMC",1200,1000,1100,Karnataka,Cabbage,2026,5,3,1100.0,1100.0,1042.857142857143,0.0,Summer,0
2026-05-18,Cabbage,154,Bengaluru,Local,"Binny Mill (F&V), Bengaluru APMC",1500,1300,1400,Karnataka,Cabbage,2026,5,0,1100.0,1000.0,1100.0,0.2727272727272727,Summer,0
2026-05-20,Cabbage,154,Bengaluru,Local,"Binny Mill (F&V), Bengaluru APMC",1400,1200,1300,Karnataka,Cabbage,2026,5,2,1400.0,1100.0,1128.571428571429,-0.0714285714285714,Summer,0
2026-05-21,Cabbage,154,Bengaluru,Local,"Binny Mill (F&V), Bengaluru APMC",1500,1300,1400,Karnataka,Cabbage,2026,5,3,1300.0,1000.0,1185.7142857142858,0.0769230769230768,Summer,0
2026-05-22,Cabbage,154,Bengaluru,Local,"Binny Mill (F&V), Bengaluru APMC",1600,1400,1500,Karnataka,Cabbage,2026,5,4,1400.0,1000.0,1257.142857142857,0.0714285714285714,Summer,0
2026-05-25,Cabbage,154,Bengaluru,Local,"Binny Mill (F&V), Bengaluru APMC",1600,1400,1500,Karnataka,Cabbage,2026,5,0,1500.0,1000.0,1328.571428571429,0.0,Summer,0
2026-05-27,Cabbage,154,Bengaluru,Local,"Binny Mill (F&V), Bengaluru APMC",4600,3600,4100,Karnataka,Cabbage,2026,5,2,1500.0,1100.0,1757.142857142857,1.7333333333333334,Summer,1
2026-05-29,Cabbage,154,Bengaluru,Local,"Binny Mill (F&V), Bengaluru APMC",1700,1500,1600,Karnataka,Cabbage,2026,5,4,4100.0,1100.0,1828.571428571429,-0.6097560975609756,Summer,0
2026-06-01,Cabbage,154,Bengaluru,Local,"Binny Mill (F&V), Bengaluru APMC",1800,1600,1700,Karnataka,Cabbage,2026,6,0,1600.0,1400.0,1871.4285714285716,0.0625,Monsoon,0
2026-06-02,Cabbage,154,Bengaluru,Local,"Binny Mill (F&V), Bengaluru APMC",1800,1600,1700,Karnataka,Cabbage,2026,6,1,1700.0,1300.0,1928.571428571429,0.0,Monsoon,0
2026-06-03,Cabbage,154,Bengaluru,Local,"Binny Mill (F&V), Bengaluru APMC",1700,1500,1600,Karnataka,Cabbage,2026,6,2,1700.0,1400.0,1957.142857142857,-0.0588235294117647,Monsoon,0
2026-06-04,Cabbage,154,Bengaluru,Local,"Binny Mill (F&V), Bengaluru APMC",1800,1600,1700,Karnataka,Cabbage,2026,6,3,1600.0,1500.0,1985.7142857142856,0.0625,Monsoon,0
2026-06-05,Cabbage,154,Bengaluru,Local,"Binny Mill (F&V), Bengaluru APMC",1900,1700,1800,Karnataka,Cabbage,2026,6,4,1700.0,1500.0,2028.571428571429,0.0588235294117647,Monsoon,0
2026-06-06,Cabbage,154,Bengaluru,Local,"Binny Mill (F&V), Bengaluru APMC",1800,1600,1700,Karnataka,Cabbage,2026,6,5,1800.0,4100.0,1685.7142857142858,-0.0555555555555555,Monsoon,0
2026-06-08,Cabbage,154,Bengaluru,Local,"Binny Mill (F&V), Bengaluru APMC",1900,1700,1800,Karnataka,Cabbage,2026,6,0,1700.0,1600.0,1714.2857142857142,0.0588235294117647,Monsoon,0
2026-06-09,Cabbage,154,Bengaluru,Local,"Binny Mill (F&V), Bengaluru APMC",2000,1600,1800,Karnataka,Cabbage,2026,6,1,1800.0,1700.0,1728.571428571429,0.0,Monsoon,0
2026-06-10,Cabbage,154,Bengaluru,Local,"Binny Mill (F&V), Bengaluru APMC",2000,1600,1800,Karnataka,Cabbage,2026,6,2,1800.0,1700.0,1742.857142857143,0.0,Monsoon,0
2026-06-11,Cabbage,154,Bengaluru,Local,"Binny Mill (F&V), Bengaluru APMC",2000,1600,1800,Karnataka,Cabbage,2026,6,3,1800.0,1600.0,1771.428571428571,0.0,Monsoon,0
2026-06-12,Cabbage,154,Bengaluru,Local,"Binny Mill (F&V), Bengaluru APMC",2000,1800,1900,Karnataka,Cabbage,2026,6,4,1800.0,1700.0,1800.0,0.0555555555555555,Monsoon,0
2026-06-15,Cabbage,154,Bengaluru,Local,"Binny Mill (F&V), Bengaluru APMC",2000,1800,1900,Karnataka,Cabbage,2026,6,0,1900.0,1800.0,1814.2857142857144,0.0,Monsoon,0
2026-06-16,Cabbage,154,Bengaluru,Local,"Binny Mill (F&V), Bengaluru APMC",1900,1700,1800,Karnataka,Cabbage,2026,6,1,1900.0,1700.0,1828.571428571429,-0.0526315789473684,Monsoon,0
2026-06-17,Cabbage,154,Bengaluru,Local,"Binny Mill (F&V), Bengaluru APMC",2200,2000,2100,Karnataka,Cabbage,2026,6,2,1800.0,1800.0,1871.4285714285716,0.1666666666666667,Monsoon,0
2026-06-18,Cabbage,154,Bengaluru,Local,"Binny Mill (F&V), Bengaluru APMC",2000,1800,1900,Karnataka,Cabbage,2026,6,3,2100.0,1800.0,1885.7142857142856,-0.0952380952380952,Monsoon,0
2026-06-19,Cabbage,154,Bengaluru,Local,"Binny Mill (F&V), Bengaluru APMC",2000,1800,1900,Karnataka,Cabbage,2026,6,4,1900.0,1800.0,1900.0,0.0,Monsoon,0
2026-06-20,Cabbage,154,Bengaluru,Local,"Binny Mill (F&V), Bengaluru APMC",6000,5000,5500,Karnataka,Cabbage,2026,6,5,1900.0,1800.0,2428.5714285714284,1.8947368421052635,Monsoon,1
2026-06-22,Cabbage,154,Bengaluru,Local,"Binny Mill (F&V), Bengaluru APMC",2000,1800,1900,Karnataka,Cabbage,2026,6,0,5500.0,1900.0,2428.5714285714284,-0.6545454545454545,Monsoon,0
2026-06-23,Cabbage,154,Bengaluru,Local,"Binny Mill (F&V), Bengaluru APMC",2000,1800,1900,Karnataka,Cabbage,2026,6,1,1900.0,1900.0,2428.5714285714284,0.0,Monsoon,0
2026-06-24,Cabbage,154,Bengaluru,Local,"Binny Mill (F&V), Bengaluru APMC",2000,1800,1900,Karnataka,Cabbage,2026,6,2,1900.0,1800.0,2442.8571428571427,0.0,Monsoon,0
2026-06-25,Cabbage,154,Bengaluru,Local,"Binny Mill (F&V), Bengaluru APMC",2000,1800,1900,Karnataka,Cabbage,2026,6,3,1900.0,2100.0,2414.285714285714,0.0,Monsoon,0
2026-06-29,Cabbage,154,Bengaluru,Local,"Binny Mill (F&V), Bengaluru APMC",1900,1700,1800,Karnataka,Cabbage,2026,6,0,1900.0,1900.0,2400.0,-0.0526315789473684,Monsoon,0
2026-06-30,Cabbage,154,Bengaluru,Local,"Binny Mill (F&V), Bengaluru APMC",1900,1700,1800,Karnataka,Cabbage,2026,6,1,1800.0,1900.0,2385.714285714286,0.0,Monsoon,0
2026-07-01,Cabbage,154,Bengaluru,Local,"Binny Mill (F&V), Bengaluru APMC",2000,1800,1900,Karnataka,Cabbage,2026,7,2,1800.0,5500.0,1871.4285714285716,0.0555555555555555,Monsoon,0
2026-07-02,Cabbage,154,Bengaluru,Local,"Binny Mill (F&V), Bengaluru APMC",2000,1800,1900,Karnataka,Cabbage,2026,7,3,1900.0,1900.0,1871.4285714285716,0.0,Monsoon,0
2026-07-03,Cabbage,154,Bengaluru,Local,"Binny Mill (F&V), Bengaluru APMC",2100,1900,2000,Karnataka,Cabbage,2026,7,4,1900.0,1900.0,1885.7142857142856,0.0526315789473683,Monsoon,0
2026-07-04,Cabbage,154,Bengaluru,Local,"Binny Mill (F&V), Bengaluru APMC",2000,1800,1900,Karnataka,Cabbage,2026,7,5,2000.0,1900.0,1885.7142857142856,-0.05,Monsoon,0
2026-07-06,Cabbage,154,Bengaluru,Local,"Binny Mill (F&V), Bengaluru APMC",2000,1800,1900,Karnataka,Cabbage,2026,7,0,1900.0,1900.0,1885.7142857142856,0.0,Monsoon,0
2026-07-07,Cabbage,154,Bengaluru,Local,"Binny Mill (F&V), Bengaluru APMC",2000,1700,1800,Karnataka,Cabbage,2026,7,1,1900.0,1800.0,1885.7142857142856,-0.0526315789473684,Monsoon,0
2026-07-08,Cabbage,154,Bengaluru,Local,"Binny Mill (F&V), Bengaluru APMC",2100,1800,1900,Karnataka,Cabbage,2026,7,2,1800.0,1800.0,1900.0,0.0555555555555555,Monsoon,0
2026-07-09,Cabbage,154,Bengaluru,Local,"Binny Mill (F&V), Bengaluru APMC",1900,1700,1800,Karnataka,Cabbage,2026,7,3,1900.0,1900.0,1885.7142857142856,-0.0526315789473684,Monsoon,0
2026-07-10,Cabbage,154,Bengaluru,Local,"Binny Mill (F&V), Bengaluru APMC",1900,1700,1800,Karnataka,Cabbage,2026,7,4,1800.0,1900.0,1871.4285714285716,0.0,Monsoon,0
2026-07-14,Cabbage,154,Bengaluru,Local,"Binny Mill (F&V), Bengaluru APMC",2100,1900,2000,Karnataka,Cabbage,2026,7,1,1800.0,2000.0,1871.4285714285716,0.1111111111111111,Monsoon,0
2026-07-15,Cabbage,154,Bengaluru,Local,"Binny Mill (F&V), Bengaluru APMC",1600,1400,1500,Karnataka,Cabbage,2026,7,2,2000.0,1900.0,1814.2857142857144,-0.25,Monsoon,0
2026-07-16,Cabbage,154,Bengaluru,Local,"Binny Mill (F&V), Bengaluru APMC",1600,1400,1500,Karnataka,Cabbage,2026,7,3,1500.0,1900.0,1757.142857142857,0.0,Monsoon,0
2026-07-17,Cabbage,154,Bengaluru,Local,"Binny Mill (F&V), Bengaluru APMC",1800,1600,1700,Karnataka,Cabbage,2026,7,4,1500.0,1800.0,1742.857142857143,0.1333333333333333,Monsoon,0
2026-07-18,Cabbage,154,Bengaluru,Local,"Binny Mill (F&V), Bengaluru APMC",1600,1400,1500,Karnataka,Cabbage,2026,7,5,1700.0,1900.0,1685.7142857142858,-0.1176470588235294,Monsoon,0
2026-07-20,Cabbage,154,Bengaluru,Local,"Binny Mill (F&V), Bengaluru APMC",1800,1600,1700,Karnataka,Cabbage,2026,7,0,1500.0,1800.0,1671.428571428571,0.1333333333333333,Monsoon,0
2026-06-02,Cabbage,154,Bengaluru,Local,Binny Mill (FF&V) Bengaluru APMC,1800,1600,1700,Karnataka,Cabbage,2026,6,1,1700.0,,1700.0,0.0,Monsoon,0
2026-06-03,Cabbage,154,Bengaluru,Local,Binny Mill (FF&V) Bengaluru APMC,1700,1500,1600,Karnataka,Cabbage,2026,6,2,1700.0,,1666.6666666666667,-0.0588235294117647,Monsoon,0
2026-06-04,Cabbage,154,Bengaluru,Local,Binny Mill (FF&V) Bengaluru APMC,1800,1600,1700,Karnataka,Cabbage,2026,6,3,1600.0,,1675.0,0.0625,Monsoon,0
2026-06-05,Cabbage,154,Bengaluru,Local,Binny Mill (FF&V) Bengaluru APMC,1900,1700,1800,Karnataka,Cabbage,2026,6,4,1700.0,,1700.0,0.0588235294117647,Monsoon,0
2026-06-06,Cabbage,154,Bengaluru,Local,Binny Mill (FF&V) Bengaluru APMC,1800,1600,1700,Karnataka,Cabbage,2026,6,5,1800.0,,1700.0,-0.0555555555555555,Monsoon,0
2026-06-11,Cabbage,154,Bengaluru,Local,Binny Mill (FF&V) Bengaluru APMC,2000,1600,1800,Karnataka,Cabbage,2026,6,3,1700.0,,1714.2857142857142,0.0588235294117647,Monsoon,0
2026-06-12,Cabbage,154,Bengaluru,Local,Binny Mill (FF&V) Bengaluru APMC,2000,1800,1900,Karnataka,Cabbage,2026,6,4,1800.0,1700.0,1742.857142857143,0.0555555555555555,Monsoon,0
2026-06-16,Cabbage,154,Bengaluru,Local,Binny Mill (FF&V) Bengaluru APMC,1900,1700,1800,Karnataka,Cabbage,2026,6,1,1900.0,1700.0,1757.142857142857,-0.0526315789473684,Monsoon,0
2026-06-17,Cabbage,154,Bengaluru,Local,Binny Mill (FF&V) Bengaluru APMC,2200,2000,2100,Karnataka,Cabbage,2026,6,2,1800.0,1600.0,1828.571428571429,0.1666666666666667,Monsoon,0
2026-06-19,Cabbage,154,Bengaluru,Local,Binny Mill (FF&V) Bengaluru APMC,2000,1800,1900,Karnataka,Cabbage,2026,6,4,2100.0,1700.0,1857.142857142857,-0.0952380952380952,Monsoon,0
2026-06-20,Cabbage,154,Bengaluru,Local,Binny Mill (FF&V) Bengaluru APMC,6000,5000,5500,Karnataka,Cabbage,2026,6,5,1900.0,1800.0,2385.714285714286,1.8947368421052635,Monsoon,1
2026-06-22,Cabbage,154,Bengaluru,Local,Binny Mill (FF&V) Bengaluru APMC,2000,1800,1900,Karnataka,Cabbage,2026,6,0,5500.0,1700.0,2414.285714285714,-0.6545454545454545,Monsoon,0
2026-06-23,Cabbage,154,Bengaluru,Local,Binny Mill (FF&V) Bengaluru APMC,2000,1800,1900,Karnataka,Cabbage,2026,6,1,1900.0,1800.0,2428.5714285714284,0.0,Monsoon,0
2026-06-24,Cabbage,154,Bengaluru,Local,Binny Mill (FF&V) Bengaluru APMC,2000,1800,1900,Karnataka,Cabbage,2026,6,2,1900.0,1900.0,2428.5714285714284,0.0,Monsoon,0
2026-07-02,Cabbage,154,Bengaluru,Local,Binny Mill (FF&V) Bengaluru APMC,2000,1800,1900,Karnataka,Cabbage,2026,7,3,1900.0,1800.0,2442.8571428571427,0.0,Monsoon,0
2026-07-04,Cabbage,154,Bengaluru,Local,Binny Mill (FF&V) Bengaluru APMC,2000,1800,1900,Karnataka,Cabbage,2026,7,5,1900.0,2100.0,2414.285714285714,0.0,Monsoon,0
2026-07-06,Cabbage,154,Bengaluru,Local,Binny Mill (FF&V) Bengaluru APMC,2000,1800,1900,Karnataka,Cabbage,2026,7,0,1900.0,1900.0,2414.285714285714,0.0,Monsoon,0
2026-07-07,Cabbage,154,Bengaluru,Local,Binny Mill (FF&V) Bengaluru APMC,2000,1700,1800,Karnataka,Cabbage,2026,7,1,1900.0,5500.0,1885.7142857142856,-0.0526315789473684,Monsoon,0
2026-07-08,Cabbage,154,Bengaluru,Local,Binny Mill (FF&V) Bengaluru APMC,2100,1800,1900,Karnataka,Cabbage,2026,7,2,1800.0,1900.0,1885.7142857142856,0.0555555555555555,Monsoon,0
2026-07-10,Cabbage,154,Bengaluru,Local,Binny Mill (FF&V) Bengaluru APMC,1900,1700,1800,Karnataka,Cabbage,2026,7,4,1900.0,1900.0,1871.4285714285716,-0.0526315789473684,Monsoon,0
2026-07-13,Cabbage,154,Bengaluru,Local,Binny Mill (FF&V) Bengaluru APMC,2100,1900,2000,Karnataka,Cabbage,2026,7,0,1800.0,1900.0,1885.7142857142856,0.1111111111111111,Monsoon,0
2026-07-14,Cabbage,154,Bengaluru,Local,Binny Mill (FF&V) Bengaluru APMC,2100,1900,2000,Karnataka,Cabbage,2026,7,1,2000.0,1900.0,1900.0,0.0,Monsoon,0
2026-07-15,Cabbage,154,Bengaluru,Local,Binny Mill (FF&V) Bengaluru APMC,1600,1400,1500,Karnataka,Cabbage,2026,7,2,2000.0,1900.0,1842.857142857143,-0.25,Monsoon,0
2026-07-16,Cabbage,154,Bengaluru,Local,Binny Mill (FF&V) Bengaluru APMC,1600,1400,1500,Karnataka,Cabbage,2026,7,3,1500.0,1900.0,1785.7142857142858,0.0,Monsoon,0
2026-07-17,Cabbage,154,Bengaluru,Local,Binny Mill (FF&V) Bengaluru APMC,1800,1600,1700,Karnataka,Cabbage,2026,7,4,1500.0,1800.0,1771.428571428571,0.1333333333333333,Monsoon,0
2026-07-18,Cabbage,154,Bengaluru,Local,Binny Mill (FF&V) Bengaluru APMC,1600,1400,1500,Karnataka,Cabbage,2026,7,5,1700.0,1900.0,1714.2857142857142,-0.1176470588235294,Monsoon,0
2026-07-20,Cabbage,154,Bengaluru,Local,Binny Mill (FF&V) Bengaluru APMC,1800,1600,1700,Karnataka,Cabbage,2026,7,0,1500.0,1800.0,1700.0,0.1333333333333333,Monsoon,0
2026-07-21,Cabbage,154,Bengaluru,Local,Binny Mill (FF&V) Bengaluru APMC,1800,1600,1700,Karnataka,Cabbage,2026,7,1,1700.0,2000.0,1657.142857142857,0.0,Monsoon,0
2026-07-22,Cabbage,154,Bengaluru,Local,Binny Mill (FF&V) Bengaluru APMC,1800,1600,1700,Karnataka,Cabbage,2026,7,2,1700.0,2000.0,1614.2857142857142,0.0,Monsoon,0
2026-07-23,Cabbage,154,Bengaluru,Local,Binny Mill (FF&V) Bengaluru APMC,1900,1700,1800,Karnataka,Cabbage,2026,7,3,1700.0,1500.0,1657.142857142857,0.0588235294117647,Monsoon,0
2026-07-27,Cabbage,154,Bengaluru,Local,Binny Mill (FF&V) Bengaluru APMC,1800,1600,1700,Karnataka,Cabbage,2026,7,0,1800.0,1500.0,1685.7142857142858,-0.0555555555555555,Monsoon,0
2026-07-28,Cabbage,154,Bengaluru,Local,Binny Mill (FF&V) Bengaluru APMC,1800,1600,1700,Karnataka,Cabbage,2026,7,1,1700.0,1700.0,1685.7142857142858,0.0,Monsoon,0
2026-07-29,Cabbage,154,Bengaluru,Local,Binny Mill (FF&V) Bengaluru APMC,1800,1600,1700,Karnataka,Cabbage,2026,7,2,1700.0,1500.0,1714.2857142857142,0.0,Monsoon,0
2026-07-30,Cabbage,154,Bengaluru,Local,Binny Mill (FF&V) Bengaluru APMC,1900,1700,1800,Karnataka,Cabbage,2026,7,3,1700.0,1700.0,1728.571428571429,0.0588235294117647,Monsoon,0
2026-07-31,Cabbage,154,Bengaluru,Local,Binny Mill (FF&V) Bengaluru APMC,2000,1800,1900,Karnataka,Cabbage,2026,7,4,1800.0,1700.0,1757.142857142857,0.0555555555555555,Monsoon,0
2026-08-03,Cabbage,154,Bengaluru,Local,Binny Mill (FF&V) Bengaluru APMC,2000,1800,1900,Karnataka,Cabbage,2026,8,0,1900.0,1700.0,1785.7142857142858,0.0,Monsoon,0
2026-08-04,Cabbage,154,Bengaluru,Local,Binny Mill (FF&V) Bengaluru APMC,2200,2000,2100,Karnataka,Cabbage,2026,8,1,1900.0,1800.0,1828.571428571429,0.1052631578947369,Monsoon,0
2026-08-05,Cabbage,154,Bengaluru,Local,Binny Mill (FF&V) Bengaluru APMC,2200,2000,2100,Karnataka,Cabbage,2026,8,2,2100.0,1700.0,1885.7142857142856,0.0,Monsoon,0
2026-08-07,Cabbage,154,Bengaluru,Local,Binny Mill (FF&V) Bengaluru APMC,1700,1500,1600,Karnataka,Cabbage,2026,8,4,2100.0,1700.0,1871.4285714285716,-0.2380952380952381,Monsoon,0
2024-10-31,Cabbage,154,Warangal,FAQ,Hanmarkonda(Rythu Bazar),4800,4400,4600,Telangana,Cabbage,2024,10,3,4600.0,,4600.0,0.0,PostMonsoon,1
2023-01-21,Cabbage,154,Karimnagar,FAQ,Karimnagar,600,600,600,Telangana,Cabbage,2023,1,5,900.0,,750.0,-0.3333333333333333,Winter,0
2023-01-26,Cabbage,154,Karimnagar,FAQ,Karimnagar,600,600,600,Telangana,Cabbage,2023,1,3,600.0,,700.0,0.0,Winter,0
2023-01-28,Cabbage,154,Karimnagar,FAQ,Karimnagar,500,500,500,Telangana,Cabbage,2023,1,5,600.0,,650.0,-0.1666666666666666,Winter,0
2023-01-31,Cabbage,154,Karimnagar,FAQ,Karimnagar,500,500,500,Telangana,Cabbage,2023,1,1,500.0,,620.0,0.0,Winter,0
2023-02-07,Cabbage,154,Karimnagar,FAQ,Karimnagar,500,500,500,Telangana,Cabbage,2023,2,1,500.0,,600.0,0.0,Winter,0
2023-02-14,Cabbage,154,Karimnagar,FAQ,Karimnagar,700,700,700,Telangana,Cabbage,2023,2,1,500.0,,614.2857142857143,0.3999999999999999,Winter,1
2023-02-28,Cabbage,154,Karimnagar,FAQ,Karimnagar,600,600,600,Telangana,Cabbage,2023,2,1,700.0,900.0,571.4285714285714,-0.1428571428571429,Winter,0
2023-03-03,Cabbage,154,Karimnagar,FAQ,Karimnagar,600,600,600,Telangana,Cabbage,2023,3,4,600.0,600.0,571.4285714285714,0.0,Summer,0
2023-03-04,Cabbage,154,Karimnagar,FAQ,Karimnagar,600,600,600,Telangana,Cabbage,2023,3,5,600.0,600.0,571.4285714285714,0.0,Summer,0
2023-03-08,Cabbage,154,Karimnagar,FAQ,Karimnagar,600,600,600,Telangana,Cabbage,2023,3,2,600.0,500.0,585.7142857142857,0.0,Summer,0
2023-03-10,Cabbage,154,Karimnagar,FAQ,Karimnagar,3000,3000,3000,Telangana,Cabbage,2023,3,4,600.0,500.0,942.8571428571428,4.0,Summer,0
2023-03-16,Cabbage,154,Karimnagar,FAQ,Karimnagar,500,500,500,Telangana,Cabbage,2023,3,3,3000.0,500.0,942.8571428571428,-0.8333333333333334,Summer,0
2023-03-18,Cabbage,154,Karimnagar,FAQ,Karimnagar,500,500,500,Telangana,Cabbage,2023,3,5,500.0,700.0,914.2857142857144,0.0,Summer,0
2023-03-19,Cabbage,154,Karimnagar,FAQ,Karimnagar,500,500,500,Telangana,Cabbage,2023,3,6,500.0,600.0,900.0,0.0,Summer,0
2023-03-23,Cabbage,154,Karimnagar,FAQ,Karimnagar,500,500,500,Telangana,Cabbage,2023,3,3,500.0,600.0,885.7142857142857,0.0,Summer,0
2023-03-24,Cabbage,154,Karimnagar,FAQ,Karimnagar,700,500,600,Telangana,Cabbage,2023,3,4,500.0,600.0,885.7142857142857,0.1999999999999999,Summer,0
2023-03-25,Cabbage,154,Karimnagar,FAQ,Karimnagar,600,600,600,Telangana,Cabbage,2023,3,5,600.0,600.0,885.7142857142857,0.0,Summer,0
2023-04-01,Cabbage,154,Karimnagar,FAQ,Karimnagar,500,500,500,Telangana,Cabbage,2023,4,5,600.0,3000.0,528.5714285714286,-0.1666666666666666,Summer,0
2023-04-04,Cabbage,154,Karimnagar,FAQ,Karimnagar,500,500,500,Telangana,Cabbage,2023,4,1,500.0,500.0,528.5714285714286,0.0,Summer,0
2023-04-10,Cabbage,154,Karimnagar,FAQ,Karimnagar,500,500,500,Telangana,Cabbage,2023,4,0,500.0,500.0,528.5714285714286,0.0,Summer,0
2023-04-28,Cabbage,154,Karimnagar,FAQ,Karimnagar,900,900,900,Telangana,Cabbage,2023,4,4,500.0,500.0,585.7142857142857,0.8,Summer,0
2023-05-01,Cabbage,154,Karimnagar,FAQ,Karimnagar,900,900,900,Telangana,Cabbage,2023,5,0,900.0,500.0,642.8571428571429,0.0,Summer,0
2023-05-04,Cabbage,154,Karimnagar,FAQ,Karimnagar,1000,1000,1000,Telangana,Cabbage,2023,5,3,900.0,600.0,700.0,0.1111111111111111,Summer,0
2023-05-13,Cabbage,154,Karimnagar,FAQ,Karimnagar,1200,1200,1200,Telangana,Cabbage,2023,5,5,1000.0,600.0,785.7142857142857,0.1999999999999999,Summer,0
2023-05-19,Cabbage,154,Karimnagar,FAQ,Karimnagar,1000,1000,1000,Telangana,Cabbage,2023,5,4,1200.0,500.0,857.1428571428571,-0.1666666666666666,Summer,0
2023-05-27,Cabbage,154,Karimnagar,FAQ,Karimnagar,1000,1000,1000,Telangana,Cabbage,2023,5,5,1000.0,500.0,928.5714285714286,0.0,Summer,0
2023-05-30,Cabbage,154,Karimnagar,FAQ,Karimnagar,1000,1000,1000,Telangana,Cabbage,2023,5,1,1000.0,500.0,1000.0,0.0,Summer,0
2023-06-07,Cabbage,154,Karimnagar,FAQ,Karimnagar,1000,1000,1000,Telangana,Cabbage,2023,6,2,1000.0,900.0,1014.2857142857144,0.0,Monsoon,0
2023-06-14,Cabbage,154,Karimnagar,FAQ,Karimnagar,1000,1000,1000,Telangana,Cabbage,2023,6,2,1000.0,900.0,1028.571428571429,0.0,Monsoon,0
2023-06-24,Cabbage,154,Karimnagar,FAQ,Karimnagar,1100,1100,1100,Telangana,Cabbage,2023,6,5,1000.0,1000.0,1042.857142857143,0.1,Monsoon,0
2023-06-26,Cabbage,154,Karimnagar,FAQ,Karimnagar,1100,1100,1100,Telangana,Cabbage,2023,6,0,1100.0,1200.0,1028.571428571429,0.0,Monsoon,0
2023-06-27,Cabbage,154,Karimnagar,FAQ,Karimnagar,1400,1000,1200,Telangana,Cabbage,2023,6,1,1100.0,1000.0,1057.142857142857,0.0909090909090908,Monsoon,0
2023-06-28,Cabbage,154,Karimnagar,FAQ,Karimnagar,1300,1300,1300,Telangana,Cabbage,2023,6,2,1200.0,1000.0,1100.0,0.0833333333333332,Monsoon,0
2023-07-07,Cabbage,154,Karimnagar,FAQ,Karimnagar,1500,1500,1500,Telangana,Cabbage,2023,7,4,1300.0,1000.0,1171.428571428571,0.1538461538461537,Monsoon,0
2023-07-08,Cabbage,154,Karimnagar,FAQ,Karimnagar,1500,1500,1500,Telangana,Cabbage,2023,7,5,1500.0,1000.0,1242.857142857143,0.0,Monsoon,0
2023-07-10,Cabbage,154,Karimnagar,FAQ,Karimnagar,1500,1500,1500,Telangana,Cabbage,2023,7,0,1500.0,1000.0,1314.2857142857142,0.0,Monsoon,0
2023-07-13,Cabbage,154,Karimnagar,FAQ,Karimnagar,1300,1300,1300,Telangana,Cabbage,2023,7,3,1500.0,1100.0,1342.857142857143,-0.1333333333333333,Monsoon,0
2023-07-23,Cabbage,154,Karimnagar,FAQ,Karimnagar,1700,1700,1700,Telangana,Cabbage,2023,7,6,1300.0,1100.0,1428.571428571429,0.3076923076923077,Monsoon,0
2023-08-10,Cabbage,154,Karimnagar,FAQ,Karimnagar,2200,2200,2200,Telangana,Cabbage,2023,8,3,1700.0,1200.0,1571.428571428571,0.2941176470588236,Monsoon,0
2023-08-23,Cabbage,154,Karimnagar,FAQ,Karimnagar,1600,1600,1600,Telangana,Cabbage,2023,8,2,2200.0,1300.0,1614.2857142857142,-0.2727272727272727,Monsoon,0
2023-08-29,Cabbage,154,Karimnagar,FAQ,Karimnagar,1000,1000,1000,Telangana,Cabbage,2023,8,1,1600.0,1500.0,1542.857142857143,-0.375,Monsoon,0
2023-09-23,Cabbage,154,Karimnagar,FAQ,Karimnagar,1000,1000,1000,Telangana,Cabbage,2023,9,5,1000.0,1500.0,1471.428571428571,0.0,Monsoon,0
2023-09-25,Cabbage,154,Karimnagar,FAQ,Karimnagar,1000,1000,1000,Telangana,Cabbage,2023,9,0,1000.0,1500.0,1400.0,0.0,Monsoon,0
2023-10-06,Cabbage,154,Karimnagar,FAQ,Karimnagar,1500,1200,1350,Telangana,Cabbage,2023,10,4,1000.0,1300.0,1407.142857142857,0.3500000000000001,PostMonsoon,0
2023-10-13,Cabbage,154,Karimnagar,FAQ,Karimnagar,1200,1200,1200,Telangana,Cabbage,2023,10,4,1350.0,1700.0,1335.7142857142858,-0.1111111111111111,PostMonsoon,0
2023-10-30,Cabbage,154,Karimnagar,FAQ,Karimnagar,1400,1400,1400,Telangana,Cabbage,2023,10,0,1200.0,2200.0,1221.428571428571,0.1666666666666667,PostMonsoon,0
2023-10-31,Cabbage,154,Karimnagar,FAQ,Karimnagar,1400,1400,1400,Telangana,Cabbage,2023,10,1,1400.0,1600.0,1192.857142857143,0.0,PostMonsoon,0
2023-11-04,Cabbage,154,Karimnagar,FAQ,Karimnagar,1200,1200,1200,Telangana,Cabbage,2023,11,5,1400.0,1000.0,1221.428571428571,-0.1428571428571429,PostMonsoon,0
2023-11-10,Cabbage,154,Karimnagar,FAQ,Karimnagar,1200,1200,1200,Telangana,Cabbage,2023,11,4,1200.0,1000.0,1250.0,0.0,PostMonsoon,0
2023-11-27,Cabbage,154,Karimnagar,FAQ,Karimnagar,700,700,700,Telangana,Cabbage,2023,11,0,1200.0,1000.0,1207.142857142857,-0.4166666666666666,PostMonsoon,1
2023-12-17,Cabbage,154,Karimnagar,FAQ,Karimnagar,1000,1000,1000,Telangana,Cabbage,2023,12,6,700.0,1350.0,1157.142857142857,0.4285714285714286,Winter,0
2023-01-18,Cabbage,154,Karimnagar,FAQ,Karimnagar(Rythu Bazar),2000,1200,1500,Telangana,Cabbage,2023,1,2,1500.0,,1500.0,0.0,Winter,0
2023-01-28,Cabbage,154,Karimnagar,FAQ,Karimnagar(Rythu Bazar),2000,1500,1500,Telangana,Cabbage,2023,1,5,1500.0,,1500.0,0.0,Winter,0
2023-02-20,Cabbage,154,Karimnagar,FAQ,Karimnagar(Rythu Bazar),1500,1500,1500,Telangana,Cabbage,2023,2,0,1500.0,,1500.0,0.0,Winter,0
2023-02-22,Cabbage,154,Karimnagar,FAQ,Karimnagar(Rythu Bazar),1500,1500,1500,Telangana,Cabbage,2023,2,2,1500.0,,1500.0,0.0,Winter,0
2023-03-21,Cabbage,154,Karimnagar,FAQ,Karimnagar(Rythu Bazar),2000,1000,1500,Telangana,Cabbage,2023,3,1,1500.0,,1500.0,0.0,Summer,0
2023-05-07,Cabbage,154,Karimnagar,FAQ,Karimnagar(Rythu Bazar),1000,1000,1000,Telangana,Cabbage,2023,5,6,1500.0,,1428.571428571429,-0.3333333333333333,Summer,0
2023-05-13,Cabbage,154,Karimnagar,FAQ,Karimnagar(Rythu Bazar),1500,1000,1200,Telangana,Cabbage,2023,5,5,1000.0,1500.0,1385.7142857142858,0.1999999999999999,Summer,0
2023-05-16,Cabbage,154,Karimnagar,FAQ,Karimnagar(Rythu Bazar),1100,1100,1100,Telangana,Cabbage,2023,5,1,1200.0,1500.0,1328.571428571429,-0.0833333333333333,Summer,0
2023-05-26,Cabbage,154,Karimnagar,FAQ,Karimnagar(Rythu Bazar),2000,1200,1500,Telangana,Cabbage,2023,5,4,1100.0,1500.0,1328.571428571429,0.3636363636363635,Summer,0
2023-05-27,Cabbage,154,Karimnagar,FAQ,Karimnagar(Rythu Bazar),2000,1500,1500,Telangana,Cabbage,2023,5,5,1500.0,1500.0,1328.571428571429,0.0,Summer,0
2023-06-13,Cabbage,154,Karimnagar,FAQ,Karimnagar(Rythu Bazar),1500,1000,1500,Telangana,Cabbage,2023,6,1,1500.0,1500.0,1328.571428571429,0.0,Monsoon,0
2023-07-19,Cabbage,154,Karimnagar,FAQ,Karimnagar(Rythu Bazar),2500,2000,2000,Telangana,Cabbage,2023,7,2,1500.0,1500.0,1400.0,0.3333333333333332,Monsoon,0
2023-07-21,Cabbage,154,Karimnagar,FAQ,Karimnagar(Rythu Bazar),2500,2000,2000,Telangana,Cabbage,2023,7,4,2000.0,1000.0,1542.857142857143,0.0,Monsoon,0
2023-07-25,Cabbage,154,Karimnagar,FAQ,Karimnagar(Rythu Bazar),2500,2000,2000,Telangana,Cabbage,2023,7,1,2000.0,1200.0,1657.142857142857,0.0,Monsoon,0
2023-08-02,Cabbage,154,Karimnagar,FAQ,Karimnagar(Rythu Bazar),2500,1800,2000,Telangana,Cabbage,2023,8,2,2000.0,1100.0,1785.7142857142858,0.0,Monsoon,0
2023-09-06,Cabbage,154,Karimnagar,FAQ,Karimnagar(Rythu Bazar),2500,2000,2000,Telangana,Cabbage,2023,9,2,2000.0,1500.0,1857.142857142857,0.0,Monsoon,0
2023-09-20,Cabbage,154,Karimnagar,FAQ,Karimnagar(Rythu Bazar),2000,1500,1500,Telangana,Cabbage,2023,9,2,2000.0,1500.0,1857.142857142857,-0.25,Monsoon,0
2023-11-17,Cabbage,154,Karimnagar,FAQ,Karimnagar(Rythu Bazar),2000,1500,1500,Telangana,Cabbage,2023,11,4,1500.0,1500.0,1857.142857142857,0.0,PostMonsoon,0
2023-11-28,Cabbage,154,Karimnagar,FAQ,Karimnagar(Rythu Bazar),2000,1500,1500,Telangana,Cabbage,2023,11,1,1500.0,2000.0,1785.7142857142858,0.0,PostMonsoon,0
2023-01-09,Cabbage,154,Nalgonda,FAQ,Miryalguda(Rythu Bazar),1500,1500,1500,Telangana,Cabbage,2023,1,0,2000.0,,1750.0,-0.25,Winter,0
2023-01-14,Cabbage,154,Nalgonda,FAQ,Miryalguda(Rythu Bazar),2000,2000,2000,Telangana,Cabbage,2023,1,5,1500.0,,1833.3333333333333,0.3333333333333332,Winter,0
2023-01-28,Cabbage,154,Nalgonda,FAQ,Miryalguda(Rythu Bazar),1000,1000,1000,Telangana,Cabbage,2023,1,5,2000.0,,1625.0,-0.5,Winter,0
2023-02-12,Cabbage,154,Nalgonda,FAQ,Miryalguda(Rythu Bazar),2000,2000,2000,Telangana,Cabbage,2023,2,6,1000.0,,1700.0,1.0,Winter,0
2023-02-13,Cabbage,154,Nalgonda,FAQ,Miryalguda(Rythu Bazar),2000,2000,2000,Telangana,Cabbage,2023,2,0,2000.0,,1750.0,0.0,Winter,0
2023-02-14,Cabbage,154,Nalgonda,FAQ,Miryalguda(Rythu Bazar),2000,2000,2000,Telangana,Cabbage,2023,2,1,2000.0,,1785.7142857142858,0.0,Winter,0
2023-02-24,Cabbage,154,Nalgonda,FAQ,Miryalguda(Rythu Bazar),1600,1600,1600,Telangana,Cabbage,2023,2,4,2000.0,2000.0,1728.571428571429,-0.1999999999999999,Winter,0
2023-03-09,Cabbage,154,Nalgonda,FAQ,Miryalguda(Rythu Bazar),1200,1200,1200,Telangana,Cabbage,2023,3,3,1600.0,1500.0,1685.7142857142858,-0.25,Summer,0
2023-03-17,Cabbage,154,Nalgonda,FAQ,Miryalguda(Rythu Bazar),1000,1000,1000,Telangana,Cabbage,2023,3,4,1200.0,2000.0,1542.857142857143,-0.1666666666666666,Summer,0
2023-04-03,Cabbage,154,Nalgonda,FAQ,Miryalguda(Rythu Bazar),1400,1400,1400,Telangana,Cabbage,2023,4,0,1000.0,1000.0,1600.0,0.3999999999999999,Summer,0
2023-04-12,Cabbage,154,Nalgonda,FAQ,Miryalguda(Rythu Bazar),1600,1600,1600,Telangana,Cabbage,2023,4,2,1400.0,2000.0,1542.857142857143,0.1428571428571428,Summer,0
2023-04-21,Cabbage,154,Nalgonda,FAQ,Miryalguda(Rythu Bazar),2000,2000,2000,Telangana,Cabbage,2023,4,4,1600.0,2000.0,1542.857142857143,0.25,Summer,0
2023-05-04,Cabbage,154,Nalgonda,FAQ,Miryalguda(Rythu Bazar),2000,2000,2000,Telangana,Cabbage,2023,5,3,2000.0,2000.0,1542.857142857143,0.0,Summer,0
2023-05-13,Cabbage,154,Nalgonda,FAQ,Miryalguda(Rythu Bazar),2500,2500,2500,Telangana,Cabbage,2023,5,5,2000.0,1600.0,1671.428571428571,0.25,Summer,0
2023-05-15,Cabbage,154,Nalgonda,FAQ,Miryalguda(Rythu Bazar),2400,2000,2200,Telangana,Cabbage,2023,5,0,2500.0,1200.0,1814.2857142857144,-0.12,Summer,0
2023-05-20,Cabbage,154,Nalgonda,FAQ,Miryalguda(Rythu Bazar),2500,2500,2500,Telangana,Cabbage,2023,5,5,2200.0,1000.0,2028.571428571429,0.1363636363636364,Summer,0
2023-05-22,Cabbage,154,Nalgonda,FAQ,Miryalguda(Rythu Bazar),2500,2500,2500,Telangana,Cabbage,2023,5,0,2500.0,1400.0,2185.714285714286,0.0,Summer,0
2023-05-30,Cabbage,154,Nalgonda,FAQ,Miryalguda(Rythu Bazar),2500,2500,2500,Telangana,Cabbage,2023,5,1,2500.0,1600.0,2314.285714285714,0.0,Summer,0
2023-06-06,Cabbage,154,Nalgonda,FAQ,Miryalguda(Rythu Bazar),2500,2500,2500,Telangana,Cabbage,2023,6,1,2500.0,2000.0,2385.714285714286,0.0,Monsoon,0
2023-06-19,Cabbage,154,Nalgonda,FAQ,Miryalguda(Rythu Bazar),2500,2500,2500,Telangana,Cabbage,2023,6,0,2500.0,2000.0,2457.1428571428573,0.0,Monsoon,0
2023-06-21,Cabbage,154,Nalgonda,FAQ,Miryalguda(Rythu Bazar),2500,2500,2500,Telangana,Cabbage,2023,6,2,2500.0,2500.0,2457.1428571428573,0.0,Monsoon,0
2023-06-24,Cabbage,154,Nalgonda,FAQ,Miryalguda(Rythu Bazar),2000,2000,2000,Telangana,Cabbage,2023,6,5,2500.0,2200.0,2428.5714285714284,-0.1999999999999999,Monsoon,0
2023-06-26,Cabbage,154,Nalgonda,FAQ,Miryalguda(Rythu Bazar),2500,2500,2500,Telangana,Cabbage,2023,6,0,2000.0,2500.0,2428.5714285714284,0.25,Monsoon,0
2023-06-27,Cabbage,154,Nalgonda,FAQ,Miryalguda(Rythu Bazar),2000,2000,2000,Telangana,Cabbage,2023,6,1,2500.0,2500.0,2357.1428571428573,-0.1999999999999999,Monsoon,0
2023-07-09,Cabbage,154,Nalgonda,FAQ,Miryalguda(Rythu Bazar),3000,3000,3000,Telangana,Cabbage,2023,7,6,2000.0,2500.0,2428.5714285714284,0.5,Monsoon,0
2023-07-10,Cabbage,154,Nalgonda,FAQ,Miryalguda(Rythu Bazar),3400,3000,3200,Telangana,Cabbage,2023,7,0,3000.0,2500.0,2528.5714285714284,0.0666666666666666,Monsoon,1
2023-07-18,Cabbage,154,Nalgonda,FAQ,Miryalguda(Rythu Bazar),3000,3000,3000,Telangana,Cabbage,2023,7,1,3200.0,2500.0,2600.0,-0.0625,Monsoon,0
2023-08-24,Cabbage,154,Nalgonda,FAQ,Miryalguda(Rythu Bazar),3000,2500,2500,Telangana,Cabbage,2023,8,3,3000.0,2500.0,2600.0,-0.1666666666666666,Monsoon,0
2023-08-27,Cabbage,154,Nalgonda,FAQ,Miryalguda(Rythu Bazar),2500,2500,2500,Telangana,Cabbage,2023,8,6,2500.0,2000.0,2671.428571428572,0.0,Monsoon,0
2023-09-03,Cabbage,154,Nalgonda,FAQ,Miryalguda(Rythu Bazar),3000,3000,3000,Telangana,Cabbage,2023,9,6,2500.0,2500.0,2742.8571428571427,0.1999999999999999,Monsoon,0
2023-09-11,Cabbage,154,Nalgonda,FAQ,Miryalguda(Rythu Bazar),3000,3000,3000,Telangana,Cabbage,2023,9,0,3000.0,2000.0,2885.714285714286,0.0,Monsoon,0
2023-09-15,Cabbage,154,Nalgonda,FAQ,Miryalguda(Rythu Bazar),2500,2500,2500,Telangana,Cabbage,2023,9,4,3000.0,3000.0,2814.285714285714,-0.1666666666666666,Monsoon,0
2023-09-16,Cabbage,154,Nalgonda,FAQ,Miryalguda(Rythu Bazar),3000,3000,3000,Telangana,Cabbage,2023,9,5,2500.0,3200.0,2785.714285714286,0.1999999999999999,Monsoon,0
2023-09-24,Cabbage,154,Nalgonda,FAQ,Miryalguda(Rythu Bazar),2500,2500,2500,Telangana,Cabbage,2023,9,6,3000.0,3000.0,2714.285714285714,-0.1666666666666666,Monsoon,0
2023-09-27,Cabbage,154,Nalgonda,FAQ,Miryalguda(Rythu Bazar),3000,3000,3000,Telangana,Cabbage,2023,9,2,2500.0,2500.0,2785.714285714286,0.1999999999999999,Monsoon,0
2023-10-08,Cabbage,154,Nalgonda,FAQ,Miryalguda(Rythu Bazar),2000,2000,2000,Telangana,Cabbage,2023,10,6,3000.0,2500.0,2714.285714285714,-0.3333333333333333,PostMonsoon,0
2023-10-09,Cabbage,154,Nalgonda,FAQ,Miryalguda(Rythu Bazar),2000,2000,2000,Telangana,Cabbage,2023,10,0,2000.0,3000.0,2571.428571428572,0.0,PostMonsoon,0
2023-10-13,Cabbage,154,Nalgonda,FAQ,Miryalguda(Rythu Bazar),2000,2000,2000,Telangana,Cabbage,2023,10,4,2000.0,3000.0,2428.5714285714284,0.0,PostMonsoon,0
2023-10-21,Cabbage,154,Nalgonda,FAQ,Miryalguda(Rythu Bazar),2000,2000,2000,Telangana,Cabbage,2023,10,5,2000.0,2500.0,2357.1428571428573,0.0,PostMonsoon,0
2023-10-30,Cabbage,154,Nalgonda,FAQ,Miryalguda(Rythu Bazar),2500,2500,2500,Telangana,Cabbage,2023,10,0,2000.0,3000.0,2285.714285714286,0.25,PostMonsoon,0
2023-11-03,Cabbage,154,Nalgonda,FAQ,Miryalguda(Rythu Bazar),2000,2000,2000,Telangana,Cabbage,2023,11,4,2500.0,2500.0,2214.285714285714,-0.1999999999999999,PostMonsoon,0
2023-11-16,Cabbage,154,Nalgonda,FAQ,Miryalguda(Rythu Bazar),2000,2000,2000,Telangana,Cabbage,2023,11,3,2000.0,3000.0,2071.428571428572,0.0,PostMonsoon,0
2023-12-12,Cabbage,154,Nalgonda,FAQ,Miryalguda(Rythu Bazar),2500,2500,2500,Telangana,Cabbage,2023,12,1,2000.0,2000.0,2142.8571428571427,0.25,Winter,0
2023-12-16,Cabbage,154,Nalgonda,FAQ,Miryalguda(Rythu Bazar),2500,2500,2500,Telangana,Cabbage,2023,12,5,2500.0,2000.0,2214.285714285714,0.0,Winter,0
2023-12-22,Cabbage,154,Nalgonda,FAQ,Miryalguda(Rythu Bazar),2000,2000,2000,Telangana,Cabbage,2023,12,4,2500.0,2000.0,2214.285714285714,-0.1999999999999999,Winter,0
2023-12-23,Cabbage,154,Nalgonda,FAQ,Miryalguda(Rythu Bazar),2500,2500,2500,Telangana,Cabbage,2023,12,5,2000.0,2000.0,2285.714285714286,0.25,Winter,0
2023-12-27,Cabbage,154,Nalgonda,FAQ,Miryalguda(Rythu Bazar),2500,2500,2500,Telangana,Cabbage,2023,12,2,2500.0,2500.0,2285.714285714286,0.0,Winter,0
2023-12-30,Cabbage,154,Nalgonda,FAQ,Miryalguda(Rythu Bazar),2500,2500,2500,Telangana,Cabbage,2023,12,5,2500.0,2000.0,2357.1428571428573,0.0,Winter,0
2026-04-02,Cabbage,154,Mysuru,Grade Range-1,Mysuru APMC,700,500,600,Karnataka,Cabbage,2026,4,3,600.0,,600.0,0.0,Summer,0
2026-04-03,Cabbage,154,Mysuru,Grade Range-1,Mysuru APMC,700,500,600,Karnataka,Cabbage,2026,4,4,600.0,,600.0,0.0,Summer,0
2026-04-05,Cabbage,154,Mysuru,Grade Range-1,Mysuru APMC,700,500,600,Karnataka,Cabbage,2026,4,6,600.0,,600.0,0.0,Summer,0
2026-04-06,Cabbage,154,Mysuru,Grade Range-1,Mysuru APMC,700,500,600,Karnataka,Cabbage,2026,4,0,600.0,,600.0,0.0,Summer,0
2026-04-07,Cabbage,154,Mysuru,Grade Range-1,Mysuru APMC,700,500,500,Karnataka,Cabbage,2026,4,1,600.0,,583.3333333333334,-0.1666666666666666,Summer,0
2026-04-09,Cabbage,154,Mysuru,Grade Range-1,Mysuru APMC,700,500,600,Karnataka,Cabbage,2026,4,3,500.0,,585.7142857142857,0.1999999999999999,Summer,0
2026-04-10,Cabbage,154,Mysuru,Grade Range-1,Mysuru APMC,700,500,600,Karnataka,Cabbage,2026,4,4,600.0,600.0,585.7142857142857,0.0,Summer,0
2026-04-12,Cabbage,154,Mysuru,Grade Range-1,Mysuru APMC,800,600,700,Karnataka,Cabbage,2026,4,6,600.0,600.0,600.0,0.1666666666666667,Summer,1
2026-04-13,Cabbage,154,Mysuru,Grade Range-1,Mysuru APMC,800,600,700,Karnataka,Cabbage,2026,4,0,700.0,600.0,614.2857142857143,0.0,Summer,1
2026-04-14,Cabbage,154,Mysuru,Grade Range-1,Mysuru APMC,800,600,700,Karnataka,Cabbage,2026,4,1,700.0,600.0,628.5714285714286,0.0,Summer,1
2026-04-17,Cabbage,154,Mysuru,Grade Range-1,Mysuru APMC,900,700,800,Karnataka,Cabbage,2026,4,4,700.0,600.0,657.1428571428571,0.1428571428571428,Summer,1
2026-04-19,Cabbage,154,Mysuru,Grade Range-1,Mysuru APMC,900,700,800,Karnataka,Cabbage,2026,4,6,800.0,500.0,700.0,0.0,Summer,1
2026-04-20,Cabbage,154,Mysuru,Grade Range-1,Mysuru APMC,1000,800,900,Karnataka,Cabbage,2026,4,0,800.0,600.0,742.8571428571429,0.125,Summer,0
2026-04-21,Cabbage,154,Mysuru,Grade Range-1,Mysuru APMC,1000,700,800,Karnataka,Cabbage,2026,4,1,900.0,600.0,771.4285714285714,-0.1111111111111111,Summer,1
2026-04-22,Cabbage,154,Mysuru,Grade Range-1,Mysuru APMC,1000,800,900,Karnataka,Cabbage,2026,4,2,800.0,700.0,800.0,0.125,Summer,0
2026-04-23,Cabbage,154,Mysuru,Grade Range-1,Mysuru APMC,1000,700,800,Karnataka,Cabbage,2026,4,3,900.0,700.0,814.2857142857143,-0.1111111111111111,Summer,1
2026-04-26,Cabbage,154,Mysuru,Grade Range-1,Mysuru APMC,1200,1000,1100,Karnataka,Cabbage,2026,4,6,800.0,700.0,871.4285714285714,0.375,Summer,0
2026-04-27,Cabbage,154,Mysuru,Grade Range-1,Mysuru APMC,1400,900,1100,Karnataka,Cabbage,2026,4,0,1100.0,800.0,914.2857142857144,0.0,Summer,0
2026-04-28,Cabbage,154,Mysuru,Grade Range-1,Mysuru APMC,1400,1200,1300,Karnataka,Cabbage,2026,4,1,1100.0,800.0,985.7142857142856,0.1818181818181818,Summer,0
2026-04-29,Cabbage,154,Mysuru,Grade Range-1,Mysuru APMC,1600,1200,1300,Karnataka,Cabbage,2026,4,2,1300.0,900.0,1042.857142857143,0.0,Summer,0
2026-04-30,Cabbage,154,Mysuru,Grade Range-1,Mysuru APMC,1700,1200,1500,Karnataka,Cabbage,2026,4,3,1300.0,800.0,1142.857142857143,0.1538461538461537,Summer,0
2026-05-01,Cabbage,154,Mysuru,Grade Range-1,Mysuru APMC,1700,1200,1500,Karnataka,Cabbage,2026,5,4,1500.0,900.0,1228.571428571429,0.0,Summer,0
2026-05-03,Cabbage,154,Mysuru,Grade Range-1,Mysuru APMC,1700,1500,1600,Karnataka,Cabbage,2026,5,6,1500.0,800.0,1342.857142857143,0.0666666666666666,Summer,0
2026-05-05,Cabbage,154,Mysuru,Grade Range-1,Mysuru APMC,2000,1700,1900,Karnataka,Cabbage,2026,5,1,1600.0,1100.0,1457.142857142857,0.1875,Summer,0
2026-05-06,Cabbage,154,Mysuru,Grade Range-1,Mysuru APMC,2000,1700,1900,Karnataka,Cabbage,2026,5,2,1900.0,1100.0,1571.428571428571,0.0,Summer,0
2026-05-07,Cabbage,154,Mysuru,Grade Range-1,Mysuru APMC,2000,1700,1800,Karnataka,Cabbage,2026,5,3,1900.0,1300.0,1642.857142857143,-0.0526315789473684,Summer,0
2026-05-10,Cabbage,154,Mysuru,Medium,Mysuru APMC,2200,1700,2000,Karnataka,Cabbage,2026,5,6,1800.0,1300.0,1742.857142857143,0.1111111111111111,Summer,0
2026-05-11,Cabbage,154,Mysuru,Medium,Mysuru APMC,2400,2000,2200,Karnataka,Cabbage,2026,5,0,2000.0,1500.0,1842.857142857143,0.1,Summer,0
2026-05-12,Cabbage,154,Mysuru,Medium,Mysuru APMC,2400,2000,2300,Karnataka,Cabbage,2026,5,1,2200.0,1500.0,1957.142857142857,0.0454545454545454,Summer,0
2026-05-14,Cabbage,154,Mysuru,Medium,Mysuru APMC,2500,1500,2000,Karnataka,Cabbage,2026,5,3,2300.0,1600.0,2014.2857142857144,-0.1304347826086956,Summer,0
2026-05-15,Cabbage,154,Mysuru,Medium,Mysuru APMC,2000,1200,1800,Karnataka,Cabbage,2026,5,4,2000.0,1900.0,2000.0,-0.0999999999999999,Summer,0
2026-05-17,Cabbage,154,Mysuru,Medium,Mysuru APMC,20000,1200,1500,Karnataka,Cabbage,2026,5,6,1800.0,1900.0,1942.857142857143,-0.1666666666666666,Summer,0
2026-05-18,Cabbage,154,Mysuru,Medium,Mysuru APMC,2000,1500,1800,Karnataka,Cabbage,2026,5,0,1500.0,1800.0,1942.857142857143,0.1999999999999999,Summer,0
2026-05-19,Cabbage,154,Mysuru,Medium,Mysuru APMC,2000,1500,1800,Karnataka,Cabbage,2026,5,1,1800.0,2000.0,1914.2857142857144,0.0,Summer,0
2026-05-20,Cabbage,154,Mysuru,Medium,Mysuru APMC,1900,1500,1800,Karnataka,Cabbage,2026,5,2,1800.0,2200.0,1857.142857142857,0.0,Summer,0
2026-05-21,Cabbage,154,Mysuru,Medium,Mysuru APMC,1900,1500,1600,Karnataka,Cabbage,2026,5,3,1800.0,2300.0,1757.142857142857,-0.1111111111111111,Summer,0
2026-05-22,Cabbage,154,Mysuru,Medium,Mysuru APMC,2000,1500,1800,Karnataka,Cabbage,2026,5,4,1600.0,2000.0,1728.571428571429,0.125,Summer,0
2026-05-25,Cabbage,154,Mysuru,Medium,Mysuru APMC,2400,2000,2200,Karnataka,Cabbage,2026,5,0,1800.0,1800.0,1785.7142857142858,0.2222222222222223,Summer,0
2026-05-26,Cabbage,154,Mysuru,Medium,Mysuru APMC,2500,2000,2300,Karnataka,Cabbage,2026,5,1,2200.0,1500.0,1900.0,0.0454545454545454,Summer,0
2026-05-27,Cabbage,154,Mysuru,Medium,Mysuru APMC,2500,2000,2300,Karnataka,Cabbage,2026,5,2,2300.0,1800.0,1971.4285714285716,0.0,Summer,0
2026-05-28,Cabbage,154,Mysuru,Medium,Mysuru APMC,2700,2000,2500,Karnataka,Cabbage,2026,5,3,2300.0,1800.0,2071.428571428572,0.0869565217391303,Summer,0
2026-05-29,Cabbage,154,Mysuru,Medium,Mysuru APMC,3000,2500,2800,Karnataka,Cabbage,2026,5,4,2500.0,1800.0,2214.285714285714,0.1200000000000001,Summer,0
2026-05-31,Cabbage,154,Mysuru,Medium,Mysuru APMC,3000,2500,2800,Karnataka,Cabbage,2026,5,6,2800.0,1600.0,2385.714285714286,0.0,Summer,0
2026-06-02,Cabbage,154,Mysuru,Medium,Mysuru APMC,3000,2500,2800,Karnataka,Cabbage,2026,6,1,2800.0,1800.0,2528.5714285714284,0.0,Monsoon,0
2026-06-03,Cabbage,154,Mysuru,Medium,Mysuru APMC,3000,2500,2800,Karnataka,Cabbage,2026,6,2,2800.0,2200.0,2614.285714285714,0.0,Monsoon,0
2026-06-04,Cabbage,154,Mysuru,Medium,Mysuru APMC,3000,2500,2800,Karnataka,Cabbage,2026,6,3,2800.0,2300.0,2685.714285714286,0.0,Monsoon,0
2026-06-07,Cabbage,154,Mysuru,Medium,Mysuru APMC,3200,2600,3000,Karnataka,Cabbage,2026,6,6,2800.0,2300.0,2785.714285714286,0.0714285714285714,Monsoon,0
2026-06-09,Cabbage,154,Mysuru,Medium,Mysuru APMC,3200,2600,3000,Karnataka,Cabbage,2026,6,1,3000.0,2500.0,2857.1428571428573,0.0,Monsoon,0
2026-06-10,Cabbage,154,Mysuru,Medium,Mysuru APMC,3600,2600,3000,Karnataka,Cabbage,2026,6,2,3000.0,2800.0,2885.714285714286,0.0,Monsoon,0
2026-06-11,Cabbage,154,Mysuru,Medium,Mysuru APMC,3200,2500,3000,Karnataka,Cabbage,2026,6,3,3000.0,2800.0,2914.285714285714,0.0,Monsoon,0
2026-06-12,Cabbage,154,Mysuru,Medium,Mysuru APMC,3200,2500,3000,Karnataka,Cabbage,2026,6,4,3000.0,2800.0,2942.8571428571427,0.0,Monsoon,0
2026-06-15,Cabbage,154,Mysuru,Medium,Mysuru APMC,2900,2300,2600,Karnataka,Cabbage,2026,6,0,3000.0,2800.0,2914.285714285714,-0.1333333333333333,Monsoon,0
2026-06-16,Cabbage,154,Mysuru,Medium,Mysuru APMC,2900,2500,2800,Karnataka,Cabbage,2026,6,1,2600.0,2800.0,2914.285714285714,0.0769230769230768,Monsoon,0
2026-06-17,Cabbage,154,Mysuru,Medium,Mysuru APMC,2900,2500,2800,Karnataka,Cabbage,2026,6,2,2800.0,3000.0,2885.714285714286,0.0,Monsoon,0
2026-06-18,Cabbage,154,Mysuru,Medium,Mysuru APMC,2900,2500,2800,Karnataka,Cabbage,2026,6,3,2800.0,3000.0,2857.1428571428573,0.0,Monsoon,0
2026-06-19,Cabbage,154,Mysuru,Medium,Mysuru APMC,2900,2500,2700,Karnataka,Cabbage,2026,6,4,2800.0,3000.0,2814.285714285714,-0.0357142857142857,Monsoon,0
2026-06-21,Cabbage,154,Mysuru,Medium,Mysuru APMC,2900,2600,2700,Karnataka,Cabbage,2026,6,6,2700.0,3000.0,2771.428571428572,0.0,Monsoon,0
2026-06-22,Cabbage,154,Mysuru,Medium,Mysuru APMC,2900,2600,2800,Karnataka,Cabbage,2026,6,0,2700.0,3000.0,2742.8571428571427,0.0370370370370369,Monsoon,0
2026-06-23,Cabbage,154,Mysuru,Medium,Mysuru APMC,2900,2600,2700,Karnataka,Cabbage,2026,6,1,2800.0,2600.0,2757.1428571428573,-0.0357142857142857,Monsoon,0
2026-06-24,Cabbage,154,Mysuru,Medium,Mysuru APMC,2900,2600,2700,Karnataka,Cabbage,2026,6,2,2700.0,2800.0,2742.8571428571427,0.0,Monsoon,0
2026-06-25,Cabbage,154,Mysuru,Medium,Mysuru APMC,2800,2600,2700,Karnataka,Cabbage,2026,6,3,2700.0,2800.0,2728.5714285714284,0.0,Monsoon,0
2026-06-28,Cabbage,154,Mysuru,Medium,Mysuru APMC,2500,2300,2400,Karnataka,Cabbage,2026,6,6,2700.0,2800.0,2671.428571428572,-0.1111111111111111,Monsoon,0
2026-06-29,Cabbage,154,Mysuru,Medium,Mysuru APMC,2400,2200,2300,Karnataka,Cabbage,2026,6,0,2400.0,2700.0,2614.285714285714,-0.0416666666666666,Monsoon,0
2026-06-30,Cabbage,154,Mysuru,Medium,Mysuru APMC,2300,2200,2250,Karnataka,Cabbage,2026,6,1,2300.0,2700.0,2550.0,-0.0217391304347825,Monsoon,0
2026-07-01,Cabbage,154,Mysuru,Medium,Mysuru APMC,2200,2000,2100,Karnataka,Cabbage,2026,7,2,2250.0,2800.0,2450.0,-0.0666666666666666,Monsoon,0
2026-07-02,Cabbage,154,Mysuru,Medium,Mysuru APMC,2000,1800,1900,Karnataka,Cabbage,2026,7,3,2100.0,2700.0,2335.714285714286,-0.0952380952380952,Monsoon,0
2026-07-03,Cabbage,154,Mysuru,Medium,Mysuru APMC,2000,1800,1900,Karnataka,Cabbage,2026,7,4,1900.0,2700.0,2221.428571428572,0.0,Monsoon,0
2026-07-05,Cabbage,154,Mysuru,Medium,Mysuru APMC,2000,1800,1900,Karnataka,Cabbage,2026,7,6,1900.0,2700.0,2107.1428571428573,0.0,Monsoon,0
2026-07-06,Cabbage,154,Mysuru,Medium,Mysuru APMC,1900,1700,1800,Karnataka,Cabbage,2026,7,0,1900.0,2400.0,2021.4285714285716,-0.0526315789473684,Monsoon,0
2026-07-07,Cabbage,154,Mysuru,Medium,Mysuru APMC,1800,1600,1700,Karnataka,Cabbage,2026,7,1,1800.0,2300.0,1935.7142857142856,-0.0555555555555555,Monsoon,0
2026-07-08,Cabbage,154,Mysuru,Medium,Mysuru APMC,1800,1600,1700,Karnataka,Cabbage,2026,7,2,1700.0,2250.0,1857.142857142857,0.0,Monsoon,0
2026-07-09,Cabbage,154,Mysuru,Medium,Mysuru APMC,1700,1500,1600,Karnataka,Cabbage,2026,7,3,1700.0,2100.0,1785.7142857142858,-0.0588235294117647,Monsoon,0
2026-07-10,Cabbage,154,Mysuru,Medium,Mysuru APMC,1700,1500,1600,Karnataka,Cabbage,2026,7,4,1600.0,1900.0,1742.857142857143,0.0,Monsoon,0
2026-07-12,Cabbage,154,Mysuru,Medium,Mysuru APMC,1600,1400,1500,Karnataka,Cabbage,2026,7,6,1600.0,1900.0,1685.7142857142858,-0.0625,Monsoon,0
2026-07-13,Cabbage,154,Mysuru,Medium,Mysuru APMC,1700,1500,1600,Karnataka,Cabbage,2026,7,0,1500.0,1900.0,1642.857142857143,0.0666666666666666,Monsoon,0
2026-07-14,Cabbage,154,Mysuru,Medium,Mysuru APMC,1800,1600,1700,Karnataka,Cabbage,2026,7,1,1600.0,1800.0,1628.571428571429,0.0625,Monsoon,0
2026-07-15,Cabbage,154,Mysuru,Medium,Mysuru APMC,1800,1600,1700,Karnataka,Cabbage,2026,7,2,1700.0,1700.0,1628.571428571429,0.0,Monsoon,0
2026-07-16,Cabbage,154,Mysuru,Medium,Mysuru APMC,2000,1800,1900,Karnataka,Cabbage,2026,7,3,1700.0,1700.0,1657.142857142857,0.1176470588235294,Monsoon,0
2026-07-17,Cabbage,154,Mysuru,Medium,Mysuru APMC,2100,1900,2000,Karnataka,Cabbage,2026,7,4,1900.0,1600.0,1714.2857142857142,0.0526315789473683,Monsoon,0
2026-07-19,Cabbage,154,Mysuru,Medium,Mysuru APMC,2400,2000,2300,Karnataka,Cabbage,2026,7,6,2000.0,1600.0,1814.2857142857144,0.1499999999999999,Monsoon,0
2026-07-20,Cabbage,154,Mysuru,Medium,Mysuru APMC,2500,2100,2300,Karnataka,Cabbage,2026,7,0,2300.0,1500.0,1928.571428571429,0.0,Monsoon,0
2026-07-21,Cabbage,154,Mysuru,Medium,Mysuru APMC,2500,2100,2300,Karnataka,Cabbage,2026,7,1,2300.0,1600.0,2028.571428571429,0.0,Monsoon,0
2026-07-22,Cabbage,154,Mysuru,Medium,Mysuru APMC,2500,2200,2300,Karnataka,Cabbage,2026,7,2,2300.0,1700.0,2114.285714285714,0.0,Monsoon,0
2026-07-23,Cabbage,154,Mysuru,Medium,Mysuru APMC,2500,2200,2300,Karnataka,Cabbage,2026,7,3,2300.0,1700.0,2200.0,0.0,Monsoon,0
2026-07-24,Cabbage,154,Mysuru,Medium,Mysuru APMC,2200,2000,2100,Karnataka,Cabbage,2026,7,4,2300.0,1900.0,2228.5714285714284,-0.0869565217391304,Monsoon,0
2026-07-26,Cabbage,154,Mysuru,Medium,Mysuru APMC,1800,1600,1700,Karnataka,Cabbage,2026,7,6,2100.0,2000.0,2185.714285714286,-0.1904761904761904,Monsoon,0
2026-07-27,Cabbage,154,Mysuru,Medium,Mysuru APMC,1800,1600,1700,Karnataka,Cabbage,2026,7,0,1700.0,2300.0,2100.0,0.0,Monsoon,0
2026-07-28,Cabbage,154,Mysuru,Medium,Mysuru APMC,1800,1600,1700,Karnataka,Cabbage,2026,7,1,1700.0,2300.0,2014.2857142857144,0.0,Monsoon,0
2026-07-29,Cabbage,154,Mysuru,Medium,Mysuru APMC,1600,1400,1500,Karnataka,Cabbage,2026,7,2,1700.0,2300.0,1900.0,-0.1176470588235294,Monsoon,0
2026-07-30,Cabbage,154,Mysuru,Medium,Mysuru APMC,1500,1300,1400,Karnataka,Cabbage,2026,7,3,1500.0,2300.0,1771.428571428571,-0.0666666666666666,Monsoon,0
2026-07-31,Cabbage,154,Mysuru,Medium,Mysuru APMC,1400,1200,1300,Karnataka,Cabbage,2026,7,4,1400.0,2300.0,1628.571428571429,-0.0714285714285714,Monsoon,0
2026-08-02,Cabbage,154,Mysuru,Medium,Mysuru APMC,1200,1000,1100,Karnataka,Cabbage,2026,8,6,1300.0,2100.0,1485.7142857142858,-0.1538461538461538,Monsoon,0
2026-08-03,Cabbage,154,Mysuru,Medium,Mysuru APMC,1200,1000,1100,Karnataka,Cabbage,2026,8,0,1100.0,1700.0,1400.0,0.0,Monsoon,0
2026-08-04,Cabbage,154,Mysuru,Medium,Mysuru APMC,1200,1000,1100,Karnataka,Cabbage,2026,8,1,1100.0,1700.0,1314.2857142857142,0.0,Monsoon,0
2026-08-05,Cabbage,154,Mysuru,Medium,Mysuru APMC,1200,1000,1100,Karnataka,Cabbage,2026,8,2,1100.0,1700.0,1228.571428571429,0.0,Monsoon,0
2026-08-06,Cabbage,154,Mysuru,Medium,Mysuru APMC,1200,1000,1100,Karnataka,Cabbage,2026,8,3,1100.0,1500.0,1171.428571428571,0.0,Monsoon,0
2026-08-07,Cabbage,154,Mysuru,Medium,Mysuru APMC,1200,1000,1100,Karnataka,Cabbage,2026,8,4,1100.0,1400.0,1128.571428571429,0.0,Monsoon,0
2026-05-08,Cabbage,154,Mysuru,Small,Santhesargur APMC,1383,1383,1383,Karnataka,Cabbage,2026,5,4,1383.0,,1383.0,0.0,Summer,0
2026-04-08,Cabbage,154,Mysuru,Small,T. Narasipura APMC,2000,1500,2000,Karnataka,Cabbage,2026,4,2,2000.0,,2000.0,0.0,Summer,0
2026-04-15,Cabbage,154,Mysuru,Small,T. Narasipura APMC,2000,1500,2000,Karnataka,Cabbage,2026,4,2,2000.0,,2000.0,0.0,Summer,0
2026-05-11,Cabbage,154,Mysuru,Small,T. Narasipura APMC,2000,1500,2000,Karnataka,Cabbage,2026,5,0,2000.0,,2000.0,0.0,Summer,0
2026-05-13,Cabbage,154,Mysuru,Small,T. Narasipura APMC,2000,1500,2000,Karnataka,Cabbage,2026,5,2,2000.0,,2000.0,0.0,Summer,0
2026-06-03,Cabbage,154,Mysuru,Small,T. Narasipura APMC,2000,1500,2000,Karnataka,Cabbage,2026,6,2,2000.0,,2000.0,0.0,Monsoon,0
2023-01-06,Cabbage,154,Nalgonda,FAQ,Venkateswarnagar,1000,1000,1000,Telangana,Cabbage,2023,1,4,1000.0,,1000.0,0.0,Winter,0
2023-01-20,Cabbage,154,Nalgonda,FAQ,Venkateswarnagar,1500,1500,1500,Telangana,Cabbage,2023,1,4,1000.0,,1166.6666666666667,0.5,Winter,0
2023-01-23,Cabbage,154,Nalgonda,FAQ,Venkateswarnagar,1000,1000,1000,Telangana,Cabbage,2023,1,0,1500.0,,1125.0,-0.3333333333333333,Winter,0
2023-01-28,Cabbage,154,Nalgonda,FAQ,Venkateswarnagar,1000,1000,1000,Telangana,Cabbage,2023,1,5,1000.0,,1100.0,0.0,Winter,0
2023-02-01,Cabbage,154,Nalgonda,FAQ,Venkateswarnagar,1500,1500,1500,Telangana,Cabbage,2023,2,2,1000.0,,1166.6666666666667,0.5,Winter,0
2023-02-02,Cabbage,154,Nalgonda,FAQ,Venkateswarnagar,2000,2000,2000,Telangana,Cabbage,2023,2,3,1500.0,,1285.7142857142858,0.3333333333333332,Winter,0
2023-02-03,Cabbage,154,Nalgonda,FAQ,Venkateswarnagar,2000,2000,2000,Telangana,Cabbage,2023,2,4,2000.0,1000.0,1428.571428571429,0.0,Winter,0
2023-02-06,Cabbage,154,Nalgonda,FAQ,Venkateswarnagar,3000,3000,3000,Telangana,Cabbage,2023,2,0,2000.0,1000.0,1714.2857142857142,0.5,Winter,0
2023-02-07,Cabbage,154,Nalgonda,FAQ,Venkateswarnagar,2000,2000,2000,Telangana,Cabbage,2023,2,1,3000.0,1500.0,1785.7142857142858,-0.3333333333333333,Winter,0
2023-02-15,Cabbage,154,Nalgonda,FAQ,Venkateswarnagar,2500,2500,2500,Telangana,Cabbage,2023,2,2,2000.0,1000.0,2000.0,0.25,Winter,0
2023-02-18,Cabbage,154,Nalgonda,FAQ,Venkateswarnagar,2000,2000,2000,Telangana,Cabbage,2023,2,5,2500.0,1000.0,2142.8571428571427,-0.1999999999999999,Winter,0
2023-02-27,Cabbage,154,Nalgonda,FAQ,Venkateswarnagar,3000,3000,3000,Telangana,Cabbage,2023,2,0,2000.0,1500.0,2357.1428571428573,0.5,Winter,0
2023-02-28,Cabbage,154,Nalgonda,FAQ,Venkateswarnagar,3000,3000,3000,Telangana,Cabbage,2023,2,1,3000.0,2000.0,2500.0,0.0,Winter,0
2023-03-05,Cabbage,154,Nalgonda,FAQ,Venkateswarnagar,2500,2500,2500,Telangana,Cabbage,2023,3,6,3000.0,2000.0,2571.428571428572,-0.1666666666666666,Summer,0
2023-03-09,Cabbage,154,Nalgonda,FAQ,Venkateswarnagar,2000,2000,2000,Telangana,Cabbage,2023,3,3,2500.0,3000.0,2428.5714285714284,-0.1999999999999999,Summer,0
2023-03-12,Cabbage,154,Nalgonda,FAQ,Venkateswarnagar,3000,3000,3000,Telangana,Cabbage,2023,3,6,2000.0,2000.0,2571.428571428572,0.5,Summer,0
2023-03-21,Cabbage,154,Nalgonda,FAQ,Venkateswarnagar,2000,2000,2000,Telangana,Cabbage,2023,3,1,3000.0,2500.0,2500.0,-0.3333333333333333,Summer,0
2023-03-27,Cabbage,154,Nalgonda,FAQ,Venkateswarnagar,3000,3000,3000,Telangana,Cabbage,2023,3,0,2000.0,2000.0,2642.8571428571427,0.5,Summer,0
2023-04-16,Cabbage,154,Nalgonda,FAQ,Venkateswarnagar,1500,1500,1500,Telangana,Cabbage,2023,4,6,3000.0,3000.0,2428.5714285714284,-0.5,Summer,0
2023-04-27,Cabbage,154,Nalgonda,FAQ,Venkateswarnagar,2500,2500,2500,Telangana,Cabbage,2023,4,3,1500.0,3000.0,2357.1428571428573,0.6666666666666667,Summer,0
2023-05-03,Cabbage,154,Nalgonda,FAQ,Venkateswarnagar,2500,2500,2500,Telangana,Cabbage,2023,5,2,2500.0,2500.0,2357.1428571428573,0.0,Summer,0
2023-05-07,Cabbage,154,Nalgonda,FAQ,Venkateswarnagar,3000,3000,3000,Telangana,Cabbage,2023,5,6,2500.0,2000.0,2500.0,0.1999999999999999,Summer,0
2023-05-09,Cabbage,154,Nalgonda,FAQ,Venkateswarnagar,2500,2500,2500,Telangana,Cabbage,2023,5,1,3000.0,3000.0,2428.5714285714284,-0.1666666666666666,Summer,0
2023-05-16,Cabbage,154,Nalgonda,FAQ,Venkateswarnagar,3000,3000,3000,Telangana,Cabbage,2023,5,1,2500.0,2000.0,2571.428571428572,0.1999999999999999,Summer,0
2023-05-18,Cabbage,154,Nalgonda,FAQ,Venkateswarnagar,3000,3000,3000,Telangana,Cabbage,2023,5,3,3000.0,3000.0,2571.428571428572,0.0,Summer,0
2023-05-20,Cabbage,154,Nalgonda,FAQ,Venkateswarnagar,3000,3000,3000,Telangana,Cabbage,2023,5,5,3000.0,1500.0,2785.714285714286,0.0,Summer,0
2023-05-29,Cabbage,154,Nalgonda,FAQ,Venkateswarnagar,3000,3000,3000,Telangana,Cabbage,2023,5,0,3000.0,2500.0,2857.1428571428573,0.0,Summer,0
2023-06-04,Cabbage,154,Nalgonda,FAQ,Venkateswarnagar,2500,2500,2500,Telangana,Cabbage,2023,6,6,3000.0,2500.0,2857.1428571428573,-0.1666666666666666,Monsoon,0
2023-06-08,Cabbage,154,Nalgonda,FAQ,Venkateswarnagar,3000,3000,3000,Telangana,Cabbage,2023,6,3,2500.0,3000.0,2857.1428571428573,0.1999999999999999,Monsoon,0
2023-06-14,Cabbage,154,Nalgonda,FAQ,Venkateswarnagar,3000,3000,3000,Telangana,Cabbage,2023,6,2,3000.0,2500.0,2928.5714285714284,0.0,Monsoon,0
2023-06-26,Cabbage,154,Nalgonda,FAQ,Venkateswarnagar,2000,2000,2000,Telangana,Cabbage,2023,6,0,3000.0,3000.0,2785.714285714286,-0.3333333333333333,Monsoon,0
2023-07-02,Cabbage,154,Nalgonda,FAQ,Venkateswarnagar,3000,3000,3000,Telangana,Cabbage,2023,7,6,2000.0,3000.0,2785.714285714286,0.5,Monsoon,0
2023-07-31,Cabbage,154,Nalgonda,FAQ,Venkateswarnagar,3000,3000,3000,Telangana,Cabbage,2023,7,0,3000.0,3000.0,2785.714285714286,0.0,Monsoon,0
2023-08-03,Cabbage,154,Nalgonda,FAQ,Venkateswarnagar,3000,3000,3000,Telangana,Cabbage,2023,8,3,3000.0,3000.0,2785.714285714286,0.0,Monsoon,0
2023-08-10,Cabbage,154,Nalgonda,FAQ,Venkateswarnagar,3500,3500,3500,Telangana,Cabbage,2023,8,3,3000.0,2500.0,2928.5714285714284,0.1666666666666667,Monsoon,1
2023-08-15,Cabbage,154,Nalgonda,FAQ,Venkateswarnagar,3500,3500,3500,Telangana,Cabbage,2023,8,1,3500.0,3000.0,3000.0,0.0,Monsoon,1
2023-08-22,Cabbage,154,Nalgonda,FAQ,Venkateswarnagar,1000,1000,1000,Telangana,Cabbage,2023,8,1,3500.0,3000.0,2714.285714285714,-0.7142857142857143,Monsoon,0
2023-08-24,Cabbage,154,Nalgonda,FAQ,Venkateswarnagar,1000,1000,1000,Telangana,Cabbage,2023,8,3,1000.0,2000.0,2571.428571428572,0.0,Monsoon,0
2023-09-06,Cabbage,154,Nalgonda,FAQ,Venkateswarnagar,2000,2000,2000,Telangana,Cabbage,2023,9,2,1000.0,3000.0,2428.5714285714284,1.0,Monsoon,0
2023-09-18,Cabbage,154,Nalgonda,FAQ,Venkateswarnagar,2000,2000,2000,Telangana,Cabbage,2023,9,0,2000.0,3000.0,2285.714285714286,0.0,Monsoon,0
2023-09-30,Cabbage,154,Nalgonda,FAQ,Venkateswarnagar,1500,1500,1500,Telangana,Cabbage,2023,9,5,2000.0,3000.0,2071.428571428572,-0.25,Monsoon,0
2023-10-02,Cabbage,154,Nalgonda,FAQ,Venkateswarnagar,1500,1500,1500,Telangana,Cabbage,2023,10,0,1500.0,3500.0,1785.7142857142858,0.0,PostMonsoon,0
2023-10-12,Cabbage,154,Nalgonda,FAQ,Venkateswarnagar,1500,1500,1500,Telangana,Cabbage,2023,10,3,1500.0,3500.0,1500.0,0.0,PostMonsoon,0
2023-10-13,Cabbage,154,Nalgonda,FAQ,Venkateswarnagar,1500,1500,1500,Telangana,Cabbage,2023,10,4,1500.0,1000.0,1571.428571428571,0.0,PostMonsoon,0
2023-10-14,Cabbage,154,Nalgonda,FAQ,Venkateswarnagar,1500,1500,1500,Telangana,Cabbage,2023,10,5,1500.0,1000.0,1642.857142857143,0.0,PostMonsoon,0
2023-10-15,Cabbage,154,Nalgonda,FAQ,Venkateswarnagar,1500,1500,1500,Telangana,Cabbage,2023,10,6,1500.0,2000.0,1571.428571428571,0.0,PostMonsoon,0
2023-10-16,Cabbage,154,Nalgonda,FAQ,Venkateswarnagar,1500,1500,1500,Telangana,Cabbage,2023,10,0,1500.0,2000.0,1500.0,0.0,PostMonsoon,0
2023-10-18,Cabbage,154,Nalgonda,FAQ,Venkateswarnagar,1500,1500,1500,Telangana,Cabbage,2023,10,2,1500.0,1500.0,1500.0,0.0,PostMonsoon,0
2023-10-21,Cabbage,154,Nalgonda,FAQ,Venkateswarnagar,1500,1500,1500,Telangana,Cabbage,2023,10,5,1500.0,1500.0,1500.0,0.0,PostMonsoon,0
2023-10-28,Cabbage,154,Nalgonda,FAQ,Venkateswarnagar,1800,1800,1800,Telangana,Cabbage,2023,10,5,1500.0,1500.0,1542.857142857143,0.1999999999999999,PostMonsoon,0
2023-11-05,Cabbage,154,Nalgonda,FAQ,Venkateswarnagar,2000,2000,2000,Telangana,Cabbage,2023,11,6,1800.0,1500.0,1614.2857142857142,0.1111111111111111,PostMonsoon,0
2023-11-11,Cabbage,154,Nalgonda,FAQ,Venkateswarnagar,1500,1500,1500,Telangana,Cabbage,2023,11,5,2000.0,1500.0,1614.2857142857142,-0.25,PostMonsoon,0
2023-11-14,Cabbage,154,Nalgonda,FAQ,Venkateswarnagar,1500,1500,1500,Telangana,Cabbage,2023,11,1,1500.0,1500.0,1614.2857142857142,0.0,PostMonsoon,0
2023-12-14,Cabbage,154,Nalgonda,FAQ,Venkateswarnagar,1500,1500,1500,Telangana,Cabbage,2023,12,3,1500.0,1500.0,1614.2857142857142,0.0,Winter,0
2023-12-16,Cabbage,154,Nalgonda,FAQ,Venkateswarnagar,1500,1500,1500,Telangana,Cabbage,2023,12,5,1500.0,1500.0,1614.2857142857142,0.0,Winter,0
2023-12-17,Cabbage,154,Nalgonda,FAQ,Venkateswarnagar,1500,1500,1500,Telangana,Cabbage,2023,12,6,1500.0,1500.0,1614.2857142857142,0.0,Winter,0
2023-12-18,Cabbage,154,Nalgonda,FAQ,Venkateswarnagar,1500,1500,1500,Telangana,Cabbage,2023,12,0,1500.0,1800.0,1571.428571428571,0.0,Winter,0
2023-12-28,Cabbage,154,Nalgonda,FAQ,Venkateswarnagar,2000,2000,2000,Telangana,Cabbage,2023,12,3,1500.0,2000.0,1571.428571428571,0.3333333333333332,Winter,0
2024-09-13,Cabbage,154,Warangal,FAQ,Warangal,1600,1400,1500,Telangana,Cabbage,2024,9,4,1800.0,,1650.0,-0.1666666666666666,Monsoon,0
2024-09-23,Cabbage,154,Warangal,FAQ,Warangal,1600,1200,1400,Telangana,Cabbage,2024,9,0,1500.0,,1566.6666666666667,-0.0666666666666666,Monsoon,0
2024-09-26,Cabbage,154,Warangal,FAQ,Warangal,2000,1600,1800,Telangana,Cabbage,2024,9,3,1400.0,,1625.0,0.2857142857142858,Monsoon,0
2024-09-27,Cabbage,154,Warangal,FAQ,Warangal,2000,1600,1800,Telangana,Cabbage,2024,9,4,1800.0,,1660.0,0.0,Monsoon,0
2024-10-23,Cabbage,154,Warangal,FAQ,Warangal,2500,2200,2350,Telangana,Cabbage,2024,10,2,1800.0,,1775.0,0.3055555555555556,PostMonsoon,0
2024-12-17,Cabbage,154,Warangal,FAQ,Warangal,1600,1200,1400,Telangana,Cabbage,2024,12,1,2350.0,,1721.428571428571,-0.4042553191489362,Winter,0
2024-12-18,Cabbage,154,Warangal,FAQ,Warangal,2600,2200,2400,Telangana,Cabbage,2024,12,2,1400.0,1800.0,1807.142857142857,0.7142857142857142,Winter,0
2024-12-24,Cabbage,154,Warangal,FAQ,Warangal,2600,2200,2400,Telangana,Cabbage,2024,12,1,2400.0,1500.0,1935.7142857142856,0.0,Winter,0
2024-12-27,Cabbage,154,Warangal,FAQ,Warangal,1400,1000,1200,Telangana,Cabbage,2024,12,4,2400.0,1400.0,1907.142857142857,-0.5,Winter,0
2024-12-30,Cabbage,154,Warangal,FAQ,Warangal,1000,800,900,Telangana,Cabbage,2024,12,0,1200.0,1800.0,1778.571428571429,-0.25,Winter,0
2026-04-02,Carrot,153,Bengaluru,Local,"Binny Mill (F&V), Bengaluru APMC",2500,2000,2300,Karnataka,Carrot,2026,4,3,2400.0,,2350.0,-0.0416666666666666,Summer,0
2026-04-04,Carrot,153,Bengaluru,Local,"Binny Mill (F&V), Bengaluru APMC",2400,2000,2200,Karnataka,Carrot,2026,4,5,2300.0,,2300.0,-0.0434782608695651,Summer,0
2026-04-06,Carrot,153,Bengaluru,Local,"Binny Mill (F&V), Bengaluru APMC",2500,2000,2400,Karnataka,Carrot,2026,4,0,2200.0,,2325.0,0.0909090909090908,Summer,0
2026-04-07,Carrot,153,Bengaluru,Local,"Binny Mill (F&V), Bengaluru APMC",2500,2000,2400,Karnataka,Carrot,2026,4,1,2400.0,,2340.0,0.0,Summer,0
2026-04-08,Carrot,153,Bengaluru,Local,"Binny Mill (F&V), Bengaluru APMC",2500,2000,2400,Karnataka,Carrot,2026,4,2,2400.0,,2350.0,0.0,Summer,0
2026-04-09,Carrot,153,Bengaluru,Local,"Binny Mill (F&V), Bengaluru APMC",2500,2000,2400,Karnataka,Carrot,2026,4,3,2400.0,,2357.1428571428573,0.0,Summer,0
2026-04-10,Carrot,153,Bengaluru,Local,"Binny Mill (F&V), Bengaluru APMC",2500,2000,2400,Karnataka,Carrot,2026,4,4,2400.0,2400.0,2357.1428571428573,0.0,Summer,0
2026-04-15,Carrot,153,Bengaluru,Local,"Binny Mill (F&V), Bengaluru APMC",2600,2200,2400,Karnataka,Carrot,2026,4,2,2400.0,2300.0,2371.428571428572,0.0,Summer,0
2026-04-16,Carrot,153,Bengaluru,Local,"Binny Mill (F&V), Bengaluru APMC",2600,2200,2400,Karnataka,Carrot,2026,4,3,2400.0,2200.0,2400.0,0.0,Summer,0
2026-04-17,Carrot,153,Bengaluru,Local,"Binny Mill (F&V), Bengaluru APMC",2600,2200,2400,Karnataka,Carrot,2026,4,4,2400.0,2400.0,2400.0,0.0,Summer,0
2026-04-18,Carrot,153,Bengaluru,Local,"Binny Mill (F&V), Bengaluru APMC",2600,2200,2400,Karnataka,Carrot,2026,4,5,2400.0,2400.0,2400.0,0.0,Summer,0
2026-04-21,Carrot,153,Bengaluru,Local,"Binny Mill (F&V), Bengaluru APMC",2800,2400,2600,Karnataka,Carrot,2026,4,1,2400.0,2400.0,2428.5714285714284,0.0833333333333332,Summer,0
2026-04-22,Carrot,153,Bengaluru,Local,"Binny Mill (F&V), Bengaluru APMC",3000,2500,2800,Karnataka,Carrot,2026,4,2,2600.0,2400.0,2485.714285714286,0.0769230769230768,Summer,0
2026-04-24,Carrot,153,Bengaluru,Local,"Binny Mill (F&V), Bengaluru APMC",2600,2200,2400,Karnataka,Carrot,2026,4,4,2800.0,2400.0,2485.714285714286,-0.1428571428571429,Summer,0
2026-04-27,Carrot,153,Bengaluru,Local,"Binny Mill (F&V), Bengaluru APMC",2600,2000,2400,Karnataka,Carrot,2026,4,0,2400.0,2400.0,2485.714285714286,0.0,Summer,0
2026-04-28,Carrot,153,Bengaluru,Local,"Binny Mill (F&V), Bengaluru APMC",2600,2000,2400,Karnataka,Carrot,2026,4,1,2400.0,2400.0,2485.714285714286,0.0,Summer,0
2026-04-29,Carrot,153,Bengaluru,Local,"Binny Mill (F&V), Bengaluru APMC",2700,2400,2600,Karnataka,Carrot,2026,4,2,2400.0,2400.0,2514.285714285714,0.0833333333333332,Summer,0
2026-04-30,Carrot,153,Bengaluru,Local,"Binny Mill (F&V), Bengaluru APMC",2600,2000,2400,Karnataka,Carrot,2026,4,3,2600.0,2400.0,2514.285714285714,-0.0769230769230768,Summer,0
2026-05-02,Carrot,153,Bengaluru,Local,"Binny Mill (F&V), Bengaluru APMC",2900,2600,2800,Karnataka,Carrot,2026,5,5,2400.0,2600.0,2542.8571428571427,0.1666666666666667,Summer,0
2026-05-04,Carrot,153,Bengaluru,Local,"Binny Mill (F&V), Bengaluru APMC",2900,2600,2800,Karnataka,Carrot,2026,5,0,2800.0,2800.0,2542.8571428571427,0.0,Summer,0
2026-05-07,Carrot,153,Bengaluru,Local,"Binny Mill (F&V), Bengaluru APMC",4000,3000,3500,Karnataka,Carrot,2026,5,3,2800.0,2400.0,2700.0,0.25,Summer,0
2026-05-11,Carrot,153,Bengaluru,Local,"Binny Mill (F&V), Bengaluru APMC",4000,3000,3500,Karnataka,Carrot,2026,5,0,3500.0,2400.0,2857.1428571428573,0.0,Summer,0
2026-05-13,Carrot,153,Bengaluru,Local,"Binny Mill (F&V), Bengaluru APMC",3400,3000,3200,Karnataka,Carrot,2026,5,2,3500.0,2400.0,2971.428571428572,-0.0857142857142857,Summer,0
2026-05-14,Carrot,153,Bengaluru,Local,"Binny Mill (F&V), Bengaluru APMC",3400,3000,3200,Karnataka,Carrot,2026,5,3,3200.0,2600.0,3057.1428571428573,0.0,Summer,0
2026-05-15,Carrot,153,Bengaluru,Local,"Binny Mill (F&V), Bengaluru APMC",3200,2800,3000,Karnataka,Carrot,2026,5,4,3200.0,2400.0,3142.8571428571427,-0.0625,Summer,0
2026-05-18,Carrot,153,Bengaluru,Local,"Binny Mill (F&V), Bengaluru APMC",3400,3000,3200,Karnataka,Carrot,2026,5,0,3000.0,2800.0,3200.0,0.0666666666666666,Summer,0
2026-05-21,Carrot,153,Bengaluru,Local,"Binny Mill (F&V), Bengaluru APMC",4500,3500,4000,Karnataka,Carrot,2026,5,3,3200.0,2800.0,3371.428571428572,0.25,Summer,0
2026-05-30,Carrot,153,Bengaluru,Local,"Binny Mill (F&V), Bengaluru APMC",4600,3600,4100,Karnataka,Carrot,2026,5,5,4000.0,3500.0,3457.1428571428573,0.0249999999999999,Summer,0
2026-06-01,Carrot,153,Bengaluru,Local,"Binny Mill (F&V), Bengaluru APMC",4500,3500,4000,Karnataka,Carrot,2026,6,0,4100.0,3500.0,3528.5714285714284,-0.024390243902439,Monsoon,0
2026-06-02,Carrot,153,Bengaluru,Local,"Binny Mill (F&V), Bengaluru APMC",4500,4000,4300,Karnataka,Carrot,2026,6,1,4000.0,3200.0,3685.714285714286,0.0749999999999999,Monsoon,0
2026-06-03,Carrot,153,Bengaluru,Local,"Binny Mill (F&V), Bengaluru APMC",5000,4200,4700,Karnataka,Carrot,2026,6,2,4300.0,3200.0,3900.0,0.0930232558139534,Monsoon,0
2026-06-04,Carrot,153,Bengaluru,Local,"Binny Mill (F&V), Bengaluru APMC",5100,4300,4800,Karnataka,Carrot,2026,6,3,4700.0,3000.0,4157.142857142857,0.0212765957446807,Monsoon,0
2026-06-05,Carrot,153,Bengaluru,Local,"Binny Mill (F&V), Bengaluru APMC",5000,4000,4500,Karnataka,Carrot,2026,6,4,4800.0,3200.0,4342.857142857143,-0.0625,Monsoon,0
2026-06-06,Carrot,153,Bengaluru,Local,"Binny Mill (F&V), Bengaluru APMC",5000,4500,4700,Karnataka,Carrot,2026,6,5,4500.0,4000.0,4442.857142857143,0.0444444444444445,Monsoon,0
2026-06-08,Carrot,153,Bengaluru,Local,"Binny Mill (F&V), Bengaluru APMC",5000,4500,4700,Karnataka,Carrot,2026,6,0,4700.0,4100.0,4528.571428571428,0.0,Monsoon,0
2026-06-09,Carrot,153,Bengaluru,Local,"Binny Mill (F&V), Bengaluru APMC",5000,4500,4700,Karnataka,Carrot,2026,6,1,4700.0,4000.0,4628.571428571428,0.0,Monsoon,0
2026-06-10,Carrot,153,Bengaluru,Local,"Binny Mill (F&V), Bengaluru APMC",5000,4500,4700,Karnataka,Carrot,2026,6,2,4700.0,4300.0,4685.714285714285,0.0,Monsoon,0
2026-06-11,Carrot,153,Bengaluru,Local,"Binny Mill (F&V), Bengaluru APMC",5000,4500,4700,Karnataka,Carrot,2026,6,3,4700.0,4700.0,4685.714285714285,0.0,Monsoon,0
2026-06-12,Carrot,153,Bengaluru,Local,"Binny Mill (F&V), Bengaluru APMC",4800,4400,4600,Karnataka,Carrot,2026,6,4,4700.0,4800.0,4657.142857142857,-0.0212765957446808,Monsoon,0
2026-06-15,Carrot,153,Bengaluru,Local,"Binny Mill (F&V), Bengaluru APMC",5000,4600,4800,Karnataka,Carrot,2026,6,0,4600.0,4500.0,4700.0,0.0434782608695651,Monsoon,0
2026-06-16,Carrot,153,Bengaluru,Local,"Binny Mill (F&V), Bengaluru APMC",5500,4500,5000,Karnataka,Carrot,2026,6,1,4800.0,4700.0,4742.857142857143,0.0416666666666667,Monsoon,0
2026-06-17,Carrot,153,Bengaluru,Local,"Binny Mill (F&V), Bengaluru APMC",5000,4600,4800,Karnataka,Carrot,2026,6,2,5000.0,4700.0,4757.142857142857,-0.04,Monsoon,0
2026-06-18,Carrot,153,Bengaluru,Local,"Binny Mill (F&V), Bengaluru APMC",6000,5000,5500,Karnataka,Carrot,2026,6,3,4800.0,4700.0,4871.428571428572,0.1458333333333332,Monsoon,0
2026-06-19,Carrot,153,Bengaluru,Local,"Binny Mill (F&V), Bengaluru APMC",6000,5200,5500,Karnataka,Carrot,2026,6,4,5500.0,4700.0,4985.714285714285,0.0,Monsoon,0
2026-06-20,Carrot,153,Bengaluru,Local,"Binny Mill (F&V), Bengaluru APMC",6000,5000,5500,Karnataka,Carrot,2026,6,5,5500.0,4700.0,5100.0,0.0,Monsoon,0
2026-06-22,Carrot,153,Bengaluru,Local,"Binny Mill (F&V), Bengaluru APMC",6000,5000,5500,Karnataka,Carrot,2026,6,0,5500.0,4600.0,5228.571428571428,0.0,Monsoon,0
2026-06-23,Carrot,153,Bengaluru,Local,"Binny Mill (F&V), Bengaluru APMC",6000,5000,5500,Karnataka,Carrot,2026,6,1,5500.0,4800.0,5328.571428571428,0.0,Monsoon,0
2026-06-24,Carrot,153,Bengaluru,Local,"Binny Mill (F&V), Bengaluru APMC",6000,5000,5500,Karnataka,Carrot,2026,6,2,5500.0,5000.0,5400.0,0.0,Monsoon,0
2026-06-25,Carrot,153,Bengaluru,Local,"Binny Mill (F&V), Bengaluru APMC",6000,5000,5500,Karnataka,Carrot,2026,6,3,5500.0,4800.0,5500.0,0.0,Monsoon,0
2026-06-29,Carrot,153,Bengaluru,Local,"Binny Mill (F&V), Bengaluru APMC",6000,5000,5500,Karnataka,Carrot,2026,6,0,5500.0,5500.0,5500.0,0.0,Monsoon,0
2026-06-30,Carrot,153,Bengaluru,Local,"Binny Mill (F&V), Bengaluru APMC",6000,5000,5500,Karnataka,Carrot,2026,6,1,5500.0,5500.0,5500.0,0.0,Monsoon,0
2026-07-01,Carrot,153,Bengaluru,Local,"Binny Mill (F&V), Bengaluru APMC",6000,5000,5500,Karnataka,Carrot,2026,7,2,5500.0,5500.0,5500.0,0.0,Monsoon,0
2026-07-02,Carrot,153,Bengaluru,Local,"Binny Mill (F&V), Bengaluru APMC",6000,5000,5500,Karnataka,Carrot,2026,7,3,5500.0,5500.0,5500.0,0.0,Monsoon,0
2026-07-03,Carrot,153,Bengaluru,Local,"Binny Mill (F&V), Bengaluru APMC",6000,5000,5500,Karnataka,Carrot,2026,7,4,5500.0,5500.0,5500.0,0.0,Monsoon,0
2026-07-04,Carrot,153,Bengaluru,Local,"Binny Mill (F&V), Bengaluru APMC",6000,5000,5500,Karnataka,Carrot,2026,7,5,5500.0,5500.0,5500.0,0.0,Monsoon,0
2026-07-06,Carrot,153,Bengaluru,Local,"Binny Mill (F&V), Bengaluru APMC",6000,5000,5500,Karnataka,Carrot,2026,7,0,5500.0,5500.0,5500.0,0.0,Monsoon,0
2026-07-07,Carrot,153,Bengaluru,Local,"Binny Mill (F&V), Bengaluru APMC",6000,5500,5800,Karnataka,Carrot,2026,7,1,5500.0,5500.0,5542.857142857143,0.0545454545454544,Monsoon,0
2026-07-08,Carrot,153,Bengaluru,Local,"Binny Mill (F&V), Bengaluru APMC",6000,5500,5800,Karnataka,Carrot,2026,7,2,5800.0,5500.0,5585.714285714285,0.0,Monsoon,0
2026-07-09,Carrot,153,Bengaluru,Local,"Binny Mill (F&V), Bengaluru APMC",5500,4500,5000,Karnataka,Carrot,2026,7,3,5800.0,5500.0,5514.285714285715,-0.1379310344827586,Monsoon,0
2026-07-10,Carrot,153,Bengaluru,Local,"Binny Mill (F&V), Bengaluru APMC",5500,4500,5000,Karnataka,Carrot,2026,7,4,5000.0,5500.0,5442.857142857143,0.0,Monsoon,0
2026-07-13,Carrot,153,Bengaluru,Local,"Binny Mill (F&V), Bengaluru APMC",6500,5500,6000,Karnataka,Carrot,2026,7,0,5000.0,5500.0,5514.285714285715,0.1999999999999999,Monsoon,0
2026-07-14,Carrot,153,Bengaluru,Local,"Binny Mill (F&V), Bengaluru APMC",6500,5500,6000,Karnataka,Carrot,2026,7,1,6000.0,5500.0,5585.714285714285,0.0,Monsoon,0
2026-07-15,Carrot,153,Bengaluru,Local,"Binny Mill (F&V), Bengaluru APMC",5500,4500,5000,Karnataka,Carrot,2026,7,2,6000.0,5500.0,5514.285714285715,-0.1666666666666666,Monsoon,0
2026-07-16,Carrot,153,Bengaluru,Local,"Binny Mill (F&V), Bengaluru APMC",5500,4500,5000,Karnataka,Carrot,2026,7,3,5000.0,5800.0,5400.0,0.0,Monsoon,0
2026-07-17,Carrot,153,Bengaluru,Local,"Binny Mill (F&V), Bengaluru APMC",5500,4500,5000,Karnataka,Carrot,2026,7,4,5000.0,5800.0,5285.714285714285,0.0,Monsoon,0
2026-07-18,Carrot,153,Bengaluru,Local,"Binny Mill (F&V), Bengaluru APMC",5000,4000,4500,Karnataka,Carrot,2026,7,5,5000.0,5000.0,5214.285714285715,-0.0999999999999999,Monsoon,0
2026-07-20,Carrot,153,Bengaluru,Local,"Binny Mill (F&V), Bengaluru APMC",5500,4500,5000,Karnataka,Carrot,2026,7,0,4500.0,5000.0,5214.285714285715,0.1111111111111111,Monsoon,0
2026-07-21,Carrot,153,Bengaluru,Local,"Binny Mill (F&V), Bengaluru APMC",5500,4500,5000,Karnataka,Carrot,2026,7,1,5000.0,6000.0,5071.428571428572,0.0,Monsoon,0
2026-06-02,Carrot,153,Bengaluru,Local,Binny Mill (FF&V) Bengaluru APMC,4500,4000,4300,Karnataka,Carrot,2026,6,1,4000.0,,4150.0,0.0749999999999999,Monsoon,0
2026-06-03,Carrot,153,Bengaluru,Local,Binny Mill (FF&V) Bengaluru APMC,5000,4200,4700,Karnataka,Carrot,2026,6,2,4300.0,,4333.333333333333,0.0930232558139534,Monsoon,0
2026-06-04,Carrot,153,Bengaluru,Local,Binny Mill (FF&V) Bengaluru APMC,5100,4300,4800,Karnataka,Carrot,2026,6,3,4700.0,,4450.0,0.0212765957446807,Monsoon,0
2026-06-05,Carrot,153,Bengaluru,Local,Binny Mill (FF&V) Bengaluru APMC,5000,4000,4500,Karnataka,Carrot,2026,6,4,4800.0,,4460.0,-0.0625,Monsoon,0
2026-06-06,Carrot,153,Bengaluru,Local,Binny Mill (FF&V) Bengaluru APMC,5000,4500,4700,Karnataka,Carrot,2026,6,5,4500.0,,4500.0,0.0444444444444445,Monsoon,0
2026-06-08,Carrot,153,Bengaluru,Local,Binny Mill (FF&V) Bengaluru APMC,5000,4500,4700,Karnataka,Carrot,2026,6,0,4700.0,,4528.571428571428,0.0,Monsoon,0
2026-06-09,Carrot,153,Bengaluru,Local,Binny Mill (FF&V) Bengaluru APMC,5000,4500,4700,Karnataka,Carrot,2026,6,1,4700.0,4000.0,4628.571428571428,0.0,Monsoon,0
2026-06-10,Carrot,153,Bengaluru,Local,Binny Mill (FF&V) Bengaluru APMC,5000,4500,4700,Karnataka,Carrot,2026,6,2,4700.0,4300.0,4685.714285714285,0.0,Monsoon,0
2026-06-11,Carrot,153,Bengaluru,Local,Binny Mill (FF&V) Bengaluru APMC,5000,4500,4700,Karnataka,Carrot,2026,6,3,4700.0,4700.0,4685.714285714285,0.0,Monsoon,0
2026-06-12,Carrot,153,Bengaluru,Local,Binny Mill (FF&V) Bengaluru APMC,4800,4400,4600,Karnataka,Carrot,2026,6,4,4700.0,4800.0,4657.142857142857,-0.0212765957446808,Monsoon,0
2026-06-15,Carrot,153,Bengaluru,Local,Binny Mill (FF&V) Bengaluru APMC,5000,4600,4800,Karnataka,Carrot,2026,6,0,4600.0,4500.0,4700.0,0.0434782608695651,Monsoon,0
2026-06-16,Carrot,153,Bengaluru,Local,Binny Mill (FF&V) Bengaluru APMC,5500,4500,5000,Karnataka,Carrot,2026,6,1,4800.0,4700.0,4742.857142857143,0.0416666666666667,Monsoon,0
2026-06-17,Carrot,153,Bengaluru,Local,Binny Mill (FF&V) Bengaluru APMC,5000,4600,4800,Karnataka,Carrot,2026,6,2,5000.0,4700.0,4757.142857142857,-0.04,Monsoon,0
2026-06-18,Carrot,153,Bengaluru,Local,Binny Mill (FF&V) Bengaluru APMC,6000,5000,5500,Karnataka,Carrot,2026,6,3,4800.0,4700.0,4871.428571428572,0.1458333333333332,Monsoon,0
2026-06-19,Carrot,153,Bengaluru,Local,Binny Mill (FF&V) Bengaluru APMC,6000,5200,5500,Karnataka,Carrot,2026,6,4,5500.0,4700.0,4985.714285714285,0.0,Monsoon,0
2026-06-20,Carrot,153,Bengaluru,Local,Binny Mill (FF&V) Bengaluru APMC,6000,5000,5500,Karnataka,Carrot,2026,6,5,5500.0,4700.0,5100.0,0.0,Monsoon,0
2026-06-22,Carrot,153,Bengaluru,Local,Binny Mill (FF&V) Bengaluru APMC,6000,5000,5500,Karnataka,Carrot,2026,6,0,5500.0,4600.0,5228.571428571428,0.0,Monsoon,0
2026-06-23,Carrot,153,Bengaluru,Local,Binny Mill (FF&V) Bengaluru APMC,6000,5000,5500,Karnataka,Carrot,2026,6,1,5500.0,4800.0,5328.571428571428,0.0,Monsoon,0
2026-06-24,Carrot,153,Bengaluru,Local,Binny Mill (FF&V) Bengaluru APMC,6000,5000,5500,Karnataka,Carrot,2026,6,2,5500.0,5000.0,5400.0,0.0,Monsoon,0
2026-06-25,Carrot,153,Bengaluru,Local,Binny Mill (FF&V) Bengaluru APMC,6000,5000,5500,Karnataka,Carrot,2026,6,3,5500.0,4800.0,5500.0,0.0,Monsoon,0
2026-06-29,Carrot,153,Bengaluru,Local,Binny Mill (FF&V) Bengaluru APMC,6000,5000,5500,Karnataka,Carrot,2026,6,0,5500.0,5500.0,5500.0,0.0,Monsoon,0
2026-06-30,Carrot,153,Bengaluru,Local,Binny Mill (FF&V) Bengaluru APMC,6000,5000,5500,Karnataka,Carrot,2026,6,1,5500.0,5500.0,5500.0,0.0,Monsoon,0
2026-07-01,Carrot,153,Bengaluru,Local,Binny Mill (FF&V) Bengaluru APMC,6000,5000,5500,Karnataka,Carrot,2026,7,2,5500.0,5500.0,5500.0,0.0,Monsoon,0
2026-07-02,Carrot,153,Bengaluru,Local,Binny Mill (FF&V) Bengaluru APMC,6000,5000,5500,Karnataka,Carrot,2026,7,3,5500.0,5500.0,5500.0,0.0,Monsoon,0
2026-07-03,Carrot,153,Bengaluru,Local,Binny Mill (FF&V) Bengaluru APMC,6000,5000,5500,Karnataka,Carrot,2026,7,4,5500.0,5500.0,5500.0,0.0,Monsoon,0
2026-07-04,Carrot,153,Bengaluru,Local,Binny Mill (FF&V) Bengaluru APMC,6000,5000,5500,Karnataka,Carrot,2026,7,5,5500.0,5500.0,5500.0,0.0,Monsoon,0
2026-07-06,Carrot,153,Bengaluru,Local,Binny Mill (FF&V) Bengaluru APMC,6000,5000,5500,Karnataka,Carrot,2026,7,0,5500.0,5500.0,5500.0,0.0,Monsoon,0
2026-07-07,Carrot,153,Bengaluru,Local,Binny Mill (FF&V) Bengaluru APMC,6000,5500,5800,Karnataka,Carrot,2026,7,1,5500.0,5500.0,5542.857142857143,0.0545454545454544,Monsoon,0
2026-07-08,Carrot,153,Bengaluru,Local,Binny Mill (FF&V) Bengaluru APMC,6000,5500,5800,Karnataka,Carrot,2026,7,2,5800.0,5500.0,5585.714285714285,0.0,Monsoon,0
2026-07-09,Carrot,153,Bengaluru,Local,Binny Mill (FF&V) Bengaluru APMC,5500,4500,5000,Karnataka,Carrot,2026,7,3,5800.0,5500.0,5514.285714285715,-0.1379310344827586,Monsoon,0
2026-07-10,Carrot,153,Bengaluru,Local,Binny Mill (FF&V) Bengaluru APMC,5500,4500,5000,Karnataka,Carrot,2026,7,4,5000.0,5500.0,5442.857142857143,0.0,Monsoon,0
2026-07-13,Carrot,153,Bengaluru,Local,Binny Mill (FF&V) Bengaluru APMC,6500,5500,6000,Karnataka,Carrot,2026,7,0,5000.0,5500.0,5514.285714285715,0.1999999999999999,Monsoon,0
2026-07-15,Carrot,153,Bengaluru,Local,Binny Mill (FF&V) Bengaluru APMC,5500,4500,5000,Karnataka,Carrot,2026,7,2,6000.0,5500.0,5442.857142857143,-0.1666666666666666,Monsoon,0
2026-07-17,Carrot,153,Bengaluru,Local,Binny Mill (FF&V) Bengaluru APMC,5500,4500,5000,Karnataka,Carrot,2026,7,4,5000.0,5500.0,5371.428571428572,0.0,Monsoon,0
2026-07-20,Carrot,153,Bengaluru,Local,Binny Mill (FF&V) Bengaluru APMC,5500,4500,5000,Karnataka,Carrot,2026,7,0,5000.0,5800.0,5257.142857142857,0.0,Monsoon,0
2026-07-21,Carrot,153,Bengaluru,Local,Binny Mill (FF&V) Bengaluru APMC,5500,4500,5000,Karnataka,Carrot,2026,7,1,5000.0,5800.0,5142.857142857143,0.0,Monsoon,0
2026-07-22,Carrot,153,Bengaluru,Local,Binny Mill (FF&V) Bengaluru APMC,6500,5500,6000,Karnataka,Carrot,2026,7,2,5000.0,5000.0,5285.714285714285,0.1999999999999999,Monsoon,0
2026-07-23,Carrot,153,Bengaluru,Local,Binny Mill (FF&V) Bengaluru APMC,6600,5600,6100,Karnataka,Carrot,2026,7,3,6000.0,5000.0,5442.857142857143,0.0166666666666666,Monsoon,1
2026-07-24,Carrot,153,Bengaluru,Local,Binny Mill (FF&V) Bengaluru APMC,6000,5500,5800,Karnataka,Carrot,2026,7,4,6100.0,6000.0,5414.285714285715,-0.0491803278688525,Monsoon,0
2026-07-27,Carrot,153,Bengaluru,Local,Binny Mill (FF&V) Bengaluru APMC,7000,6000,6500,Karnataka,Carrot,2026,7,0,5800.0,5000.0,5628.571428571428,0.1206896551724137,Monsoon,0
2026-07-28,Carrot,153,Bengaluru,Local,Binny Mill (FF&V) Bengaluru APMC,7000,6000,6500,Karnataka,Carrot,2026,7,1,6500.0,5000.0,5842.857142857143,0.0,Monsoon,0
2026-07-29,Carrot,153,Bengaluru,Local,Binny Mill (FF&V) Bengaluru APMC,7000,6000,6500,Karnataka,Carrot,2026,7,2,6500.0,5000.0,6057.142857142857,0.0,Monsoon,0
2026-07-30,Carrot,153,Bengaluru,Local,Binny Mill (FF&V) Bengaluru APMC,7000,6000,6500,Karnataka,Carrot,2026,7,3,6500.0,5000.0,6271.428571428572,0.0,Monsoon,0
2026-07-31,Carrot,153,Bengaluru,Local,Binny Mill (FF&V) Bengaluru APMC,7000,6000,6500,Karnataka,Carrot,2026,7,4,6500.0,6000.0,6342.857142857143,0.0,Monsoon,0
2026-08-03,Carrot,153,Bengaluru,Local,Binny Mill (FF&V) Bengaluru APMC,7000,6000,6500,Karnataka,Carrot,2026,8,0,6500.0,6100.0,6400.0,0.0,Monsoon,0
2026-08-04,Carrot,153,Bengaluru,Local,Binny Mill (FF&V) Bengaluru APMC,7000,6000,6500,Karnataka,Carrot,2026,8,1,6500.0,5800.0,6500.0,0.0,Monsoon,0
2026-08-05,Carrot,153,Bengaluru,Local,Binny Mill (FF&V) Bengaluru APMC,7000,6000,6500,Karnataka,Carrot,2026,8,2,6500.0,6500.0,6500.0,0.0,Monsoon,0
2026-08-06,Carrot,153,Bengaluru,Local,Binny Mill (FF&V) Bengaluru APMC,8500,6500,7500,Karnataka,Carrot,2026,8,3,6500.0,6500.0,6642.857142857143,0.1538461538461537,Monsoon,1
2024-11-01,Carrot,153,Warangal,FAQ,Hanmarkonda(Rythu Bazar),6800,6000,6400,Telangana,Carrot,2024,11,4,6400.0,,6400.0,0.0,PostMonsoon,1
2024-11-08,Carrot,153,Warangal,FAQ,Hanmarkonda(Rythu Bazar),8400,7600,8000,Telangana,Carrot,2024,11,4,6400.0,,6933.333333333333,0.25,PostMonsoon,1
2024-11-09,Carrot,153,Warangal,FAQ,Hanmarkonda(Rythu Bazar),8000,7600,8000,Telangana,Carrot,2024,11,5,8000.0,,7200.0,0.0,PostMonsoon,1
2024-11-22,Carrot,153,Warangal,FAQ,Hanmarkonda(Rythu Bazar),8000,7600,8000,Telangana,Carrot,2024,11,4,8000.0,,7360.0,0.0,PostMonsoon,1
2024-11-23,Carrot,153,Warangal,FAQ,Hanmarkonda(Rythu Bazar),8000,7600,8000,Telangana,Carrot,2024,11,5,8000.0,,7466.666666666667,0.0,PostMonsoon,1
2023-01-06,Carrot,153,Karimnagar,FAQ,Karimnagar,1800,1800,1800,Telangana,Carrot,2023,1,4,2000.0,,1900.0,-0.0999999999999999,Winter,0
2023-01-07,Carrot,153,Karimnagar,FAQ,Karimnagar,1800,1800,1800,Telangana,Carrot,2023,1,5,1800.0,,1866.6666666666667,0.0,Winter,0
2023-01-13,Carrot,153,Karimnagar,FAQ,Karimnagar,2000,2000,2000,Telangana,Carrot,2023,1,4,1800.0,,1900.0,0.1111111111111111,Winter,0
2023-01-21,Carrot,153,Karimnagar,FAQ,Karimnagar,2000,2000,2000,Telangana,Carrot,2023,1,5,2000.0,,1920.0,0.0,Winter,0
2023-01-23,Carrot,153,Karimnagar,FAQ,Karimnagar,2200,2200,2200,Telangana,Carrot,2023,1,0,2000.0,,1966.6666666666667,0.1,Winter,0
2023-01-29,Carrot,153,Karimnagar,FAQ,Karimnagar,2200,2200,2200,Telangana,Carrot,2023,1,6,2200.0,,2000.0,0.0,Winter,0
2023-01-30,Carrot,153,Karimnagar,FAQ,Karimnagar,2000,2000,2000,Telangana,Carrot,2023,1,0,2200.0,2000.0,2000.0,-0.0909090909090909,Winter,0
2023-02-01,Carrot,153,Karimnagar,FAQ,Karimnagar,2400,2400,2400,Telangana,Carrot,2023,2,2,2000.0,1800.0,2085.714285714286,0.1999999999999999,Winter,0
2023-02-02,Carrot,153,Karimnagar,FAQ,Karimnagar,2300,2300,2300,Telangana,Carrot,2023,2,3,2400.0,1800.0,2157.1428571428573,-0.0416666666666666,Winter,0
2023-02-10,Carrot,153,Karimnagar,FAQ,Karimnagar,2300,2300,2300,Telangana,Carrot,2023,2,4,2300.0,2000.0,2200.0,0.0,Winter,0
2023-02-11,Carrot,153,Karimnagar,FAQ,Karimnagar,2300,2300,2300,Telangana,Carrot,2023,2,5,2300.0,2000.0,2242.8571428571427,0.0,Winter,0
2023-02-14,Carrot,153,Karimnagar,FAQ,Karimnagar,2200,2200,2200,Telangana,Carrot,2023,2,1,2300.0,2200.0,2242.8571428571427,-0.0434782608695651,Winter,0
2023-02-16,Carrot,153,Karimnagar,FAQ,Karimnagar,2000,2000,2000,Telangana,Carrot,2023,2,3,2200.0,2200.0,2214.285714285714,-0.0909090909090909,Winter,0
2023-02-28,Carrot,153,Karimnagar,FAQ,Karimnagar,1800,1800,1800,Telangana,Carrot,2023,2,1,2000.0,2000.0,2185.714285714286,-0.0999999999999999,Winter,0
2023-03-09,Carrot,153,Karimnagar,FAQ,Karimnagar,2000,2000,2000,Telangana,Carrot,2023,3,3,1800.0,2400.0,2128.5714285714284,0.1111111111111111,Summer,0
2023-03-12,Carrot,153,Karimnagar,FAQ,Karimnagar,1800,1800,1800,Telangana,Carrot,2023,3,6,2000.0,2300.0,2057.1428571428573,-0.0999999999999999,Summer,0
2023-03-15,Carrot,153,Karimnagar,FAQ,Karimnagar,2000,1800,1900,Telangana,Carrot,2023,3,2,1800.0,2300.0,2000.0,0.0555555555555555,Summer,0
2023-04-02,Carrot,153,Karimnagar,FAQ,Karimnagar,1800,1800,1800,Telangana,Carrot,2023,4,6,1900.0,2300.0,1928.571428571429,-0.0526315789473684,Summer,0
2023-04-03,Carrot,153,Karimnagar,FAQ,Karimnagar,2000,2000,2000,Telangana,Carrot,2023,4,0,1800.0,2200.0,1900.0,0.1111111111111111,Summer,0
2023-04-04,Carrot,153,Karimnagar,FAQ,Karimnagar,1800,1800,1800,Telangana,Carrot,2023,4,1,2000.0,2000.0,1871.4285714285716,-0.0999999999999999,Summer,0
2023-04-10,Carrot,153,Karimnagar,FAQ,Karimnagar,1700,1700,1700,Telangana,Carrot,2023,4,0,1800.0,1800.0,1857.142857142857,-0.0555555555555555,Summer,1
2023-04-14,Carrot,153,Karimnagar,FAQ,Karimnagar,2000,2000,2000,Telangana,Carrot,2023,4,4,1700.0,2000.0,1857.142857142857,0.1764705882352941,Summer,0
2023-04-19,Carrot,153,Karimnagar,FAQ,Karimnagar,2000,2000,2000,Telangana,Carrot,2023,4,2,2000.0,1800.0,1885.7142857142856,0.0,Summer,0
2023-04-29,Carrot,153,Karimnagar,FAQ,Karimnagar,2500,2500,2500,Telangana,Carrot,2023,4,5,2000.0,1900.0,1971.4285714285716,0.25,Summer,0
2023-05-04,Carrot,153,Karimnagar,FAQ,Karimnagar,3800,3800,3800,Telangana,Carrot,2023,5,3,2500.0,1800.0,2257.1428571428573,0.52,Summer,0
2023-05-10,Carrot,153,Karimnagar,FAQ,Karimnagar,3000,3000,3000,Telangana,Carrot,2023,5,2,3800.0,2000.0,2400.0,-0.2105263157894736,Summer,0
2023-05-12,Carrot,153,Karimnagar,FAQ,Karimnagar,4500,4500,4500,Telangana,Carrot,2023,5,4,3000.0,1800.0,2785.714285714286,0.5,Summer,0
2023-05-27,Carrot,153,Karimnagar,FAQ,Karimnagar,4000,4000,4000,Telangana,Carrot,2023,5,5,4500.0,1700.0,3114.285714285714,-0.1111111111111111,Summer,0
2023-05-29,Carrot,153,Karimnagar,FAQ,Karimnagar,4000,4000,4000,Telangana,Carrot,2023,5,0,4000.0,2000.0,3400.0,0.0,Summer,0
2023-05-31,Carrot,153,Karimnagar,FAQ,Karimnagar,4000,4000,4000,Telangana,Carrot,2023,5,2,4000.0,2000.0,3685.714285714286,0.0,Summer,0
2023-06-02,Carrot,153,Karimnagar,FAQ,Karimnagar,4400,4000,4000,Telangana,Carrot,2023,6,4,4000.0,2500.0,3900.0,0.0,Monsoon,0
2023-06-07,Carrot,153,Karimnagar,FAQ,Karimnagar,4600,4600,4600,Telangana,Carrot,2023,6,2,4000.0,3800.0,4014.285714285714,0.1499999999999999,Monsoon,0
2023-06-24,Carrot,153,Karimnagar,FAQ,Karimnagar,4500,4500,4500,Telangana,Carrot,2023,6,5,4600.0,3000.0,4228.571428571428,-0.0217391304347825,Monsoon,0
2023-07-04,Carrot,153,Karimnagar,FAQ,Karimnagar,4000,4000,4000,Telangana,Carrot,2023,7,1,4500.0,4500.0,4157.142857142857,-0.1111111111111111,Monsoon,0
2023-07-10,Carrot,153,Karimnagar,FAQ,Karimnagar,4000,4000,4000,Telangana,Carrot,2023,7,0,4000.0,4000.0,4157.142857142857,0.0,Monsoon,0
2023-07-19,Carrot,153,Karimnagar,FAQ,Karimnagar,4000,4000,4000,Telangana,Carrot,2023,7,2,4000.0,4000.0,4157.142857142857,0.0,Monsoon,0
2023-07-23,Carrot,153,Karimnagar,FAQ,Karimnagar,4000,4000,4000,Telangana,Carrot,2023,7,6,4000.0,4000.0,4157.142857142857,0.0,Monsoon,0
2023-07-24,Carrot,153,Karimnagar,FAQ,Karimnagar,4000,4000,4000,Telangana,Carrot,2023,7,0,4000.0,4000.0,4157.142857142857,0.0,Monsoon,0
2023-07-25,Carrot,153,Karimnagar,FAQ,Karimnagar,4000,4000,4000,Telangana,Carrot,2023,7,1,4000.0,4600.0,4071.428571428572,0.0,Monsoon,0
2023-07-26,Carrot,153,Karimnagar,FAQ,Karimnagar,4000,4000,4000,Telangana,Carrot,2023,7,2,4000.0,4500.0,4000.0,0.0,Monsoon,0
2023-07-30,Carrot,153,Karimnagar,FAQ,Karimnagar,3000,3000,3000,Telangana,Carrot,2023,7,6,4000.0,4000.0,3857.142857142857,-0.25,Monsoon,0
2023-08-10,Carrot,153,Karimnagar,FAQ,Karimnagar,3000,3000,3000,Telangana,Carrot,2023,8,3,3000.0,4000.0,3714.285714285714,0.0,Monsoon,0
2023-08-15,Carrot,153,Karimnagar,FAQ,Karimnagar,3000,3000,3000,Telangana,Carrot,2023,8,1,3000.0,4000.0,3571.428571428572,0.0,Monsoon,0
2023-08-22,Carrot,153,Karimnagar,FAQ,Karimnagar,3000,3000,3000,Telangana,Carrot,2023,8,1,3000.0,4000.0,3428.5714285714284,0.0,Monsoon,0
2023-08-27,Carrot,153,Karimnagar,FAQ,Karimnagar,3000,3000,3000,Telangana,Carrot,2023,8,6,3000.0,4000.0,3285.714285714286,0.0,Monsoon,0
2023-09-03,Carrot,153,Karimnagar,FAQ,Karimnagar,3000,3000,3000,Telangana,Carrot,2023,9,6,3000.0,4000.0,3142.8571428571427,0.0,Monsoon,0
2023-09-14,Carrot,153,Karimnagar,FAQ,Karimnagar,3000,3000,3000,Telangana,Carrot,2023,9,3,3000.0,4000.0,3000.0,0.0,Monsoon,0
2023-09-16,Carrot,153,Karimnagar,FAQ,Karimnagar,3000,3000,3000,Telangana,Carrot,2023,9,5,3000.0,3000.0,3000.0,0.0,Monsoon,0
2023-09-25,Carrot,153,Karimnagar,FAQ,Karimnagar,3200,3200,3200,Telangana,Carrot,2023,9,0,3000.0,3000.0,3028.5714285714284,0.0666666666666666,Monsoon,0
2023-10-05,Carrot,153,Karimnagar,FAQ,Karimnagar,3200,3200,3200,Telangana,Carrot,2023,10,3,3200.0,3000.0,3057.1428571428573,0.0,PostMonsoon,0
2023-10-07,Carrot,153,Karimnagar,FAQ,Karimnagar,3000,3000,3000,Telangana,Carrot,2023,10,5,3200.0,3000.0,3057.1428571428573,-0.0625,PostMonsoon,0
2023-10-14,Carrot,153,Karimnagar,FAQ,Karimnagar,3200,3200,3200,Telangana,Carrot,2023,10,5,3000.0,3000.0,3085.714285714286,0.0666666666666666,PostMonsoon,0
2023-10-28,Carrot,153,Karimnagar,FAQ,Karimnagar,4500,4500,4500,Telangana,Carrot,2023,10,5,3200.0,3000.0,3300.0,0.40625,PostMonsoon,0
2023-10-30,Carrot,153,Karimnagar,FAQ,Karimnagar,4000,4000,4000,Telangana,Carrot,2023,10,0,4500.0,3000.0,3442.8571428571427,-0.1111111111111111,PostMonsoon,0
2023-11-30,Carrot,153,Karimnagar,FAQ,Karimnagar,4000,4000,4000,Telangana,Carrot,2023,11,3,4000.0,3000.0,3585.714285714286,0.0,PostMonsoon,0
2023-01-25,Carrot,153,Karimnagar,FAQ,Karimnagar(Rythu Bazar),3000,2000,2500,Telangana,Carrot,2023,1,2,3000.0,,2750.0,-0.1666666666666666,Winter,0
2023-03-10,Carrot,153,Karimnagar,FAQ,Karimnagar(Rythu Bazar),3000,2000,2500,Telangana,Carrot,2023,3,4,2500.0,,2666.6666666666665,0.0,Summer,0
2023-05-11,Carrot,153,Karimnagar,FAQ,Karimnagar(Rythu Bazar),4500,4000,4200,Telangana,Carrot,2023,5,3,2500.0,,3050.0,0.6799999999999999,Summer,0
2023-05-13,Carrot,153,Karimnagar,FAQ,Karimnagar(Rythu Bazar),3320,3000,3100,Telangana,Carrot,2023,5,5,4200.0,,3060.0,-0.2619047619047618,Summer,0
2023-05-15,Carrot,153,Karimnagar,FAQ,Karimnagar(Rythu Bazar),4300,4000,4200,Telangana,Carrot,2023,5,0,3100.0,,3250.0,0.3548387096774192,Summer,0
2023-05-27,Carrot,153,Karimnagar,FAQ,Karimnagar(Rythu Bazar),6000,4500,5000,Telangana,Carrot,2023,5,5,4200.0,,3500.0,0.1904761904761904,Summer,0
2023-05-30,Carrot,153,Karimnagar,FAQ,Karimnagar(Rythu Bazar),5000,3500,4000,Telangana,Carrot,2023,5,1,5000.0,3000.0,3642.857142857143,-0.1999999999999999,Summer,0
2023-06-05,Carrot,153,Karimnagar,FAQ,Karimnagar(Rythu Bazar),4500,4000,4200,Telangana,Carrot,2023,6,0,4000.0,2500.0,3885.714285714286,0.05,Monsoon,0
2023-06-25,Carrot,153,Karimnagar,FAQ,Karimnagar(Rythu Bazar),5000,4000,4500,Telangana,Carrot,2023,6,6,4200.0,2500.0,4171.428571428572,0.0714285714285714,Monsoon,0
2023-07-04,Carrot,153,Karimnagar,FAQ,Karimnagar(Rythu Bazar),6000,4500,5000,Telangana,Carrot,2023,7,1,4500.0,4200.0,4285.714285714285,0.1111111111111111,Monsoon,0
2023-07-05,Carrot,153,Karimnagar,FAQ,Karimnagar(Rythu Bazar),6000,4000,5000,Telangana,Carrot,2023,7,2,5000.0,3100.0,4557.142857142857,0.0,Monsoon,0
2023-07-12,Carrot,153,Karimnagar,FAQ,Karimnagar(Rythu Bazar),6000,4500,5000,Telangana,Carrot,2023,7,2,5000.0,4200.0,4671.428571428572,0.0,Monsoon,0
2023-07-16,Carrot,153,Karimnagar,FAQ,Karimnagar(Rythu Bazar),6000,4500,5000,Telangana,Carrot,2023,7,6,5000.0,5000.0,4671.428571428572,0.0,Monsoon,0
2023-08-01,Carrot,153,Karimnagar,FAQ,Karimnagar(Rythu Bazar),4500,3500,4000,Telangana,Carrot,2023,8,1,5000.0,4000.0,4671.428571428572,-0.1999999999999999,Monsoon,0
2023-09-13,Carrot,153,Karimnagar,FAQ,Karimnagar(Rythu Bazar),3500,3000,3200,Telangana,Carrot,2023,9,2,4000.0,4200.0,4528.571428571428,-0.1999999999999999,Monsoon,0
2023-10-25,Carrot,153,Karimnagar,FAQ,Karimnagar(Rythu Bazar),5500,5000,5200,Telangana,Carrot,2023,10,2,3200.0,4500.0,4628.571428571428,0.625,PostMonsoon,0
2023-11-10,Carrot,153,Karimnagar,FAQ,Karimnagar(Rythu Bazar),4000,3000,3500,Telangana,Carrot,2023,11,4,5200.0,5000.0,4414.285714285715,-0.3269230769230768,PostMonsoon,0
2023-11-14,Carrot,153,Karimnagar,FAQ,Karimnagar(Rythu Bazar),4000,3000,3500,Telangana,Carrot,2023,11,1,3500.0,5000.0,4200.0,0.0,PostMonsoon,0
2023-11-17,Carrot,153,Karimnagar,FAQ,Karimnagar(Rythu Bazar),6000,4500,5000,Telangana,Carrot,2023,11,4,3500.0,5000.0,4200.0,0.4285714285714286,PostMonsoon,0
2023-11-23,Carrot,153,Karimnagar,FAQ,Karimnagar(Rythu Bazar),5000,3500,4000,Telangana,Carrot,2023,11,3,5000.0,5000.0,4057.142857142857,-0.1999999999999999,PostMonsoon,0
2023-12-05,Carrot,153,Karimnagar,FAQ,Karimnagar(Rythu Bazar),3500,3100,3200,Telangana,Carrot,2023,12,1,4000.0,4000.0,3942.857142857143,-0.1999999999999999,Winter,0
2026-04-03,Carrot,153,Mysuru,Grade Range-1,Mysuru APMC,1800,1600,1700,Karnataka,Carrot,2026,4,4,1700.0,,1700.0,0.0,Summer,1
2026-04-05,Carrot,153,Mysuru,Grade Range-1,Mysuru APMC,1600,1400,1500,Karnataka,Carrot,2026,4,6,1700.0,,1633.3333333333333,-0.1176470588235294,Summer,1
2026-04-06,Carrot,153,Mysuru,Grade Range-1,Mysuru APMC,1800,1600,1700,Karnataka,Carrot,2026,4,0,1500.0,,1650.0,0.1333333333333333,Summer,1
2026-04-07,Carrot,153,Mysuru,Grade Range-1,Mysuru APMC,1800,1600,1700,Karnataka,Carrot,2026,4,1,1700.0,,1660.0,0.0,Summer,1
2026-04-09,Carrot,153,Mysuru,Grade Range-1,Mysuru APMC,1500,1300,1400,Karnataka,Carrot,2026,4,3,1700.0,,1616.6666666666667,-0.1764705882352941,Summer,1
2026-04-10,Carrot,153,Mysuru,Grade Range-1,Mysuru APMC,1500,1300,1400,Karnataka,Carrot,2026,4,4,1400.0,,1585.7142857142858,0.0,Summer,1
2026-04-13,Carrot,153,Mysuru,Grade Range-1,Mysuru APMC,2000,1800,1900,Karnataka,Carrot,2026,4,0,1400.0,1700.0,1614.2857142857142,0.3571428571428572,Summer,0
2026-04-14,Carrot,153,Mysuru,Grade Range-1,Mysuru APMC,2000,1800,1900,Karnataka,Carrot,2026,4,1,1900.0,1700.0,1642.857142857143,0.0,Summer,0
2026-04-16,Carrot,153,Mysuru,Grade Range-1,Mysuru APMC,4200,4000,4100,Karnataka,Carrot,2026,4,3,1900.0,1500.0,2014.2857142857144,1.1578947368421053,Summer,0
2026-04-17,Carrot,153,Mysuru,Grade Range-1,Mysuru APMC,2200,2000,2100,Karnataka,Carrot,2026,4,4,4100.0,1700.0,2071.428571428572,-0.4878048780487805,Summer,0
2026-04-19,Carrot,153,Mysuru,Grade Range-1,Mysuru APMC,2000,1800,1900,Karnataka,Carrot,2026,4,6,2100.0,1700.0,2100.0,-0.0952380952380952,Summer,0
2026-04-20,Carrot,153,Mysuru,Grade Range-1,Mysuru APMC,2600,2400,2500,Karnataka,Carrot,2026,4,0,1900.0,1400.0,2257.1428571428573,0.3157894736842106,Summer,0
2026-04-22,Carrot,153,Mysuru,Grade Range-1,Mysuru APMC,2500,2300,2400,Karnataka,Carrot,2026,4,2,2500.0,1400.0,2400.0,-0.04,Summer,0
2026-04-26,Carrot,153,Mysuru,Grade Range-1,Mysuru APMC,2500,2300,2400,Karnataka,Carrot,2026,4,6,2400.0,1900.0,2471.428571428572,0.0,Summer,0
2026-04-28,Carrot,153,Mysuru,Grade Range-1,Mysuru APMC,2500,2300,2400,Karnataka,Carrot,2026,4,1,2400.0,1900.0,2542.8571428571427,0.0,Summer,0
2026-04-29,Carrot,153,Mysuru,Grade Range-1,Mysuru APMC,2500,2300,2400,Karnataka,Carrot,2026,4,2,2400.0,4100.0,2300.0,0.0,Summer,0
2026-04-30,Carrot,153,Mysuru,Grade Range-1,Mysuru APMC,2500,2300,2400,Karnataka,Carrot,2026,4,3,2400.0,2100.0,2342.8571428571427,0.0,Summer,0
2026-05-01,Carrot,153,Mysuru,Grade Range-1,Mysuru APMC,2500,2300,2400,Karnataka,Carrot,2026,5,4,2400.0,1900.0,2414.285714285714,0.0,Summer,0
2026-05-03,Carrot,153,Mysuru,Grade Range-1,Mysuru APMC,3000,2800,2900,Karnataka,Carrot,2026,5,6,2400.0,2500.0,2471.428571428572,0.2083333333333332,Summer,0
2026-05-04,Carrot,153,Mysuru,Grade Range-1,Mysuru APMC,3000,2800,2900,Karnataka,Carrot,2026,5,0,2900.0,2400.0,2542.8571428571427,0.0,Summer,0
2026-05-05,Carrot,153,Mysuru,Grade Range-1,Mysuru APMC,3000,2800,2900,Karnataka,Carrot,2026,5,1,2900.0,2400.0,2614.285714285714,0.0,Summer,0
2026-05-06,Carrot,153,Mysuru,Grade Range-1,Mysuru APMC,3000,2800,2900,Karnataka,Carrot,2026,5,2,2900.0,2400.0,2685.714285714286,0.0,Summer,0
2026-05-07,Carrot,153,Mysuru,Grade Range-1,Mysuru APMC,3600,3400,3500,Karnataka,Carrot,2026,5,3,2900.0,2400.0,2842.8571428571427,0.2068965517241379,Summer,0
2026-05-08,Carrot,153,Mysuru,Medium,Mysuru APMC,2300,2100,2200,Karnataka,Carrot,2026,5,4,3500.0,2400.0,2814.285714285714,-0.3714285714285714,Summer,0
2026-05-10,Carrot,153,Mysuru,Medium,Mysuru APMC,3500,3300,3400,Karnataka,Carrot,2026,5,6,2200.0,2400.0,2957.1428571428573,0.5454545454545454,Summer,0
2026-05-11,Carrot,153,Mysuru,Medium,Mysuru APMC,3500,3300,3400,Karnataka,Carrot,2026,5,0,3400.0,2900.0,3028.5714285714284,0.0,Summer,0
2026-05-12,Carrot,153,Mysuru,Medium,Mysuru APMC,3800,3600,3700,Karnataka,Carrot,2026,5,1,3400.0,2900.0,3142.8571428571427,0.0882352941176469,Summer,0
2026-05-13,Carrot,153,Mysuru,Medium,Mysuru APMC,3800,3600,3700,Karnataka,Carrot,2026,5,2,3700.0,2900.0,3257.1428571428573,0.0,Summer,0
2026-05-14,Carrot,153,Mysuru,Medium,Mysuru APMC,3500,3300,3400,Karnataka,Carrot,2026,5,3,3700.0,2900.0,3328.5714285714284,-0.081081081081081,Summer,0
2026-05-15,Carrot,153,Mysuru,Medium,Mysuru APMC,3500,3300,3400,Karnataka,Carrot,2026,5,4,3400.0,3500.0,3314.285714285714,0.0,Summer,0
2026-05-17,Carrot,153,Mysuru,Medium,Mysuru APMC,5000,4800,4900,Karnataka,Carrot,2026,5,6,3400.0,2200.0,3700.0,0.4411764705882353,Summer,0
2026-05-22,Carrot,153,Mysuru,Medium,Mysuru APMC,4500,4300,4400,Karnataka,Carrot,2026,5,4,4900.0,3400.0,3842.857142857143,-0.1020408163265306,Summer,0
2026-05-25,Carrot,153,Mysuru,Medium,Mysuru APMC,4000,3800,3900,Karnataka,Carrot,2026,5,0,4400.0,3400.0,3914.285714285714,-0.1136363636363636,Summer,0
2026-05-26,Carrot,153,Mysuru,Medium,Mysuru APMC,4000,3800,3900,Karnataka,Carrot,2026,5,1,3900.0,3700.0,3942.857142857143,0.0,Summer,0
2026-05-27,Carrot,153,Mysuru,Grade Range-1,Mysuru APMC,4000,3800,3900,Karnataka,Carrot,2026,5,2,3900.0,3700.0,3971.428571428572,0.0,Summer,0
2026-05-27,Carrot,153,Mysuru,Medium,Mysuru APMC,4000,3800,3900,Karnataka,Carrot,2026,5,2,3900.0,3400.0,4042.857142857143,0.0,Summer,0
2026-05-28,Carrot,153,Mysuru,Medium,Mysuru APMC,3000,2800,2900,Karnataka,Carrot,2026,5,3,3900.0,3400.0,3971.428571428572,-0.2564102564102564,Summer,0
2026-05-28,Carrot,153,Mysuru,Grade Range-1,Mysuru APMC,3000,2800,2900,Karnataka,Carrot,2026,5,3,2900.0,4900.0,3685.714285714286,0.0,Summer,0
2026-05-29,Carrot,153,Mysuru,Medium,Mysuru APMC,3000,2800,2900,Karnataka,Carrot,2026,5,4,2900.0,4400.0,3471.428571428572,0.0,Summer,0
2026-05-31,Carrot,153,Mysuru,Medium,Mysuru APMC,5500,5300,5400,Karnataka,Carrot,2026,5,6,2900.0,3900.0,3685.714285714286,0.8620689655172413,Summer,0
2026-06-01,Carrot,153,Mysuru,Medium,Mysuru APMC,5500,5300,5400,Karnataka,Carrot,2026,6,0,5400.0,3900.0,3900.0,0.0,Monsoon,0
2026-06-03,Carrot,153,Mysuru,Medium,Mysuru APMC,5000,4800,4900,Karnataka,Carrot,2026,6,2,5400.0,3900.0,4042.857142857143,-0.0925925925925925,Monsoon,0
2026-06-04,Carrot,153,Mysuru,Medium,Mysuru APMC,5000,4800,4900,Karnataka,Carrot,2026,6,3,4900.0,3900.0,4185.714285714285,0.0,Monsoon,0
2026-06-05,Carrot,153,Mysuru,Medium,Mysuru APMC,5000,4800,4900,Karnataka,Carrot,2026,6,4,4900.0,2900.0,4471.428571428572,0.0,Monsoon,0
2026-06-07,Carrot,153,Mysuru,Medium,Mysuru APMC,5000,4800,4900,Karnataka,Carrot,2026,6,6,4900.0,2900.0,4757.142857142857,0.0,Monsoon,0
2026-06-08,Carrot,153,Mysuru,Medium,Mysuru APMC,4000,3800,3900,Karnataka,Carrot,2026,6,0,4900.0,2900.0,4900.0,-0.2040816326530612,Monsoon,0
2026-06-09,Carrot,153,Mysuru,Medium,Mysuru APMC,6000,5800,5900,Karnataka,Carrot,2026,6,1,3900.0,5400.0,4971.428571428572,0.5128205128205128,Monsoon,0
2026-06-10,Carrot,153,Mysuru,Medium,Mysuru APMC,6000,5800,5900,Karnataka,Carrot,2026,6,2,5900.0,5400.0,5042.857142857143,0.0,Monsoon,0
2026-06-11,Carrot,153,Mysuru,Medium,Mysuru APMC,6000,5800,5900,Karnataka,Carrot,2026,6,3,5900.0,4900.0,5185.714285714285,0.0,Monsoon,0
2026-06-15,Carrot,153,Mysuru,Medium,Mysuru APMC,5500,5300,5400,Karnataka,Carrot,2026,6,0,5900.0,4900.0,5257.142857142857,-0.0847457627118644,Monsoon,0
2026-06-16,Carrot,153,Mysuru,Medium,Mysuru APMC,5500,5300,5400,Karnataka,Carrot,2026,6,1,5400.0,4900.0,5328.571428571428,0.0,Monsoon,0
2026-06-17,Carrot,153,Mysuru,Medium,Mysuru APMC,6000,5800,5900,Karnataka,Carrot,2026,6,2,5400.0,4900.0,5471.428571428572,0.0925925925925925,Monsoon,0
2026-06-18,Carrot,153,Mysuru,Medium,Mysuru APMC,6000,5800,5900,Karnataka,Carrot,2026,6,3,5900.0,3900.0,5757.142857142857,0.0,Monsoon,0
2026-06-19,Carrot,153,Mysuru,Medium,Mysuru APMC,6500,6300,6400,Karnataka,Carrot,2026,6,4,5900.0,5900.0,5828.571428571428,0.0847457627118644,Monsoon,1
2026-06-23,Carrot,153,Mysuru,Medium,Mysuru APMC,5500,5300,5400,Karnataka,Carrot,2026,6,1,6400.0,5900.0,5757.142857142857,-0.15625,Monsoon,0
2026-06-24,Carrot,153,Mysuru,Medium,Mysuru APMC,5500,5300,5400,Karnataka,Carrot,2026,6,2,5400.0,5900.0,5685.714285714285,0.0,Monsoon,0
2026-06-25,Carrot,153,Mysuru,Medium,Mysuru APMC,5500,5300,5400,Karnataka,Carrot,2026,6,3,5400.0,5400.0,5685.714285714285,0.0,Monsoon,0
2026-06-26,Carrot,153,Mysuru,Medium,Mysuru APMC,5500,5300,5400,Karnataka,Carrot,2026,6,4,5400.0,5400.0,5685.714285714285,0.0,Monsoon,0
2026-06-29,Carrot,153,Mysuru,Medium,Mysuru APMC,5500,5300,5400,Karnataka,Carrot,2026,6,0,5400.0,5900.0,5614.285714285715,0.0,Monsoon,0
2026-06-30,Carrot,153,Mysuru,Medium,Mysuru APMC,1400,1200,1300,Karnataka,Carrot,2026,6,1,5400.0,5900.0,4957.142857142857,-0.7592592592592593,Monsoon,1
2026-07-01,Carrot,153,Mysuru,Medium,Mysuru APMC,5000,4800,4900,Karnataka,Carrot,2026,7,2,1300.0,6400.0,4742.857142857143,2.769230769230769,Monsoon,0
2026-07-02,Carrot,153,Mysuru,Medium,Mysuru APMC,5000,4800,4900,Karnataka,Carrot,2026,7,3,4900.0,5400.0,4671.428571428572,0.0,Monsoon,0
2026-07-03,Carrot,153,Mysuru,Medium,Mysuru APMC,5000,4800,4900,Karnataka,Carrot,2026,7,4,4900.0,5400.0,4600.0,0.0,Monsoon,0
2026-07-05,Carrot,153,Mysuru,Medium,Mysuru APMC,5000,4800,4900,Karnataka,Carrot,2026,7,6,4900.0,5400.0,4528.571428571428,0.0,Monsoon,0
2026-07-06,Carrot,153,Mysuru,Medium,Mysuru APMC,5000,4800,4900,Karnataka,Carrot,2026,7,0,4900.0,5400.0,4457.142857142857,0.0,Monsoon,0
2026-07-07,Carrot,153,Mysuru,Medium,Mysuru APMC,5000,4800,4900,Karnataka,Carrot,2026,7,1,4900.0,5400.0,4385.714285714285,0.0,Monsoon,0
2026-07-08,Carrot,153,Mysuru,Medium,Mysuru APMC,5000,4800,4900,Karnataka,Carrot,2026,7,2,4900.0,1300.0,4900.0,0.0,Monsoon,0
2026-07-09,Carrot,153,Mysuru,Medium,Mysuru APMC,5000,4800,4900,Karnataka,Carrot,2026,7,3,4900.0,4900.0,4900.0,0.0,Monsoon,0
2026-07-10,Carrot,153,Mysuru,Medium,Mysuru APMC,4000,3800,3900,Karnataka,Carrot,2026,7,4,4900.0,4900.0,4757.142857142857,-0.2040816326530612,Monsoon,0
2026-07-12,Carrot,153,Mysuru,Medium,Mysuru APMC,4000,3800,3900,Karnataka,Carrot,2026,7,6,3900.0,4900.0,4614.285714285715,0.0,Monsoon,0
2026-07-13,Carrot,153,Mysuru,Medium,Mysuru APMC,5000,4800,4900,Karnataka,Carrot,2026,7,0,3900.0,4900.0,4614.285714285715,0.2564102564102564,Monsoon,0
2026-07-14,Carrot,153,Mysuru,Medium,Mysuru APMC,5000,4800,4900,Karnataka,Carrot,2026,7,1,4900.0,4900.0,4614.285714285715,0.0,Monsoon,0
2026-07-15,Carrot,153,Mysuru,Medium,Mysuru APMC,5000,4800,4900,Karnataka,Carrot,2026,7,2,4900.0,4900.0,4614.285714285715,0.0,Monsoon,0
2026-07-16,Carrot,153,Mysuru,Medium,Mysuru APMC,5500,5200,5300,Karnataka,Carrot,2026,7,3,4900.0,4900.0,4671.428571428572,0.0816326530612245,Monsoon,0
2026-07-17,Carrot,153,Mysuru,Medium,Mysuru APMC,5000,4800,4900,Karnataka,Carrot,2026,7,4,5300.0,4900.0,4671.428571428572,-0.0754716981132075,Monsoon,0
2026-07-19,Carrot,153,Mysuru,Medium,Mysuru APMC,5500,5300,5400,Karnataka,Carrot,2026,7,6,4900.0,3900.0,4885.714285714285,0.1020408163265305,Monsoon,0
2026-07-20,Carrot,153,Mysuru,Medium,Mysuru APMC,5500,5300,5400,Karnataka,Carrot,2026,7,0,5400.0,3900.0,5100.0,0.0,Monsoon,0
2026-07-21,Carrot,153,Mysuru,Medium,Mysuru APMC,5500,5200,5300,Karnataka,Carrot,2026,7,1,5400.0,4900.0,5157.142857142857,-0.0185185185185184,Monsoon,0
2026-07-22,Carrot,153,Mysuru,Medium,Mysuru APMC,5000,4800,4900,Karnataka,Carrot,2026,7,2,5300.0,4900.0,5157.142857142857,-0.0754716981132075,Monsoon,0
2026-07-23,Carrot,153,Mysuru,Medium,Mysuru APMC,5000,4800,4900,Karnataka,Carrot,2026,7,3,4900.0,4900.0,5157.142857142857,0.0,Monsoon,0
2026-07-24,Carrot,153,Mysuru,Medium,Mysuru APMC,5500,5300,5400,Karnataka,Carrot,2026,7,4,4900.0,5300.0,5171.428571428572,0.1020408163265305,Monsoon,0
2026-07-26,Carrot,153,Mysuru,Medium,Mysuru APMC,5500,5300,5400,Karnataka,Carrot,2026,7,6,5400.0,4900.0,5242.857142857143,0.0,Monsoon,0
2026-07-27,Carrot,153,Mysuru,Medium,Mysuru APMC,6500,6300,6400,Karnataka,Carrot,2026,7,0,5400.0,5400.0,5385.714285714285,0.1851851851851851,Monsoon,1
2026-07-28,Carrot,153,Mysuru,Medium,Mysuru APMC,5500,5300,5400,Karnataka,Carrot,2026,7,1,6400.0,5400.0,5385.714285714285,-0.15625,Monsoon,0
2026-07-29,Carrot,153,Mysuru,Medium,Mysuru APMC,5500,5300,5400,Karnataka,Carrot,2026,7,2,5400.0,5300.0,5400.0,0.0,Monsoon,0
2026-07-30,Carrot,153,Mysuru,Medium,Mysuru APMC,5000,4800,4900,Karnataka,Carrot,2026,7,3,5400.0,4900.0,5400.0,-0.0925925925925925,Monsoon,0
2026-07-31,Carrot,153,Mysuru,Medium,Mysuru APMC,5000,4800,4900,Karnataka,Carrot,2026,7,4,4900.0,4900.0,5400.0,0.0,Monsoon,0
2026-08-02,Carrot,153,Mysuru,Medium,Mysuru APMC,5000,4800,4900,Karnataka,Carrot,2026,8,6,4900.0,5400.0,5328.571428571428,0.0,Monsoon,0
2026-08-03,Carrot,153,Mysuru,Medium,Mysuru APMC,5000,4800,4900,Karnataka,Carrot,2026,8,0,4900.0,5400.0,5257.142857142857,0.0,Monsoon,0
2026-08-04,Carrot,153,Mysuru,Medium,Mysuru APMC,5000,4800,4900,Karnataka,Carrot,2026,8,1,4900.0,6400.0,5042.857142857143,0.0,Monsoon,0
2026-08-05,Carrot,153,Mysuru,Medium,Mysuru APMC,5000,4800,4900,Karnataka,Carrot,2026,8,2,4900.0,5400.0,4971.428571428572,0.0,Monsoon,0
2026-08-06,Carrot,153,Mysuru,Medium,Mysuru APMC,5000,4800,4900,Karnataka,Carrot,2026,8,3,4900.0,5400.0,4900.0,0.0,Monsoon,0
2026-08-07,Carrot,153,Mysuru,Medium,Mysuru APMC,6000,5800,5900,Karnataka,Carrot,2026,8,4,4900.0,4900.0,5042.857142857143,0.2040816326530612,Monsoon,0
2026-04-04,Carrot,153,Mysuru,Local,Nanjangud APMC,2567,2083,2380,Karnataka,Carrot,2026,4,5,2380.0,,2380.0,0.0,Summer,0
2026-04-06,Carrot,153,Mysuru,Local,Nanjangud APMC,2564,1492,2083,Karnataka,Carrot,2026,4,0,2380.0,,2281.0,-0.1247899159663865,Summer,0
2026-04-07,Carrot,153,Mysuru,Local,Nanjangud APMC,1515,1492,1492,Karnataka,Carrot,2026,4,1,2083.0,,2083.75,-0.2837253960633701,Summer,1
2026-04-09,Carrot,153,Mysuru,Local,Nanjangud APMC,2567,1492,2222,Karnataka,Carrot,2026,4,3,1492.0,,2111.4,0.4892761394101876,Summer,0
2026-04-10,Carrot,153,Mysuru,Local,Nanjangud APMC,2564,2083,2222,Karnataka,Carrot,2026,4,4,2222.0,,2129.833333333333,0.0,Summer,0
2026-04-13,Carrot,153,Mysuru,Local,Nanjangud APMC,2777,2083,2564,Karnataka,Carrot,2026,4,0,2222.0,,2191.8571428571427,0.153915391539154,Summer,0
2026-04-16,Carrot,153,Mysuru,Local,Nanjangud APMC,4166,2777,3333,Karnataka,Carrot,2026,4,3,2564.0,2380.0,2328.0,0.2999219968798752,Summer,0
2026-04-18,Carrot,153,Mysuru,Local,Nanjangud APMC,3333,3030,3030,Karnataka,Carrot,2026,4,5,3333.0,2380.0,2420.8571428571427,-0.0909090909090909,Summer,0
2026-04-21,Carrot,153,Mysuru,Local,Nanjangud APMC,4166,2777,3700,Karnataka,Carrot,2026,4,1,3030.0,2083.0,2651.8571428571427,0.221122112211221,Summer,0
2026-04-22,Carrot,153,Mysuru,Local,Nanjangud APMC,4166,3333,3333,Karnataka,Carrot,2026,4,2,3700.0,1492.0,2914.8571428571427,-0.0991891891891891,Summer,0
2026-04-23,Carrot,153,Mysuru,Local,Nanjangud APMC,4200,2777,3700,Karnataka,Carrot,2026,4,3,3333.0,2222.0,3126.0,0.1101110111011101,Summer,0
2026-04-24,Carrot,153,Mysuru,Local,Nanjangud APMC,4200,3333,3700,Karnataka,Carrot,2026,4,4,3700.0,2222.0,3337.1428571428573,0.0,Summer,0
2026-04-27,Carrot,153,Mysuru,Local,Nanjangud APMC,4200,3333,3333,Karnataka,Carrot,2026,4,0,3700.0,2564.0,3447.0,-0.0991891891891891,Summer,0
2026-04-28,Carrot,153,Mysuru,Local,Nanjangud APMC,3333,3030,3030,Karnataka,Carrot,2026,4,1,3333.0,3333.0,3403.714285714286,-0.0909090909090909,Summer,0
2026-04-30,Carrot,153,Mysuru,Local,Nanjangud APMC,4166,3333,3700,Karnataka,Carrot,2026,4,3,3030.0,3030.0,3499.428571428572,0.221122112211221,Summer,0
2026-05-04,Carrot,153,Mysuru,Local,Nanjangud APMC,4166,3333,3700,Karnataka,Carrot,2026,5,0,3700.0,3700.0,3499.428571428572,0.0,Summer,0
2026-05-05,Carrot,153,Mysuru,Local,Nanjangud APMC,4166,3333,3700,Karnataka,Carrot,2026,5,1,3700.0,3333.0,3551.8571428571427,0.0,Summer,0
2026-05-08,Carrot,153,Mysuru,Local,Nanjangud APMC,4166,3333,3700,Karnataka,Carrot,2026,5,4,3700.0,3700.0,3551.8571428571427,0.0,Summer,0
2026-05-11,Carrot,153,Mysuru,Local,Nanjangud APMC,2777,2380,2564,Karnataka,Carrot,2026,5,0,3700.0,3700.0,3389.5714285714284,-0.307027027027027,Summer,0
2026-05-12,Carrot,153,Mysuru,Local,Nanjangud APMC,2777,2380,2564,Karnataka,Carrot,2026,5,1,2564.0,3333.0,3279.714285714286,0.0,Summer,0
2026-05-13,Carrot,153,Mysuru,Local,Nanjangud APMC,2777,2380,2564,Karnataka,Carrot,2026,5,2,2564.0,3030.0,3213.1428571428573,0.0,Summer,0
2026-05-14,Carrot,153,Mysuru,Local,Nanjangud APMC,4166,3030,3333,Karnataka,Carrot,2026,5,3,2564.0,3700.0,3160.714285714286,0.2999219968798752,Summer,0
2026-05-15,Carrot,153,Mysuru,Local,Nanjangud APMC,3333,3030,3030,Karnataka,Carrot,2026,5,4,3333.0,3700.0,3065.0,-0.0909090909090909,Summer,0
2026-05-16,Carrot,153,Mysuru,Local,Nanjangud APMC,4166,2380,2777,Karnataka,Carrot,2026,5,5,3030.0,3700.0,2933.1428571428573,-0.0834983498349835,Summer,0
2026-05-18,Carrot,153,Mysuru,Local,Nanjangud APMC,3703,3030,3333,Karnataka,Carrot,2026,5,0,2777.0,3700.0,2880.714285714286,0.2002160604969391,Summer,0
2026-05-19,Carrot,153,Mysuru,Local,Nanjangud APMC,4166,3333,3700,Karnataka,Carrot,2026,5,1,3333.0,2564.0,3043.0,0.1101110111011101,Summer,0
2026-05-21,Carrot,153,Mysuru,Local,Nanjangud APMC,4166,2308,3700,Karnataka,Carrot,2026,5,3,3700.0,2564.0,3205.285714285714,0.0,Summer,0
2026-05-22,Carrot,153,Mysuru,Local,Nanjangud APMC,3703,3030,3333,Karnataka,Carrot,2026,5,4,3700.0,2564.0,3315.1428571428573,-0.0991891891891891,Summer,0
2026-05-25,Carrot,153,Mysuru,Local,Nanjangud APMC,3703,3030,3333,Karnataka,Carrot,2026,5,0,3333.0,3333.0,3315.1428571428573,0.0,Summer,0
2026-05-26,Carrot,153,Mysuru,Local,Nanjangud APMC,3333,2380,2777,Karnataka,Carrot,2026,5,1,3333.0,3030.0,3279.0,-0.1668166816681667,Summer,0
2026-05-29,Carrot,153,Mysuru,Local,Nanjangud APMC,3333,2308,3030,Karnataka,Carrot,2026,5,4,2777.0,2777.0,3315.1428571428573,0.091105509542672,Summer,0
2026-06-01,Carrot,153,Mysuru,Local,Nanjangud APMC,3333,2308,2777,Karnataka,Carrot,2026,6,0,3030.0,3333.0,3235.714285714286,-0.0834983498349835,Monsoon,0
2026-06-02,Carrot,153,Mysuru,Local,Nanjangud APMC,3703,3030,3030,Karnataka,Carrot,2026,6,1,2777.0,3700.0,3140.0,0.091105509542672,Monsoon,0
2026-06-03,Carrot,153,Mysuru,Local,Nanjangud APMC,3333,2083,2777,Karnataka,Carrot,2026,6,2,3030.0,3700.0,3008.1428571428573,-0.0834983498349835,Monsoon,0
2026-06-05,Carrot,153,Mysuru,Local,Nanjangud APMC,4166,3030,3333,Karnataka,Carrot,2026,6,4,2777.0,3333.0,3008.1428571428573,0.2002160604969391,Monsoon,0
2026-06-06,Carrot,153,Mysuru,Local,Nanjangud APMC,2564,2380,2222,Karnataka,Carrot,2026,6,5,3333.0,3333.0,2849.428571428572,-0.3333333333333333,Monsoon,0
2026-06-08,Carrot,153,Mysuru,Local,Nanjangud APMC,2564,2380,2222,Karnataka,Carrot,2026,6,0,2222.0,2777.0,2770.1428571428573,0.0,Monsoon,0
2026-06-09,Carrot,153,Mysuru,Local,Nanjangud APMC,4166,2380,3700,Karnataka,Carrot,2026,6,1,2222.0,3030.0,2865.8571428571427,0.6651665166516652,Monsoon,0
2026-06-10,Carrot,153,Mysuru,Local,Nanjangud APMC,2564,2380,2222,Karnataka,Carrot,2026,6,2,3700.0,2777.0,2786.5714285714284,-0.3994594594594595,Monsoon,0
2026-06-15,Carrot,153,Mysuru,Local,Nanjangud APMC,4166,2380,3700,Karnataka,Carrot,2026,6,0,2222.0,3030.0,2882.285714285714,0.6651665166516652,Monsoon,0
2026-06-16,Carrot,153,Mysuru,Local,Nanjangud APMC,2564,2380,2222,Karnataka,Carrot,2026,6,1,3700.0,2777.0,2803.0,-0.3994594594594595,Monsoon,0
2026-06-20,Carrot,153,Mysuru,Local,Nanjangud APMC,3703,3333,3333,Karnataka,Carrot,2026,6,5,2222.0,3333.0,2803.0,0.5,Monsoon,0
2026-06-22,Carrot,153,Mysuru,Local,Nanjangud APMC,3703,3030,3333,Karnataka,Carrot,2026,6,0,3333.0,2222.0,2961.714285714286,0.0,Monsoon,0
2026-06-23,Carrot,153,Mysuru,Local,Nanjangud APMC,2564,2380,2222,Karnataka,Carrot,2026,6,1,3333.0,2222.0,2961.714285714286,-0.3333333333333333,Monsoon,0
2026-06-24,Carrot,153,Mysuru,Local,Nanjangud APMC,3333,2380,2777,Karnataka,Carrot,2026,6,2,2222.0,3700.0,2829.8571428571427,0.2497749774977498,Monsoon,0
2026-06-30,Carrot,153,Mysuru,Local,Nanjangud APMC,3333,2380,2777,Karnataka,Carrot,2026,6,1,2777.0,2222.0,2909.1428571428573,0.0,Monsoon,0
2026-07-01,Carrot,153,Mysuru,Local,Nanjangud APMC,3333,2380,2777,Karnataka,Carrot,2026,7,2,2777.0,3700.0,2777.285714285714,0.0,Monsoon,0
2026-07-02,Carrot,153,Mysuru,Local,Nanjangud APMC,3703,3333,3333,Karnataka,Carrot,2026,7,3,2777.0,2222.0,2936.0,0.2002160604969391,Monsoon,0
2026-07-03,Carrot,153,Mysuru,Local,Nanjangud APMC,3703,3030,3333,Karnataka,Carrot,2026,7,4,3333.0,3333.0,2936.0,0.0,Monsoon,0
2026-07-04,Carrot,153,Mysuru,Local,Nanjangud APMC,3333,2380,2777,Karnataka,Carrot,2026,7,5,3333.0,3333.0,2856.5714285714284,-0.1668166816681667,Monsoon,0
2026-07-06,Carrot,153,Mysuru,Local,Nanjangud APMC,3703,3333,3333,Karnataka,Carrot,2026,7,0,2777.0,2222.0,3015.285714285714,0.2002160604969391,Monsoon,0
2026-07-07,Carrot,153,Mysuru,Local,Nanjangud APMC,3703,3030,3333,Karnataka,Carrot,2026,7,1,3333.0,2777.0,3094.714285714286,0.0,Monsoon,0
2026-07-08,Carrot,153,Mysuru,Local,Nanjangud APMC,3333,2380,2777,Karnataka,Carrot,2026,7,2,3333.0,2777.0,3094.714285714286,-0.1668166816681667,Monsoon,0
2026-07-09,Carrot,153,Mysuru,Local,Nanjangud APMC,2564,2380,2222,Karnataka,Carrot,2026,7,3,2777.0,2777.0,3015.428571428572,-0.1998559596687072,Monsoon,0
2026-07-10,Carrot,153,Mysuru,Local,Nanjangud APMC,3333,2380,2777,Karnataka,Carrot,2026,7,4,2222.0,3333.0,2936.0,0.2497749774977498,Monsoon,0
2026-07-13,Carrot,153,Mysuru,Local,Nanjangud APMC,3333,2380,2777,Karnataka,Carrot,2026,7,0,2777.0,3333.0,2856.5714285714284,0.0,Monsoon,0
2026-07-14,Carrot,153,Mysuru,Local,Nanjangud APMC,3703,3333,3333,Karnataka,Carrot,2026,7,1,2777.0,2777.0,2936.0,0.2002160604969391,Monsoon,0
2026-07-15,Carrot,153,Mysuru,Local,Nanjangud APMC,3703,3030,3333,Karnataka,Carrot,2026,7,2,3333.0,3333.0,2936.0,0.0,Monsoon,0
2026-07-17,Carrot,153,Mysuru,Local,Nanjangud APMC,3703,3030,3333,Karnataka,Carrot,2026,7,4,3333.0,3333.0,2936.0,0.0,Monsoon,0
2026-07-18,Carrot,153,Mysuru,Local,Nanjangud APMC,3333,2380,2777,Karnataka,Carrot,2026,7,5,3333.0,2777.0,2936.0,-0.1668166816681667,Monsoon,0
2026-07-20,Carrot,153,Mysuru,Local,Nanjangud APMC,3333,2380,2777,Karnataka,Carrot,2026,7,0,2777.0,2222.0,3015.285714285714,0.0,Monsoon,0
2026-07-21,Carrot,153,Mysuru,Local,Nanjangud APMC,4166,2308,3700,Karnataka,Carrot,2026,7,1,2777.0,2777.0,3147.1428571428573,0.3323730644580482,Monsoon,0
2026-07-22,Carrot,153,Mysuru,Local,Nanjangud APMC,3703,3030,3333,Karnataka,Carrot,2026,7,2,3700.0,2777.0,3226.5714285714284,-0.0991891891891891,Monsoon,0
2026-07-23,Carrot,153,Mysuru,Local,Nanjangud APMC,3703,3333,3333,Karnataka,Carrot,2026,7,3,3333.0,3333.0,3226.5714285714284,0.0,Monsoon,0
2026-07-24,Carrot,153,Mysuru,Local,Nanjangud APMC,3703,2308,2777,Karnataka,Carrot,2026,7,4,3333.0,3333.0,3147.1428571428573,-0.1668166816681667,Monsoon,0
2026-07-27,Carrot,153,Mysuru,Local,Nanjangud APMC,3703,3030,3333,Karnataka,Carrot,2026,7,0,2777.0,3333.0,3147.1428571428573,0.2002160604969391,Monsoon,0
2026-07-28,Carrot,153,Mysuru,Local,Nanjangud APMC,3703,3030,3333,Karnataka,Carrot,2026,7,1,3333.0,2777.0,3226.5714285714284,0.0,Monsoon,0
2026-07-29,Carrot,153,Mysuru,Local,Nanjangud APMC,4166,2308,3700,Karnataka,Carrot,2026,7,2,3333.0,2777.0,3358.428571428572,0.1101110111011101,Monsoon,0
2026-07-30,Carrot,153,Mysuru,Local,Nanjangud APMC,3333,2308,2777,Karnataka,Carrot,2026,7,3,3700.0,3700.0,3226.5714285714284,-0.2494594594594594,Monsoon,0
2026-07-31,Carrot,153,Mysuru,Local,Nanjangud APMC,3703,3030,3333,Karnataka,Carrot,2026,7,4,2777.0,3333.0,3226.5714285714284,0.2002160604969391,Monsoon,0
2026-08-01,Carrot,153,Mysuru,Local,Nanjangud APMC,4166,2308,3700,Karnataka,Carrot,2026,8,5,3333.0,3333.0,3279.0,0.1101110111011101,Monsoon,0
2026-08-03,Carrot,153,Mysuru,Local,Nanjangud APMC,3703,3030,3333,Karnataka,Carrot,2026,8,0,3700.0,2777.0,3358.428571428572,-0.0991891891891891,Monsoon,0
2026-08-04,Carrot,153,Mysuru,Local,Nanjangud APMC,4666,3700,4166,Karnataka,Carrot,2026,8,1,3333.0,3333.0,3477.428571428572,0.2499249924992499,Monsoon,0
2026-08-05,Carrot,153,Mysuru,Local,Nanjangud APMC,3030,2380,2777,Karnataka,Carrot,2026,8,2,4166.0,3333.0,3398.0,-0.3334133461353816,Monsoon,0
2026-08-06,Carrot,153,Mysuru,Local,Nanjangud APMC,3703,3030,3333,Karnataka,Carrot,2026,8,3,2777.0,3700.0,3345.5714285714284,0.2002160604969391,Monsoon,0
2026-04-09,Carrot,153,Mysuru,Small,T. Narasipura APMC,2000,1500,2000,Karnataka,Carrot,2026,4,3,2000.0,,2000.0,0.0,Summer,0
2026-04-13,Carrot,153,Mysuru,Small,T. Narasipura APMC,2000,1500,2000,Karnataka,Carrot,2026,4,0,2000.0,,2000.0,0.0,Summer,0
2026-04-16,Carrot,153,Mysuru,Small,T. Narasipura APMC,2000,1500,2000,Karnataka,Carrot,2026,4,3,2000.0,,2000.0,0.0,Summer,0
2026-05-02,Carrot,153,Mysuru,Small,T. Narasipura APMC,2000,1500,2000,Karnataka,Carrot,2026,5,5,2000.0,,2000.0,0.0,Summer,0
2026-05-04,Carrot,153,Mysuru,Small,T. Narasipura APMC,2000,1500,2000,Karnataka,Carrot,2026,5,0,2000.0,,2000.0,0.0,Summer,0
2026-05-06,Carrot,153,Mysuru,Small,T. Narasipura APMC,2000,1500,2000,Karnataka,Carrot,2026,5,2,2000.0,,2000.0,0.0,Summer,0
2026-05-07,Carrot,153,Mysuru,Small,T. Narasipura APMC,2000,1500,2000,Karnataka,Carrot,2026,5,3,2000.0,2000.0,2000.0,0.0,Summer,0
2026-05-08,Carrot,153,Mysuru,Small,T. Narasipura APMC,2000,1500,2000,Karnataka,Carrot,2026,5,4,2000.0,2000.0,2000.0,0.0,Summer,0
2026-05-11,Carrot,153,Mysuru,Small,T. Narasipura APMC,2000,1500,2000,Karnataka,Carrot,2026,5,0,2000.0,2000.0,2000.0,0.0,Summer,0
2026-05-13,Carrot,153,Mysuru,Small,T. Narasipura APMC,2000,1500,2000,Karnataka,Carrot,2026,5,2,2000.0,2000.0,2000.0,0.0,Summer,0
2026-05-14,Carrot,153,Mysuru,Small,T. Narasipura APMC,2000,1500,2000,Karnataka,Carrot,2026,5,3,2000.0,2000.0,2000.0,0.0,Summer,0
2026-05-15,Carrot,153,Mysuru,Small,T. Narasipura APMC,2000,1500,2000,Karnataka,Carrot,2026,5,4,2000.0,2000.0,2000.0,0.0,Summer,0
2026-06-01,Carrot,153,Mysuru,Small,T. Narasipura APMC,2000,1500,2000,Karnataka,Carrot,2026,6,0,2000.0,2000.0,2000.0,0.0,Monsoon,0
2026-06-03,Carrot,153,Mysuru,Small,T. Narasipura APMC,2000,1500,2000,Karnataka,Carrot,2026,6,2,2000.0,2000.0,2000.0,0.0,Monsoon,0
2026-06-04,Carrot,153,Mysuru,Small,T. Narasipura APMC,2000,1500,2000,Karnataka,Carrot,2026,6,3,2000.0,2000.0,2000.0,0.0,Monsoon,0
2026-06-05,Carrot,153,Mysuru,Small,T. Narasipura APMC,2000,1500,2000,Karnataka,Carrot,2026,6,4,2000.0,2000.0,2000.0,0.0,Monsoon,0
2026-06-06,Carrot,153,Mysuru,Small,T. Narasipura APMC,2000,1500,2000,Karnataka,Carrot,2026,6,5,2000.0,2000.0,2000.0,0.0,Monsoon,0
2026-06-08,Carrot,153,Mysuru,Small,T. Narasipura APMC,2000,1500,2000,Karnataka,Carrot,2026,6,0,2000.0,2000.0,2000.0,0.0,Monsoon,0
2026-06-10,Carrot,153,Mysuru,Small,T. Narasipura APMC,2000,1500,2000,Karnataka,Carrot,2026,6,2,2000.0,2000.0,2000.0,0.0,Monsoon,0
2023-09-14,Carrot,153,Nalgonda,FAQ,Venkateswarnagar,3000,3000,3000,Telangana,Carrot,2023,9,3,3000.0,,3000.0,0.0,Monsoon,0
2023-10-28,Carrot,153,Nalgonda,FAQ,Venkateswarnagar,3000,3000,3000,Telangana,Carrot,2023,10,5,3000.0,,3000.0,0.0,PostMonsoon,0
2024-11-09,Carrot,153,Warangal,FAQ,Warangal,4000,3500,3750,Telangana,Carrot,2024,11,5,4250.0,,4000.0,-0.1176470588235294,PostMonsoon,0
2024-11-11,Carrot,153,Warangal,FAQ,Warangal,5000,4500,4750,Telangana,Carrot,2024,11,0,3750.0,,4250.0,0.2666666666666666,PostMonsoon,0
2024-11-12,Carrot,153,Warangal,FAQ,Warangal,5000,4500,4750,Telangana,Carrot,2024,11,1,4750.0,,4375.0,0.0,PostMonsoon,0
2024-11-13,Carrot,153,Warangal,FAQ,Warangal,5000,4500,4750,Telangana,Carrot,2024,11,2,4750.0,,4450.0,0.0,PostMonsoon,0
2024-11-22,Carrot,153,Warangal,FAQ,Warangal,4500,4000,4250,Telangana,Carrot,2024,11,4,4750.0,,4416.666666666667,-0.1052631578947368,PostMonsoon,0
2024-11-27,Carrot,153,Warangal,FAQ,Warangal,5000,4500,4750,Telangana,Carrot,2024,11,2,4250.0,,4464.285714285715,0.1176470588235294,PostMonsoon,0
2024-11-29,Carrot,153,Warangal,FAQ,Warangal,4500,4000,4250,Telangana,Carrot,2024,11,4,4750.0,4250.0,4464.285714285715,-0.1052631578947368,PostMonsoon,0
2024-12-06,Carrot,153,Warangal,FAQ,Warangal,4000,3500,3750,Telangana,Carrot,2024,12,4,4250.0,3750.0,4464.285714285715,-0.1176470588235294,Winter,0
2024-12-10,Carrot,153,Warangal,FAQ,Warangal,4500,4000,4250,Telangana,Carrot,2024,12,1,3750.0,4750.0,4392.857142857143,0.1333333333333333,Winter,0
2024-12-13,Carrot,153,Warangal,FAQ,Warangal,4000,3500,3750,Telangana,Carrot,2024,12,4,4250.0,4750.0,4250.0,-0.1176470588235294,Winter,0
2024-12-27,Carrot,153,Warangal,FAQ,Warangal,4500,4000,4250,Telangana,Carrot,2024,12,4,3750.0,4750.0,4178.571428571428,0.1333333333333333,Winter,0
2026-05-07,Maize,4,Belagavi,Local,Athani APMC,2000,2000,2000,Karnataka,Hybrid/Local,2026,5,3,1900.0,,1950.0,0.0526315789473683,Summer,0
2026-05-10,Maize,4,Belagavi,Local,Athani APMC,2000,2000,2000,Karnataka,Hybrid/Local,2026,5,6,2000.0,,1966.6666666666667,0.0,Summer,0
2026-05-11,Maize,4,Belagavi,Local,Athani APMC,2000,2000,2000,Karnataka,Hybrid/Local,2026,5,0,2000.0,,1975.0,0.0,Summer,0
2026-05-14,Maize,4,Belagavi,Local,Athani APMC,1850,1850,1850,Karnataka,Hybrid/Local,2026,5,3,2000.0,,1950.0,-0.0749999999999999,Summer,0
2026-05-15,Maize,4,Belagavi,Local,Athani APMC,1850,1850,1850,Karnataka,Hybrid/Local,2026,5,4,1850.0,,1933.3333333333333,0.0,Summer,0
2026-05-16,Maize,4,Belagavi,Local,Athani APMC,2000,2000,2000,Karnataka,Hybrid/Local,2026,5,5,1850.0,,1942.857142857143,0.0810810810810811,Summer,0
2026-05-19,Maize,4,Belagavi,Local,Athani APMC,2000,2000,2000,Karnataka,Hybrid/Local,2026,5,1,2000.0,1900.0,1957.142857142857,0.0,Summer,0
2026-05-20,Maize,4,Belagavi,Local,Athani APMC,1800,1800,1800,Karnataka,Hybrid/Local,2026,5,2,2000.0,2000.0,1928.571428571429,-0.0999999999999999,Summer,0
2026-05-21,Maize,4,Belagavi,Local,Athani APMC,2000,2000,2000,Karnataka,Hybrid/Local,2026,5,3,1800.0,2000.0,1928.571428571429,0.1111111111111111,Summer,0
2026-05-23,Maize,4,Belagavi,Local,Athani APMC,1950,1950,1950,Karnataka,Hybrid/Local,2026,5,5,2000.0,2000.0,1921.4285714285716,-0.025,Summer,0
2026-05-25,Maize,4,Belagavi,Local,Athani APMC,2000,2000,2000,Karnataka,Hybrid/Local,2026,5,0,1950.0,1850.0,1942.857142857143,0.0256410256410255,Summer,0
2026-05-29,Maize,4,Belagavi,Local,Athani APMC,2400,2300,2300,Karnataka,Hybrid/Local,2026,5,4,2000.0,1850.0,2007.142857142857,0.1499999999999999,Summer,0
2026-05-30,Maize,4,Belagavi,Local,Athani APMC,2000,2000,2000,Karnataka,Hybrid/Local,2026,5,5,2300.0,2000.0,2007.142857142857,-0.1304347826086956,Summer,0
2026-06-12,Maize,4,Belagavi,Local,Athani APMC,2000,2000,2000,Karnataka,Hybrid/Local,2026,6,4,2000.0,2000.0,2007.142857142857,0.0,Monsoon,0
2026-06-15,Maize,4,Belagavi,Local,Athani APMC,2000,2000,2000,Karnataka,Hybrid/Local,2026,6,0,2000.0,1800.0,2035.7142857142856,0.0,Monsoon,0
2026-06-29,Maize,4,Belagavi,Local,Athani APMC,2000,2000,2000,Karnataka,Hybrid/Local,2026,6,0,2000.0,2000.0,2035.7142857142856,0.0,Monsoon,0
2026-07-30,Maize,4,Belagavi,Local,Athani APMC,2200,2200,2200,Karnataka,Hybrid/Local,2026,7,3,2000.0,1950.0,2071.428571428572,0.1,Monsoon,0
2026-04-03,Maize,4,Belagavi,Local,Bailahongal APMC,1800,1650,1703,Karnataka,Hybrid/Local,2026,4,4,1679.0,,1691.0,0.0142942227516378,Summer,0
2026-04-04,Maize,4,Belagavi,Local,Bailahongal APMC,1850,1680,1747,Karnataka,Hybrid/Local,2026,4,5,1703.0,,1709.6666666666667,0.025836758661186,Summer,0
2026-04-06,Maize,4,Belagavi,Local,Bailahongal APMC,1750,1580,1638,Karnataka,Hybrid/Local,2026,4,0,1747.0,,1691.75,-0.0623926731539782,Summer,0
2026-04-07,Maize,4,Belagavi,Local,Bailahongal APMC,1800,1600,1733,Karnataka,Hybrid/Local,2026,4,1,1638.0,,1700.0,0.057997557997558,Summer,0
2026-04-09,Maize,4,Belagavi,Local,Bailahongal APMC,1850,1650,1729,Karnataka,Hybrid/Local,2026,4,3,1733.0,,1704.8333333333333,-0.0023081361800346,Summer,0
2026-04-10,Maize,4,Belagavi,Local,Bailahongal APMC,1850,1660,1789,Karnataka,Hybrid/Local,2026,4,4,1729.0,,1716.857142857143,0.0347021399652978,Summer,0
2026-04-13,Maize,4,Belagavi,Local,Bailahongal APMC,1880,1650,1765,Karnataka,Hybrid/Local,2026,4,0,1789.0,1679.0,1729.142857142857,-0.0134153158188932,Summer,0
2026-04-16,Maize,4,Belagavi,Local,Bailahongal APMC,1850,1680,1752,Karnataka,Hybrid/Local,2026,4,3,1765.0,1703.0,1736.142857142857,-0.0073654390934844,Summer,0
2026-04-17,Maize,4,Belagavi,Local,Bailahongal APMC,1850,1620,1779,Karnataka,Hybrid/Local,2026,4,4,1752.0,1747.0,1740.7142857142858,0.0154109589041095,Summer,0
2026-04-20,Maize,4,Belagavi,Local,Bailahongal APMC,1850,1700,1750,Karnataka,Hybrid/Local,2026,4,0,1779.0,1638.0,1756.7142857142858,-0.016301292861158,Summer,0
2026-04-22,Maize,4,Belagavi,Local,Bailahongal APMC,1900,1750,1866,Karnataka,Hybrid/Local,2026,4,2,1750.0,1733.0,1775.7142857142858,0.0662857142857142,Summer,0
2026-04-24,Maize,4,Belagavi,Local,Bailahongal APMC,1900,1700,1833,Karnataka,Hybrid/Local,2026,4,4,1866.0,1729.0,1790.571428571429,-0.0176848874598071,Summer,0
2026-04-25,Maize,4,Belagavi,Local,Bailahongal APMC,1800,1650,1700,Karnataka,Hybrid/Local,2026,4,5,1833.0,1789.0,1777.857142857143,-0.072558647026732,Summer,0
2026-04-28,Maize,4,Belagavi,Local,Bailahongal APMC,1900,1650,1787,Karnataka,Hybrid/Local,2026,4,1,1700.0,1765.0,1781.0,0.0511764705882353,Summer,0
2026-04-30,Maize,4,Belagavi,Local,Bailahongal APMC,1600,1340,1404,Karnataka,Hybrid/Local,2026,4,3,1787.0,1752.0,1731.2857142857142,-0.2143256855064353,Summer,1
2026-05-04,Maize,4,Belagavi,Local,Bailahongal APMC,1950,1680,1844,Karnataka,Hybrid/Local,2026,5,0,1404.0,1779.0,1740.571428571429,0.3133903133903133,Summer,0
2026-05-05,Maize,4,Belagavi,Local,Bailahongal APMC,1600,1350,1406,Karnataka,Hybrid/Local,2026,5,1,1844.0,1750.0,1691.428571428571,-0.237527114967462,Summer,1
2026-05-06,Maize,4,Belagavi,Local,Bailahongal APMC,2000,1750,1924,Karnataka,Hybrid/Local,2026,5,2,1406.0,1866.0,1699.7142857142858,0.368421052631579,Summer,0
2026-05-08,Maize,4,Belagavi,Local,Bailahongal APMC,2050,1750,1968,Karnataka,Hybrid/Local,2026,5,4,1924.0,1833.0,1719.0,0.0228690228690229,Summer,0
2026-05-12,Maize,4,Belagavi,Local,Bailahongal APMC,1900,1400,1446,Karnataka,Hybrid/Local,2026,5,1,1968.0,1700.0,1682.7142857142858,-0.2652439024390244,Summer,1
2026-05-15,Maize,4,Belagavi,Local,Bailahongal APMC,2100,1800,1977,Karnataka,Hybrid/Local,2026,5,4,1446.0,1787.0,1709.857142857143,0.3672199170124481,Summer,0
2026-05-16,Maize,4,Belagavi,Local,Bailahongal APMC,1900,1350,1406,Karnataka,Hybrid/Local,2026,5,5,1977.0,1404.0,1710.142857142857,-0.2888214466363177,Summer,1
2026-05-25,Maize,4,Belagavi,Local,Bailahongal APMC,2050,1800,1993,Karnataka,Hybrid/Local,2026,5,0,1406.0,1844.0,1731.428571428571,0.4174964438122333,Summer,0
2026-06-09,Maize,4,Belagavi,Local,Bailahongal APMC,2200,1900,2127,Karnataka,Hybrid/Local,2026,6,1,1993.0,1406.0,1834.4285714285716,0.0672353236327145,Monsoon,0
2026-07-13,Maize,4,Belagavi,Local,Bailahongal APMC,2500,2000,2430,Karnataka,Hybrid/Local,2026,7,0,2127.0,1924.0,1906.7142857142856,0.1424541607898448,Monsoon,0
2026-07-18,Maize,4,Belagavi,Local,Bailahongal APMC,2300,2100,2227,Karnataka,Hybrid/Local,2026,7,5,2430.0,1968.0,1943.7142857142856,-0.0835390946502058,Monsoon,0
2026-07-22,Maize,4,Belagavi,Local,Bailahongal APMC,2200,1900,2000,Karnataka,Hybrid/Local,2026,7,2,2227.0,1446.0,2022.857142857143,-0.1019308486753479,Monsoon,0
2026-07-24,Maize,4,Belagavi,Local,Bailahongal APMC,2300,2000,2200,Karnataka,Hybrid/Local,2026,7,4,2000.0,1977.0,2054.714285714286,0.1,Monsoon,0
2026-07-27,Maize,4,Belagavi,Local,Bailahongal APMC,2300,2000,2200,Karnataka,Hybrid/Local,2026,7,0,2200.0,1406.0,2168.1428571428573,0.0,Monsoon,0
2026-07-28,Maize,4,Belagavi,Local,Bailahongal APMC,2450,2150,2377,Karnataka,Hybrid/Local,2026,7,1,2200.0,1993.0,2223.0,0.0804545454545455,Monsoon,0
2026-04-02,Maize,4,Bengaluru,FAQ,Bengaluru APMC,2300,2100,2200,Karnataka,Hybrid/Local,2026,4,3,2200.0,,2200.0,0.0,Summer,0
2026-04-03,Maize,4,Bengaluru,FAQ,Bengaluru APMC,2300,2100,2200,Karnataka,Hybrid/Local,2026,4,4,2200.0,,2200.0,0.0,Summer,0
2026-04-04,Maize,4,Bengaluru,FAQ,Bengaluru APMC,4000,3800,3900,Karnataka,Pro Agro 4212,2026,4,5,2200.0,,2625.0,0.7727272727272727,Summer,1
2026-04-04,Maize,4,Bengaluru,FAQ,Bengaluru APMC,2400,2200,2300,Karnataka,Hybrid/Local,2026,4,5,3900.0,,2560.0,-0.4102564102564102,Summer,0
2026-04-06,Maize,4,Bengaluru,FAQ,Bengaluru APMC,2400,2200,2300,Karnataka,Hybrid/Local,2026,4,0,2300.0,,2516.6666666666665,0.0,Summer,0
2026-04-07,Maize,4,Bengaluru,FAQ,Bengaluru APMC,2400,2200,2300,Karnataka,Hybrid/Local,2026,4,1,2300.0,,2485.714285714286,0.0,Summer,0
2026-04-08,Maize,4,Bengaluru,FAQ,Bengaluru APMC,2400,2200,2300,Karnataka,Hybrid/Local,2026,4,2,2300.0,2200.0,2500.0,0.0,Summer,0
2026-04-09,Maize,4,Bengaluru,FAQ,Bengaluru APMC,2400,2200,2300,Karnataka,Hybrid/Local,2026,4,3,2300.0,2200.0,2514.285714285714,0.0,Summer,0
2026-04-10,Maize,4,Bengaluru,FAQ,Bengaluru APMC,2400,2200,2300,Karnataka,Hybrid/Local,2026,4,4,2300.0,2200.0,2528.5714285714284,0.0,Summer,0
2026-04-11,Maize,4,Bengaluru,FAQ,Bengaluru APMC,2400,2200,2300,Karnataka,Hybrid/Local,2026,4,5,2300.0,3900.0,2300.0,0.0,Summer,0
2026-04-13,Maize,4,Bengaluru,FAQ,Bengaluru APMC,4000,3800,3900,Karnataka,Pro Agro 4212,2026,4,0,2300.0,2300.0,2528.5714285714284,0.6956521739130435,Summer,1
2026-04-15,Maize,4,Bengaluru,FAQ,Bengaluru APMC,2400,2200,2300,Karnataka,Hybrid/Local,2026,4,2,3900.0,2300.0,2528.5714285714284,-0.4102564102564102,Summer,0
2026-04-15,Maize,4,Bengaluru,FAQ,Bengaluru APMC,4000,3800,3900,Karnataka,Pro Agro 4212,2026,4,2,2300.0,2300.0,2757.1428571428573,0.6956521739130435,Summer,1
2026-04-16,Maize,4,Bengaluru,FAQ,Bengaluru APMC,2400,2200,2300,Karnataka,Hybrid/Local,2026,4,3,3900.0,2300.0,2757.1428571428573,-0.4102564102564102,Summer,0
2026-04-18,Maize,4,Bengaluru,FAQ,Bengaluru APMC,2400,2200,2300,Karnataka,Hybrid/Local,2026,4,5,2300.0,2300.0,2757.1428571428573,0.0,Summer,0
2026-04-21,Maize,4,Bengaluru,FAQ,Bengaluru APMC,2400,2200,2300,Karnataka,Hybrid/Local,2026,4,1,2300.0,2300.0,2757.1428571428573,0.0,Summer,0
2026-04-22,Maize,4,Bengaluru,FAQ,Bengaluru APMC,2400,2200,2300,Karnataka,Hybrid/Local,2026,4,2,2300.0,2300.0,2757.1428571428573,0.0,Summer,0
2026-04-23,Maize,4,Bengaluru,FAQ,Bengaluru APMC,2400,2200,2300,Karnataka,Hybrid/Local,2026,4,3,2300.0,3900.0,2528.5714285714284,0.0,Summer,0
2026-04-24,Maize,4,Bengaluru,FAQ,Bengaluru APMC,2400,2200,2300,Karnataka,Hybrid/Local,2026,4,4,2300.0,2300.0,2528.5714285714284,0.0,Summer,0
2026-04-24,Maize,4,Bengaluru,FAQ,Bengaluru APMC,4000,3800,3900,Karnataka,Pro Agro 4212,2026,4,4,2300.0,3900.0,2528.5714285714284,0.6956521739130435,Summer,1
2026-04-25,Maize,4,Bengaluru,FAQ,Bengaluru APMC,2400,2200,2300,Karnataka,Hybrid/Local,2026,4,5,3900.0,2300.0,2528.5714285714284,-0.4102564102564102,Summer,0
2026-04-29,Maize,4,Bengaluru,FAQ,Bengaluru APMC,2300,2100,2200,Karnataka,Hybrid/Local,2026,4,2,2300.0,2300.0,2514.285714285714,-0.0434782608695651,Summer,0
2026-04-30,Maize,4,Bengaluru,FAQ,Bengaluru APMC,2300,2100,2200,Karnataka,Hybrid/Local,2026,4,3,2200.0,2300.0,2500.0,0.0,Summer,0
2026-05-02,Maize,4,Bengaluru,FAQ,Bengaluru APMC,2300,2100,2200,Karnataka,Hybrid/Local,2026,5,5,2200.0,2300.0,2485.714285714286,0.0,Summer,0
2026-05-07,Maize,4,Bengaluru,FAQ,Bengaluru APMC,2300,2100,2200,Karnataka,Hybrid/Local,2026,5,3,2200.0,2300.0,2471.428571428572,0.0,Summer,0
2026-05-08,Maize,4,Bengaluru,FAQ,Bengaluru APMC,2300,2100,2200,Karnataka,Hybrid/Local,2026,5,4,2200.0,2300.0,2457.1428571428573,0.0,Summer,0
2026-05-09,Maize,4,Bengaluru,FAQ,Bengaluru APMC,6000,4000,5000,Karnataka,Pro Agro 4212,2026,5,5,2200.0,3900.0,2614.285714285714,1.272727272727273,Summer,0
2026-05-14,Maize,4,Bengaluru,FAQ,Bengaluru APMC,6000,4000,5000,Karnataka,Pro Agro 4212,2026,5,3,5000.0,2300.0,3000.0,0.0,Summer,0
2026-05-14,Maize,4,Bengaluru,FAQ,Bengaluru APMC,2500,2300,2400,Karnataka,Hybrid/Local,2026,5,3,5000.0,2200.0,3028.5714285714284,-0.52,Summer,0
2026-05-15,Maize,4,Bengaluru,FAQ,Bengaluru APMC,2500,2300,2400,Karnataka,Hybrid/Local,2026,5,4,2400.0,2200.0,3057.1428571428573,0.0,Summer,0
2026-05-16,Maize,4,Bengaluru,FAQ,Bengaluru APMC,2500,2300,2400,Karnataka,Hybrid/Local,2026,5,5,2400.0,2200.0,3085.714285714286,0.0,Summer,0
2026-05-20,Maize,4,Bengaluru,FAQ,Bengaluru APMC,2500,2300,2400,Karnataka,Hybrid/Local,2026,5,2,2400.0,2200.0,3114.285714285714,0.0,Summer,0
2026-05-21,Maize,4,Bengaluru,FAQ,Bengaluru APMC,2500,2300,2400,Karnataka,Hybrid/Local,2026,5,3,2400.0,2200.0,3142.8571428571427,0.0,Summer,0
2026-05-21,Maize,4,Bengaluru,FAQ,Bengaluru APMC,6000,4000,5000,Karnataka,Pro Agro 4212,2026,5,3,2400.0,5000.0,3142.8571428571427,1.0833333333333337,Summer,0
2026-05-22,Maize,4,Bengaluru,FAQ,Bengaluru APMC,2500,2300,2400,Karnataka,Hybrid/Local,2026,5,4,5000.0,5000.0,2771.428571428572,-0.52,Summer,0
2026-05-23,Maize,4,Bengaluru,FAQ,Bengaluru APMC,6000,4000,5000,Karnataka,Pro Agro 4212,2026,5,5,2400.0,2400.0,3142.8571428571427,1.0833333333333337,Summer,0
2026-05-25,Maize,4,Bengaluru,FAQ,Bengaluru APMC,2500,2300,2400,Karnataka,Hybrid/Local,2026,5,0,5000.0,2400.0,3142.8571428571427,-0.52,Summer,0
2026-05-25,Maize,4,Bengaluru,FAQ,Bengaluru APMC,6000,4000,5000,Karnataka,Pro Agro 4212,2026,5,0,2400.0,2400.0,3514.285714285714,1.0833333333333337,Summer,0
2026-05-27,Maize,4,Bengaluru,FAQ,Bengaluru APMC,6000,4000,5000,Karnataka,Popcorn,2026,5,2,5000.0,2400.0,3885.714285714286,0.0,Summer,0
2026-05-27,Maize,4,Bengaluru,FAQ,Bengaluru APMC,2500,2300,2400,Karnataka,Hybrid/Local,2026,5,2,5000.0,2400.0,3885.714285714286,-0.52,Summer,0
2026-05-27,Maize,4,Bengaluru,FAQ,Bengaluru APMC,6000,4000,5000,Karnataka,Pro Agro 4212,2026,5,2,2400.0,5000.0,3885.714285714286,1.0833333333333337,Summer,0
2026-05-28,Maize,4,Bengaluru,FAQ,Bengaluru APMC,2500,2300,2400,Karnataka,Hybrid/Local,2026,5,3,5000.0,2400.0,3885.714285714286,-0.52,Summer,0
2026-05-30,Maize,4,Bengaluru,FAQ,Bengaluru APMC,6000,4000,5000,Karnataka,Popcorn,2026,5,5,2400.0,5000.0,3885.714285714286,1.0833333333333337,Summer,0
2026-06-01,Maize,4,Bengaluru,FAQ,Bengaluru APMC,2500,2300,2400,Karnataka,Hybrid/Local,2026,6,0,5000.0,2400.0,3885.714285714286,-0.52,Monsoon,0
2026-06-01,Maize,4,Bengaluru,FAQ,Bengaluru APMC,6000,4000,5000,Karnataka,Popcorn,2026,6,0,2400.0,5000.0,3885.714285714286,1.0833333333333337,Monsoon,0
2026-06-02,Maize,4,Bengaluru,FAQ,Bengaluru APMC,2500,2300,2400,Karnataka,Hybrid/Local,2026,6,1,5000.0,5000.0,3514.285714285714,-0.52,Monsoon,0
2026-06-03,Maize,4,Bengaluru,FAQ,Bengaluru APMC,6000,4000,5000,Karnataka,Popcorn,2026,6,2,2400.0,2400.0,3885.714285714286,1.0833333333333337,Monsoon,0
2026-06-04,Maize,4,Bengaluru,FAQ,Bengaluru APMC,2500,2300,2400,Karnataka,Hybrid/Local,2026,6,3,5000.0,5000.0,3514.285714285714,-0.52,Monsoon,0
2026-06-05,Maize,4,Bengaluru,FAQ,Bengaluru APMC,2500,2300,2400,Karnataka,Hybrid/Local,2026,6,4,2400.0,2400.0,3514.285714285714,0.0,Monsoon,0
2026-06-09,Maize,4,Bengaluru,FAQ,Bengaluru APMC,2500,2400,2450,Karnataka,Hybrid/Local,2026,6,1,2400.0,5000.0,3150.0,0.0208333333333332,Monsoon,0
2026-06-10,Maize,4,Bengaluru,FAQ,Bengaluru APMC,2500,2400,2450,Karnataka,Hybrid/Local,2026,6,2,2450.0,2400.0,3157.1428571428573,0.0,Monsoon,0
2026-06-11,Maize,4,Bengaluru,FAQ,Bengaluru APMC,6000,4000,5000,Karnataka,Popcorn,2026,6,3,2450.0,5000.0,3157.1428571428573,1.0408163265306123,Monsoon,0
2026-06-12,Maize,4,Bengaluru,FAQ,Bengaluru APMC,6000,4000,5000,Karnataka,Popcorn,2026,6,4,5000.0,2400.0,3528.5714285714284,0.0,Monsoon,0
2026-06-12,Maize,4,Bengaluru,FAQ,Bengaluru APMC,2500,2400,2450,Karnataka,Hybrid/Local,2026,6,4,5000.0,5000.0,3164.285714285714,-0.51,Monsoon,0
2026-06-13,Maize,4,Bengaluru,FAQ,Bengaluru APMC,2500,2400,2450,Karnataka,Hybrid/Local,2026,6,5,2450.0,2400.0,3171.428571428572,0.0,Monsoon,0
2026-06-13,Maize,4,Bengaluru,FAQ,Bengaluru APMC,6000,4000,5000,Karnataka,Popcorn,2026,6,5,2450.0,2400.0,3542.8571428571427,1.0408163265306123,Monsoon,0
2026-06-15,Maize,4,Bengaluru,FAQ,Bengaluru APMC,2500,2400,2450,Karnataka,Hybrid/Local,2026,6,0,5000.0,2450.0,3542.8571428571427,-0.51,Monsoon,0
2026-06-17,Maize,4,Bengaluru,FAQ,Bengaluru APMC,6000,4000,5000,Karnataka,Popcorn,2026,6,2,2450.0,2450.0,3907.142857142857,1.0408163265306123,Monsoon,0
2026-06-17,Maize,4,Bengaluru,FAQ,Bengaluru APMC,2500,2400,2450,Karnataka,Hybrid/Local,2026,6,2,5000.0,5000.0,3542.8571428571427,-0.51,Monsoon,0
2026-06-19,Maize,4,Bengaluru,FAQ,Bengaluru APMC,6000,4000,5000,Karnataka,Popcorn,2026,6,4,2450.0,5000.0,3542.8571428571427,1.0408163265306123,Monsoon,0
2026-06-22,Maize,4,Bengaluru,FAQ,Bengaluru APMC,2500,2400,2450,Karnataka,Hybrid/Local,2026,6,0,5000.0,2450.0,3542.8571428571427,-0.51,Monsoon,0
2026-06-24,Maize,4,Bengaluru,FAQ,Bengaluru APMC,2500,2400,2450,Karnataka,Hybrid/Local,2026,6,2,2450.0,2450.0,3542.8571428571427,0.0,Monsoon,0
2026-07-01,Maize,4,Bengaluru,FAQ,Bengaluru APMC,2500,2400,2450,Karnataka,Hybrid/Local,2026,7,2,2450.0,5000.0,3178.5714285714284,0.0,Monsoon,0
2026-07-04,Maize,4,Bengaluru,FAQ,Bengaluru APMC,2500,2400,2450,Karnataka,Hybrid/Local,2026,7,5,2450.0,2450.0,3178.5714285714284,0.0,Monsoon,0
2026-07-06,Maize,4,Bengaluru,FAQ,Bengaluru APMC,2800,2400,2600,Karnataka,Hybrid/Local,2026,7,0,2450.0,5000.0,2835.714285714286,0.0612244897959184,Monsoon,0
2026-07-07,Maize,4,Bengaluru,FAQ,Bengaluru APMC,2800,2400,2600,Karnataka,Hybrid/Local,2026,7,1,2600.0,2450.0,2857.1428571428573,0.0,Monsoon,0
2026-07-08,Maize,4,Bengaluru,FAQ,Bengaluru APMC,2800,2400,2600,Karnataka,Hybrid/Local,2026,7,2,2600.0,5000.0,2514.285714285714,0.0,Monsoon,0
2026-07-09,Maize,4,Bengaluru,FAQ,Bengaluru APMC,2800,2400,2600,Karnataka,Hybrid/Local,2026,7,3,2600.0,2450.0,2535.714285714286,0.0,Monsoon,0
2026-07-11,Maize,4,Bengaluru,FAQ,Bengaluru APMC,2800,2400,2600,Karnataka,Hybrid/Local,2026,7,5,2600.0,2450.0,2557.1428571428573,0.0,Monsoon,0
2026-07-18,Maize,4,Bengaluru,FAQ,Bengaluru APMC,2800,2400,2600,Karnataka,Hybrid/Local,2026,7,5,2600.0,2450.0,2578.5714285714284,0.0,Monsoon,0
2026-07-20,Maize,4,Bengaluru,FAQ,Bengaluru APMC,2800,2400,2600,Karnataka,Hybrid/Local,2026,7,0,2600.0,2450.0,2600.0,0.0,Monsoon,0
2026-07-23,Maize,4,Bengaluru,FAQ,Bengaluru APMC,7000,5000,6000,Karnataka,Popcorn,2026,7,3,2600.0,2600.0,3085.714285714286,1.3076923076923077,Monsoon,1
2026-07-28,Maize,4,Bengaluru,FAQ,Bengaluru APMC,3000,2700,2850,Karnataka,Hybrid/Local,2026,7,1,6000.0,2600.0,3121.428571428572,-0.525,Monsoon,1
2026-08-01,Maize,4,Bengaluru,FAQ,Bengaluru APMC,7000,5000,6000,Karnataka,Popcorn,2026,8,5,2850.0,2600.0,3607.142857142857,1.1052631578947367,Monsoon,1
2026-08-03,Maize,4,Bengaluru,FAQ,Bengaluru APMC,7000,5000,6000,Karnataka,Popcorn,2026,8,0,6000.0,2600.0,4092.857142857143,0.0,Monsoon,1
2026-08-05,Maize,4,Bengaluru,FAQ,Bengaluru APMC,6000,5000,5500,Karnataka,Popcorn,2026,8,2,6000.0,2600.0,4507.142857142857,-0.0833333333333333,Monsoon,1
2026-08-06,Maize,4,Bengaluru,FAQ,Bengaluru APMC,3000,2900,2950,Karnataka,Hybrid/Local,2026,8,3,5500.0,2600.0,4557.142857142857,-0.4636363636363636,Monsoon,1
2026-04-02,Maize,4,Belagavi,Local,Gokak APMC,1840,1810,1810,Karnataka,Local,2026,4,3,1550.0,,1680.0,0.1677419354838709,Summer,0
2026-04-03,Maize,4,Belagavi,Local,Gokak APMC,1810,1810,1810,Karnataka,Local,2026,4,4,1810.0,,1723.3333333333333,0.0,Summer,0
2026-04-04,Maize,4,Belagavi,Local,Gokak APMC,1900,1660,1660,Karnataka,Local,2026,4,5,1810.0,,1707.5,-0.0828729281767955,Summer,0
2026-04-05,Maize,4,Belagavi,Local,Gokak APMC,1820,1680,1680,Karnataka,Local,2026,4,6,1660.0,,1702.0,0.0120481927710842,Summer,0
2026-04-06,Maize,4,Belagavi,Local,Gokak APMC,1820,1660,1700,Karnataka,Local,2026,4,0,1680.0,,1701.6666666666667,0.0119047619047618,Summer,0
2026-04-07,Maize,4,Belagavi,Local,Gokak APMC,2000,1700,1920,Karnataka,Local,2026,4,1,1700.0,,1732.857142857143,0.1294117647058823,Summer,0
2026-04-08,Maize,4,Belagavi,Local,Gokak APMC,2040,1700,1850,Karnataka,Local,2026,4,2,1920.0,1550.0,1775.7142857142858,-0.0364583333333333,Summer,0
2026-04-10,Maize,4,Belagavi,Local,Gokak APMC,2040,1880,1880,Karnataka,Local,2026,4,4,1850.0,1810.0,1785.7142857142858,0.0162162162162162,Summer,0
2026-04-11,Maize,4,Belagavi,Local,Gokak APMC,2040,2040,2040,Karnataka,Local,2026,4,5,1880.0,1810.0,1818.571428571429,0.0851063829787233,Summer,0
2026-04-13,Maize,4,Belagavi,Local,Gokak APMC,2040,2040,2040,Karnataka,Local,2026,4,0,2040.0,1660.0,1872.857142857143,0.0,Summer,0
2026-04-14,Maize,4,Belagavi,Local,Gokak APMC,2040,1730,1870,Karnataka,Local,2026,4,1,2040.0,1680.0,1900.0,-0.0833333333333333,Summer,0
2026-04-15,Maize,4,Belagavi,Local,Gokak APMC,1992,1991,1991,Karnataka,Local,2026,4,2,1870.0,1700.0,1941.571428571429,0.0647058823529411,Summer,0
2026-04-16,Maize,4,Belagavi,Local,Gokak APMC,2040,1880,1880,Karnataka,Local,2026,4,3,1991.0,1920.0,1935.857142857143,-0.0557508789552988,Summer,0
2026-04-17,Maize,4,Belagavi,Local,Gokak APMC,1860,1730,1730,Karnataka,Local,2026,4,4,1880.0,1850.0,1918.7142857142856,-0.0797872340425531,Summer,0
2026-04-18,Maize,4,Belagavi,Local,Gokak APMC,1860,1860,1860,Karnataka,Local,2026,4,5,1730.0,1880.0,1915.857142857143,0.0751445086705202,Summer,0
2026-04-20,Maize,4,Belagavi,Local,Gokak APMC,2040,1730,1880,Karnataka,Local,2026,4,0,1860.0,2040.0,1893.0,0.010752688172043,Summer,0
2026-04-22,Maize,4,Belagavi,Local,Gokak APMC,2040,1900,1900,Karnataka,Local,2026,4,2,1880.0,2040.0,1873.0,0.0106382978723404,Summer,0
2026-04-23,Maize,4,Belagavi,Local,Gokak APMC,1900,1735,1735,Karnataka,Local,2026,4,3,1900.0,1870.0,1853.7142857142856,-0.0868421052631579,Summer,0
2026-04-25,Maize,4,Belagavi,Local,Gokak APMC,1940,1850,1900,Karnataka,Local,2026,4,5,1735.0,1991.0,1840.7142857142856,0.095100864553314,Summer,0
2026-04-27,Maize,4,Belagavi,Local,Gokak APMC,2000,1755,1900,Karnataka,Local,2026,4,0,1900.0,1880.0,1843.571428571429,0.0,Summer,0
2026-04-28,Maize,4,Belagavi,Local,Gokak APMC,2000,1770,1770,Karnataka,Local,2026,4,1,1900.0,1730.0,1849.2857142857144,-0.0684210526315789,Summer,0
2026-04-29,Maize,4,Belagavi,Local,Gokak APMC,1812,1745,1745,Karnataka,Local,2026,4,2,1770.0,1860.0,1832.857142857143,-0.0141242937853107,Summer,0
2026-04-30,Maize,4,Belagavi,Local,Gokak APMC,2000,1860,1860,Karnataka,Local,2026,4,3,1745.0,1880.0,1830.0,0.0659025787965617,Summer,0
2026-05-02,Maize,4,Belagavi,Local,Gokak APMC,2000,1770,1770,Karnataka,Local,2026,5,5,1860.0,1900.0,1811.4285714285716,-0.0483870967741935,Summer,0
2026-05-03,Maize,4,Belagavi,Local,Gokak APMC,1950,1950,1950,Karnataka,Local,2026,5,6,1770.0,1735.0,1842.142857142857,0.1016949152542372,Summer,0
2026-05-04,Maize,4,Belagavi,Local,Gokak APMC,2000,1770,1960,Karnataka,Local,2026,5,0,1950.0,1900.0,1850.7142857142856,0.0051282051282051,Summer,0
2026-05-05,Maize,4,Belagavi,Local,Gokak APMC,2020,1770,1860,Karnataka,Local,2026,5,1,1960.0,1900.0,1845.0,-0.0510204081632652,Summer,0
2026-05-06,Maize,4,Belagavi,Local,Gokak APMC,2020,1860,1990,Karnataka,Local,2026,5,2,1860.0,1770.0,1876.4285714285716,0.0698924731182795,Summer,0
2026-05-07,Maize,4,Belagavi,Local,Gokak APMC,1990,1770,1770,Karnataka,Local,2026,5,3,1990.0,1745.0,1880.0,-0.1105527638190955,Summer,0
2026-05-08,Maize,4,Belagavi,Local,Gokak APMC,2020,1950,1950,Karnataka,Local,2026,5,4,1770.0,1860.0,1892.857142857143,0.1016949152542372,Summer,0
2026-05-11,Maize,4,Belagavi,Local,Gokak APMC,2120,1980,1980,Karnataka,Local,2026,5,0,1950.0,1770.0,1922.857142857143,0.0153846153846153,Summer,0
2026-05-12,Maize,4,Belagavi,Local,Gokak APMC,2010,1770,1970,Karnataka,Local,2026,5,1,1980.0,1950.0,1925.7142857142856,-0.005050505050505,Summer,0
2026-05-13,Maize,4,Belagavi,Grade Range-1,Gokak APMC,2100,1970,2020,Karnataka,Local,2026,5,2,1970.0,1960.0,1934.2857142857144,0.0253807106598984,Summer,0
2026-05-15,Maize,4,Belagavi,Non-FAQ,Gokak APMC,2100,1855,1980,Karnataka,Local,2026,5,4,2020.0,1860.0,1951.4285714285716,-0.0198019801980198,Summer,0
2026-05-17,Maize,4,Belagavi,Local,Gokak APMC,2020,2000,2000,Karnataka,Local,2026,5,6,1980.0,1990.0,1952.857142857143,0.0101010101010101,Summer,0
2026-05-18,Maize,4,Belagavi,Local,Gokak APMC,2100,2020,2020,Karnataka,Local,2026,5,0,2000.0,1770.0,1988.571428571429,0.01,Summer,0
2026-05-19,Maize,4,Belagavi,Local,Gokak APMC,2120,1870,1870,Karnataka,Local,2026,5,1,2020.0,1950.0,1977.142857142857,-0.0742574257425742,Summer,0
2026-05-20,Maize,4,Belagavi,FAQ,Gokak APMC,2130,1860,2030,Karnataka,Local,2026,5,2,1870.0,1980.0,1984.2857142857144,0.0855614973262031,Summer,0
2026-05-21,Maize,4,Belagavi,FAQ,Gokak APMC,2200,1870,2000,Karnataka,Local,2026,5,3,2030.0,1970.0,1988.571428571429,-0.0147783251231526,Summer,0
2026-05-22,Maize,4,Belagavi,Local,Gokak APMC,2250,2000,2050,Karnataka,Local,2026,5,4,2000.0,2020.0,1992.857142857143,0.0249999999999999,Summer,0
2026-05-23,Maize,4,Belagavi,Local,Gokak APMC,2250,2070,2070,Karnataka,Local,2026,5,5,2050.0,1980.0,2005.7142857142856,0.0097560975609756,Summer,0
2026-05-25,Maize,4,Belagavi,Local,Gokak APMC,2100,1940,2100,Karnataka,Local,2026,5,0,2070.0,2000.0,2020.0,0.0144927536231884,Summer,0
2026-05-26,Maize,4,Belagavi,Local,Gokak APMC,2100,2100,2100,Karnataka,Local,2026,5,1,2100.0,2020.0,2031.4285714285716,0.0,Summer,0
2026-05-27,Maize,4,Belagavi,Local,Gokak APMC,2100,2100,2100,Karnataka,Local,2026,5,2,2100.0,1870.0,2064.285714285714,0.0,Summer,0
2026-05-29,Maize,4,Belagavi,Local,Gokak APMC,2200,1980,1980,Karnataka,Local,2026,5,4,2100.0,2030.0,2057.1428571428573,-0.0571428571428571,Summer,0
2026-06-01,Maize,4,Belagavi,Local,Gokak APMC,2160,2160,2160,Karnataka,Local,2026,6,0,1980.0,2000.0,2080.0,0.0909090909090908,Monsoon,0
2026-06-02,Maize,4,Belagavi,Local,Gokak APMC,2100,2100,2100,Karnataka,Local,2026,6,1,2160.0,2050.0,2087.1428571428573,-0.0277777777777777,Monsoon,0
2026-06-03,Maize,4,Belagavi,Local,Gokak APMC,2160,2160,2160,Karnataka,Local,2026,6,2,2100.0,2070.0,2100.0,0.0285714285714284,Monsoon,0
2026-06-05,Maize,4,Belagavi,Local,Gokak APMC,2300,2005,2005,Karnataka,Local,2026,6,4,2160.0,2100.0,2086.428571428572,-0.0717592592592593,Monsoon,0
2026-06-06,Maize,4,Belagavi,Grade Range-1,Gokak APMC,2300,2170,2250,Karnataka,Local,2026,6,5,2005.0,2100.0,2107.8571428571427,0.1221945137157107,Monsoon,0
2026-06-09,Maize,4,Belagavi,Local,Gokak APMC,2300,2200,2200,Karnataka,Local,2026,6,1,2250.0,2100.0,2122.1428571428573,-0.0222222222222222,Monsoon,0
2026-06-11,Maize,4,Belagavi,Local,Gokak APMC,2250,2200,2200,Karnataka,Local,2026,6,3,2200.0,1980.0,2153.5714285714284,0.0,Monsoon,0
2026-06-12,Maize,4,Belagavi,Local,Gokak APMC,2250,2250,2250,Karnataka,Local,2026,6,4,2200.0,2160.0,2166.428571428572,0.0227272727272727,Monsoon,0
2026-06-13,Maize,4,Belagavi,Local,Gokak APMC,2250,2250,2250,Karnataka,Local,2026,6,5,2250.0,2100.0,2187.8571428571427,0.0,Monsoon,0
2026-06-15,Maize,4,Belagavi,Local,Gokak APMC,2055,2055,2055,Karnataka,Local,2026,6,0,2250.0,2160.0,2172.8571428571427,-0.0866666666666666,Monsoon,0
2026-06-16,Maize,4,Belagavi,Local,Gokak APMC,2250,2250,2250,Karnataka,Local,2026,6,1,2055.0,2005.0,2207.8571428571427,0.0948905109489051,Monsoon,0
2026-06-17,Maize,4,Belagavi,Local,Gokak APMC,2250,2250,2250,Karnataka,Local,2026,6,2,2250.0,2250.0,2207.8571428571427,0.0,Monsoon,0
2026-06-18,Maize,4,Belagavi,Local,Gokak APMC,2230,2230,2230,Karnataka,Local,2026,6,3,2250.0,2200.0,2212.1428571428573,-0.0088888888888888,Monsoon,0
2026-06-22,Maize,4,Belagavi,Local,Gokak APMC,2300,2300,2300,Karnataka,Local,2026,6,0,2230.0,2200.0,2226.428571428572,0.031390134529148,Monsoon,0
2026-06-24,Maize,4,Belagavi,Local,Gokak APMC,2300,2300,2300,Karnataka,Local,2026,6,2,2300.0,2250.0,2233.5714285714284,0.0,Monsoon,0
2026-06-29,Maize,4,Belagavi,Local,Gokak APMC,2500,2500,2500,Karnataka,Local,2026,6,0,2300.0,2250.0,2269.285714285714,0.0869565217391303,Monsoon,0
2026-07-08,Maize,4,Belagavi,Local,Gokak APMC,2300,2300,2300,Karnataka,Local,2026,7,2,2500.0,2055.0,2304.285714285714,-0.0799999999999999,Monsoon,0
2026-07-11,Maize,4,Belagavi,Local,Gokak APMC,2300,2300,2300,Karnataka,Local,2026,7,5,2300.0,2250.0,2311.428571428572,0.0,Monsoon,0
2026-07-17,Maize,4,Belagavi,Local,Gokak APMC,2512,2512,2512,Karnataka,Local,2026,7,4,2300.0,2250.0,2348.8571428571427,0.0921739130434782,Monsoon,0
2026-07-22,Maize,4,Belagavi,Local,Gokak APMC,2500,2500,2500,Karnataka,Local,2026,7,2,2512.0,2230.0,2387.428571428572,-0.0047770700636943,Monsoon,0
2026-07-23,Maize,4,Belagavi,Local,Gokak APMC,2350,2350,2350,Karnataka,Local,2026,7,3,2500.0,2300.0,2394.5714285714284,-0.06,Monsoon,0
2026-07-31,Maize,4,Belagavi,Local,Gokak APMC,2427,2427,2427,Karnataka,Local,2026,7,4,2350.0,2300.0,2412.714285714286,0.0327659574468084,Monsoon,0
2026-04-09,Maize,4,Mysuru,Local,Hunsur APMC,1650,1650,1650,Karnataka,Local,2026,4,3,1700.0,,1675.0,-0.0294117647058823,Summer,0
2026-05-12,Maize,4,Mysuru,FAQ,Hunsur APMC,1600,1600,1600,Karnataka,Local,2026,5,1,1650.0,,1650.0,-0.0303030303030302,Summer,0
2026-05-26,Maize,4,Mysuru,Local,Hunsur APMC,1800,1800,1800,Karnataka,Local,2026,5,1,1600.0,,1687.5,0.125,Summer,0
2026-05-31,Maize,4,Mysuru,FAQ,Hunsur APMC,2000,2000,2000,Karnataka,Local,2026,5,6,1800.0,,1750.0,0.1111111111111111,Summer,0
2026-07-08,Maize,4,Mysuru,FAQ,Hunsur APMC,2600,2600,2600,Karnataka,Local,2026,7,2,2000.0,,1891.6666666666667,0.3,Monsoon,0
2026-07-14,Maize,4,Mysuru,FAQ,Hunsur APMC,2500,2500,2500,Karnataka,Local,2026,7,1,2600.0,,1978.571428571429,-0.0384615384615384,Monsoon,0
2026-04-08,Maize,4,Mysuru,FAQ,K.R.Nagar APMC,1800,1800,1800,Karnataka,Local,2026,4,2,1950.0,,1875.0,-0.0769230769230768,Summer,0
2026-04-11,Maize,4,Mysuru,FAQ,K.R.Nagar APMC,1900,1900,1900,Karnataka,Local,2026,4,5,1800.0,,1883.3333333333333,0.0555555555555555,Summer,0
2026-04-25,Maize,4,Mysuru,FAQ,K.R.Nagar APMC,1900,1900,1900,Karnataka,Local,2026,4,5,1900.0,,1887.5,0.0,Summer,0
2026-04-30,Maize,4,Mysuru,FAQ,K.R.Nagar APMC,1900,1900,1900,Karnataka,Local,2026,4,3,1900.0,,1890.0,0.0,Summer,0
2026-05-01,Maize,4,Mysuru,FAQ,K.R.Nagar APMC,2050,2050,2050,Karnataka,Local,2026,5,4,1900.0,,1916.6666666666667,0.0789473684210526,Summer,0
2026-05-02,Maize,4,Mysuru,FAQ,K.R.Nagar APMC,1900,1900,1900,Karnataka,Local,2026,5,5,2050.0,,1914.2857142857144,-0.073170731707317,Summer,0
2026-05-05,Maize,4,Mysuru,FAQ,K.R.Nagar APMC,1970,1900,1951,Karnataka,Local,2026,5,1,1900.0,1950.0,1914.4285714285716,0.026842105263158,Summer,0
2026-05-12,Maize,4,Mysuru,FAQ,K.R.Nagar APMC,2000,1900,1964,Karnataka,Local,2026,5,1,1951.0,1800.0,1937.857142857143,0.0066632496155818,Summer,0
2026-05-17,Maize,4,Mysuru,FAQ,K.R.Nagar APMC,2100,2100,2100,Karnataka,Local,2026,5,6,1964.0,1900.0,1966.4285714285716,0.0692464358452138,Summer,0
2026-05-19,Maize,4,Mysuru,FAQ,K.R.Nagar APMC,2200,1900,2104,Karnataka,Local,2026,5,1,2100.0,1900.0,1995.571428571429,0.0019047619047618,Summer,0
2026-05-27,Maize,4,Mysuru,FAQ,K.R.Nagar APMC,2200,1900,2027,Karnataka,Local,2026,5,2,2104.0,1900.0,2013.7142857142856,-0.0365969581749049,Summer,0
2026-05-30,Maize,4,Mysuru,FAQ,K.R.Nagar APMC,1900,1900,1900,Karnataka,Local,2026,5,5,2027.0,2050.0,1992.2857142857144,-0.0626541687222496,Summer,0
2026-06-04,Maize,4,Mysuru,FAQ,K.R.Nagar APMC,1900,1900,1900,Karnataka,Local,2026,6,3,1900.0,1900.0,1992.2857142857144,0.0,Monsoon,0
2026-06-05,Maize,4,Mysuru,FAQ,K.R.Nagar APMC,1700,1700,1700,Karnataka,Local,2026,6,4,1900.0,1951.0,1956.4285714285716,-0.1052631578947368,Monsoon,0
2026-06-06,Maize,4,Mysuru,FAQ,K.R.Nagar APMC,2050,2000,2016,Karnataka,Local,2026,6,5,1700.0,1964.0,1963.857142857143,0.1858823529411764,Monsoon,0
2026-06-07,Maize,4,Mysuru,FAQ,K.R.Nagar APMC,1900,1900,1900,Karnataka,Local,2026,6,6,2016.0,2100.0,1935.2857142857144,-0.0575396825396825,Monsoon,0
2026-06-12,Maize,4,Mysuru,FAQ,K.R.Nagar APMC,1900,1900,1900,Karnataka,Local,2026,6,4,1900.0,2104.0,1906.142857142857,0.0,Monsoon,0
2026-06-15,Maize,4,Mysuru,FAQ,K.R.Nagar APMC,1900,1900,1900,Karnataka,Local,2026,6,0,1900.0,2027.0,1888.0,0.0,Monsoon,0
2026-06-16,Maize,4,Mysuru,FAQ,K.R.Nagar APMC,1900,1900,1900,Karnataka,Local,2026,6,1,1900.0,1900.0,1888.0,0.0,Monsoon,0
2026-06-19,Maize,4,Mysuru,FAQ,K.R.Nagar APMC,1700,1700,1700,Karnataka,Local,2026,6,4,1900.0,1900.0,1859.4285714285716,-0.1052631578947368,Monsoon,0
2026-06-21,Maize,4,Mysuru,FAQ,K.R.Nagar APMC,1700,1700,1700,Karnataka,Local,2026,6,6,1700.0,1700.0,1859.4285714285716,0.0,Monsoon,0
2026-06-22,Maize,4,Mysuru,FAQ,K.R.Nagar APMC,1900,1900,1900,Karnataka,Local,2026,6,0,1700.0,2016.0,1842.857142857143,0.1176470588235294,Monsoon,0
2026-06-23,Maize,4,Mysuru,FAQ,K.R.Nagar APMC,1900,1900,1900,Karnataka,Local,2026,6,1,1900.0,1900.0,1842.857142857143,0.0,Monsoon,0
2026-06-30,Maize,4,Mysuru,FAQ,K.R.Nagar APMC,1900,1900,1900,Karnataka,Local,2026,6,1,1900.0,1900.0,1842.857142857143,0.0,Monsoon,0
2026-07-01,Maize,4,Mysuru,FAQ,K.R.Nagar APMC,1900,1900,1900,Karnataka,Local,2026,7,2,1900.0,1900.0,1842.857142857143,0.0,Monsoon,0
2026-07-05,Maize,4,Mysuru,FAQ,K.R.Nagar APMC,2500,2500,2500,Karnataka,Local,2026,7,6,1900.0,1900.0,1928.571428571429,0.3157894736842106,Monsoon,0
2026-07-06,Maize,4,Mysuru,FAQ,K.R.Nagar APMC,2000,2000,2000,Karnataka,Local,2026,7,0,2500.0,1700.0,1971.4285714285716,-0.1999999999999999,Monsoon,0
2026-07-08,Maize,4,Mysuru,FAQ,K.R.Nagar APMC,2000,2000,2000,Karnataka,Local,2026,7,2,2000.0,1700.0,2014.2857142857144,0.0,Monsoon,0
2026-07-11,Maize,4,Mysuru,FAQ,K.R.Nagar APMC,2000,2000,2000,Karnataka,Local,2026,7,5,2000.0,1900.0,2028.571428571429,0.0,Monsoon,0
2026-07-12,Maize,4,Mysuru,FAQ,K.R.Nagar APMC,1900,1900,1900,Karnataka,Local,2026,7,6,2000.0,1900.0,2028.571428571429,-0.05,Monsoon,0
2026-07-15,Maize,4,Mysuru,FAQ,K.R.Nagar APMC,1900,1900,1900,Karnataka,Local,2026,7,2,1900.0,1900.0,2028.571428571429,0.0,Monsoon,0
2026-07-17,Maize,4,Mysuru,FAQ,K.R.Nagar APMC,2000,2000,2000,Karnataka,Local,2026,7,4,1900.0,1900.0,2042.857142857143,0.0526315789473683,Monsoon,0
2026-07-21,Maize,4,Mysuru,FAQ,K.R.Nagar APMC,1900,1900,1900,Karnataka,Local,2026,7,1,2000.0,2500.0,1957.142857142857,-0.05,Monsoon,0
2026-07-24,Maize,4,Mysuru,FAQ,K.R.Nagar APMC,1900,1900,1900,Karnataka,Local,2026,7,4,1900.0,2000.0,1942.857142857143,0.0,Monsoon,0
2026-07-27,Maize,4,Mysuru,FAQ,K.R.Nagar APMC,2000,2000,2000,Karnataka,Local,2026,7,0,1900.0,2000.0,1942.857142857143,0.0526315789473683,Monsoon,0
2026-07-29,Maize,4,Mysuru,FAQ,K.R.Nagar APMC,2000,2000,2000,Karnataka,Local,2026,7,2,2000.0,2000.0,1942.857142857143,0.0,Monsoon,0
2026-07-31,Maize,4,Mysuru,FAQ,K.R.Nagar APMC,2000,2000,2000,Karnataka,Local,2026,7,4,2000.0,1900.0,1957.142857142857,0.0,Monsoon,0
2026-08-03,Maize,4,Mysuru,FAQ,K.R.Nagar APMC,2000,2000,2000,Karnataka,Local,2026,8,0,2000.0,1900.0,1971.4285714285716,0.0,Monsoon,0
2026-08-06,Maize,4,Mysuru,FAQ,K.R.Nagar APMC,1800,1800,1800,Karnataka,Local,2026,8,3,2000.0,2000.0,1942.857142857143,-0.0999999999999999,Monsoon,0
2026-04-04,Maize,4,Belagavi,Local,Kudchi APMC,2000,1900,1950,Karnataka,Hybrid/Local,2026,4,5,1830.0,,1890.0,0.0655737704918033,Summer,0
2026-04-06,Maize,4,Belagavi,Local,Kudchi APMC,1850,1760,1800,Karnataka,Hybrid/Local,2026,4,0,1950.0,,1860.0,-0.0769230769230768,Summer,0
2026-04-22,Maize,4,Belagavi,Local,Kudchi APMC,2000,1850,1900,Karnataka,Hybrid/Local,2026,4,2,1800.0,,1870.0,0.0555555555555555,Summer,0
2026-04-27,Maize,4,Belagavi,Local,Kudchi APMC,1900,1790,1800,Karnataka,Hybrid/Local,2026,4,0,1900.0,,1856.0,-0.0526315789473684,Summer,0
2026-05-02,Maize,4,Belagavi,Local,Kudchi APMC,1850,1800,1830,Karnataka,Hybrid/Local,2026,5,5,1800.0,,1851.6666666666667,0.0166666666666666,Summer,0
2026-05-04,Maize,4,Belagavi,Local,Kudchi APMC,1850,1790,1800,Karnataka,Hybrid/Local,2026,5,0,1830.0,,1844.2857142857144,-0.0163934426229508,Summer,0
2026-05-06,Maize,4,Belagavi,Local,Kudchi APMC,1890,1780,1800,Karnataka,Hybrid/Local,2026,5,2,1800.0,1830.0,1840.0,0.0,Summer,0
2026-05-08,Maize,4,Belagavi,Local,Kudchi APMC,2100,1950,2000,Karnataka,Hybrid/Local,2026,5,4,1800.0,1950.0,1847.142857142857,0.1111111111111111,Summer,0
2026-05-12,Maize,4,Belagavi,Local,Kudchi APMC,2090,2000,2070,Karnataka,Hybrid/Local,2026,5,1,2000.0,1800.0,1885.7142857142856,0.0349999999999999,Summer,0
2026-05-13,Maize,4,Belagavi,Local,Kudchi APMC,2100,2000,2070,Karnataka,Hybrid/Local,2026,5,2,2070.0,1900.0,1910.0,0.0,Summer,0
2026-05-15,Maize,4,Belagavi,Local,Kudchi APMC,2090,2000,2070,Karnataka,Hybrid/Local,2026,5,4,2070.0,1800.0,1948.571428571429,0.0,Summer,0
2026-05-16,Maize,4,Belagavi,Local,Kudchi APMC,2090,2000,2070,Karnataka,Hybrid/Local,2026,5,5,2070.0,1830.0,1982.857142857143,0.0,Summer,0
2026-05-18,Maize,4,Belagavi,Local,Kudchi APMC,2100,2000,2070,Karnataka,Hybrid/Local,2026,5,0,2070.0,1800.0,2021.4285714285716,0.0,Summer,0
2026-05-19,Maize,4,Belagavi,Local,Kudchi APMC,2200,2050,2150,Karnataka,Hybrid/Local,2026,5,1,2070.0,1800.0,2071.428571428572,0.038647342995169,Summer,0
2026-05-20,Maize,4,Belagavi,Local,Kudchi APMC,2200,2000,2150,Karnataka,Hybrid/Local,2026,5,2,2150.0,2000.0,2092.8571428571427,0.0,Summer,0
2026-05-21,Maize,4,Belagavi,Local,Kudchi APMC,2100,2000,2070,Karnataka,Hybrid/Local,2026,5,3,2150.0,2070.0,2092.8571428571427,-0.0372093023255813,Summer,0
2026-05-22,Maize,4,Belagavi,Local,Kudchi APMC,2200,2000,2150,Karnataka,Hybrid/Local,2026,5,4,2070.0,2070.0,2104.285714285714,0.038647342995169,Summer,0
2026-05-26,Maize,4,Belagavi,Local,Kudchi APMC,2200,2100,2160,Karnataka,Hybrid/Local,2026,5,1,2150.0,2070.0,2117.1428571428573,0.0046511627906977,Summer,0
2026-05-30,Maize,4,Belagavi,Local,Kudchi APMC,2200,2100,2160,Karnataka,Hybrid/Local,2026,5,5,2160.0,2070.0,2130.0,0.0,Summer,0
2026-06-01,Maize,4,Belagavi,Local,Kudchi APMC,2200,2100,2180,Karnataka,Hybrid/Local,2026,6,0,2160.0,2070.0,2145.714285714286,0.0092592592592593,Monsoon,0
2026-06-03,Maize,4,Belagavi,Local,Kudchi APMC,2200,2100,2180,Karnataka,Hybrid/Local,2026,6,2,2180.0,2150.0,2150.0,0.0,Monsoon,0
2026-06-04,Maize,4,Belagavi,Local,Kudchi APMC,2250,2200,2220,Karnataka,Hybrid/Local,2026,6,3,2180.0,2150.0,2160.0,0.0183486238532109,Monsoon,0
2026-06-05,Maize,4,Belagavi,Local,Kudchi APMC,2000,1900,1950,Karnataka,Hybrid/Local,2026,6,4,2220.0,2070.0,2142.8571428571427,-0.1216216216216216,Monsoon,0
2026-06-06,Maize,4,Belagavi,Local,Kudchi APMC,2290,2200,2220,Karnataka,Hybrid/Local,2026,6,5,1950.0,2150.0,2152.8571428571427,0.1384615384615384,Monsoon,0
2026-06-08,Maize,4,Belagavi,Local,Kudchi APMC,2200,2100,2180,Karnataka,Hybrid/Local,2026,6,0,2220.0,2160.0,2155.714285714286,-0.018018018018018,Monsoon,0
2026-06-09,Maize,4,Belagavi,Local,Kudchi APMC,2200,2100,2180,Karnataka,Hybrid/Local,2026,6,1,2180.0,2160.0,2158.5714285714284,0.0,Monsoon,0
2026-06-10,Maize,4,Belagavi,Local,Kudchi APMC,2200,2100,2180,Karnataka,Hybrid/Local,2026,6,2,2180.0,2180.0,2158.5714285714284,0.0,Monsoon,0
2026-06-11,Maize,4,Belagavi,Local,Kudchi APMC,2230,2150,2180,Karnataka,Hybrid/Local,2026,6,3,2180.0,2180.0,2158.5714285714284,0.0,Monsoon,0
2026-06-12,Maize,4,Belagavi,Local,Kudchi APMC,2300,2100,2220,Karnataka,Hybrid/Local,2026,6,4,2180.0,2220.0,2158.5714285714284,0.0183486238532109,Monsoon,0
2026-06-15,Maize,4,Belagavi,Local,Kudchi APMC,2200,2050,2180,Karnataka,Hybrid/Local,2026,6,0,2220.0,1950.0,2191.428571428572,-0.018018018018018,Monsoon,0
2026-06-16,Maize,4,Belagavi,Local,Kudchi APMC,2200,2060,2180,Karnataka,Hybrid/Local,2026,6,1,2180.0,2220.0,2185.714285714286,0.0,Monsoon,0
2026-06-17,Maize,4,Belagavi,Local,Kudchi APMC,2250,2090,2180,Karnataka,Hybrid/Local,2026,6,2,2180.0,2180.0,2185.714285714286,0.0,Monsoon,0
2026-06-18,Maize,4,Belagavi,Local,Kudchi APMC,2260,2080,2180,Karnataka,Hybrid/Local,2026,6,3,2180.0,2180.0,2185.714285714286,0.0,Monsoon,0
2026-06-19,Maize,4,Belagavi,Local,Kudchi APMC,2280,2090,2180,Karnataka,Hybrid/Local,2026,6,4,2180.0,2180.0,2185.714285714286,0.0,Monsoon,0
2026-06-22,Maize,4,Belagavi,Local,Kudchi APMC,2300,2150,2280,Karnataka,Hybrid/Local,2026,6,0,2180.0,2180.0,2200.0,0.0458715596330274,Monsoon,0
2026-06-23,Maize,4,Belagavi,Local,Kudchi APMC,2300,2160,2280,Karnataka,Hybrid/Local,2026,6,1,2280.0,2220.0,2208.5714285714284,0.0,Monsoon,0
2026-06-24,Maize,4,Belagavi,Local,Kudchi APMC,2200,2100,2180,Karnataka,Hybrid/Local,2026,6,2,2280.0,2180.0,2208.5714285714284,-0.043859649122807,Monsoon,0
2026-06-25,Maize,4,Belagavi,Local,Kudchi APMC,2100,1950,2000,Karnataka,Hybrid/Local,2026,6,3,2180.0,2180.0,2182.8571428571427,-0.0825688073394494,Monsoon,0
2026-06-29,Maize,4,Belagavi,Local,Kudchi APMC,2000,1900,1950,Karnataka,Hybrid/Local,2026,6,0,2000.0,2180.0,2150.0,-0.025,Monsoon,0
2026-06-30,Maize,4,Belagavi,Local,Kudchi APMC,2000,1900,1950,Karnataka,Hybrid/Local,2026,6,1,1950.0,2180.0,2117.1428571428573,0.0,Monsoon,0
2026-07-01,Maize,4,Belagavi,Local,Kudchi APMC,2295,2000,2280,Karnataka,Hybrid/Local,2026,7,2,1950.0,2180.0,2131.428571428572,0.1692307692307693,Monsoon,0
2026-07-17,Maize,4,Belagavi,Local,Kudchi APMC,2680,2600,2620,Karnataka,Hybrid/Local,2026,7,4,2280.0,2280.0,2180.0,0.1491228070175438,Monsoon,0
2026-04-02,Maize,4,Mysuru,Grade Range-1,Mysuru APMC,1931,1931,1931,Karnataka,Local,2026,4,3,1980.0,,1955.5,-0.0247474747474747,Summer,0
2026-04-06,Maize,4,Mysuru,Grade Range-1,Mysuru APMC,1581,1581,1581,Karnataka,Local,2026,4,0,1931.0,,1830.6666666666667,-0.1812532366649404,Summer,0
2026-04-15,Maize,4,Mysuru,Grade Range-1,Mysuru APMC,2000,2000,2000,Karnataka,Local,2026,4,2,1581.0,,1873.0,0.2650221378874131,Summer,0
2026-04-20,Maize,4,Mysuru,Grade Range-1,Mysuru APMC,1910,1900,1900,Karnataka,Local,2026,4,0,2000.0,,1878.4,-0.05,Summer,0
2026-04-25,Maize,4,Mysuru,Grade Range-1,Mysuru APMC,1556,1556,1556,Karnataka,Local,2026,4,5,1900.0,,1824.6666666666667,-0.1810526315789473,Summer,0
2026-04-26,Maize,4,Mysuru,Grade Range-1,Mysuru APMC,1800,1800,1800,Karnataka,Local,2026,4,6,1556.0,,1821.142857142857,0.1568123393316196,Summer,0
2026-05-03,Maize,4,Mysuru,Grade Range-1,Mysuru APMC,1900,1900,1900,Karnataka,Local,2026,5,6,1800.0,1980.0,1809.7142857142856,0.0555555555555555,Summer,0
2026-05-07,Maize,4,Mysuru,Grade Range-1,Mysuru APMC,2200,2200,2200,Karnataka,Local,2026,5,3,1900.0,1931.0,1848.142857142857,0.1578947368421053,Summer,0
2026-05-09,Maize,4,Mysuru,Grade Range-1,Mysuru APMC,2100,2100,2100,Karnataka,Local,2026,5,5,2200.0,1581.0,1922.2857142857144,-0.0454545454545454,Summer,0
2026-05-13,Maize,4,Mysuru,Grade Range-1,Mysuru APMC,2000,1300,2000,Karnataka,Local,2026,5,2,2100.0,2000.0,1922.2857142857144,-0.0476190476190476,Summer,0
2026-05-14,Maize,4,Mysuru,Grade Range-1,Mysuru APMC,2500,2500,2500,Karnataka,Local,2026,5,3,2000.0,1900.0,2008.0,0.25,Summer,0
2026-05-20,Maize,4,Mysuru,Grade Range-1,Mysuru APMC,2200,2200,2200,Karnataka,Local,2026,5,2,2500.0,1556.0,2100.0,-0.12,Summer,0
2026-05-28,Maize,4,Mysuru,Grade Range-1,Mysuru APMC,2300,2300,2300,Karnataka,Local,2026,5,3,2200.0,1800.0,2171.428571428572,0.0454545454545454,Summer,0
2026-05-29,Maize,4,Mysuru,Grade Range-1,Mysuru APMC,1818,1818,1818,Karnataka,Local,2026,5,4,2300.0,1900.0,2159.714285714286,-0.2095652173913043,Summer,0
2026-05-30,Maize,4,Mysuru,Grade Range-1,Mysuru APMC,2200,2200,2200,Karnataka,Local,2026,5,5,1818.0,2200.0,2159.714285714286,0.21012101210121,Summer,0
2026-06-06,Maize,4,Mysuru,Grade Range-1,Mysuru APMC,1950,1950,1950,Karnataka,Local,2026,6,5,2200.0,2100.0,2138.285714285714,-0.1136363636363636,Monsoon,0
2026-06-08,Maize,4,Mysuru,Grade Range-1,Mysuru APMC,3050,3050,3050,Karnataka,Local,2026,6,0,1950.0,2000.0,2288.285714285714,0.5641025641025641,Monsoon,1
2026-06-09,Maize,4,Mysuru,Grade Range-1,Mysuru APMC,2400,2300,2300,Karnataka,Local,2026,6,1,3050.0,2500.0,2259.714285714286,-0.2459016393442623,Monsoon,0
2026-06-11,Maize,4,Mysuru,Grade Range-1,Mysuru APMC,2100,2100,2100,Karnataka,Local,2026,6,3,2300.0,2200.0,2245.428571428572,-0.0869565217391304,Monsoon,0
2026-06-12,Maize,4,Mysuru,Grade Range-1,Mysuru APMC,2300,2300,2300,Karnataka,Local,2026,6,4,2100.0,2300.0,2245.428571428572,0.0952380952380953,Monsoon,0
2026-06-17,Maize,4,Mysuru,Grade Range-1,Mysuru APMC,1910,1910,1910,Karnataka,Local,2026,6,2,2300.0,1818.0,2258.5714285714284,-0.1695652173913043,Monsoon,0
2026-06-24,Maize,4,Mysuru,Grade Range-1,Mysuru APMC,1950,1950,1950,Karnataka,Local,2026,6,2,1910.0,2200.0,2222.8571428571427,0.0209424083769633,Monsoon,0
2026-06-26,Maize,4,Mysuru,Grade Range-1,Mysuru APMC,2500,2500,2500,Karnataka,Local,2026,6,4,1950.0,1950.0,2301.428571428572,0.2820512820512821,Monsoon,0
2026-07-03,Maize,4,Mysuru,Grade Range-1,Mysuru APMC,2300,2300,2300,Karnataka,Local,2026,7,4,2500.0,3050.0,2194.285714285714,-0.0799999999999999,Monsoon,0
2026-07-04,Maize,4,Mysuru,Local,Mysuru APMC,2600,2600,2600,Karnataka,Local,2026,7,5,2300.0,2300.0,2237.1428571428573,0.1304347826086955,Monsoon,0
2026-07-06,Maize,4,Mysuru,Local,Mysuru APMC,2300,2300,2300,Karnataka,Local,2026,7,0,2600.0,2100.0,2265.714285714286,-0.1153846153846154,Monsoon,0
2026-07-16,Maize,4,Mysuru,Local,Mysuru APMC,2454,2454,2454,Karnataka,Local,2026,7,3,2300.0,2300.0,2287.714285714286,0.0669565217391303,Monsoon,0
2026-07-21,Maize,4,Mysuru,Local,Mysuru APMC,2000,2000,2000,Karnataka,Local,2026,7,1,2454.0,1910.0,2300.5714285714284,-0.1850040749796251,Monsoon,0
2026-07-23,Maize,4,Mysuru,Local,Mysuru APMC,2600,2600,2600,Karnataka,Local,2026,7,3,2000.0,1950.0,2393.428571428572,0.3,Monsoon,0
2026-08-03,Maize,4,Mysuru,Local,Mysuru APMC,2800,2600,2600,Karnataka,Local,2026,8,0,2600.0,2500.0,2407.714285714286,0.0,Monsoon,0
2026-08-06,Maize,4,Mysuru,Local,Mysuru APMC,2200,2200,2200,Karnataka,Local,2026,8,3,2600.0,2300.0,2393.428571428572,-0.1538461538461538,Monsoon,0
2026-05-13,Maize,4,Belagavi,FAQ,Nippani APMC,1900,1850,1900,Karnataka,Local,2026,5,2,1850.0,,1875.0,0.0270270270270269,Summer,0
2026-05-15,Maize,4,Belagavi,Non-FAQ,Nippani APMC,1950,1900,1950,Karnataka,Local,2026,5,4,1900.0,,1900.0,0.0263157894736842,Summer,0
2026-05-16,Maize,4,Belagavi,Non-FAQ,Nippani APMC,1900,1850,1900,Karnataka,Local,2026,5,5,1950.0,,1900.0,-0.0256410256410256,Summer,0
2026-06-16,Maize,4,Belagavi,Non-FAQ,Nippani APMC,2000,2000,2000,Karnataka,Local,2026,6,1,1900.0,,1920.0,0.0526315789473683,Monsoon,0
2026-07-16,Maize,4,Belagavi,FAQ,Nippani APMC,2010,2000,2010,Karnataka,Local,2026,7,3,2000.0,,1935.0,0.0049999999999998,Monsoon,0
2026-07-27,Maize,4,Belagavi,Non-FAQ,Nippani APMC,2080,2080,2080,Karnataka,Local,2026,7,0,2010.0,,1955.7142857142856,0.0348258706467661,Monsoon,0
2026-07-31,Maize,4,Belagavi,Non-FAQ,Nippani APMC,2320,2310,2320,Karnataka,Local,2026,7,4,2080.0,1850.0,2022.857142857143,0.1153846153846154,Monsoon,0
2024-10-09,Maize,4,Nizamabad,FAQ,Nizamabad,2403,1820,2258,Telangana,Hybrid,2024,10,2,2270.0,,2264.0,-0.0052863436123348,PostMonsoon,0
2024-11-07,Maize,4,Nizamabad,FAQ,Nizamabad,2380,2150,2350,Telangana,Hybrid,2024,11,3,2258.0,,2292.6666666666665,0.0407440212577501,PostMonsoon,0
2024-11-28,Maize,4,Nizamabad,FAQ,Nizamabad,2178,1359,2178,Telangana,Hybrid,2024,11,3,2350.0,,2264.0,-0.0731914893617021,PostMonsoon,0
2026-04-02,Maize,4,Mysuru,FAQ,Periyapatna APMC,1800,1700,1750,Karnataka,Hybrid/Local,2026,4,3,1775.0,,1762.5,-0.0140845070422535,Summer,0
2026-04-03,Maize,4,Mysuru,FAQ,Periyapatna APMC,1750,1750,1750,Karnataka,Hybrid/Local,2026,4,4,1750.0,,1758.3333333333333,0.0,Summer,0
2026-04-04,Maize,4,Mysuru,FAQ,Periyapatna APMC,1800,1700,1750,Karnataka,Hybrid/Local,2026,4,5,1750.0,,1756.25,0.0,Summer,0
2026-04-05,Maize,4,Mysuru,FAQ,Periyapatna APMC,1800,1800,1800,Karnataka,Hybrid/Local,2026,4,6,1750.0,,1765.0,0.0285714285714284,Summer,0
2026-04-06,Maize,4,Mysuru,FAQ,Periyapatna APMC,1800,1800,1800,Karnataka,Hybrid/Local,2026,4,0,1800.0,,1770.8333333333333,0.0,Summer,0
2026-04-10,Maize,4,Mysuru,FAQ,Periyapatna APMC,1800,1800,1800,Karnataka,Hybrid/Local,2026,4,4,1800.0,,1775.0,0.0,Summer,0
2026-04-12,Maize,4,Mysuru,FAQ,Periyapatna APMC,1700,1700,1700,Karnataka,Hybrid/Local,2026,4,6,1800.0,1775.0,1764.2857142857142,-0.0555555555555555,Summer,0
2026-04-13,Maize,4,Mysuru,FAQ,Periyapatna APMC,1800,1800,1800,Karnataka,Hybrid/Local,2026,4,0,1700.0,1750.0,1771.428571428571,0.0588235294117647,Summer,0
2026-04-14,Maize,4,Mysuru,FAQ,Periyapatna APMC,1800,1800,1800,Karnataka,Hybrid/Local,2026,4,1,1800.0,1750.0,1778.571428571429,0.0,Summer,0
2026-04-15,Maize,4,Mysuru,FAQ,Periyapatna APMC,1700,1700,1700,Karnataka,Hybrid/Local,2026,4,2,1800.0,1750.0,1771.428571428571,-0.0555555555555555,Summer,0
2026-04-29,Maize,4,Mysuru,FAQ,Periyapatna APMC,1825,1825,1825,Karnataka,Hybrid/Local,2026,4,2,1700.0,1800.0,1775.0,0.0735294117647058,Summer,0
2026-04-30,Maize,4,Mysuru,FAQ,Periyapatna APMC,1800,1750,1770,Karnataka,Hybrid/Local,2026,4,3,1825.0,1800.0,1770.7142857142858,-0.0301369863013698,Summer,0
2026-05-01,Maize,4,Mysuru,FAQ,Periyapatna APMC,1850,1750,1800,Karnataka,Hybrid/Local,2026,5,4,1770.0,1800.0,1770.7142857142858,0.0169491525423728,Summer,0
2026-05-15,Maize,4,Mysuru,FAQ,Periyapatna APMC,1850,1850,1850,Karnataka,Hybrid/Local,2026,5,4,1800.0,1700.0,1792.142857142857,0.0277777777777776,Summer,0
2026-05-26,Maize,4,Mysuru,FAQ,Periyapatna APMC,2000,2000,2000,Karnataka,Hybrid/Local,2026,5,1,1850.0,1800.0,1820.7142857142856,0.0810810810810811,Summer,0
2026-05-30,Maize,4,Mysuru,FAQ,Periyapatna APMC,2200,2200,2200,Karnataka,Hybrid/Local,2026,5,5,2000.0,1800.0,1877.857142857143,0.1,Summer,0
2026-06-26,Maize,4,Mysuru,FAQ,Periyapatna APMC,2300,2300,2300,Karnataka,Hybrid/Local,2026,6,4,2200.0,1700.0,1963.571428571429,0.0454545454545454,Monsoon,0
2026-06-30,Maize,4,Mysuru,FAQ,Periyapatna APMC,2350,2350,2350,Karnataka,Hybrid/Local,2026,6,1,2300.0,1825.0,2038.571428571429,0.0217391304347827,Monsoon,0
2026-07-07,Maize,4,Mysuru,FAQ,Periyapatna APMC,2380,2380,2380,Karnataka,Hybrid/Local,2026,7,1,2350.0,1770.0,2125.714285714286,0.0127659574468084,Monsoon,0
2026-07-08,Maize,4,Mysuru,FAQ,Periyapatna APMC,2380,2380,2380,Karnataka,Hybrid/Local,2026,7,2,2380.0,1800.0,2208.5714285714284,0.0,Monsoon,0
2026-07-14,Maize,4,Mysuru,FAQ,Periyapatna APMC,2300,2300,2300,Karnataka,Hybrid/Local,2026,7,1,2380.0,1850.0,2272.8571428571427,-0.0336134453781512,Monsoon,0
2026-04-04,Maize,4,Belagavi,FAQ,Ramdurga APMC,1769,1610,1652,Karnataka,Local,2026,4,5,1661.0,,1656.5,-0.0054184226369656,Summer,0
2026-04-08,Maize,4,Belagavi,FAQ,Ramdurga APMC,1629,1629,1629,Karnataka,Local,2026,4,2,1652.0,,1647.3333333333333,-0.0139225181598062,Summer,0
2026-04-10,Maize,4,Belagavi,FAQ,Ramdurga APMC,1759,1759,1759,Karnataka,Local,2026,4,4,1629.0,,1675.25,0.0798035604665439,Summer,0
2026-04-11,Maize,4,Belagavi,FAQ,Ramdurga APMC,1779,1769,1779,Karnataka,Local,2026,4,5,1759.0,,1696.0,0.0113700966458214,Summer,0
2026-04-15,Maize,4,Belagavi,FAQ,Ramdurga APMC,1819,1801,1818,Karnataka,Local,2026,4,2,1779.0,,1716.3333333333333,0.0219224283305228,Summer,0
2026-04-18,Maize,4,Belagavi,FAQ,Ramdurga APMC,1859,1809,1829,Karnataka,Local,2026,4,5,1818.0,,1732.428571428571,0.006050605060506,Summer,0
2026-04-19,Maize,4,Belagavi,FAQ,Ramdurga APMC,1700,1700,1700,Karnataka,Local,2026,4,6,1829.0,1661.0,1738.0,-0.0705303444505194,Summer,0
2026-04-22,Maize,4,Belagavi,FAQ,Ramdurga APMC,1869,1853,1865,Karnataka,Local,2026,4,2,1700.0,1652.0,1768.428571428571,0.0970588235294118,Summer,0
2026-04-25,Maize,4,Belagavi,FAQ,Ramdurga APMC,1869,1869,1869,Karnataka,Local,2026,4,5,1865.0,1629.0,1802.7142857142856,0.0021447721179623,Summer,0
2026-04-29,Maize,4,Belagavi,FAQ,Ramdurga APMC,1839,1839,1839,Karnataka,Local,2026,4,2,1869.0,1759.0,1814.142857142857,-0.0160513643659711,Summer,0
2026-05-02,Maize,4,Belagavi,FAQ,Ramdurga APMC,1881,1881,1881,Karnataka,Local,2026,5,5,1839.0,1779.0,1828.7142857142856,0.0228384991843393,Summer,0
2026-05-09,Maize,4,Belagavi,FAQ,Ramdurga APMC,1949,1949,1949,Karnataka,Local,2026,5,5,1881.0,1818.0,1847.4285714285716,0.0361509835194044,Summer,0
2026-05-11,Maize,4,Belagavi,FAQ,Ramdurga APMC,1919,1919,1919,Karnataka,Local,2026,5,0,1949.0,1829.0,1860.2857142857144,-0.0153925089789636,Summer,0
2026-05-13,Maize,4,Belagavi,FAQ,Ramdurga APMC,1949,1949,1949,Karnataka,Local,2026,5,2,1919.0,1700.0,1895.857142857143,0.0156331422615945,Summer,0
2026-05-15,Maize,4,Belagavi,FAQ,Ramdurga APMC,1405,1405,1405,Karnataka,Local,2026,5,4,1949.0,1865.0,1830.142857142857,-0.2791174961518727,Summer,1
2026-05-16,Maize,4,Belagavi,FAQ,Ramdurga APMC,1949,1949,1949,Karnataka,Local,2026,5,5,1405.0,1869.0,1841.571428571429,0.3871886120996441,Summer,0
2026-05-22,Maize,4,Belagavi,FAQ,Ramdurga APMC,1900,1650,1800,Karnataka,Local,2026,5,4,1949.0,1839.0,1836.0,-0.0764494612621857,Summer,0
2026-05-23,Maize,4,Belagavi,FAQ,Ramdurga APMC,2061,2041,2051,Karnataka,Local,2026,5,5,1800.0,1881.0,1860.2857142857144,0.1394444444444444,Summer,0
2026-05-27,Maize,4,Belagavi,FAQ,Ramdurga APMC,2105,2059,2074,Karnataka,Local,2026,5,2,2051.0,1949.0,1878.142857142857,0.0112140419307655,Summer,0
2026-05-28,Maize,4,Belagavi,FAQ,Ramdurga APMC,2000,1800,1900,Karnataka,Local,2026,5,3,2074.0,1919.0,1875.4285714285716,-0.0838958534233365,Summer,0
2026-05-31,Maize,4,Belagavi,FAQ,Ramdurga APMC,2000,1800,1990,Karnataka,Local,2026,5,6,1900.0,1949.0,1881.2857142857144,0.0473684210526315,Summer,0
2026-06-03,Maize,4,Belagavi,FAQ,Ramdurga APMC,2180,2000,2170,Karnataka,Local,2026,6,2,1990.0,1405.0,1990.571428571429,0.0904522613065326,Monsoon,0
2026-06-07,Maize,4,Belagavi,FAQ,Ramdurga APMC,2200,2180,2190,Karnataka,Local,2026,6,6,2170.0,1949.0,2025.0,0.0092165898617511,Monsoon,0
2026-06-08,Maize,4,Belagavi,FAQ,Ramdurga APMC,2200,2180,2190,Karnataka,Local,2026,6,0,2190.0,1800.0,2080.714285714286,0.0,Monsoon,0
2026-06-10,Maize,4,Belagavi,FAQ,Ramdurga APMC,2200,2110,2170,Karnataka,Local,2026,6,2,2190.0,2051.0,2097.714285714286,-0.0091324200913242,Monsoon,0
2026-06-11,Maize,4,Belagavi,FAQ,Ramdurga APMC,2400,1850,2000,Karnataka,Local,2026,6,3,2170.0,2074.0,2087.1428571428573,-0.0783410138248847,Monsoon,0
2026-06-14,Maize,4,Belagavi,FAQ,Ramdurga APMC,2190,2150,2170,Karnataka,Local,2026,6,6,2000.0,1900.0,2125.714285714286,0.0849999999999999,Monsoon,0
2026-06-17,Maize,4,Belagavi,FAQ,Ramdurga APMC,2200,2180,2190,Karnataka,Local,2026,6,2,2170.0,1990.0,2154.285714285714,0.0092165898617511,Monsoon,0
2026-06-18,Maize,4,Belagavi,FAQ,Ramdurga APMC,2450,2450,2450,Karnataka,Local,2026,6,3,2190.0,2170.0,2194.285714285714,0.1187214611872147,Monsoon,0
2026-06-19,Maize,4,Belagavi,FAQ,Ramdurga APMC,2180,2170,2175,Karnataka,Local,2026,6,4,2450.0,2190.0,2192.1428571428573,-0.1122448979591836,Monsoon,0
2026-06-20,Maize,4,Belagavi,FAQ,Ramdurga APMC,2229,2229,2229,Karnataka,Local,2026,6,5,2175.0,2190.0,2197.714285714286,0.0248275862068965,Monsoon,0
2026-06-21,Maize,4,Belagavi,FAQ,Ramdurga APMC,2150,2150,2150,Karnataka,Local,2026,6,6,2229.0,2170.0,2194.8571428571427,-0.0354419021982952,Monsoon,0
2026-06-24,Maize,4,Belagavi,FAQ,Ramdurga APMC,2225,2159,2175,Karnataka,Local,2026,6,2,2150.0,2000.0,2219.8571428571427,0.0116279069767442,Monsoon,0
2026-06-25,Maize,4,Belagavi,FAQ,Ramdurga APMC,2250,2250,2250,Karnataka,Local,2026,6,3,2175.0,2170.0,2231.285714285714,0.0344827586206897,Monsoon,0
2026-06-27,Maize,4,Belagavi,FAQ,Ramdurga APMC,2311,2311,2311,Karnataka,Local,2026,6,5,2250.0,2190.0,2248.5714285714284,0.027111111111111,Monsoon,0
2026-07-02,Maize,4,Belagavi,FAQ,Ramdurga APMC,2100,2100,2100,Karnataka,Local,2026,7,3,2311.0,2450.0,2198.5714285714284,-0.0913024664647338,Monsoon,0
2026-07-03,Maize,4,Belagavi,FAQ,Ramdurga APMC,2210,2210,2210,Karnataka,Local,2026,7,4,2100.0,2175.0,2203.5714285714284,0.0523809523809524,Monsoon,0
2026-07-04,Maize,4,Belagavi,FAQ,Ramdurga APMC,2200,2100,2150,Karnataka,Local,2026,7,5,2210.0,2229.0,2192.285714285714,-0.0271493212669683,Monsoon,0
2026-07-06,Maize,4,Belagavi,FAQ,Ramdurga APMC,2450,2100,2250,Karnataka,Local,2026,7,0,2150.0,2150.0,2206.5714285714284,0.0465116279069768,Monsoon,0
2026-07-11,Maize,4,Belagavi,FAQ,Ramdurga APMC,2400,2150,2300,Karnataka,Local,2026,7,5,2250.0,2175.0,2224.428571428572,0.0222222222222221,Monsoon,0
2026-07-12,Maize,4,Belagavi,FAQ,Ramdurga APMC,2200,2200,2200,Karnataka,Local,2026,7,6,2300.0,2250.0,2217.285714285714,-0.0434782608695651,Monsoon,0
2026-07-13,Maize,4,Belagavi,FAQ,Ramdurga APMC,2200,2050,2100,Karnataka,Local,2026,7,0,2200.0,2311.0,2187.1428571428573,-0.0454545454545454,Monsoon,0
2026-07-15,Maize,4,Belagavi,FAQ,Ramdurga APMC,2150,2150,2150,Karnataka,Local,2026,7,2,2100.0,2100.0,2194.285714285714,0.0238095238095237,Monsoon,0
2026-07-20,Maize,4,Belagavi,FAQ,Ramdurga APMC,2350,2350,2350,Karnataka,Local,2026,7,0,2150.0,2210.0,2214.285714285714,0.0930232558139534,Monsoon,0
2026-07-24,Maize,4,Belagavi,FAQ,Ramdurga APMC,1950,1950,1950,Karnataka,Local,2026,7,4,2350.0,2150.0,2185.714285714286,-0.1702127659574468,Monsoon,0
2026-07-25,Maize,4,Belagavi,FAQ,Ramdurga APMC,2150,2150,2150,Karnataka,Local,2026,7,5,1950.0,2250.0,2171.428571428572,0.1025641025641026,Monsoon,0
2026-07-31,Maize,4,Belagavi,FAQ,Ramdurga APMC,2000,1950,1980,Karnataka,Local,2026,7,4,2150.0,2300.0,2125.714285714286,-0.0790697674418604,Monsoon,0
2026-08-01,Maize,4,Belagavi,FAQ,Ramdurga APMC,2000,2000,2000,Karnataka,Local,2026,8,5,1980.0,2200.0,2097.1428571428573,0.0101010101010101,Monsoon,0
2026-08-02,Maize,4,Belagavi,FAQ,Ramdurga APMC,2000,2000,2000,Karnataka,Local,2026,8,6,2000.0,2100.0,2082.8571428571427,0.0,Monsoon,0
2026-08-05,Maize,4,Belagavi,FAQ,Ramdurga APMC,2339,2339,2339,Karnataka,Local,2026,8,2,2000.0,2150.0,2109.8571428571427,0.1694999999999999,Monsoon,0
2026-08-07,Maize,4,Belagavi,FAQ,Ramdurga APMC,2000,2000,2000,Karnataka,Local,2026,8,4,2339.0,2350.0,2059.8571428571427,-0.1449337323642582,Monsoon,0
2026-08-09,Maize,4,Belagavi,FAQ,Ramdurga APMC,2300,2300,2300,Karnataka,Local,2026,8,6,2000.0,1950.0,2109.8571428571427,0.1499999999999999,Monsoon,0
2026-04-04,Maize,4,Belagavi,Local,Sankeshwar APMC,1880,1850,1880,Karnataka,Hybrid/Local,2026,4,5,1850.0,,1865.0,0.0162162162162162,Summer,0
2026-04-06,Maize,4,Belagavi,Local,Sankeshwar APMC,1900,1766,1850,Karnataka,Hybrid/Local,2026,4,0,1880.0,,1860.0,-0.0159574468085106,Summer,0
2026-04-07,Maize,4,Belagavi,Local,Sankeshwar APMC,1900,1850,1900,Karnataka,Hybrid/Local,2026,4,1,1850.0,,1870.0,0.0270270270270269,Summer,0
2026-04-08,Maize,4,Belagavi,Local,Sankeshwar APMC,1930,1773,1869,Karnataka,Hybrid/Local,2026,4,2,1900.0,,1869.8,-0.0163157894736841,Summer,0
2026-04-09,Maize,4,Belagavi,Local,Sankeshwar APMC,1930,1784,1878,Karnataka,Hybrid/Local,2026,4,3,1869.0,,1871.1666666666667,0.0048154093097914,Summer,0
2026-04-10,Maize,4,Belagavi,Local,Sankeshwar APMC,1950,1856,1950,Karnataka,Hybrid/Local,2026,4,4,1878.0,,1882.4285714285716,0.0383386581469649,Summer,0
2026-04-13,Maize,4,Belagavi,Local,Sankeshwar APMC,2000,1805,1950,Karnataka,Hybrid/Local,2026,4,0,1950.0,1850.0,1896.7142857142856,0.0,Summer,0
2026-04-15,Maize,4,Belagavi,Local,Sankeshwar APMC,2000,2000,2000,Karnataka,Hybrid/Local,2026,4,2,1950.0,1880.0,1913.857142857143,0.0256410256410255,Summer,0
2026-04-16,Maize,4,Belagavi,Local,Sankeshwar APMC,2010,1798,1800,Karnataka,Hybrid/Local,2026,4,3,2000.0,1850.0,1906.7142857142856,-0.0999999999999999,Summer,0
2026-04-17,Maize,4,Belagavi,Local,Sankeshwar APMC,2000,1841,2000,Karnataka,Hybrid/Local,2026,4,4,1800.0,1900.0,1921.0,0.1111111111111111,Summer,0
2026-04-18,Maize,4,Belagavi,Local,Sankeshwar APMC,2000,1867,2000,Karnataka,Hybrid/Local,2026,4,5,2000.0,1869.0,1939.7142857142856,0.0,Summer,0
2026-04-21,Maize,4,Belagavi,Local,Sankeshwar APMC,2000,1805,1915,Karnataka,Hybrid/Local,2026,4,1,2000.0,1878.0,1945.0,-0.0424999999999999,Summer,0
2026-04-22,Maize,4,Belagavi,Local,Sankeshwar APMC,2000,1891,2000,Karnataka,Hybrid/Local,2026,4,2,1915.0,1950.0,1952.142857142857,0.0443864229765014,Summer,0
2026-04-23,Maize,4,Belagavi,Local,Sankeshwar APMC,1823,1773,1823,Karnataka,Hybrid/Local,2026,4,3,2000.0,1950.0,1934.0,-0.0885,Summer,0
2026-04-24,Maize,4,Belagavi,Local,Sankeshwar APMC,1970,1796,1970,Karnataka,Hybrid/Local,2026,4,4,1823.0,2000.0,1929.7142857142856,0.0806363137685135,Summer,0
2026-04-27,Maize,4,Belagavi,Local,Sankeshwar APMC,1970,1823,1970,Karnataka,Hybrid/Local,2026,4,0,1970.0,1800.0,1954.0,0.0,Summer,0
2026-04-28,Maize,4,Belagavi,Local,Sankeshwar APMC,1970,1893,1970,Karnataka,Hybrid/Local,2026,4,1,1970.0,2000.0,1949.7142857142856,0.0,Summer,0
2026-04-29,Maize,4,Belagavi,Local,Sankeshwar APMC,1950,1875,1950,Karnataka,Hybrid/Local,2026,4,2,1970.0,2000.0,1942.571428571429,-0.0101522842639594,Summer,0
2026-04-30,Maize,4,Belagavi,Local,Sankeshwar APMC,1970,1950,1970,Karnataka,Hybrid/Local,2026,4,3,1950.0,1915.0,1950.4285714285716,0.0102564102564102,Summer,0
2026-05-01,Maize,4,Belagavi,Local,Sankeshwar APMC,2000,1875,2000,Karnataka,Hybrid/Local,2026,5,4,1970.0,2000.0,1950.4285714285716,0.015228426395939,Summer,0
2026-05-02,Maize,4,Belagavi,Local,Sankeshwar APMC,2000,1822,1950,Karnataka,Hybrid/Local,2026,5,5,2000.0,1823.0,1968.571428571429,-0.025,Summer,0
2026-05-04,Maize,4,Belagavi,Local,Sankeshwar APMC,2030,1793,1865,Karnataka,Hybrid/Local,2026,5,0,1950.0,1970.0,1953.571428571429,-0.0435897435897435,Summer,0
2026-05-05,Maize,4,Belagavi,Local,Sankeshwar APMC,2031,1950,1970,Karnataka,Hybrid/Local,2026,5,1,1865.0,1970.0,1953.571428571429,0.0563002680965147,Summer,0
2026-05-06,Maize,4,Belagavi,Local,Sankeshwar APMC,2050,1932,1969,Karnataka,Hybrid/Local,2026,5,2,1970.0,1970.0,1953.4285714285716,-0.000507614213198,Summer,0
2026-05-07,Maize,4,Belagavi,Local,Sankeshwar APMC,2000,1867,1976,Karnataka,Hybrid/Local,2026,5,3,1969.0,1950.0,1957.142857142857,0.0035551041137633,Summer,0
2026-05-11,Maize,4,Belagavi,Local,Sankeshwar APMC,2050,1904,1954,Karnataka,Hybrid/Local,2026,5,0,1976.0,1970.0,1954.857142857143,-0.0111336032388663,Summer,0
2026-05-13,Maize,4,Belagavi,Local,Sankeshwar APMC,2050,1903,2050,Karnataka,Hybrid/Local,2026,5,2,1954.0,2000.0,1962.0,0.0491299897645853,Summer,0
2026-05-14,Maize,4,Belagavi,Local,Sankeshwar APMC,2050,1956,2050,Karnataka,Hybrid/Local,2026,5,3,2050.0,1950.0,1976.2857142857144,0.0,Summer,0
2026-05-15,Maize,4,Belagavi,Local,Sankeshwar APMC,1959,1900,1959,Karnataka,Hybrid/Local,2026,5,4,2050.0,1865.0,1989.7142857142856,-0.044390243902439,Summer,0
2026-05-16,Maize,4,Belagavi,Local,Sankeshwar APMC,2010,1881,1950,Karnataka,Hybrid/Local,2026,5,5,1959.0,1970.0,1986.857142857143,-0.004594180704441,Summer,0
2026-05-18,Maize,4,Belagavi,Local,Sankeshwar APMC,1993,1986,1993,Karnataka,Hybrid/Local,2026,5,0,1950.0,1969.0,1990.2857142857144,0.0220512820512821,Summer,0
2026-05-19,Maize,4,Belagavi,Local,Sankeshwar APMC,1995,1995,1995,Karnataka,Hybrid/Local,2026,5,1,1993.0,1976.0,1993.0,0.0010035122930256,Summer,0
2026-05-25,Maize,4,Belagavi,Local,Sankeshwar APMC,2080,2020,2070,Karnataka,Hybrid/Local,2026,5,0,1995.0,1954.0,2009.571428571429,0.037593984962406,Summer,0
2026-05-26,Maize,4,Belagavi,Local,Sankeshwar APMC,2120,2120,2120,Karnataka,Hybrid/Local,2026,5,1,2070.0,2050.0,2019.571428571429,0.0241545893719807,Summer,0
2026-05-27,Maize,4,Belagavi,Local,Sankeshwar APMC,2160,1950,2140,Karnataka,Hybrid/Local,2026,5,2,2120.0,2050.0,2032.4285714285716,0.009433962264151,Summer,0
2026-05-30,Maize,4,Belagavi,Local,Sankeshwar APMC,2190,2150,2190,Karnataka,Hybrid/Local,2026,5,5,2140.0,1959.0,2065.428571428572,0.0233644859813084,Summer,0
2026-06-02,Maize,4,Belagavi,Local,Sankeshwar APMC,2250,2157,2250,Karnataka,Hybrid/Local,2026,6,1,2190.0,1950.0,2108.285714285714,0.0273972602739727,Monsoon,0
2026-06-03,Maize,4,Belagavi,Local,Sankeshwar APMC,2250,2042,2250,Karnataka,Hybrid/Local,2026,6,2,2250.0,1993.0,2145.0,0.0,Monsoon,0
2026-06-08,Maize,4,Belagavi,Local,Sankeshwar APMC,2280,2162,2280,Karnataka,Hybrid/Local,2026,6,0,2250.0,1995.0,2185.714285714286,0.0133333333333334,Monsoon,0
2026-06-09,Maize,4,Belagavi,Local,Sankeshwar APMC,2300,2220,2280,Karnataka,Hybrid/Local,2026,6,1,2280.0,2070.0,2215.714285714286,0.0,Monsoon,0
2026-06-10,Maize,4,Belagavi,Local,Sankeshwar APMC,2300,2250,2300,Karnataka,Hybrid/Local,2026,6,2,2280.0,2120.0,2241.428571428572,0.0087719298245614,Monsoon,0
2026-06-12,Maize,4,Belagavi,Local,Sankeshwar APMC,2300,2250,2290,Karnataka,Hybrid/Local,2026,6,4,2300.0,2140.0,2262.8571428571427,-0.0043478260869564,Monsoon,0
2026-06-15,Maize,4,Belagavi,Local,Sankeshwar APMC,2280,2250,2280,Karnataka,Hybrid/Local,2026,6,0,2290.0,2190.0,2275.714285714286,-0.0043668122270742,Monsoon,0
2026-06-16,Maize,4,Belagavi,Local,Sankeshwar APMC,2250,2250,2250,Karnataka,Hybrid/Local,2026,6,1,2280.0,2250.0,2275.714285714286,-0.0131578947368421,Monsoon,0
2026-06-22,Maize,4,Belagavi,Local,Sankeshwar APMC,2300,2300,2300,Karnataka,Hybrid/Local,2026,6,0,2250.0,2250.0,2282.8571428571427,0.0222222222222221,Monsoon,0
2026-06-23,Maize,4,Belagavi,Local,Sankeshwar APMC,2207,2207,2207,Karnataka,Hybrid/Local,2026,6,1,2300.0,2280.0,2272.428571428572,-0.0404347826086957,Monsoon,0
2026-06-24,Maize,4,Belagavi,Local,Sankeshwar APMC,2400,2346,2380,Karnataka,Hybrid/Local,2026,6,2,2207.0,2280.0,2286.714285714286,0.0783869506116901,Monsoon,0
2026-06-25,Maize,4,Belagavi,Local,Sankeshwar APMC,2380,2380,2380,Karnataka,Hybrid/Local,2026,6,3,2380.0,2300.0,2298.1428571428573,0.0,Monsoon,0
2026-06-26,Maize,4,Belagavi,Local,Sankeshwar APMC,2400,2380,2400,Karnataka,Hybrid/Local,2026,6,4,2380.0,2290.0,2313.8571428571427,0.0084033613445377,Monsoon,0
2026-07-03,Maize,4,Belagavi,Local,Sankeshwar APMC,2600,2600,2600,Karnataka,Hybrid/Local,2026,7,4,2400.0,2280.0,2359.5714285714284,0.0833333333333332,Monsoon,0
2026-07-04,Maize,4,Belagavi,Local,Sankeshwar APMC,2600,2600,2600,Karnataka,Hybrid/Local,2026,7,5,2600.0,2250.0,2409.5714285714284,0.0,Monsoon,0
2026-07-06,Maize,4,Belagavi,Local,Sankeshwar APMC,2600,2600,2600,Karnataka,Hybrid/Local,2026,7,0,2600.0,2300.0,2452.428571428572,0.0,Monsoon,0
2026-07-13,Maize,4,Belagavi,Local,Sankeshwar APMC,2580,2000,2500,Karnataka,Hybrid/Local,2026,7,0,2600.0,2207.0,2494.285714285714,-0.0384615384615384,Monsoon,0
2026-07-14,Maize,4,Belagavi,Local,Sankeshwar APMC,2100,2000,2100,Karnataka,Hybrid/Local,2026,7,1,2500.0,2380.0,2454.285714285714,-0.16,Monsoon,0
2026-07-22,Maize,4,Belagavi,Local,Sankeshwar APMC,2100,2100,2100,Karnataka,Hybrid/Local,2026,7,2,2100.0,2380.0,2414.285714285714,0.0,Monsoon,0
2026-06-30,Maize,4,Mysuru,Non-FAQ,Santhesargur APMC,2300,1700,1700,Karnataka,Local,2026,6,1,2070.0,,1885.0,-0.178743961352657,Monsoon,0
2026-04-03,Maize,4,Belagavi,Non-FAQ,Soundati APMC,1800,1750,1750,Karnataka,Local,2026,4,4,1800.0,,1775.0,-0.0277777777777777,Summer,0
2026-04-04,Maize,4,Belagavi,Non-FAQ,Soundati APMC,1800,1800,1800,Karnataka,Local,2026,4,5,1750.0,,1783.3333333333333,0.0285714285714284,Summer,0
2026-04-05,Maize,4,Belagavi,Non-FAQ,Soundati APMC,1850,1850,1850,Karnataka,Local,2026,4,6,1800.0,,1800.0,0.0277777777777776,Summer,0
2026-04-08,Maize,4,Belagavi,Non-FAQ,Soundati APMC,1850,1800,1800,Karnataka,Local,2026,4,2,1850.0,,1800.0,-0.0270270270270269,Summer,0
2026-04-09,Maize,4,Belagavi,Non-FAQ,Soundati APMC,1800,1800,1800,Karnataka,Local,2026,4,3,1800.0,,1800.0,0.0,Summer,0
2026-04-11,Maize,4,Belagavi,Non-FAQ,Soundati APMC,1700,1700,1700,Karnataka,Local,2026,4,5,1800.0,,1785.7142857142858,-0.0555555555555555,Summer,0
2026-04-13,Maize,4,Belagavi,Non-FAQ,Soundati APMC,1830,1830,1830,Karnataka,Local,2026,4,0,1700.0,1800.0,1790.0,0.076470588235294,Summer,0
2026-04-14,Maize,4,Belagavi,Non-FAQ,Soundati APMC,1700,1700,1700,Karnataka,Local,2026,4,1,1830.0,1750.0,1782.857142857143,-0.0710382513661201,Summer,0
2026-04-15,Maize,4,Belagavi,Non-FAQ,Soundati APMC,1650,1650,1650,Karnataka,Local,2026,4,2,1700.0,1800.0,1761.428571428571,-0.0294117647058823,Summer,0
2026-04-16,Maize,4,Belagavi,Non-FAQ,Soundati APMC,1800,1800,1800,Karnataka,Local,2026,4,3,1650.0,1850.0,1754.2857142857142,0.0909090909090908,Summer,0
2026-04-22,Maize,4,Belagavi,Non-FAQ,Soundati APMC,1850,1800,1850,Karnataka,Local,2026,4,2,1800.0,1800.0,1761.428571428571,0.0277777777777776,Summer,0
2026-04-23,Maize,4,Belagavi,Non-FAQ,Soundati APMC,1900,1900,1900,Karnataka,Local,2026,4,3,1850.0,1800.0,1775.7142857142858,0.0270270270270269,Summer,0
2026-04-24,Maize,4,Belagavi,Non-FAQ,Soundati APMC,2000,1650,1850,Karnataka,Local,2026,4,4,1900.0,1700.0,1797.142857142857,-0.0263157894736841,Summer,0
2026-04-29,Maize,4,Belagavi,Non-FAQ,Soundati APMC,1820,1820,1820,Karnataka,Local,2026,4,2,1850.0,1830.0,1795.7142857142858,-0.0162162162162161,Summer,0
2026-04-30,Maize,4,Belagavi,Non-FAQ,Soundati APMC,1900,1900,1900,Karnataka,Local,2026,4,3,1820.0,1700.0,1824.2857142857144,0.043956043956044,Summer,0
2026-05-02,Maize,4,Belagavi,Non-FAQ,Soundati APMC,1900,1650,1900,Karnataka,Local,2026,5,5,1900.0,1650.0,1860.0,0.0,Summer,0
2026-05-20,Maize,4,Belagavi,Non-FAQ,Soundati APMC,1900,1850,1900,Karnataka,Local,2026,5,2,1900.0,1800.0,1874.2857142857144,0.0,Summer,0
2026-05-27,Maize,4,Belagavi,Non-FAQ,Soundati APMC,1900,1900,1900,Karnataka,Local,2026,5,2,1900.0,1850.0,1881.4285714285716,0.0,Summer,0
2026-06-15,Maize,4,Belagavi,Non-FAQ,Soundati APMC,2150,2150,2150,Karnataka,Local,2026,6,0,1900.0,1900.0,1917.142857142857,0.131578947368421,Monsoon,0
2026-06-19,Maize,4,Belagavi,Non-FAQ,Soundati APMC,2400,2400,2400,Karnataka,Local,2026,6,4,2150.0,1850.0,1995.7142857142856,0.1162790697674418,Monsoon,0
2026-06-27,Maize,4,Belagavi,Non-FAQ,Soundati APMC,2550,2100,2300,Karnataka,Local,2026,6,5,2400.0,1820.0,2064.285714285714,-0.0416666666666666,Monsoon,0
2026-06-29,Maize,4,Belagavi,Non-FAQ,Soundati APMC,2550,2300,2400,Karnataka,Local,2026,6,0,2300.0,1900.0,2135.714285714286,0.0434782608695651,Monsoon,0
2026-07-03,Maize,4,Belagavi,Non-FAQ,Soundati APMC,2500,2500,2500,Karnataka,Local,2026,7,4,2400.0,1900.0,2221.428571428572,0.0416666666666667,Monsoon,0
2026-07-05,Maize,4,Belagavi,Non-FAQ,Soundati APMC,2300,2300,2300,Karnataka,Local,2026,7,6,2500.0,1900.0,2278.5714285714284,-0.0799999999999999,Monsoon,0
2026-07-06,Maize,4,Belagavi,Non-FAQ,Soundati APMC,2500,2500,2500,Karnataka,Local,2026,7,0,2300.0,1900.0,2364.285714285714,0.0869565217391303,Monsoon,0
2026-07-07,Maize,4,Belagavi,Non-FAQ,Soundati APMC,2400,2400,2400,Karnataka,Local,2026,7,1,2500.0,2150.0,2400.0,-0.04,Monsoon,0
2026-07-08,Maize,4,Belagavi,Non-FAQ,Soundati APMC,2300,2300,2300,Karnataka,Local,2026,7,2,2400.0,2400.0,2385.714285714286,-0.0416666666666666,Monsoon,0
2026-07-10,Maize,4,Belagavi,Non-FAQ,Soundati APMC,2625,2625,2625,Karnataka,Local,2026,7,4,2300.0,2300.0,2432.1428571428573,0.1413043478260869,Monsoon,0
2026-07-11,Maize,4,Belagavi,Non-FAQ,Soundati APMC,2300,2300,2300,Karnataka,Local,2026,7,5,2625.0,2400.0,2417.8571428571427,-0.1238095238095238,Monsoon,0
2026-07-12,Maize,4,Belagavi,Non-FAQ,Soundati APMC,2550,2550,2550,Karnataka,Local,2026,7,6,2300.0,2500.0,2425.0,0.108695652173913,Monsoon,0
2026-07-13,Maize,4,Belagavi,Non-FAQ,Soundati APMC,2400,2400,2400,Karnataka,Local,2026,7,0,2550.0,2300.0,2439.285714285714,-0.0588235294117647,Monsoon,0
2026-07-22,Maize,4,Belagavi,Non-FAQ,Soundati APMC,2730,2730,2730,Karnataka,Local,2026,7,2,2400.0,2500.0,2472.1428571428573,0.1374999999999999,Monsoon,0
2026-07-24,Maize,4,Belagavi,Non-FAQ,Soundati APMC,2770,2770,2770,Karnataka,Local,2026,7,4,2730.0,2400.0,2525.0,0.0146520146520146,Monsoon,1
2026-07-28,Maize,4,Belagavi,Non-FAQ,Soundati APMC,2500,2500,2500,Karnataka,Local,2026,7,1,2770.0,2300.0,2553.5714285714284,-0.0974729241877256,Monsoon,0
2026-08-05,Maize,4,Belagavi,Non-FAQ,Soundati APMC,2500,2500,2500,Karnataka,Local,2026,8,2,2500.0,2625.0,2535.714285714286,0.0,Monsoon,0
2026-08-06,Maize,4,Belagavi,Non-FAQ,Soundati APMC,2550,2550,2550,Karnataka,Local,2026,8,3,2500.0,2300.0,2571.428571428572,0.02,Monsoon,0
2026-04-04,Maize,4,Mysuru,Non-FAQ,T. Narasipura APMC,1800,1800,1800,Karnataka,Yellow,2026,4,5,1800.0,,1800.0,0.0,Summer,0
2026-04-05,Maize,4,Mysuru,Non-FAQ,T. Narasipura APMC,1800,1800,1800,Karnataka,Yellow,2026,4,6,1800.0,,1800.0,0.0,Summer,0
2026-04-06,Maize,4,Mysuru,Non-FAQ,T. Narasipura APMC,1800,1800,1800,Karnataka,Yellow,2026,4,0,1800.0,,1800.0,0.0,Summer,0
2026-04-08,Maize,4,Mysuru,Non-FAQ,T. Narasipura APMC,1800,1800,1800,Karnataka,Yellow,2026,4,2,1800.0,,1800.0,0.0,Summer,0
2026-04-11,Maize,4,Mysuru,Non-FAQ,T. Narasipura APMC,1800,1800,1800,Karnataka,Yellow,2026,4,5,1800.0,,1800.0,0.0,Summer,0
2026-04-12,Maize,4,Mysuru,Non-FAQ,T. Narasipura APMC,1800,1800,1800,Karnataka,Yellow,2026,4,6,1800.0,,1800.0,0.0,Summer,0
2026-04-13,Maize,4,Mysuru,Non-FAQ,T. Narasipura APMC,1800,1800,1800,Karnataka,Yellow,2026,4,0,1800.0,1800.0,1800.0,0.0,Summer,0
2026-04-15,Maize,4,Mysuru,Non-FAQ,T. Narasipura APMC,1800,1800,1800,Karnataka,Yellow,2026,4,2,1800.0,1800.0,1800.0,0.0,Summer,0
2026-04-22,Maize,4,Mysuru,Non-FAQ,T. Narasipura APMC,1800,1800,1800,Karnataka,Yellow,2026,4,2,1800.0,1800.0,1800.0,0.0,Summer,0
2026-04-24,Maize,4,Mysuru,Non-FAQ,T. Narasipura APMC,1800,1800,1800,Karnataka,Yellow,2026,4,4,1800.0,1800.0,1800.0,0.0,Summer,0
2026-05-07,Maize,4,Mysuru,Non-FAQ,T. Narasipura APMC,2250,2250,2250,Karnataka,Yellow,2026,5,3,1800.0,1800.0,1864.2857142857144,0.25,Summer,0
2026-05-08,Maize,4,Mysuru,Non-FAQ,T. Narasipura APMC,1800,1800,1800,Karnataka,Yellow,2026,5,4,2250.0,1800.0,1864.2857142857144,-0.1999999999999999,Summer,0
2026-05-12,Maize,4,Mysuru,Non-FAQ,T. Narasipura APMC,1800,1800,1800,Karnataka,Yellow,2026,5,1,1800.0,1800.0,1864.2857142857144,0.0,Summer,0
2026-06-03,Maize,4,Mysuru,Non-FAQ,T. Narasipura APMC,2300,2300,2300,Karnataka,Yellow,2026,6,2,1800.0,1800.0,1935.7142857142856,0.2777777777777777,Monsoon,0
2026-06-06,Maize,4,Mysuru,Non-FAQ,T. Narasipura APMC,2300,2300,2300,Karnataka,Yellow,2026,6,5,2300.0,1800.0,2007.142857142857,0.0,Monsoon,0
2026-06-11,Maize,4,Mysuru,Non-FAQ,T. Narasipura APMC,1800,1800,1800,Karnataka,Yellow,2026,6,3,2300.0,1800.0,2007.142857142857,-0.217391304347826,Monsoon,0
2026-06-16,Maize,4,Mysuru,Non-FAQ,T. Narasipura APMC,2300,2300,2300,Karnataka,Yellow,2026,6,1,1800.0,1800.0,2078.5714285714284,0.2777777777777777,Monsoon,0
2026-06-18,Maize,4,Mysuru,Non-FAQ,T. Narasipura APMC,2300,2300,2300,Karnataka,Yellow,2026,6,3,2300.0,2250.0,2085.714285714286,0.0,Monsoon,0
2026-07-01,Maize,4,Mysuru,Non-FAQ,T. Narasipura APMC,2650,2650,2650,Karnataka,Yellow,2026,7,2,2300.0,1800.0,2207.1428571428573,0.1521739130434782,Monsoon,0
2026-04-07,Mango,20,Bengaluru,Local,"Binny Mill (F&V), Bengaluru APMC",3600,3000,3300,Karnataka,Other,2026,4,1,4000.0,,3650.0,-0.175,Summer,0
2026-04-13,Mango,20,Bengaluru,Local,"Binny Mill (F&V), Bengaluru APMC",3500,1500,2500,Karnataka,Keshar,2026,4,0,3300.0,,3266.6666666666665,-0.2424242424242424,Summer,0
2026-04-13,Mango,20,Bengaluru,Local,"Binny Mill (F&V), Bengaluru APMC",3800,3000,3400,Karnataka,Other,2026,4,0,2500.0,,3300.0,0.3600000000000001,Summer,0
2026-04-15,Mango,20,Bengaluru,Local,"Binny Mill (F&V), Bengaluru APMC",6000,5000,5500,Karnataka,Badami,2026,4,2,3400.0,,3740.0,0.6176470588235294,Summer,1
2026-04-15,Mango,20,Bengaluru,Local,"Binny Mill (F&V), Bengaluru APMC",4500,2500,3500,Karnataka,Keshar,2026,4,2,5500.0,,3700.0,-0.3636363636363636,Summer,0
2026-04-15,Mango,20,Bengaluru,Local,"Binny Mill (F&V), Bengaluru APMC",5000,3000,4000,Karnataka,Raspuri,2026,4,2,3500.0,,3742.857142857143,0.1428571428571428,Summer,0
2026-04-15,Mango,20,Bengaluru,Local,"Binny Mill (F&V), Bengaluru APMC",5500,4500,5000,Karnataka,Other,2026,4,2,4000.0,4000.0,3885.714285714286,0.25,Summer,0
2026-04-15,Mango,20,Bengaluru,Local,"Binny Mill (F&V), Bengaluru APMC",3500,1500,2500,Karnataka,Totapuri,2026,4,2,5000.0,3300.0,3771.428571428572,-0.5,Summer,0
2026-04-16,Mango,20,Bengaluru,Local,"Binny Mill (F&V), Bengaluru APMC",6000,5000,5500,Karnataka,Badami,2026,4,3,2500.0,2500.0,4200.0,1.2000000000000002,Summer,1
2026-04-16,Mango,20,Bengaluru,Local,"Binny Mill (F&V), Bengaluru APMC",4000,2500,3000,Karnataka,Keshar,2026,4,3,5500.0,3400.0,4142.857142857143,-0.4545454545454546,Summer,0
2026-04-16,Mango,20,Bengaluru,Local,"Binny Mill (F&V), Bengaluru APMC",2500,1500,2000,Karnataka,Totapuri,2026,4,3,3000.0,5500.0,3642.857142857143,-0.3333333333333333,Summer,0
2026-04-16,Mango,20,Bengaluru,Local,"Binny Mill (F&V), Bengaluru APMC",5000,3000,4000,Karnataka,Raspuri,2026,4,3,2000.0,3500.0,3714.285714285714,1.0,Summer,0
2026-04-17,Mango,20,Bengaluru,Local,"Binny Mill (F&V), Bengaluru APMC",3500,2000,3000,Karnataka,Keshar,2026,4,4,4000.0,4000.0,3571.428571428572,-0.25,Summer,0
2026-04-17,Mango,20,Bengaluru,Local,"Binny Mill (F&V), Bengaluru APMC",5000,3000,4000,Karnataka,Raspuri,2026,4,4,3000.0,5000.0,3428.5714285714284,0.3333333333333332,Summer,0
2026-04-17,Mango,20,Bengaluru,Local,"Binny Mill (F&V), Bengaluru APMC",5000,3000,4000,Karnataka,Badami,2026,4,4,4000.0,2500.0,3642.857142857143,0.0,Summer,0
2026-04-17,Mango,20,Bengaluru,Local,"Binny Mill (F&V), Bengaluru APMC",2500,1500,2000,Karnataka,Totapuri,2026,4,4,4000.0,5500.0,3142.8571428571427,-0.5,Summer,0
2026-04-18,Mango,20,Bengaluru,Local,"Binny Mill (F&V), Bengaluru APMC",5000,3000,4000,Karnataka,Badami,2026,4,5,2000.0,3000.0,3285.714285714286,1.0,Summer,0
2026-04-18,Mango,20,Bengaluru,Local,"Binny Mill (F&V), Bengaluru APMC",2500,1500,2000,Karnataka,Totapuri,2026,4,5,4000.0,2000.0,3285.714285714286,-0.5,Summer,0
2026-04-18,Mango,20,Bengaluru,Local,"Binny Mill (F&V), Bengaluru APMC",3000,2000,2500,Karnataka,Keshar,2026,4,5,2000.0,4000.0,3071.428571428572,0.25,Summer,0
2026-04-18,Mango,20,Bengaluru,Local,"Binny Mill (F&V), Bengaluru APMC",4500,2500,3500,Karnataka,Raspuri,2026,4,5,2500.0,3000.0,3142.8571428571427,0.3999999999999999,Summer,0
2026-04-21,Mango,20,Bengaluru,Local,"Binny Mill (F&V), Bengaluru APMC",4000,3000,3500,Karnataka,Keshar,2026,4,1,3500.0,4000.0,3071.428571428572,0.0,Summer,0
2026-04-21,Mango,20,Bengaluru,Local,"Binny Mill (F&V), Bengaluru APMC",4000,3000,3500,Karnataka,Raspuri,2026,4,1,3500.0,4000.0,3000.0,0.0,Summer,0
2026-04-21,Mango,20,Bengaluru,Local,"Binny Mill (F&V), Bengaluru APMC",6000,4000,5000,Karnataka,Badami,2026,4,1,3500.0,2000.0,3428.5714285714284,0.4285714285714286,Summer,0
2026-04-21,Mango,20,Bengaluru,Local,"Binny Mill (F&V), Bengaluru APMC",3000,2000,2500,Karnataka,Totapuri,2026,4,1,5000.0,4000.0,3214.285714285714,-0.5,Summer,0
2026-04-22,Mango,20,Bengaluru,Local,"Binny Mill (F&V), Bengaluru APMC",4000,3000,3500,Karnataka,Raspuri,2026,4,2,2500.0,2000.0,3428.5714285714284,0.3999999999999999,Summer,0
2026-04-22,Mango,20,Bengaluru,Local,"Binny Mill (F&V), Bengaluru APMC",3000,2000,2500,Karnataka,Totapuri,2026,4,2,3500.0,2500.0,3428.5714285714284,-0.2857142857142857,Summer,0
2026-04-22,Mango,20,Bengaluru,Local,"Binny Mill (F&V), Bengaluru APMC",5000,3000,4000,Karnataka,Badami,2026,4,2,2500.0,3500.0,3500.0,0.6000000000000001,Summer,0
2026-04-23,Mango,20,Bengaluru,Local,"Binny Mill (F&V), Bengaluru APMC",3000,2000,2500,Karnataka,Totapuri,2026,4,3,4000.0,3500.0,3357.1428571428573,-0.375,Summer,0
2026-04-23,Mango,20,Bengaluru,Local,"Binny Mill (F&V), Bengaluru APMC",5000,3000,4000,Karnataka,Raspuri,2026,4,3,2500.0,3500.0,3428.5714285714284,0.6000000000000001,Summer,0
2026-04-23,Mango,20,Bengaluru,Local,"Binny Mill (F&V), Bengaluru APMC",6000,4000,5000,Karnataka,Badami,2026,4,3,4000.0,5000.0,3428.5714285714284,0.25,Summer,0
2026-04-24,Mango,20,Bengaluru,Local,"Binny Mill (F&V), Bengaluru APMC",4000,2500,3000,Karnataka,Keshar,2026,4,4,5000.0,2500.0,3500.0,-0.4,Summer,0
2026-04-24,Mango,20,Bengaluru,Local,"Binny Mill (F&V), Bengaluru APMC",3000,2000,2500,Karnataka,Totapuri,2026,4,4,3000.0,3500.0,3357.1428571428573,-0.1666666666666666,Summer,0
2026-04-24,Mango,20,Bengaluru,Local,"Binny Mill (F&V), Bengaluru APMC",5000,3000,4000,Karnataka,Raspuri,2026,4,4,2500.0,2500.0,3571.428571428572,0.6000000000000001,Summer,0
2026-04-24,Mango,20,Bengaluru,Local,"Binny Mill (F&V), Bengaluru APMC",6000,4000,5000,Karnataka,Badami,2026,4,4,4000.0,4000.0,3714.285714285714,0.25,Summer,0
2026-04-27,Mango,20,Bengaluru,Local,"Binny Mill (F&V), Bengaluru APMC",3000,2000,2500,Karnataka,Keshar,2026,4,0,5000.0,2500.0,3714.285714285714,-0.5,Summer,0
2026-04-27,Mango,20,Bengaluru,Local,"Binny Mill (F&V), Bengaluru APMC",4000,3000,3500,Karnataka,Badami,2026,4,0,2500.0,4000.0,3642.857142857143,0.3999999999999999,Summer,0
2026-04-27,Mango,20,Bengaluru,Local,"Binny Mill (F&V), Bengaluru APMC",4000,3000,3500,Karnataka,Raspuri,2026,4,0,3500.0,5000.0,3428.5714285714284,0.0,Summer,0
2026-04-28,Mango,20,Bengaluru,Local,"Binny Mill (F&V), Bengaluru APMC",3000,2000,2500,Karnataka,Keshar,2026,4,1,3500.0,3000.0,3357.1428571428573,-0.2857142857142857,Summer,0
2026-04-28,Mango,20,Bengaluru,Local,"Binny Mill (F&V), Bengaluru APMC",4000,3000,3500,Karnataka,Raspuri,2026,4,1,2500.0,2500.0,3500.0,0.3999999999999999,Summer,0
2026-04-28,Mango,20,Bengaluru,Local,"Binny Mill (F&V), Bengaluru APMC",2500,1500,2000,Karnataka,Totapuri,2026,4,1,3500.0,4000.0,3214.285714285714,-0.4285714285714286,Summer,0
2026-04-28,Mango,20,Bengaluru,Local,"Binny Mill (F&V), Bengaluru APMC",4000,3000,3500,Karnataka,Badami,2026,4,1,2000.0,5000.0,3000.0,0.75,Summer,0
2026-04-29,Mango,20,Bengaluru,Local,"Binny Mill (F&V), Bengaluru APMC",3000,2000,2500,Karnataka,Totapuri,2026,4,2,3500.0,2500.0,3000.0,-0.2857142857142857,Summer,0
2026-04-29,Mango,20,Bengaluru,Local,"Binny Mill (F&V), Bengaluru APMC",4000,3000,3500,Karnataka,Badami,2026,4,2,2500.0,3500.0,3000.0,0.3999999999999999,Summer,0
2026-04-29,Mango,20,Bengaluru,Local,"Binny Mill (F&V), Bengaluru APMC",3000,2000,2500,Karnataka,Keshar,2026,4,2,3500.0,3500.0,2857.1428571428573,-0.2857142857142857,Summer,0
2026-04-30,Mango,20,Bengaluru,Local,"Binny Mill (F&V), Bengaluru APMC",2800,2000,2400,Karnataka,Other,2026,4,3,2500.0,2500.0,2842.8571428571427,-0.04,Summer,0
2026-04-30,Mango,20,Bengaluru,Local,"Binny Mill (F&V), Bengaluru APMC",5000,3000,4000,Karnataka,Badami,2026,4,3,2400.0,3500.0,2914.285714285714,0.6666666666666667,Summer,0
2026-04-30,Mango,20,Bengaluru,Local,"Binny Mill (F&V), Bengaluru APMC",3000,2000,2500,Karnataka,Keshar,2026,4,3,4000.0,2000.0,2985.714285714286,-0.375,Summer,0
2026-04-30,Mango,20,Bengaluru,Local,"Binny Mill (F&V), Bengaluru APMC",4000,2000,3000,Karnataka,Raspuri,2026,4,3,2500.0,3500.0,2914.285714285714,0.1999999999999999,Summer,0
2026-04-30,Mango,20,Bengaluru,Local,"Binny Mill (F&V), Bengaluru APMC",1500,800,1200,Karnataka,Totapuri,2026,4,3,3000.0,2500.0,2728.5714285714284,-0.6,Summer,0
2026-05-02,Mango,20,Bengaluru,Local,"Binny Mill (F&V), Bengaluru APMC",1200,800,1000,Karnataka,Totapuri,2026,5,5,1200.0,3500.0,2371.428571428572,-0.1666666666666666,Summer,0
2026-05-02,Mango,20,Bengaluru,Local,"Binny Mill (F&V), Bengaluru APMC",4000,3000,3500,Karnataka,Badami,2026,5,5,1000.0,2500.0,2514.285714285714,2.5,Summer,0
2026-05-02,Mango,20,Bengaluru,Local,"Binny Mill (F&V), Bengaluru APMC",3500,2500,3000,Karnataka,Raspuri,2026,5,5,3500.0,2400.0,2600.0,-0.1428571428571429,Summer,0
2026-05-02,Mango,20,Bengaluru,Local,"Binny Mill (F&V), Bengaluru APMC",3000,2000,2500,Karnataka,Keshar,2026,5,5,3000.0,4000.0,2385.714285714286,-0.1666666666666666,Summer,0
2026-05-04,Mango,20,Bengaluru,Local,"Binny Mill (F&V), Bengaluru APMC",1200,800,1000,Karnataka,Totapuri,2026,5,0,2500.0,2500.0,2171.428571428572,-0.6,Summer,0
2026-05-04,Mango,20,Bengaluru,Local,"Binny Mill (F&V), Bengaluru APMC",4000,3000,3500,Karnataka,Badami,2026,5,0,1000.0,3000.0,2242.8571428571427,2.5,Summer,0
2026-05-04,Mango,20,Bengaluru,Local,"Binny Mill (F&V), Bengaluru APMC",3000,2000,2500,Karnataka,Raspuri,2026,5,0,3500.0,1200.0,2428.5714285714284,-0.2857142857142857,Summer,0
2026-05-04,Mango,20,Bengaluru,Local,"Binny Mill (F&V), Bengaluru APMC",3000,2000,2500,Karnataka,Keshar,2026,5,0,2500.0,1000.0,2642.8571428571427,0.0,Summer,0
2026-05-05,Mango,20,Bengaluru,Local,"Binny Mill (F&V), Bengaluru APMC",6000,3000,4000,Karnataka,Badami,2026,5,1,2500.0,3500.0,2714.285714285714,0.6000000000000001,Summer,0
2026-05-05,Mango,20,Bengaluru,Local,"Binny Mill (F&V), Bengaluru APMC",3000,2000,2500,Karnataka,Keshar,2026,5,1,4000.0,3000.0,2642.8571428571427,-0.375,Summer,0
2026-05-05,Mango,20,Bengaluru,Local,"Binny Mill (F&V), Bengaluru APMC",1500,1000,1200,Karnataka,Totapuri,2026,5,1,2500.0,2500.0,2457.1428571428573,-0.52,Summer,0
2026-05-05,Mango,20,Bengaluru,Local,"Binny Mill (F&V), Bengaluru APMC",3500,2000,3000,Karnataka,Raspuri,2026,5,1,1200.0,1000.0,2742.8571428571427,1.5,Summer,0
2026-05-05,Mango,20,Bengaluru,Local,"Binny Mill (F&V), Bengaluru APMC",3500,2500,3000,Karnataka,Other,2026,5,1,3000.0,3500.0,2671.428571428572,0.0,Summer,0
2026-05-06,Mango,20,Bengaluru,Local,"Binny Mill (F&V), Bengaluru APMC",6000,3000,4000,Karnataka,Other,2026,5,2,3000.0,2500.0,2885.714285714286,0.3333333333333332,Summer,0
2026-05-06,Mango,20,Bengaluru,Local,"Binny Mill (F&V), Bengaluru APMC",1400,800,1200,Karnataka,Totapuri,2026,5,2,4000.0,2500.0,2700.0,-0.7,Summer,0
2026-05-06,Mango,20,Bengaluru,Local,"Binny Mill (F&V), Bengaluru APMC",4000,2000,3000,Karnataka,Raspuri,2026,5,2,1200.0,4000.0,2557.1428571428573,1.5,Summer,0
2026-05-06,Mango,20,Bengaluru,Local,"Binny Mill (F&V), Bengaluru APMC",3000,2000,2500,Karnataka,Keshar,2026,5,2,3000.0,2500.0,2557.1428571428573,-0.1666666666666666,Summer,0
2026-05-07,Mango,20,Bengaluru,Local,"Binny Mill (F&V), Bengaluru APMC",5500,3500,4500,Karnataka,Badami,2026,5,3,2500.0,1200.0,3028.5714285714284,0.8,Summer,0
2026-05-07,Mango,20,Bengaluru,Local,"Binny Mill (F&V), Bengaluru APMC",3500,2500,3000,Karnataka,Keshar,2026,5,3,4500.0,3000.0,3028.5714285714284,-0.3333333333333333,Summer,0
2026-05-07,Mango,20,Bengaluru,Local,"Binny Mill (F&V), Bengaluru APMC",4500,2500,3500,Karnataka,Raspuri,2026,5,3,3000.0,3000.0,3100.0,0.1666666666666667,Summer,0
2026-05-07,Mango,20,Bengaluru,Local,"Binny Mill (F&V), Bengaluru APMC",1500,1000,1200,Karnataka,Totapuri,2026,5,3,3500.0,4000.0,2700.0,-0.6571428571428571,Summer,0
2026-05-08,Mango,20,Bengaluru,Local,"Binny Mill (F&V), Bengaluru APMC",1500,1000,1200,Karnataka,Totapuri,2026,5,4,1200.0,1200.0,2700.0,0.0,Summer,0
2026-05-08,Mango,20,Bengaluru,Local,"Binny Mill (F&V), Bengaluru APMC",4000,2000,3000,Karnataka,Raspuri,2026,5,4,1200.0,3000.0,2700.0,1.5,Summer,0
2026-05-08,Mango,20,Bengaluru,Local,"Binny Mill (F&V), Bengaluru APMC",5000,3000,4000,Karnataka,Badami,2026,5,4,3000.0,2500.0,2914.285714285714,0.3333333333333332,Summer,0
2026-05-08,Mango,20,Bengaluru,Local,"Binny Mill (F&V), Bengaluru APMC",3000,2000,2500,Karnataka,Keshar,2026,5,4,4000.0,4500.0,2628.5714285714284,-0.375,Summer,0
2026-05-11,Mango,20,Bengaluru,Local,"Binny Mill (F&V), Bengaluru APMC",4500,2500,3500,Karnataka,Raspuri,2026,5,0,2500.0,3000.0,2700.0,0.3999999999999999,Summer,0
2026-05-11,Mango,20,Bengaluru,Local,"Binny Mill (F&V), Bengaluru APMC",6000,4000,5000,Karnataka,Badami,2026,5,0,3500.0,3500.0,2914.285714285714,0.4285714285714286,Summer,0
2026-05-11,Mango,20,Bengaluru,Local,"Binny Mill (F&V), Bengaluru APMC",3000,2000,2500,Karnataka,Keshar,2026,5,0,5000.0,1200.0,3100.0,-0.5,Summer,0
2026-05-12,Mango,20,Bengaluru,Local,"Binny Mill (F&V), Bengaluru APMC",4000,2000,3000,Karnataka,Raspuri,2026,5,1,2500.0,1200.0,3357.1428571428573,0.1999999999999999,Summer,0
2026-05-12,Mango,20,Bengaluru,Local,"Binny Mill (F&V), Bengaluru APMC",5500,3500,4500,Karnataka,Badami,2026,5,1,3000.0,3000.0,3571.428571428572,0.5,Summer,0
2026-05-12,Mango,20,Bengaluru,Local,"Binny Mill (F&V), Bengaluru APMC",1800,1000,1400,Karnataka,Totapuri,2026,5,1,4500.0,4000.0,3200.0,-0.6888888888888889,Summer,0
2026-05-12,Mango,20,Bengaluru,Local,"Binny Mill (F&V), Bengaluru APMC",3000,2000,2500,Karnataka,Keshar,2026,5,1,1400.0,2500.0,3200.0,0.7857142857142858,Summer,0
2026-05-13,Mango,20,Bengaluru,Local,"Binny Mill (F&V), Bengaluru APMC",6000,3000,4000,Karnataka,Other,2026,5,2,2500.0,3500.0,3271.428571428572,0.6000000000000001,Summer,0
2026-05-13,Mango,20,Bengaluru,Local,"Binny Mill (F&V), Bengaluru APMC",5000,3000,4000,Karnataka,Badami,2026,5,2,4000.0,5000.0,3128.5714285714284,0.0,Summer,0
2026-05-13,Mango,20,Bengaluru,Local,"Binny Mill (F&V), Bengaluru APMC",3500,2500,3000,Karnataka,Keshar,2026,5,2,4000.0,2500.0,3200.0,-0.25,Summer,0
2026-05-13,Mango,20,Bengaluru,Local,"Binny Mill (F&V), Bengaluru APMC",1800,1000,1400,Karnataka,Totapuri,2026,5,2,3000.0,3000.0,2971.428571428572,-0.5333333333333333,Summer,0
2026-05-13,Mango,20,Bengaluru,Local,"Binny Mill (F&V), Bengaluru APMC",1800,1000,1400,Karnataka,Raspuri,2026,5,2,1400.0,4500.0,2528.5714285714284,0.0,Summer,0
2026-05-14,Mango,20,Bengaluru,Local,"Binny Mill (F&V), Bengaluru APMC",3000,2000,2500,Karnataka,Raspuri,2026,5,3,1400.0,1400.0,2685.714285714286,0.7857142857142858,Summer,0
2026-05-14,Mango,20,Bengaluru,Local,"Binny Mill (F&V), Bengaluru APMC",1600,1000,1200,Karnataka,Totapuri,2026,5,3,2500.0,2500.0,2500.0,-0.52,Summer,0
2026-05-14,Mango,20,Bengaluru,Local,"Binny Mill (F&V), Bengaluru APMC",5000,3000,4000,Karnataka,Other,2026,5,3,1200.0,4000.0,2500.0,2.333333333333333,Summer,0
2026-05-14,Mango,20,Bengaluru,Local,"Binny Mill (F&V), Bengaluru APMC",5500,3500,4500,Karnataka,Badami,2026,5,3,4000.0,4000.0,2571.428571428572,0.125,Summer,0
2026-05-15,Mango,20,Bengaluru,Local,"Binny Mill (F&V), Bengaluru APMC",5000,3000,4000,Karnataka,Other,2026,5,4,4500.0,3000.0,2714.285714285714,-0.1111111111111111,Summer,0
2026-05-15,Mango,20,Bengaluru,Local,"Binny Mill (F&V), Bengaluru APMC",3500,2500,3000,Karnataka,Keshar,2026,5,4,4000.0,1400.0,2942.8571428571427,-0.25,Summer,0
2026-05-15,Mango,20,Bengaluru,Local,"Binny Mill (F&V), Bengaluru APMC",3500,2500,3000,Karnataka,Raspuri,2026,5,4,3000.0,1400.0,3171.428571428572,0.0,Summer,0
2026-05-15,Mango,20,Bengaluru,Local,"Binny Mill (F&V), Bengaluru APMC",5000,3000,4000,Karnataka,Badami,2026,5,4,3000.0,2500.0,3385.714285714286,0.3333333333333332,Summer,0
2026-05-16,Mango,20,Bengaluru,Local,"Binny Mill (F&V), Bengaluru APMC",3000,2000,2500,Karnataka,Keshar,2026,5,5,4000.0,1200.0,3571.428571428572,-0.375,Summer,0
2026-05-16,Mango,20,Bengaluru,Local,"Binny Mill (F&V), Bengaluru APMC",5500,3500,4500,Karnataka,Other,2026,5,5,2500.0,4000.0,3642.857142857143,0.8,Summer,0
2026-05-16,Mango,20,Bengaluru,Local,"Binny Mill (F&V), Bengaluru APMC",1600,1000,1200,Karnataka,Totapuri,2026,5,5,4500.0,4500.0,3171.428571428572,-0.7333333333333334,Summer,0
2026-05-16,Mango,20,Bengaluru,Local,"Binny Mill (F&V), Bengaluru APMC",4000,2000,2500,Karnataka,Raspuri,2026,5,5,1200.0,4000.0,2957.1428571428573,1.0833333333333337,Summer,0
2026-05-18,Mango,20,Bengaluru,Local,"Binny Mill (F&V), Bengaluru APMC",3000,2000,2500,Karnataka,Keshar,2026,5,0,2500.0,3000.0,2885.714285714286,0.0,Summer,0
2026-05-18,Mango,20,Bengaluru,Local,"Binny Mill (F&V), Bengaluru APMC",3000,2000,2500,Karnataka,Raspuri,2026,5,0,2500.0,3000.0,2814.285714285714,0.0,Summer,0
2026-05-18,Mango,20,Bengaluru,Local,"Binny Mill (F&V), Bengaluru APMC",4000,3000,3500,Karnataka,Badami,2026,5,0,2500.0,4000.0,2742.8571428571427,0.3999999999999999,Summer,0
2026-05-18,Mango,20,Bengaluru,Local,"Binny Mill (F&V), Bengaluru APMC",4000,3000,3500,Karnataka,Mango,2026,5,0,3500.0,2500.0,2885.714285714286,0.0,Summer,0
2026-05-19,Mango,20,Bengaluru,Local,"Binny Mill (F&V), Bengaluru APMC",4500,2500,3500,Karnataka,Keshar,2026,5,1,3500.0,4500.0,2742.8571428571427,0.0,Summer,0
2026-05-19,Mango,20,Bengaluru,Local,"Binny Mill (F&V), Bengaluru APMC",1800,800,1400,Karnataka,Totapuri,2026,5,1,3500.0,1200.0,2771.428571428572,-0.6,Summer,0
2026-05-19,Mango,20,Bengaluru,Local,"Binny Mill (F&V), Bengaluru APMC",5000,3000,4000,Karnataka,Other,2026,5,1,1400.0,2500.0,2985.714285714286,1.8571428571428568,Summer,0
2026-05-19,Mango,20,Bengaluru,Local,"Binny Mill (F&V), Bengaluru APMC",4000,3000,3500,Karnataka,Mango,2026,5,1,4000.0,2500.0,3128.5714285714284,-0.125,Summer,0
2026-05-19,Mango,20,Bengaluru,Local,"Binny Mill (F&V), Bengaluru APMC",5000,3000,4000,Karnataka,Badami,2026,5,1,3500.0,2500.0,3342.8571428571427,0.1428571428571428,Summer,0
2026-05-20,Mango,20,Bengaluru,Local,"Binny Mill (F&V), Bengaluru APMC",6000,4000,5000,Karnataka,Other,2026,5,2,4000.0,3500.0,3557.1428571428573,0.25,Summer,0
2026-05-20,Mango,20,Bengaluru,Local,"Binny Mill (F&V), Bengaluru APMC",3000,2000,2500,Karnataka,Raspuri,2026,5,2,5000.0,3500.0,3414.285714285714,-0.5,Summer,0
2026-05-20,Mango,20,Bengaluru,Local,"Binny Mill (F&V), Bengaluru APMC",3500,2500,3000,Karnataka,Mango,2026,5,2,2500.0,3500.0,3342.8571428571427,0.1999999999999999,Summer,0
2026-05-20,Mango,20,Bengaluru,Local,"Binny Mill (F&V), Bengaluru APMC",3000,2000,2500,Karnataka,Keshar,2026,5,2,3000.0,1400.0,3500.0,-0.1666666666666666,Summer,0
2026-05-21,Mango,20,Bengaluru,Local,"Binny Mill (F&V), Bengaluru APMC",1800,800,1400,Karnataka,Totapuri,2026,5,3,2500.0,4000.0,3128.5714285714284,-0.4399999999999999,Summer,0
2026-05-21,Mango,20,Bengaluru,Local,"Binny Mill (F&V), Bengaluru APMC",6000,3000,5000,Karnataka,Other,2026,5,3,1400.0,3500.0,3342.8571428571427,2.571428571428572,Summer,0
2026-05-21,Mango,20,Bengaluru,Local,"Binny Mill (F&V), Bengaluru APMC",4500,2500,3500,Karnataka,Badami,2026,5,3,5000.0,4000.0,3271.428571428572,-0.3,Summer,0
2026-05-21,Mango,20,Bengaluru,Local,"Binny Mill (F&V), Bengaluru APMC",3500,250,3000,Karnataka,Raspuri,2026,5,3,3500.0,5000.0,2985.714285714286,-0.1428571428571429,Summer,0
2026-05-21,Mango,20,Bengaluru,Local,"Binny Mill (F&V), Bengaluru APMC",3500,2500,3000,Karnataka,Keshar,2026,5,3,3000.0,2500.0,3057.1428571428573,0.0,Summer,0
2026-05-22,Mango,20,Bengaluru,Local,"Binny Mill (F&V), Bengaluru APMC",5000,3000,4000,Karnataka,Mango,2026,5,4,3000.0,3000.0,3200.0,0.3333333333333332,Summer,0
2026-05-22,Mango,20,Bengaluru,Local,"Binny Mill (F&V), Bengaluru APMC",3500,2000,3000,Karnataka,Other,2026,5,4,4000.0,2500.0,3271.428571428572,-0.25,Summer,0
2026-05-22,Mango,20,Bengaluru,Local,"Binny Mill (F&V), Bengaluru APMC",4000,3000,3500,Karnataka,Raspuri,2026,5,4,3000.0,1400.0,3571.428571428572,0.1666666666666667,Summer,0
2026-05-22,Mango,20,Bengaluru,Local,"Binny Mill (F&V), Bengaluru APMC",3500,2500,3000,Karnataka,Badami,2026,5,4,3500.0,5000.0,3285.714285714286,-0.1428571428571429,Summer,0
2026-05-22,Mango,20,Bengaluru,Local,"Binny Mill (F&V), Bengaluru APMC",3500,2500,3000,Karnataka,Keshar,2026,5,4,3000.0,3500.0,3214.285714285714,0.0,Summer,0
2026-05-25,Mango,20,Bengaluru,Local,"Binny Mill (F&V), Bengaluru APMC",2800,1800,2400,Karnataka,Keshar,2026,5,0,3000.0,3000.0,3128.5714285714284,-0.1999999999999999,Summer,0
2026-05-25,Mango,20,Bengaluru,Local,"Binny Mill (F&V), Bengaluru APMC",3000,2000,2500,Karnataka,Mango,2026,5,0,2400.0,3000.0,3057.1428571428573,0.0416666666666667,Summer,0
2026-05-25,Mango,20,Bengaluru,Local,"Binny Mill (F&V), Bengaluru APMC",4200,3000,3500,Karnataka,Other,2026,5,0,2500.0,4000.0,2985.714285714286,0.3999999999999999,Summer,0
2026-05-25,Mango,20,Bengaluru,Local,"Binny Mill (F&V), Bengaluru APMC",1500,800,1200,Karnataka,Totapuri,2026,5,0,3500.0,3000.0,2728.5714285714284,-0.6571428571428571,Summer,0
2026-05-25,Mango,20,Bengaluru,Local,"Binny Mill (F&V), Bengaluru APMC",3000,2000,2500,Karnataka,Raspuri,2026,5,0,1200.0,3500.0,2585.714285714286,1.0833333333333337,Summer,0
2026-05-25,Mango,20,Bengaluru,Local,"Binny Mill (F&V), Bengaluru APMC",4000,3000,3500,Karnataka,Badami,2026,5,0,2500.0,3000.0,2657.1428571428573,0.3999999999999999,Summer,0
2026-05-26,Mango,20,Bengaluru,Local,"Binny Mill (F&V), Bengaluru APMC",3500,2500,3000,Karnataka,Raspuri,2026,5,1,3500.0,3000.0,2657.1428571428573,-0.1428571428571429,Summer,0
2026-05-26,Mango,20,Bengaluru,Local,"Binny Mill (F&V), Bengaluru APMC",4000,3000,3500,Karnataka,Badami,2026,5,1,3000.0,2400.0,2814.285714285714,0.1666666666666667,Summer,0
2026-05-26,Mango,20,Bengaluru,Local,"Binny Mill (F&V), Bengaluru APMC",4500,2500,3500,Karnataka,Mango,2026,5,1,3500.0,2500.0,2957.1428571428573,0.0,Summer,0
2026-05-26,Mango,20,Bengaluru,Local,"Binny Mill (F&V), Bengaluru APMC",1600,800,1200,Karnataka,Totapuri,2026,5,1,3500.0,3500.0,2628.5714285714284,-0.6571428571428571,Summer,0
2026-05-26,Mango,20,Bengaluru,Local,"Binny Mill (F&V), Bengaluru APMC",5000,3000,4000,Karnataka,Other,2026,5,1,1200.0,1200.0,3028.5714285714284,2.333333333333333,Summer,0
2026-05-27,Mango,20,Bengaluru,Local,"Binny Mill (F&V), Bengaluru APMC",3000,2000,2500,Karnataka,Keshar,2026,5,2,4000.0,2500.0,3028.5714285714284,-0.375,Summer,0
2026-05-27,Mango,20,Bengaluru,Local,"Binny Mill (F&V), Bengaluru APMC",4500,3500,4000,Karnataka,Badami,2026,5,2,2500.0,3500.0,3100.0,0.6000000000000001,Summer,0
2026-05-27,Mango,20,Bengaluru,Local,"Binny Mill (F&V), Bengaluru APMC",3000,2000,2500,Karnataka,Raspuri,2026,5,2,4000.0,3000.0,3028.5714285714284,-0.375,Summer,0
2026-05-27,Mango,20,Bengaluru,Local,"Binny Mill (F&V), Bengaluru APMC",4000,2000,3000,Karnataka,Mango,2026,5,2,2500.0,3500.0,2957.1428571428573,0.1999999999999999,Summer,0
2026-05-27,Mango,20,Bengaluru,Local,"Binny Mill (F&V), Bengaluru APMC",1800,800,1400,Karnataka,Totapuri,2026,5,2,3000.0,3500.0,2657.1428571428573,-0.5333333333333333,Summer,0
2026-05-27,Mango,20,Bengaluru,Local,"Binny Mill (F&V), Bengaluru APMC",5000,3000,4000,Karnataka,Other,2026,5,2,1400.0,1200.0,3057.1428571428573,1.8571428571428568,Summer,0
2026-05-29,Mango,20,Bengaluru,Local,"Binny Mill (F&V), Bengaluru APMC",3500,2500,3000,Karnataka,Raspuri,2026,5,4,4000.0,4000.0,2914.285714285714,-0.25,Summer,0
2026-05-29,Mango,20,Bengaluru,Local,"Binny Mill (F&V), Bengaluru APMC",1200,800,1000,Karnataka,Totapuri,2026,5,4,3000.0,2500.0,2700.0,-0.6666666666666667,Summer,0
2026-05-29,Mango,20,Bengaluru,Local,"Binny Mill (F&V), Bengaluru APMC",4000,3000,3500,Karnataka,Badami,2026,5,4,1000.0,4000.0,2628.5714285714284,2.5,Summer,0
2026-05-29,Mango,20,Bengaluru,Local,"Binny Mill (F&V), Bengaluru APMC",4500,3500,4000,Karnataka,Other,2026,5,4,3500.0,2500.0,2842.8571428571427,0.1428571428571428,Summer,0
2026-06-01,Mango,20,Bengaluru,Local,"Binny Mill (F&V), Bengaluru APMC",3000,2000,2500,Karnataka,Raspuri,2026,6,0,4000.0,3000.0,2771.428571428572,-0.375,Monsoon,0
2026-06-01,Mango,20,Bengaluru,Local,"Binny Mill (F&V), Bengaluru APMC",4000,2000,3000,Karnataka,Badami,2026,6,0,2500.0,1400.0,3000.0,0.1999999999999999,Monsoon,0
2026-06-01,Mango,20,Bengaluru,Local,"Binny Mill (F&V), Bengaluru APMC",1000,600,800,Karnataka,Totapuri,2026,6,0,3000.0,4000.0,2542.8571428571427,-0.7333333333333334,Monsoon,1
2026-06-02,Mango,20,Bengaluru,Local,"Binny Mill (F&V), Bengaluru APMC",4000,2500,3000,Karnataka,Badami,2026,6,1,800.0,3000.0,2542.8571428571427,2.75,Monsoon,0
2026-06-02,Mango,20,Bengaluru,Local,"Binny Mill (F&V), Bengaluru APMC",1200,800,1000,Karnataka,Totapuri,2026,6,1,3000.0,1000.0,2542.8571428571427,-0.6666666666666667,Monsoon,0
2026-06-03,Mango,20,Bengaluru,Local,"Binny Mill (F&V), Bengaluru APMC",4000,3000,3500,Karnataka,Badami,2026,6,2,1000.0,3500.0,2542.8571428571427,2.5,Monsoon,0
2026-06-03,Mango,20,Bengaluru,Local,"Binny Mill (F&V), Bengaluru APMC",3000,2000,2500,Karnataka,Raspuri,2026,6,2,3500.0,4000.0,2328.5714285714284,-0.2857142857142857,Monsoon,0
2026-06-04,Mango,20,Bengaluru,Local,"Binny Mill (F&V), Bengaluru APMC",3500,2500,3000,Karnataka,Raspuri,2026,6,3,2500.0,2500.0,2400.0,0.1999999999999999,Monsoon,0
2026-06-04,Mango,20,Bengaluru,Local,"Binny Mill (F&V), Bengaluru APMC",1200,800,1000,Karnataka,Totapuri,2026,6,3,3000.0,3000.0,2114.285714285714,-0.6666666666666667,Monsoon,0
2026-06-05,Mango,20,Bengaluru,Local,"Binny Mill (F&V), Bengaluru APMC",3500,2500,3000,Karnataka,Raspuri,2026,6,4,1000.0,800.0,2428.5714285714284,2.0,Monsoon,0
2026-06-05,Mango,20,Bengaluru,Local,"Binny Mill (F&V), Bengaluru APMC",4000,3000,3500,Karnataka,Badami,2026,6,4,3000.0,3000.0,2500.0,0.1666666666666667,Monsoon,0
2026-06-06,Mango,20,Bengaluru,Local,"Binny Mill (F&V), Bengaluru APMC",4000,3000,3500,Karnataka,Badami,2026,6,5,3500.0,1000.0,2857.1428571428573,0.0,Monsoon,0
2026-06-08,Mango,20,Bengaluru,Local,"Binny Mill (F&V), Bengaluru APMC",1200,800,1000,Karnataka,Totapuri,2026,6,0,3500.0,3500.0,2500.0,-0.7142857142857143,Monsoon,0
2026-06-08,Mango,20,Bengaluru,Local,"Binny Mill (F&V), Bengaluru APMC",3000,2000,2500,Karnataka,Raspuri,2026,6,0,1000.0,2500.0,2500.0,1.5,Monsoon,0
2026-06-09,Mango,20,Bengaluru,Local,"Binny Mill (F&V), Bengaluru APMC",4000,3000,3500,Karnataka,Badami,2026,6,1,2500.0,3000.0,2571.428571428572,0.3999999999999999,Monsoon,0
2026-06-09,Mango,20,Bengaluru,Local,"Binny Mill (F&V), Bengaluru APMC",1400,800,1000,Karnataka,Totapuri,2026,6,1,3500.0,1000.0,2571.428571428572,-0.7142857142857143,Monsoon,0
2026-06-10,Mango,20,Bengaluru,Local,"Binny Mill (F&V), Bengaluru APMC",1300,800,1100,Karnataka,Totapuri,2026,6,2,1000.0,3000.0,2300.0,0.1,Monsoon,0
2026-06-11,Mango,20,Bengaluru,Local,"Binny Mill (F&V), Bengaluru APMC",1400,800,1000,Karnataka,Totapuri,2026,6,3,1100.0,3500.0,1942.857142857143,-0.0909090909090909,Monsoon,0
2026-06-11,Mango,20,Bengaluru,Local,"Binny Mill (F&V), Bengaluru APMC",4000,3000,3500,Karnataka,Badami,2026,6,3,1000.0,3500.0,1942.857142857143,2.5,Monsoon,0
2026-06-11,Mango,20,Bengaluru,Local,"Binny Mill (F&V), Bengaluru APMC",3000,2000,2500,Karnataka,Raspuri,2026,6,3,3500.0,1000.0,2157.1428571428573,-0.2857142857142857,Monsoon,0
2026-06-12,Mango,20,Bengaluru,Local,"Binny Mill (F&V), Bengaluru APMC",3000,2000,2500,Karnataka,Raspuri,2026,6,4,2500.0,2500.0,2157.1428571428573,0.0,Monsoon,0
2026-06-12,Mango,20,Bengaluru,Local,"Binny Mill (F&V), Bengaluru APMC",4000,3000,3500,Karnataka,Badami,2026,6,4,2500.0,3500.0,2157.1428571428573,0.3999999999999999,Monsoon,0
2026-06-16,Mango,20,Bengaluru,Local,"Binny Mill (F&V), Bengaluru APMC",1200,800,1000,Karnataka,Totapuri,2026,6,1,3500.0,1000.0,2157.1428571428573,-0.7142857142857143,Monsoon,0
2026-06-16,Mango,20,Bengaluru,Local,"Binny Mill (F&V), Bengaluru APMC",3000,2000,2500,Karnataka,Raspuri,2026,6,1,1000.0,1100.0,2357.1428571428573,1.5,Monsoon,0
2026-06-17,Mango,20,Bengaluru,Local,"Binny Mill (F&V), Bengaluru APMC",2500,1500,2000,Karnataka,Raspuri,2026,6,2,2500.0,1000.0,2500.0,-0.1999999999999999,Monsoon,0
2026-06-17,Mango,20,Bengaluru,Local,"Binny Mill (F&V), Bengaluru APMC",3000,2000,2500,Karnataka,Badami,2026,6,2,2000.0,3500.0,2357.1428571428573,0.25,Monsoon,0
2026-06-18,Mango,20,Bengaluru,Local,"Binny Mill (F&V), Bengaluru APMC",3000,2000,2500,Karnataka,Badami,2026,6,3,2500.0,2500.0,2357.1428571428573,0.0,Monsoon,0
2026-06-18,Mango,20,Bengaluru,Local,"Binny Mill (F&V), Bengaluru APMC",1200,800,1000,Karnataka,Totapuri,2026,6,3,2500.0,2500.0,2142.8571428571427,-0.6,Monsoon,0
2026-06-18,Mango,20,Bengaluru,Local,"Binny Mill (F&V), Bengaluru APMC",3000,2000,2500,Karnataka,Raspuri,2026,6,3,1000.0,3500.0,2000.0,1.5,Monsoon,0
2026-06-19,Mango,20,Bengaluru,Local,"Binny Mill (F&V), Bengaluru APMC",1000,800,900,Karnataka,Totapuri,2026,6,4,2500.0,1000.0,1985.7142857142856,-0.64,Monsoon,0
2026-06-19,Mango,20,Bengaluru,Local,"Binny Mill (F&V), Bengaluru APMC",3000,2000,2500,Karnataka,Raspuri,2026,6,4,900.0,2500.0,1985.7142857142856,1.7777777777777777,Monsoon,0
2026-06-22,Mango,20,Bengaluru,Local,"Binny Mill (F&V), Bengaluru APMC",3000,2000,2500,Karnataka,Raspuri,2026,6,0,2500.0,2000.0,2057.1428571428573,0.0,Monsoon,0
2026-06-22,Mango,20,Bengaluru,Local,"Binny Mill (F&V), Bengaluru APMC",1200,800,1000,Karnataka,Totapuri,2026,6,0,2500.0,2500.0,1842.857142857143,-0.6,Monsoon,0
2026-06-23,Mango,20,Bengaluru,Local,"Binny Mill (F&V), Bengaluru APMC",1200,800,1000,Karnataka,Totapuri,2026,6,1,1000.0,2500.0,1628.571428571429,0.0,Monsoon,0
2026-06-23,Mango,20,Bengaluru,Local,"Binny Mill (F&V), Bengaluru APMC",3000,2000,2500,Karnataka,Raspuri,2026,6,1,1000.0,1000.0,1842.857142857143,1.5,Monsoon,0
2026-06-23,Mango,20,Bengaluru,Local,"Binny Mill (F&V), Bengaluru APMC",4500,3500,4000,Karnataka,Badami,2026,6,1,2500.0,2500.0,2057.1428571428573,0.6000000000000001,Monsoon,0
2026-06-24,Mango,20,Bengaluru,Local,"Binny Mill (F&V), Bengaluru APMC",3000,2000,2500,Karnataka,Raspuri,2026,6,2,4000.0,900.0,2285.714285714286,-0.375,Monsoon,0
2026-06-24,Mango,20,Bengaluru,Local,"Binny Mill (F&V), Bengaluru APMC",4000,3000,3500,Karnataka,Badami,2026,6,2,2500.0,2500.0,2428.5714285714284,0.3999999999999999,Monsoon,0
2026-06-24,Mango,20,Bengaluru,Local,"Binny Mill (F&V), Bengaluru APMC",1000,800,900,Karnataka,Totapuri,2026,6,2,3500.0,2500.0,2200.0,-0.7428571428571429,Monsoon,0
2026-06-25,Mango,20,Bengaluru,Local,"Binny Mill (F&V), Bengaluru APMC",3000,2000,2500,Karnataka,Raspuri,2026,6,3,900.0,1000.0,2414.285714285714,1.7777777777777777,Monsoon,0
2026-06-30,Mango,20,Bengaluru,Local,"Binny Mill (F&V), Bengaluru APMC",5000,3000,4000,Karnataka,Badami,2026,6,1,2500.0,1000.0,2842.8571428571427,0.6000000000000001,Monsoon,0
2026-06-30,Mango,20,Bengaluru,Local,"Binny Mill (F&V), Bengaluru APMC",1200,800,1000,Karnataka,Totapuri,2026,6,1,4000.0,2500.0,2628.5714285714284,-0.75,Monsoon,0
2026-06-30,Mango,20,Bengaluru,Local,"Binny Mill (F&V), Bengaluru APMC",3000,2000,2500,Karnataka,Neelam,2026,6,1,1000.0,4000.0,2414.285714285714,1.5,Monsoon,0
2026-07-01,Mango,20,Bengaluru,Local,"Binny Mill (F&V), Bengaluru APMC",5000,3000,4000,Karnataka,Badami,2026,7,2,2500.0,2500.0,2628.5714285714284,0.6000000000000001,Monsoon,0
2026-07-01,Mango,20,Bengaluru,Local,"Binny Mill (F&V), Bengaluru APMC",3000,1500,2000,Karnataka,Neelam,2026,7,2,4000.0,3500.0,2414.285714285714,-0.5,Monsoon,0
2026-07-03,Mango,20,Bengaluru,Local,"Binny Mill (F&V), Bengaluru APMC",5000,3000,4000,Karnataka,Badami,2026,7,4,2000.0,900.0,2857.1428571428573,1.0,Monsoon,0
2026-07-03,Mango,20,Bengaluru,Local,"Binny Mill (F&V), Bengaluru APMC",1000,700,900,Karnataka,Totapuri,2026,7,4,4000.0,2500.0,2628.5714285714284,-0.775,Monsoon,0
2026-07-04,Mango,20,Bengaluru,Local,"Binny Mill (F&V), Bengaluru APMC",1200,800,1000,Karnataka,Totapuri,2026,7,5,900.0,4000.0,2200.0,0.1111111111111111,Monsoon,0
2026-07-04,Mango,20,Bengaluru,Local,"Binny Mill (F&V), Bengaluru APMC",3000,1500,2500,Karnataka,Neelam,2026,7,5,1000.0,1000.0,2414.285714285714,1.5,Monsoon,0
2026-07-06,Mango,20,Bengaluru,Local,"Binny Mill (F&V), Bengaluru APMC",5000,2000,4000,Karnataka,Badami,2026,7,0,2500.0,2500.0,2628.5714285714284,0.6000000000000001,Monsoon,0
2026-07-08,Mango,20,Bengaluru,Local,"Binny Mill (F&V), Bengaluru APMC",5000,3000,4000,Karnataka,Badami,2026,7,2,4000.0,4000.0,2628.5714285714284,0.0,Monsoon,0
2026-07-08,Mango,20,Bengaluru,Local,"Binny Mill (F&V), Bengaluru APMC",3500,1500,2500,Karnataka,Neelam,2026,7,2,4000.0,2000.0,2700.0,-0.375,Monsoon,0
2026-07-09,Mango,20,Bengaluru,Local,"Binny Mill (F&V), Bengaluru APMC",4500,2500,3500,Karnataka,Badami,2026,7,3,2500.0,4000.0,2628.5714285714284,0.3999999999999999,Monsoon,0
2026-07-09,Mango,20,Bengaluru,Local,"Binny Mill (F&V), Bengaluru APMC",1200,800,1000,Karnataka,Totapuri,2026,7,3,3500.0,900.0,2642.8571428571427,-0.7142857142857143,Monsoon,0
2026-07-09,Mango,20,Bengaluru,Local,"Binny Mill (F&V), Bengaluru APMC",3500,1500,2500,Karnataka,Neelam,2026,7,3,1000.0,1000.0,2857.1428571428573,1.5,Monsoon,0
2026-07-10,Mango,20,Bengaluru,Local,"Binny Mill (F&V), Bengaluru APMC",2500,1500,2000,Karnataka,Neelam,2026,7,4,2500.0,2500.0,2785.714285714286,-0.1999999999999999,Monsoon,0
2026-07-10,Mango,20,Bengaluru,Local,"Binny Mill (F&V), Bengaluru APMC",4000,2000,3000,Karnataka,Badami,2026,7,4,2000.0,4000.0,2642.8571428571427,0.5,Monsoon,0
2026-07-13,Mango,20,Bengaluru,Local,"Binny Mill (F&V), Bengaluru APMC",3000,2000,2500,Karnataka,Neelam,2026,7,0,3000.0,4000.0,2428.5714285714284,-0.1666666666666666,Monsoon,0
2026-07-14,Mango,20,Bengaluru,Local,"Binny Mill (F&V), Bengaluru APMC",1200,800,1000,Karnataka,Totapuri,2026,7,1,2500.0,2500.0,2214.285714285714,-0.6,Monsoon,0
2026-07-14,Mango,20,Bengaluru,Local,"Binny Mill (F&V), Bengaluru APMC",3000,2000,2500,Karnataka,Neelam,2026,7,1,1000.0,3500.0,2071.428571428572,1.5,Monsoon,0
2026-07-18,Mango,20,Bengaluru,Local,"Binny Mill (F&V), Bengaluru APMC",1200,800,1000,Karnataka,Totapuri,2026,7,5,2500.0,1000.0,2071.428571428572,-0.6,Monsoon,0
2026-07-20,Mango,20,Bengaluru,Local,"Binny Mill (F&V), Bengaluru APMC",4000,2000,3000,Karnataka,Neelam,2026,7,0,1000.0,2500.0,2142.8571428571427,2.0,Monsoon,0
2026-06-01,Mango,20,Bengaluru,Local,Binny Mill (FF&V) Bengaluru APMC,3000,2000,2500,Karnataka,Raspuri,2026,6,0,3000.0,,2750.0,-0.1666666666666666,Monsoon,0
2026-06-01,Mango,20,Bengaluru,Local,Binny Mill (FF&V) Bengaluru APMC,1000,600,800,Karnataka,Totapuri,2026,6,0,2500.0,,2100.0,-0.6799999999999999,Monsoon,1
2026-06-02,Mango,20,Bengaluru,Local,Binny Mill (FF&V) Bengaluru APMC,1200,800,1000,Karnataka,Totapuri,2026,6,1,800.0,,1825.0,0.25,Monsoon,0
2026-06-02,Mango,20,Bengaluru,Local,Binny Mill (FF&V) Bengaluru APMC,3500,2000,3000,Karnataka,Raspuri,2026,6,1,1000.0,,2060.0,2.0,Monsoon,0
2026-06-02,Mango,20,Bengaluru,Local,Binny Mill (FF&V) Bengaluru APMC,4000,2500,3000,Karnataka,Badami,2026,6,1,3000.0,,2216.6666666666665,0.0,Monsoon,0
2026-06-03,Mango,20,Bengaluru,Local,Binny Mill (FF&V) Bengaluru APMC,4000,3000,3500,Karnataka,Badami,2026,6,2,3000.0,,2400.0,0.1666666666666667,Monsoon,0
2026-06-03,Mango,20,Bengaluru,Local,Binny Mill (FF&V) Bengaluru APMC,3000,2000,2500,Karnataka,Raspuri,2026,6,2,3500.0,3000.0,2328.5714285714284,-0.2857142857142857,Monsoon,0
2026-06-04,Mango,20,Bengaluru,Local,Binny Mill (FF&V) Bengaluru APMC,3500,2500,3000,Karnataka,Raspuri,2026,6,3,2500.0,2500.0,2400.0,0.1999999999999999,Monsoon,0
2026-06-04,Mango,20,Bengaluru,Local,Binny Mill (FF&V) Bengaluru APMC,1400,800,1200,Karnataka,Badami,2026,6,3,3000.0,800.0,2457.1428571428573,-0.6,Monsoon,0
2026-06-04,Mango,20,Bengaluru,Local,Binny Mill (FF&V) Bengaluru APMC,1200,800,1000,Karnataka,Totapuri,2026,6,3,1200.0,1000.0,2457.1428571428573,-0.1666666666666666,Monsoon,0
2026-06-06,Mango,20,Bengaluru,Local,Binny Mill (FF&V) Bengaluru APMC,4000,3000,3500,Karnataka,Badami,2026,6,5,1000.0,3000.0,2528.5714285714284,2.5,Monsoon,0
2026-06-06,Mango,20,Bengaluru,Local,Binny Mill (FF&V) Bengaluru APMC,1200,800,1000,Karnataka,Totapuri,2026,6,5,3500.0,3000.0,2242.8571428571427,-0.7142857142857143,Monsoon,0
2026-06-06,Mango,20,Bengaluru,Local,Binny Mill (FF&V) Bengaluru APMC,3500,2500,3000,Karnataka,Raspuri,2026,6,5,1000.0,3500.0,2171.428571428572,2.0,Monsoon,0
2026-06-08,Mango,20,Bengaluru,Local,Binny Mill (FF&V) Bengaluru APMC,4000,3000,3500,Karnataka,Badami,2026,6,0,3000.0,2500.0,2314.285714285714,0.1666666666666667,Monsoon,0
2026-06-08,Mango,20,Bengaluru,Local,Binny Mill (FF&V) Bengaluru APMC,1200,800,1000,Karnataka,Totapuri,2026,6,0,3500.0,3000.0,2028.571428571429,-0.7142857142857143,Monsoon,0
2026-06-08,Mango,20,Bengaluru,Local,Binny Mill (FF&V) Bengaluru APMC,3000,2000,2500,Karnataka,Raspuri,2026,6,0,1000.0,1200.0,2214.285714285714,1.5,Monsoon,0
2026-06-09,Mango,20,Bengaluru,Local,Binny Mill (FF&V) Bengaluru APMC,1400,800,1000,Karnataka,Totapuri,2026,6,1,2500.0,1000.0,2214.285714285714,-0.6,Monsoon,0
2026-06-09,Mango,20,Bengaluru,Local,Binny Mill (FF&V) Bengaluru APMC,4000,3000,3500,Karnataka,Badami,2026,6,1,1000.0,3500.0,2214.285714285714,2.5,Monsoon,0
2026-06-10,Mango,20,Bengaluru,Local,Binny Mill (FF&V) Bengaluru APMC,1300,800,1100,Karnataka,Totapuri,2026,6,2,3500.0,1000.0,2228.5714285714284,-0.6857142857142857,Monsoon,0
2026-06-10,Mango,20,Bengaluru,Local,Binny Mill (FF&V) Bengaluru APMC,3500,2500,3000,Karnataka,Raspuri,2026,6,2,1100.0,3000.0,2228.5714285714284,1.727272727272727,Monsoon,0
2026-06-10,Mango,20,Bengaluru,Local,Binny Mill (FF&V) Bengaluru APMC,4500,3500,4000,Karnataka,Badami,2026,6,2,3000.0,3500.0,2300.0,0.3333333333333332,Monsoon,0
2026-06-11,Mango,20,Bengaluru,Local,Binny Mill (FF&V) Bengaluru APMC,1400,800,1000,Karnataka,Totapuri,2026,6,3,4000.0,1000.0,2300.0,-0.75,Monsoon,0
2026-06-11,Mango,20,Bengaluru,Local,Binny Mill (FF&V) Bengaluru APMC,3000,2000,2500,Karnataka,Raspuri,2026,6,3,1000.0,2500.0,2300.0,1.5,Monsoon,0
2026-06-12,Mango,20,Bengaluru,Local,Binny Mill (FF&V) Bengaluru APMC,3000,2000,2500,Karnataka,Raspuri,2026,6,4,2500.0,1000.0,2514.285714285714,0.0,Monsoon,0
2026-06-12,Mango,20,Bengaluru,Local,Binny Mill (FF&V) Bengaluru APMC,4000,3000,3500,Karnataka,Badami,2026,6,4,2500.0,3500.0,2514.285714285714,0.3999999999999999,Monsoon,0
2026-06-12,Mango,20,Bengaluru,Local,Binny Mill (FF&V) Bengaluru APMC,1200,800,1000,Karnataka,Totapuri,2026,6,4,3500.0,1100.0,2500.0,-0.7142857142857143,Monsoon,0
2026-06-15,Mango,20,Bengaluru,Local,Binny Mill (FF&V) Bengaluru APMC,3000,2000,2500,Karnataka,Raspuri,2026,6,0,1000.0,3000.0,2428.5714285714284,1.5,Monsoon,0
2026-06-15,Mango,20,Bengaluru,Local,Binny Mill (FF&V) Bengaluru APMC,1000,800,900,Karnataka,Totapuri,2026,6,0,2500.0,4000.0,1985.7142857142856,-0.64,Monsoon,0
2026-06-15,Mango,20,Bengaluru,Local,Binny Mill (FF&V) Bengaluru APMC,4000,3000,3500,Karnataka,Badami,2026,6,0,900.0,1000.0,2342.8571428571427,2.888888888888889,Monsoon,0
2026-06-16,Mango,20,Bengaluru,Local,Binny Mill (FF&V) Bengaluru APMC,1200,800,1000,Karnataka,Totapuri,2026,6,1,3500.0,2500.0,2128.5714285714284,-0.7142857142857143,Monsoon,0
2026-06-16,Mango,20,Bengaluru,Local,Binny Mill (FF&V) Bengaluru APMC,3000,2000,2500,Karnataka,Raspuri,2026,6,1,1000.0,2500.0,2128.5714285714284,1.5,Monsoon,0
2026-06-17,Mango,20,Bengaluru,Local,Binny Mill (FF&V) Bengaluru APMC,2500,1500,2000,Karnataka,Raspuri,2026,6,2,2500.0,3500.0,1914.2857142857144,-0.1999999999999999,Monsoon,0
2026-06-17,Mango,20,Bengaluru,Local,Binny Mill (FF&V) Bengaluru APMC,3000,2000,2500,Karnataka,Badami,2026,6,2,2000.0,1000.0,2128.5714285714284,0.25,Monsoon,0
2026-06-18,Mango,20,Bengaluru,Local,Binny Mill (FF&V) Bengaluru APMC,3000,2000,2500,Karnataka,Raspuri,2026,6,3,2500.0,2500.0,2128.5714285714284,0.0,Monsoon,0
2026-06-18,Mango,20,Bengaluru,Local,Binny Mill (FF&V) Bengaluru APMC,3000,2000,2500,Karnataka,Badami,2026,6,3,2500.0,900.0,2357.1428571428573,0.0,Monsoon,0
2026-06-18,Mango,20,Bengaluru,Local,Binny Mill (FF&V) Bengaluru APMC,1200,800,1000,Karnataka,Totapuri,2026,6,3,2500.0,3500.0,2000.0,-0.6,Monsoon,0
2026-06-19,Mango,20,Bengaluru,Local,Binny Mill (FF&V) Bengaluru APMC,3500,2500,3000,Karnataka,Badami,2026,6,4,1000.0,1000.0,2285.714285714286,2.0,Monsoon,0
2026-06-19,Mango,20,Bengaluru,Local,Binny Mill (FF&V) Bengaluru APMC,3000,2000,2500,Karnataka,Raspuri,2026,6,4,3000.0,2500.0,2285.714285714286,-0.1666666666666666,Monsoon,0
2026-06-19,Mango,20,Bengaluru,Local,Binny Mill (FF&V) Bengaluru APMC,1000,800,900,Karnataka,Totapuri,2026,6,4,2500.0,2000.0,2128.5714285714284,-0.64,Monsoon,0
2026-06-20,Mango,20,Bengaluru,Local,Binny Mill (FF&V) Bengaluru APMC,1200,800,1000,Karnataka,Totapuri,2026,6,5,900.0,2500.0,1914.2857142857144,0.1111111111111111,Monsoon,0
2026-06-20,Mango,20,Bengaluru,Local,Binny Mill (FF&V) Bengaluru APMC,4000,3000,3500,Karnataka,Badami,2026,6,5,1000.0,2500.0,2057.1428571428573,2.5,Monsoon,0
2026-06-20,Mango,20,Bengaluru,Local,Binny Mill (FF&V) Bengaluru APMC,3000,2000,2500,Karnataka,Raspuri,2026,6,5,3500.0,2500.0,2057.1428571428573,-0.2857142857142857,Monsoon,0
2026-06-22,Mango,20,Bengaluru,Local,Binny Mill (FF&V) Bengaluru APMC,1200,800,1000,Karnataka,Totapuri,2026,6,0,2500.0,1000.0,2057.1428571428573,-0.6,Monsoon,0
2026-06-22,Mango,20,Bengaluru,Local,Binny Mill (FF&V) Bengaluru APMC,3000,2000,2500,Karnataka,Raspuri,2026,6,0,1000.0,3000.0,1985.7142857142856,1.5,Monsoon,0
2026-06-22,Mango,20,Bengaluru,Local,Binny Mill (FF&V) Bengaluru APMC,4000,3000,3500,Karnataka,Badami,2026,6,0,2500.0,2500.0,2128.5714285714284,0.3999999999999999,Monsoon,0
2026-06-23,Mango,20,Bengaluru,Local,Binny Mill (FF&V) Bengaluru APMC,3000,2000,2500,Karnataka,Raspuri,2026,6,1,3500.0,900.0,2357.1428571428573,-0.2857142857142857,Monsoon,0
2026-06-23,Mango,20,Bengaluru,Local,Binny Mill (FF&V) Bengaluru APMC,4500,3500,4000,Karnataka,Badami,2026,6,1,2500.0,1000.0,2785.714285714286,0.6000000000000001,Monsoon,0
2026-06-24,Mango,20,Bengaluru,Local,Binny Mill (FF&V) Bengaluru APMC,3000,2000,2500,Karnataka,Raspuri,2026,6,2,4000.0,3500.0,2642.8571428571427,-0.375,Monsoon,0
2026-06-24,Mango,20,Bengaluru,Local,Binny Mill (FF&V) Bengaluru APMC,1000,800,900,Karnataka,Totapuri,2026,6,2,2500.0,2500.0,2414.285714285714,-0.64,Monsoon,0
2026-06-25,Mango,20,Bengaluru,Local,Binny Mill (FF&V) Bengaluru APMC,1100,800,900,Karnataka,Totapuri,2026,6,3,900.0,1000.0,2400.0,0.0,Monsoon,0
2026-06-25,Mango,20,Bengaluru,Local,Binny Mill (FF&V) Bengaluru APMC,3000,2000,2500,Karnataka,Raspuri,2026,6,3,900.0,2500.0,2400.0,1.7777777777777777,Monsoon,0
2026-06-29,Mango,20,Bengaluru,Local,Binny Mill (FF&V) Bengaluru APMC,1000,700,800,Karnataka,Totapuri,2026,6,0,2500.0,3500.0,2014.2857142857144,-0.6799999999999999,Monsoon,1
2026-06-29,Mango,20,Bengaluru,Local,Binny Mill (FF&V) Bengaluru APMC,4000,3000,3500,Karnataka,Badami,2026,6,0,800.0,2500.0,2157.1428571428573,3.375,Monsoon,0
2026-06-30,Mango,20,Bengaluru,Local,Binny Mill (FF&V) Bengaluru APMC,3000,2000,2500,Karnataka,Neelam,2026,6,1,3500.0,4000.0,1942.857142857143,-0.2857142857142857,Monsoon,0
2026-06-30,Mango,20,Bengaluru,Local,Binny Mill (FF&V) Bengaluru APMC,1200,800,1000,Karnataka,Totapuri,2026,6,1,2500.0,2500.0,1728.571428571429,-0.6,Monsoon,0
2026-07-01,Mango,20,Bengaluru,Local,Binny Mill (FF&V) Bengaluru APMC,3000,1500,2000,Karnataka,Neelam,2026,7,2,1000.0,900.0,1885.7142857142856,1.0,Monsoon,0
2026-07-01,Mango,20,Bengaluru,Local,Binny Mill (FF&V) Bengaluru APMC,1400,800,1200,Karnataka,Totapuri,2026,7,2,2000.0,900.0,1928.571428571429,-0.4,Monsoon,0
2026-07-01,Mango,20,Bengaluru,Local,Binny Mill (FF&V) Bengaluru APMC,5000,3000,4000,Karnataka,Badami,2026,7,2,1200.0,2500.0,2142.8571428571427,2.333333333333333,Monsoon,0
2026-07-02,Mango,20,Bengaluru,Local,Binny Mill (FF&V) Bengaluru APMC,2500,1500,2000,Karnataka,Neelam,2026,7,3,4000.0,800.0,2314.285714285714,-0.5,Monsoon,0
2026-07-03,Mango,20,Bengaluru,Local,Binny Mill (FF&V) Bengaluru APMC,1000,700,900,Karnataka,Totapuri,2026,7,4,2000.0,3500.0,1942.857142857143,-0.55,Monsoon,0
2026-07-03,Mango,20,Bengaluru,Local,Binny Mill (FF&V) Bengaluru APMC,5000,3000,4000,Karnataka,Badami,2026,7,4,900.0,2500.0,2157.1428571428573,3.4444444444444446,Monsoon,0
2026-07-04,Mango,20,Bengaluru,Local,Binny Mill (FF&V) Bengaluru APMC,5500,2500,4500,Karnataka,Badami,2026,7,5,4000.0,1000.0,2657.1428571428573,0.125,Monsoon,0
2026-07-04,Mango,20,Bengaluru,Local,Binny Mill (FF&V) Bengaluru APMC,1200,800,1000,Karnataka,Totapuri,2026,7,5,4500.0,2000.0,2514.285714285714,-0.7777777777777778,Monsoon,0
2026-07-04,Mango,20,Bengaluru,Local,Binny Mill (FF&V) Bengaluru APMC,3000,1500,2500,Karnataka,Neelam,2026,7,5,1000.0,1200.0,2700.0,1.5,Monsoon,0
2026-07-06,Mango,20,Bengaluru,Local,Binny Mill (FF&V) Bengaluru APMC,3500,1500,2500,Karnataka,Neelam,2026,7,0,2500.0,4000.0,2485.714285714286,0.0,Monsoon,0
2026-07-06,Mango,20,Bengaluru,Local,Binny Mill (FF&V) Bengaluru APMC,5000,2000,4000,Karnataka,Badami,2026,7,0,2500.0,2000.0,2771.428571428572,0.6000000000000001,Monsoon,0
2026-07-07,Mango,20,Bengaluru,Local,Binny Mill (FF&V) Bengaluru APMC,4500,2500,3500,Karnataka,Badami,2026,7,1,4000.0,900.0,3142.8571428571427,-0.125,Monsoon,0
2026-07-08,Mango,20,Bengaluru,Local,Binny Mill (FF&V) Bengaluru APMC,1200,800,1000,Karnataka,Totapuri,2026,7,2,3500.0,4000.0,2714.285714285714,-0.7142857142857143,Monsoon,0
2026-07-08,Mango,20,Bengaluru,Local,Binny Mill (FF&V) Bengaluru APMC,5000,3000,4000,Karnataka,Badami,2026,7,2,1000.0,4500.0,2642.8571428571427,3.0,Monsoon,0
2026-07-08,Mango,20,Bengaluru,Local,Binny Mill (FF&V) Bengaluru APMC,3500,1500,2500,Karnataka,Neelam,2026,7,2,4000.0,1000.0,2857.1428571428573,-0.375,Monsoon,0
2026-07-09,Mango,20,Bengaluru,Local,Binny Mill (FF&V) Bengaluru APMC,3500,1500,2500,Karnataka,Neelam,2026,7,3,2500.0,2500.0,2857.1428571428573,0.0,Monsoon,0
2026-07-09,Mango,20,Bengaluru,Local,Binny Mill (FF&V) Bengaluru APMC,1200,800,1000,Karnataka,Totapuri,2026,7,3,2500.0,2500.0,2642.8571428571427,-0.6,Monsoon,0
2026-07-10,Mango,20,Bengaluru,Local,Binny Mill (FF&V) Bengaluru APMC,2500,1500,2000,Karnataka,Neelam,2026,7,4,1000.0,4000.0,2357.1428571428573,1.0,Monsoon,0
2026-07-10,Mango,20,Bengaluru,Local,Binny Mill (FF&V) Bengaluru APMC,4000,2000,3000,Karnataka,Badami,2026,7,4,2000.0,3500.0,2285.714285714286,0.5,Monsoon,0
2026-07-13,Mango,20,Bengaluru,Local,Binny Mill (FF&V) Bengaluru APMC,1200,800,1000,Karnataka,Totapuri,2026,7,0,3000.0,1000.0,2285.714285714286,-0.6666666666666667,Monsoon,0
2026-07-13,Mango,20,Bengaluru,Local,Binny Mill (FF&V) Bengaluru APMC,3000,2000,2500,Karnataka,Neelam,2026,7,0,1000.0,4000.0,2071.428571428572,1.5,Monsoon,0
2026-07-14,Mango,20,Bengaluru,Local,Binny Mill (FF&V) Bengaluru APMC,1200,800,1000,Karnataka,Totapuri,2026,7,1,2500.0,2500.0,1857.142857142857,-0.6,Monsoon,0
2026-07-14,Mango,20,Bengaluru,Local,Binny Mill (FF&V) Bengaluru APMC,3000,2000,2500,Karnataka,Neelam,2026,7,1,1000.0,2500.0,1857.142857142857,1.5,Monsoon,0
2026-07-15,Mango,20,Bengaluru,Local,Binny Mill (FF&V) Bengaluru APMC,3000,2000,2500,Karnataka,Neelam,2026,7,2,2500.0,1000.0,2071.428571428572,0.0,Monsoon,0
2026-07-16,Mango,20,Bengaluru,Local,Binny Mill (FF&V) Bengaluru APMC,4500,2500,3500,Karnataka,Neelam,2026,7,3,2500.0,2000.0,2285.714285714286,0.3999999999999999,Monsoon,0
2026-07-17,Mango,20,Bengaluru,Local,Binny Mill (FF&V) Bengaluru APMC,4000,2000,3000,Karnataka,Neelam,2026,7,4,3500.0,3000.0,2285.714285714286,-0.1428571428571429,Monsoon,0
2026-07-17,Mango,20,Bengaluru,Local,Binny Mill (FF&V) Bengaluru APMC,1400,1000,1200,Karnataka,Totapuri,2026,7,4,3000.0,1000.0,2314.285714285714,-0.6,Monsoon,0
2026-07-18,Mango,20,Bengaluru,Local,Binny Mill (FF&V) Bengaluru APMC,2500,1500,2000,Karnataka,Neelam,2026,7,5,1200.0,2500.0,2242.8571428571427,0.6666666666666667,Monsoon,0
2026-07-18,Mango,20,Bengaluru,Local,Binny Mill (FF&V) Bengaluru APMC,1200,800,1000,Karnataka,Totapuri,2026,7,5,2000.0,1000.0,2242.8571428571427,-0.5,Monsoon,0
2026-07-20,Mango,20,Bengaluru,Local,Binny Mill (FF&V) Bengaluru APMC,1200,800,1000,Karnataka,Totapuri,2026,7,0,1000.0,2500.0,2028.571428571429,0.0,Monsoon,0
2026-07-20,Mango,20,Bengaluru,Local,Binny Mill (FF&V) Bengaluru APMC,4000,2000,3000,Karnataka,Neelam,2026,7,0,1000.0,2500.0,2100.0,2.0,Monsoon,0
2026-07-21,Mango,20,Bengaluru,Local,Binny Mill (FF&V) Bengaluru APMC,3500,1500,2500,Karnataka,Neelam,2026,7,1,3000.0,3500.0,1957.142857142857,-0.1666666666666666,Monsoon,0
2026-07-21,Mango,20,Bengaluru,Local,Binny Mill (FF&V) Bengaluru APMC,1200,800,1000,Karnataka,Totapuri,2026,7,1,2500.0,3000.0,1671.428571428571,-0.6,Monsoon,0
2026-07-22,Mango,20,Bengaluru,Local,Binny Mill (FF&V) Bengaluru APMC,2500,1500,2000,Karnataka,Neelam,2026,7,2,1000.0,1200.0,1785.7142857142858,1.0,Monsoon,0
2026-07-22,Mango,20,Bengaluru,Local,Binny Mill (FF&V) Bengaluru APMC,1200,800,1000,Karnataka,Totapuri,2026,7,2,2000.0,2000.0,1642.857142857143,-0.5,Monsoon,0
2026-07-24,Mango,20,Bengaluru,Local,Binny Mill (FF&V) Bengaluru APMC,3000,2000,2500,Karnataka,Neelam,2026,7,4,1000.0,1000.0,1857.142857142857,1.5,Monsoon,0
2026-07-24,Mango,20,Bengaluru,Local,Binny Mill (FF&V) Bengaluru APMC,1400,800,1000,Karnataka,Totapuri,2026,7,4,2500.0,1000.0,1857.142857142857,-0.6,Monsoon,0
2026-07-27,Mango,20,Bengaluru,Local,Binny Mill (FF&V) Bengaluru APMC,1400,800,1200,Karnataka,Totapuri,2026,7,0,1000.0,3000.0,1600.0,0.1999999999999999,Monsoon,0
2026-07-28,Mango,20,Bengaluru,Local,Binny Mill (FF&V) Bengaluru APMC,1200,800,1000,Karnataka,Totapuri,2026,7,1,1200.0,2500.0,1385.7142857142858,-0.1666666666666666,Monsoon,0
2026-07-29,Mango,20,Bengaluru,Local,Binny Mill (FF&V) Bengaluru APMC,3000,2000,2500,Karnataka,Neelam,2026,7,2,1000.0,1000.0,1600.0,1.5,Monsoon,0
2026-07-30,Mango,20,Bengaluru,Local,Binny Mill (FF&V) Bengaluru APMC,1200,800,1000,Karnataka,Totapuri,2026,7,3,2500.0,2000.0,1457.142857142857,-0.6,Monsoon,0
2026-07-31,Mango,20,Bengaluru,Local,Binny Mill (FF&V) Bengaluru APMC,3000,2000,2500,Karnataka,Neelam,2026,7,4,1000.0,1000.0,1671.428571428571,1.5,Monsoon,0
2026-08-03,Mango,20,Bengaluru,Local,Binny Mill (FF&V) Bengaluru APMC,3000,2000,2500,Karnataka,Mango,2026,8,0,2500.0,2500.0,1671.428571428571,0.0,Monsoon,0
2026-08-05,Mango,20,Bengaluru,Local,Binny Mill (FF&V) Bengaluru APMC,3000,1500,2500,Karnataka,Mango,2026,8,2,2500.0,1000.0,1885.7142857142856,0.0,Monsoon,0
2026-08-07,Mango,20,Bengaluru,Local,Binny Mill (FF&V) Bengaluru APMC,3500,1500,2500,Karnataka,Neelam,2026,8,4,2500.0,1200.0,2071.428571428572,0.0,Monsoon,0
2026-06-01,Mango,20,Mysuru,Medium,Hunsur APMC,1300,1300,1300,Karnataka,Other,2026,6,0,1300.0,,1300.0,0.0,Monsoon,0
2023-04-24,Mango,20,Karimnagar,Small,Jagtial,1600,400,800,Telangana,Badami,2023,4,0,2200.0,,1500.0,-0.6363636363636364,Summer,1
2023-04-25,Mango,20,Karimnagar,Medium,Jagtial,5000,4000,4500,Telangana,Dusheri,2023,4,1,800.0,,2500.0,4.625,Summer,0
2023-04-25,Mango,20,Karimnagar,Medium,Jagtial,1200,1200,1200,Telangana,Totapuri,2023,4,1,4500.0,,2175.0,-0.7333333333333334,Summer,0
2023-04-26,Mango,20,Karimnagar,Small,Jagtial,1500,700,1000,Telangana,Badami,2023,4,2,1200.0,,1940.0,-0.1666666666666666,Summer,0
2023-04-26,Mango,20,Karimnagar,Medium,Jagtial,5000,4500,4500,Telangana,Dusheri,2023,4,2,1000.0,,2366.6666666666665,3.5,Summer,0
2023-04-27,Mango,20,Karimnagar,Medium,Jagtial,3500,1700,2600,Telangana,Badami,2023,4,3,4500.0,,2400.0,-0.4222222222222223,Summer,0
2023-04-27,Mango,20,Karimnagar,Medium,Jagtial,5000,4500,4600,Telangana,Dusheri,2023,4,3,2600.0,2200.0,2742.8571428571427,0.7692307692307692,Summer,0
2023-04-28,Mango,20,Karimnagar,Medium,Jagtial,800,800,800,Telangana,Totapuri,2023,4,4,4600.0,800.0,2742.8571428571427,-0.8260869565217391,Summer,1
2023-04-29,Mango,20,Karimnagar,Medium,Jagtial,800,800,800,Telangana,Totapuri,2023,4,5,800.0,4500.0,2214.285714285714,0.0,Summer,1
2023-05-01,Mango,20,Karimnagar,Medium,Jagtial,5500,3800,5500,Telangana,Dusheri,2023,5,0,800.0,1200.0,2828.5714285714284,5.875,Summer,1
2023-05-01,Mango,20,Karimnagar,Medium,Jagtial,1200,700,1200,Telangana,Totapuri,2023,5,0,5500.0,1000.0,2857.1428571428573,-0.7818181818181819,Summer,0
2023-05-02,Mango,20,Karimnagar,Medium,Jagtial,5000,5000,5000,Telangana,Other,2023,5,1,1200.0,4500.0,2928.5714285714284,3.166666666666667,Summer,0
2023-05-03,Mango,20,Karimnagar,Medium,Jagtial,1500,1500,1500,Telangana,Other,2023,5,2,5000.0,2600.0,2771.428571428572,-0.7,Summer,0
2023-05-06,Mango,20,Karimnagar,Medium,Jagtial,3000,1400,2400,Telangana,Badami,2023,5,5,1500.0,4600.0,2457.1428571428573,0.6000000000000001,Summer,0
2023-05-07,Mango,20,Karimnagar,Small,Jagtial,1000,700,900,Telangana,Other,2023,5,6,2400.0,800.0,2471.428571428572,-0.625,Summer,0
2023-05-08,Mango,20,Karimnagar,Medium,Jagtial,3200,1200,2500,Telangana,Badami,2023,5,0,900.0,800.0,2714.285714285714,1.7777777777777777,Summer,0
2023-05-08,Mango,20,Karimnagar,Small,Jagtial,1100,500,1000,Telangana,Badami,2023,5,0,2500.0,5500.0,2071.428571428572,-0.6,Summer,0
2023-05-08,Mango,20,Karimnagar,Medium,Jagtial,1000,800,1000,Telangana,Other,2023,5,0,1000.0,1200.0,2042.857142857143,0.0,Summer,0
2023-05-10,Mango,20,Karimnagar,Large,Jagtial,6000,6000,6000,Telangana,Other,2023,5,2,1000.0,5000.0,2185.714285714286,5.0,Summer,1
2023-05-11,Mango,20,Karimnagar,Medium,Jagtial,2700,1300,2200,Telangana,Badami,2023,5,3,6000.0,1500.0,2285.714285714286,-0.6333333333333333,Summer,0
2023-05-12,Mango,20,Karimnagar,Medium,Jagtial,2900,1200,2000,Telangana,Badami,2023,5,4,2200.0,2400.0,2228.5714285714284,-0.0909090909090909,Summer,0
2023-05-13,Mango,20,Karimnagar,Large,Jagtial,4000,4000,4000,Telangana,Other,2023,5,5,2000.0,900.0,2671.428571428572,1.0,Summer,0
2023-05-15,Mango,20,Karimnagar,Medium,Jagtial,3000,3000,3000,Telangana,Dusheri,2023,5,0,4000.0,2500.0,2742.8571428571427,-0.25,Summer,0
2023-05-15,Mango,20,Karimnagar,Large,Jagtial,2500,2500,2500,Telangana,Other,2023,5,0,3000.0,1000.0,2957.1428571428573,-0.1666666666666666,Summer,0
2023-05-17,Mango,20,Karimnagar,Large,Jagtial,3000,3000,3000,Telangana,Other,2023,5,2,2500.0,1000.0,3242.8571428571427,0.1999999999999999,Summer,0
2023-05-17,Mango,20,Karimnagar,Medium,Jagtial,1500,700,1500,Telangana,Totapuri,2023,5,2,3000.0,6000.0,2600.0,-0.5,Summer,0
2023-05-19,Mango,20,Karimnagar,Large,Jagtial,2800,1100,2200,Telangana,Badami,2023,5,4,1500.0,2200.0,2600.0,0.4666666666666665,Summer,0
2023-05-19,Mango,20,Karimnagar,Large,Jagtial,5000,5000,5000,Telangana,Other,2023,5,4,2200.0,2000.0,3028.5714285714284,1.272727272727273,Summer,0
2023-05-19,Mango,20,Karimnagar,Medium,Jagtial,2200,600,2000,Telangana,Totapuri,2023,5,4,5000.0,4000.0,2742.8571428571427,-0.6,Summer,0
2023-05-21,Mango,20,Karimnagar,Medium,Jagtial,2600,1200,2200,Telangana,Badami,2023,5,6,2000.0,3000.0,2628.5714285714284,0.1,Summer,0
2023-05-22,Mango,20,Karimnagar,Small,Jagtial,1000,300,800,Telangana,Badami,2023,5,0,2200.0,2500.0,2385.714285714286,-0.6363636363636364,Summer,1
2023-05-25,Mango,20,Karimnagar,Small,Jagtial,1100,300,1000,Telangana,Badami,2023,5,3,800.0,3000.0,2100.0,0.25,Summer,0
2023-05-25,Mango,20,Karimnagar,Medium,Jagtial,900,900,900,Telangana,Totapuri,2023,5,3,1000.0,1500.0,2014.2857142857144,-0.0999999999999999,Summer,0
2023-06-05,Mango,20,Karimnagar,Medium,Jagtial,2700,1800,2300,Telangana,Badami,2023,6,0,900.0,2200.0,2028.571428571429,1.5555555555555554,Monsoon,0
2023-04-08,Mango,20,Karimnagar,Medium,Medipally,2500,2500,2500,Telangana,Badami,2023,4,5,2500.0,,2500.0,0.0,Summer,0
2023-04-09,Mango,20,Karimnagar,Medium,Medipally,2500,2500,2500,Telangana,Badami,2023,4,6,2500.0,,2500.0,0.0,Summer,0
2023-04-10,Mango,20,Karimnagar,Medium,Medipally,2400,2400,2400,Telangana,Badami,2023,4,0,2500.0,,2475.0,-0.04,Summer,0
2023-04-14,Mango,20,Karimnagar,Medium,Medipally,2500,2500,2500,Telangana,Badami,2023,4,4,2400.0,,2480.0,0.0416666666666667,Summer,0
2023-04-17,Mango,20,Karimnagar,Medium,Medipally,2400,2400,2400,Telangana,Badami,2023,4,0,2500.0,,2466.6666666666665,-0.04,Summer,0
2023-04-18,Mango,20,Karimnagar,Medium,Medipally,2500,2500,2500,Telangana,Badami,2023,4,1,2400.0,,2471.428571428572,0.0416666666666667,Summer,0
2023-04-21,Mango,20,Karimnagar,Medium,Medipally,2300,2300,2300,Telangana,Badami,2023,4,4,2500.0,2500.0,2442.8571428571427,-0.0799999999999999,Summer,0
2023-04-27,Mango,20,Karimnagar,Medium,Medipally,2500,2500,2500,Telangana,Badami,2023,4,3,2300.0,2500.0,2442.8571428571427,0.0869565217391303,Summer,0
2023-05-01,Mango,20,Karimnagar,Medium,Medipally,2000,2000,2000,Telangana,Badami,2023,5,0,2500.0,2500.0,2371.428571428572,-0.1999999999999999,Summer,0
2023-05-28,Mango,20,Karimnagar,Medium,Medipally,2000,2000,2000,Telangana,Badami,2023,5,6,2000.0,2400.0,2314.285714285714,0.0,Summer,0
2023-05-31,Mango,20,Karimnagar,Medium,Medipally,2000,2000,2000,Telangana,Badami,2023,5,2,2000.0,2500.0,2242.8571428571427,0.0,Summer,0
2023-06-11,Mango,20,Karimnagar,Medium,Medipally,1200,1200,1200,Telangana,Badami,2023,6,6,2000.0,2400.0,2071.428571428572,-0.4,Monsoon,0
2023-06-13,Mango,20,Karimnagar,Medium,Medipally,2000,2000,2000,Telangana,Badami,2023,6,1,1200.0,2500.0,2000.0,0.6666666666666667,Monsoon,0
2023-06-15,Mango,20,Karimnagar,Medium,Medipally,1500,1500,1500,Telangana,Badami,2023,6,3,2000.0,2300.0,1885.7142857142856,-0.25,Monsoon,0
2023-06-16,Mango,20,Karimnagar,Medium,Medipally,1200,1200,1200,Telangana,Badami,2023,6,4,1500.0,2500.0,1700.0,-0.1999999999999999,Monsoon,0
2026-04-04,Mango,20,Mysuru,Grade Range-1,Mysuru APMC,8000,5000,7000,Karnataka,Other,2026,4,5,5000.0,,6000.0,0.3999999999999999,Summer,1
2026-04-06,Mango,20,Mysuru,Grade Range-1,Mysuru APMC,6000,3000,5000,Karnataka,Other,2026,4,0,7000.0,,5666.666666666667,-0.2857142857142857,Summer,0
2026-04-07,Mango,20,Mysuru,Grade Range-1,Mysuru APMC,7000,5000,6000,Karnataka,Other,2026,4,1,5000.0,,5750.0,0.1999999999999999,Summer,1
2026-04-09,Mango,20,Mysuru,Grade Range-1,Mysuru APMC,7000,3000,6000,Karnataka,Other,2026,4,3,6000.0,,5800.0,0.0,Summer,1
2026-04-13,Mango,20,Mysuru,Grade Range-1,Mysuru APMC,5200,5200,5200,Karnataka,Other,2026,4,0,6000.0,,5700.0,-0.1333333333333333,Summer,1
2026-04-14,Mango,20,Mysuru,Grade Range-1,Mysuru APMC,5500,4000,5000,Karnataka,Other,2026,4,1,5200.0,,5600.0,-0.0384615384615384,Summer,0
2026-04-16,Mango,20,Mysuru,Grade Range-1,Mysuru APMC,5500,4000,5000,Karnataka,Other,2026,4,3,5000.0,5000.0,5600.0,0.0,Summer,0
2026-04-17,Mango,20,Mysuru,Grade Range-1,Mysuru APMC,7500,6000,7000,Karnataka,Other,2026,4,4,5000.0,7000.0,5600.0,0.3999999999999999,Summer,1
2026-04-20,Mango,20,Mysuru,Grade Range-1,Mysuru APMC,7000,4500,6000,Karnataka,Other,2026,4,0,7000.0,5000.0,5742.857142857143,-0.1428571428571429,Summer,1
2026-04-23,Mango,20,Mysuru,Grade Range-1,Mysuru APMC,6500,5000,6000,Karnataka,Other,2026,4,3,6000.0,6000.0,5742.857142857143,0.0,Summer,1
2026-04-24,Mango,20,Mysuru,Grade Range-1,Mysuru APMC,6000,4500,5000,Karnataka,Other,2026,4,4,6000.0,6000.0,5600.0,-0.1666666666666666,Summer,0
2026-04-25,Mango,20,Mysuru,Grade Range-1,Mysuru APMC,6000,5000,5500,Karnataka,Other,2026,4,5,5000.0,5200.0,5642.857142857143,0.1,Summer,1
2026-04-27,Mango,20,Mysuru,Grade Range-1,Mysuru APMC,6000,3000,4500,Karnataka,Other,2026,4,0,5500.0,5000.0,5571.428571428572,-0.1818181818181817,Summer,0
2026-04-28,Mango,20,Mysuru,Grade Range-1,Mysuru APMC,6000,3000,4500,Karnataka,Other,2026,4,1,4500.0,5000.0,5500.0,0.0,Summer,0
2026-04-29,Mango,20,Mysuru,Grade Range-1,Mysuru APMC,6000,4000,5000,Karnataka,Other,2026,4,2,4500.0,7000.0,5214.285714285715,0.1111111111111111,Summer,0
2026-04-30,Mango,20,Mysuru,Grade Range-1,Mysuru APMC,6000,4000,5000,Karnataka,Other,2026,4,3,5000.0,6000.0,5071.428571428572,0.0,Summer,0
2026-05-05,Mango,20,Mysuru,Grade Range-1,Mysuru APMC,6000,4000,5000,Karnataka,Other,2026,5,1,5000.0,6000.0,4928.571428571428,0.0,Summer,0
2026-05-09,Mango,20,Mysuru,Local,Mysuru APMC,6000,4000,5000,Karnataka,Other,2026,5,5,5000.0,5000.0,4928.571428571428,0.0,Summer,0
2026-05-11,Mango,20,Mysuru,Medium,Mysuru APMC,6000,4000,5000,Karnataka,Other,2026,5,0,5000.0,5500.0,4857.142857142857,0.0,Summer,0
2026-05-12,Mango,20,Mysuru,Local,Mysuru APMC,5200,5000,5200,Karnataka,Other,2026,5,1,5000.0,4500.0,4957.142857142857,0.04,Summer,1
2026-05-13,Mango,20,Mysuru,Local,Mysuru APMC,5200,4000,5000,Karnataka,Other,2026,5,2,5200.0,4500.0,5028.571428571428,-0.0384615384615384,Summer,0
2026-05-14,Mango,20,Mysuru,Local,Mysuru APMC,5250,4000,5000,Karnataka,Other,2026,5,3,5000.0,5000.0,5028.571428571428,0.0,Summer,0
2026-05-15,Mango,20,Mysuru,Local,Mysuru APMC,5230,4000,5000,Karnataka,Other,2026,5,4,5000.0,5000.0,5028.571428571428,0.0,Summer,0
2026-05-19,Mango,20,Mysuru,Local,Mysuru APMC,4000,3100,3500,Karnataka,Other,2026,5,1,5000.0,5000.0,4814.285714285715,-0.3,Summer,0
2026-05-20,Mango,20,Mysuru,Local,Mysuru APMC,4000,1500,3000,Karnataka,Other,2026,5,2,3500.0,5000.0,4528.571428571428,-0.1428571428571429,Summer,0
2026-05-22,Mango,20,Mysuru,Local,Mysuru APMC,4000,1800,3500,Karnataka,Other,2026,5,4,3000.0,5000.0,4314.285714285715,0.1666666666666667,Summer,0
2026-05-23,Mango,20,Mysuru,Local,Mysuru APMC,4000,2000,3000,Karnataka,Other,2026,5,5,3500.0,5200.0,4000.0,-0.1428571428571429,Summer,0
2026-05-25,Mango,20,Mysuru,Local,Mysuru APMC,2015,2000,2005,Karnataka,Other,2026,5,0,3000.0,5000.0,3572.1428571428573,-0.3316666666666666,Summer,0
2026-05-26,Mango,20,Mysuru,Local,Mysuru APMC,4000,2000,3000,Karnataka,Other,2026,5,1,2005.0,5000.0,3286.428571428572,0.4962593516209477,Summer,0
2026-05-27,Mango,20,Mysuru,Local,Mysuru APMC,3777,2100,3333,Karnataka,Other,2026,5,2,3000.0,5000.0,3048.285714285714,0.1109999999999999,Summer,0
2026-05-29,Mango,20,Mysuru,Local,Mysuru APMC,4000,2000,3000,Karnataka,Other,2026,5,4,3333.0,3500.0,2976.8571428571427,-0.0999099909990999,Summer,0
2026-06-01,Mango,20,Mysuru,Local,Mysuru APMC,4000,2000,3000,Karnataka,Other,2026,6,0,3000.0,3000.0,2976.8571428571427,0.0,Monsoon,0
2026-06-02,Mango,20,Mysuru,Local,Mysuru APMC,3090,2590,2625,Karnataka,Other,2026,6,1,3000.0,3500.0,2851.8571428571427,-0.125,Monsoon,0
2026-06-03,Mango,20,Mysuru,Local,Mysuru APMC,4000,2000,3200,Karnataka,Other,2026,6,2,2625.0,3000.0,2880.428571428572,0.2190476190476191,Monsoon,0
2026-06-04,Mango,20,Mysuru,Local,Mysuru APMC,3030,2000,3000,Karnataka,Other,2026,6,3,3200.0,2005.0,3022.5714285714284,-0.0625,Monsoon,0
2026-06-05,Mango,20,Mysuru,Local,Mysuru APMC,4000,2000,3000,Karnataka,Other,2026,6,4,3000.0,3000.0,3022.5714285714284,0.0,Monsoon,0
2026-06-06,Mango,20,Mysuru,Local,Mysuru APMC,3400,2464,3166,Karnataka,Other,2026,6,5,3000.0,3333.0,2998.714285714286,0.0553333333333332,Monsoon,0
2026-06-08,Mango,20,Mysuru,Local,Mysuru APMC,3090,2650,3030,Karnataka,Other,2026,6,0,3166.0,3000.0,3003.0,-0.0429564118761844,Monsoon,0
2026-06-10,Mango,20,Mysuru,Local,Mysuru APMC,3125,2000,3000,Karnataka,Other,2026,6,2,3030.0,3000.0,3003.0,-0.0099009900990099,Monsoon,0
2026-06-11,Mango,20,Mysuru,Local,Mysuru APMC,3553,2625,3090,Karnataka,Other,2026,6,3,3000.0,2625.0,3069.428571428572,0.03,Monsoon,0
2026-06-12,Mango,20,Mysuru,Local,Mysuru APMC,3553,2625,3000,Karnataka,Other,2026,6,4,3090.0,3200.0,3040.8571428571427,-0.0291262135922329,Monsoon,0
2026-06-17,Mango,20,Mysuru,Local,Mysuru APMC,3200,2500,3000,Karnataka,Other,2026,6,2,3000.0,3000.0,3040.8571428571427,0.0,Monsoon,0
2026-06-18,Mango,20,Mysuru,Local,Mysuru APMC,2800,2500,2631,Karnataka,Other,2026,6,3,3000.0,3000.0,2988.1428571428573,-0.123,Monsoon,0
2026-06-19,Mango,20,Mysuru,Local,Mysuru APMC,3450,2800,3333,Karnataka,Other,2026,6,4,2631.0,3166.0,3012.0,0.266818700114025,Monsoon,0
2026-06-20,Mango,20,Mysuru,Local,Mysuru APMC,3333,2500,3280,Karnataka,Other,2026,6,5,3333.0,3030.0,3047.714285714286,-0.0159015901590159,Monsoon,0
2026-06-22,Mango,20,Mysuru,Local,Mysuru APMC,3625,2200,2500,Karnataka,Other,2026,6,0,3280.0,3000.0,2976.285714285714,-0.2378048780487804,Monsoon,0
2026-06-23,Mango,20,Mysuru,Local,Mysuru APMC,3530,2800,3200,Karnataka,Other,2026,6,1,2500.0,3090.0,2992.0,0.28,Monsoon,0
2026-06-24,Mango,20,Mysuru,Local,Mysuru APMC,4000,2800,3200,Karnataka,Other,2026,6,2,3200.0,3000.0,3020.5714285714284,0.0,Monsoon,0
2026-06-25,Mango,20,Mysuru,Local,Mysuru APMC,4000,2500,3000,Karnataka,Other,2026,6,3,3200.0,3000.0,3020.5714285714284,-0.0625,Monsoon,0
2026-06-26,Mango,20,Mysuru,Local,Mysuru APMC,4500,3000,3500,Karnataka,Other,2026,6,4,3000.0,2631.0,3144.714285714286,0.1666666666666667,Monsoon,0
2026-06-27,Mango,20,Mysuru,Local,Mysuru APMC,4000,2800,3300,Karnataka,Other,2026,6,5,3500.0,3333.0,3140.0,-0.0571428571428571,Monsoon,0
2026-06-29,Mango,20,Mysuru,Local,Mysuru APMC,3800,2500,3000,Karnataka,Other,2026,6,0,3300.0,3280.0,3100.0,-0.0909090909090909,Monsoon,0
2026-06-30,Mango,20,Mysuru,Local,Mysuru APMC,3500,3000,3000,Karnataka,Other,2026,6,1,3000.0,2500.0,3171.428571428572,0.0,Monsoon,0
2026-07-01,Mango,20,Mysuru,Local,Mysuru APMC,3000,2800,2800,Karnataka,Other,2026,7,2,3000.0,3200.0,3114.285714285714,-0.0666666666666666,Monsoon,0
2026-07-02,Mango,20,Mysuru,Local,Mysuru APMC,3500,2800,3000,Karnataka,Other,2026,7,3,2800.0,3200.0,3085.714285714286,0.0714285714285714,Monsoon,0
2026-07-03,Mango,20,Mysuru,Local,Mysuru APMC,3300,2955,3250,Karnataka,Other,2026,7,4,3000.0,3000.0,3121.428571428572,0.0833333333333332,Monsoon,0
2026-07-04,Mango,20,Mysuru,Local,Mysuru APMC,3230,2250,3000,Karnataka,Other,2026,7,5,3250.0,3500.0,3050.0,-0.0769230769230768,Monsoon,0
2026-07-06,Mango,20,Mysuru,Local,Mysuru APMC,3333,2778,3020,Karnataka,Other,2026,7,0,3000.0,3300.0,3010.0,0.0066666666666665,Monsoon,0
2026-07-07,Mango,20,Mysuru,Local,Mysuru APMC,3555,2750,3333,Karnataka,Other,2026,7,1,3020.0,3000.0,3057.5714285714284,0.1036423841059601,Monsoon,0
2026-07-08,Mango,20,Mysuru,Local,Mysuru APMC,2857,2480,2717,Karnataka,Other,2026,7,2,3333.0,3000.0,3017.1428571428573,-0.1848184818481848,Monsoon,0
2026-07-09,Mango,20,Mysuru,Local,Mysuru APMC,3333,2470,3230,Karnataka,Other,2026,7,3,2717.0,2800.0,3078.5714285714284,0.1888111888111887,Monsoon,0
2026-07-10,Mango,20,Mysuru,Local,Mysuru APMC,3376,2833,3125,Karnataka,Other,2026,7,4,3230.0,3000.0,3096.428571428572,-0.0325077399380805,Monsoon,0
2026-07-11,Mango,20,Mysuru,Local,Mysuru APMC,3631,3294,3571,Karnataka,Other,2026,7,5,3125.0,3250.0,3142.285714285714,0.1427199999999999,Monsoon,0
2026-07-13,Mango,20,Mysuru,Local,Mysuru APMC,3570,2630,3125,Karnataka,Other,2026,7,0,3571.0,3000.0,3160.1428571428573,-0.1248949873984878,Monsoon,0
2026-07-14,Mango,20,Mysuru,Local,Mysuru APMC,3400,2380,3090,Karnataka,Other,2026,7,1,3125.0,3020.0,3170.1428571428573,-0.0111999999999999,Monsoon,0
2026-07-15,Mango,20,Mysuru,Local,Mysuru APMC,2769,2769,2769,Karnataka,Other,2026,7,2,3090.0,3333.0,3089.5714285714284,-0.1038834951456311,Monsoon,0
2026-07-16,Mango,20,Mysuru,Medium,Mysuru APMC,3410,2490,2600,Karnataka,Other,2026,7,3,2769.0,2717.0,3072.8571428571427,-0.0610328638497652,Monsoon,0
2026-07-17,Mango,20,Mysuru,Medium,Mysuru APMC,3625,2800,2940,Karnataka,Other,2026,7,4,2600.0,3230.0,3031.428571428572,0.1307692307692307,Monsoon,0
2026-07-18,Mango,20,Mysuru,Medium,Mysuru APMC,3750,3330,3570,Karnataka,Other,2026,7,5,2940.0,3125.0,3095.0,0.2142857142857142,Monsoon,0
2026-07-20,Mango,20,Mysuru,Medium,Mysuru APMC,3800,2630,2770,Karnataka,Other,2026,7,0,3570.0,3571.0,2980.5714285714284,-0.2240896358543417,Monsoon,0
2026-07-21,Mango,20,Mysuru,Medium,Mysuru APMC,3560,2700,3000,Karnataka,Other,2026,7,1,2770.0,3125.0,2962.714285714286,0.0830324909747293,Monsoon,0
2026-07-22,Mango,20,Mysuru,Medium,Mysuru APMC,3360,2800,3090,Karnataka,Other,2026,7,2,3000.0,3090.0,2962.714285714286,0.03,Monsoon,0
2026-07-23,Mango,20,Mysuru,Medium,Mysuru APMC,3125,2770,3090,Karnataka,Other,2026,7,3,3090.0,2769.0,3008.5714285714284,0.0,Monsoon,0
2026-07-24,Mango,20,Mysuru,Medium,Mysuru APMC,3000,2530,2850,Karnataka,Other,2026,7,4,3090.0,2600.0,3044.285714285714,-0.0776699029126213,Monsoon,0
2026-07-25,Mango,20,Mysuru,Medium,Mysuru APMC,3330,2770,3000,Karnataka,Other,2026,7,5,2850.0,2940.0,3052.8571428571427,0.0526315789473683,Monsoon,0
2026-07-27,Mango,20,Mysuru,Medium,Mysuru APMC,2850,2850,2850,Karnataka,Other,2026,7,0,3000.0,3570.0,2950.0,-0.05,Monsoon,0
2026-07-29,Mango,20,Mysuru,Medium,Mysuru APMC,2900,2720,2770,Karnataka,Other,2026,7,2,2850.0,2770.0,2950.0,-0.0280701754385964,Monsoon,0
2026-07-30,Mango,20,Mysuru,Medium,Mysuru APMC,3340,2630,2830,Karnataka,Other,2026,7,3,2770.0,3000.0,2925.714285714286,0.0216606498194946,Monsoon,0
2026-07-31,Mango,20,Mysuru,Medium,Mysuru APMC,2950,2800,2930,Karnataka,Other,2026,7,4,2830.0,3090.0,2902.8571428571427,0.0353356890459364,Monsoon,0
2026-08-01,Mango,20,Mysuru,Medium,Mysuru APMC,2900,2720,2830,Karnataka,Other,2026,8,5,2930.0,3090.0,2865.714285714286,-0.0341296928327644,Monsoon,0
2026-08-03,Mango,20,Mysuru,Medium,Mysuru APMC,2800,2800,2800,Karnataka,Other,2026,8,0,2830.0,2850.0,2858.5714285714284,-0.0106007067137808,Monsoon,0
2026-08-04,Mango,20,Mysuru,Medium,Mysuru APMC,2850,2850,2850,Karnataka,Other,2026,8,1,2800.0,3000.0,2837.1428571428573,0.0178571428571427,Monsoon,0
2026-08-05,Mango,20,Mysuru,Medium,Mysuru APMC,3125,2630,3000,Karnataka,Other,2026,8,2,2850.0,2850.0,2858.5714285714284,0.0526315789473683,Monsoon,0
2026-08-06,Mango,20,Mysuru,Medium,Mysuru APMC,3200,3000,3150,Karnataka,Other,2026,8,3,3000.0,2770.0,2912.8571428571427,0.05,Monsoon,0
2026-04-02,Onion,23,Belagavi,Large,Belgaum APMC,1400,500,1000,Karnataka,Pusa-Red,2026,4,3,1000.0,,1000.0,0.0,Summer,0
2026-04-04,Onion,23,Belagavi,Large,Belgaum APMC,1500,500,1200,Karnataka,Pusa-Red,2026,4,5,1000.0,,1066.6666666666667,0.1999999999999999,Summer,0
2026-04-06,Onion,23,Belagavi,Large,Belgaum APMC,1500,500,1200,Karnataka,Pusa-Red,2026,4,0,1200.0,,1100.0,0.0,Summer,0
2026-04-07,Onion,23,Belagavi,Large,Belgaum APMC,1500,500,1200,Karnataka,Pusa-Red,2026,4,1,1200.0,,1120.0,0.0,Summer,0
2026-04-08,Onion,23,Belagavi,Large,Belgaum APMC,1500,500,1200,Karnataka,Pusa-Red,2026,4,2,1200.0,,1133.3333333333333,0.0,Summer,0
2026-04-09,Onion,23,Belagavi,Large,Belgaum APMC,1500,500,1200,Karnataka,Pusa-Red,2026,4,3,1200.0,,1142.857142857143,0.0,Summer,0
2026-04-10,Onion,23,Belagavi,Large,Belgaum APMC,1500,500,1200,Karnataka,Pusa-Red,2026,4,4,1200.0,1000.0,1171.428571428571,0.0,Summer,0
2026-04-11,Onion,23,Belagavi,Large,Belgaum APMC,1600,500,1400,Karnataka,Pusa-Red,2026,4,5,1200.0,1000.0,1228.571428571429,0.1666666666666667,Summer,0
2026-04-13,Onion,23,Belagavi,Large,Belgaum APMC,1600,500,1400,Karnataka,Pusa-Red,2026,4,0,1400.0,1200.0,1257.142857142857,0.0,Summer,0
2026-04-15,Onion,23,Belagavi,Large,Belgaum APMC,1500,500,1300,Karnataka,Pusa-Red,2026,4,2,1400.0,1200.0,1271.428571428571,-0.0714285714285714,Summer,0
2026-04-16,Onion,23,Belagavi,Large,Belgaum APMC,1500,500,1300,Karnataka,Pusa-Red,2026,4,3,1300.0,1200.0,1285.7142857142858,0.0,Summer,0
2026-04-17,Onion,23,Belagavi,Large,Belgaum APMC,1500,500,1300,Karnataka,Pusa-Red,2026,4,4,1300.0,1200.0,1300.0,0.0,Summer,0
2026-04-21,Onion,23,Belagavi,Large,Belgaum APMC,1000,500,800,Karnataka,Pusa-Red,2026,4,1,1300.0,1200.0,1242.857142857143,-0.3846153846153846,Summer,0
2026-04-22,Onion,23,Belagavi,Large,Belgaum APMC,1500,500,1200,Karnataka,Pusa-Red,2026,4,2,800.0,1200.0,1242.857142857143,0.5,Summer,0
2026-04-23,Onion,23,Belagavi,Large,Belgaum APMC,1500,500,1200,Karnataka,Pusa-Red,2026,4,3,1200.0,1400.0,1214.2857142857142,0.0,Summer,0
2026-04-24,Onion,23,Belagavi,Large,Belgaum APMC,1500,500,1200,Karnataka,Pusa-Red,2026,4,4,1200.0,1400.0,1185.7142857142858,0.0,Summer,0
2026-04-25,Onion,23,Belagavi,Large,Belgaum APMC,1600,500,1300,Karnataka,Pusa-Red,2026,4,5,1200.0,1300.0,1185.7142857142858,0.0833333333333332,Summer,0
2026-04-27,Onion,23,Belagavi,Large,Belgaum APMC,1600,500,1300,Karnataka,Pusa-Red,2026,4,0,1300.0,1300.0,1185.7142857142858,0.0,Summer,0
2026-04-28,Onion,23,Belagavi,Large,Belgaum APMC,1600,500,1300,Karnataka,Pusa-Red,2026,4,1,1300.0,1300.0,1185.7142857142858,0.0,Summer,0
2026-05-02,Onion,23,Belagavi,Large,Belgaum APMC,1600,500,1300,Karnataka,Pusa-Red,2026,5,5,1300.0,800.0,1257.142857142857,0.0,Summer,0
2026-05-04,Onion,23,Belagavi,Large,Belgaum APMC,1600,500,1300,Karnataka,Pusa-Red,2026,5,0,1300.0,1200.0,1271.428571428571,0.0,Summer,0
2026-05-05,Onion,23,Belagavi,Large,Belgaum APMC,1600,500,1300,Karnataka,Pusa-Red,2026,5,1,1300.0,1200.0,1285.7142857142858,0.0,Summer,0
2026-05-07,Onion,23,Belagavi,Large,Belgaum APMC,1500,500,1200,Karnataka,Pusa-Red,2026,5,3,1300.0,1200.0,1285.7142857142858,-0.0769230769230768,Summer,0
2026-05-08,Onion,23,Belagavi,Large,Belgaum APMC,1500,500,1200,Karnataka,Pusa-Red,2026,5,4,1200.0,1300.0,1271.428571428571,0.0,Summer,0
2026-05-09,Onion,23,Belagavi,Large,Belgaum APMC,1500,500,1200,Karnataka,Pusa-Red,2026,5,5,1200.0,1300.0,1257.142857142857,0.0,Summer,0
2026-05-12,Onion,23,Belagavi,Large,Belgaum APMC,1500,500,1200,Karnataka,Pusa-Red,2026,5,1,1200.0,1300.0,1242.857142857143,0.0,Summer,0
2026-05-14,Onion,23,Belagavi,Large,Belgaum APMC,1600,500,1300,Karnataka,Pusa-Red,2026,5,3,1200.0,1300.0,1242.857142857143,0.0833333333333332,Summer,0
2026-05-15,Onion,23,Belagavi,Large,Belgaum APMC,1600,500,1300,Karnataka,Pusa-Red,2026,5,4,1300.0,1300.0,1242.857142857143,0.0,Summer,0
2026-05-18,Onion,23,Belagavi,Large,Belgaum APMC,1900,500,1600,Karnataka,Pusa-Red,2026,5,0,1300.0,1300.0,1285.7142857142858,0.2307692307692308,Summer,0
2026-05-19,Onion,23,Belagavi,Large,Belgaum APMC,1900,500,1600,Karnataka,Pusa-Red,2026,5,1,1600.0,1200.0,1342.857142857143,0.0,Summer,0
2026-05-21,Onion,23,Belagavi,Large,Belgaum APMC,1900,500,1300,Karnataka,Pusa-Red,2026,5,3,1600.0,1200.0,1357.142857142857,-0.1875,Summer,0
2026-05-22,Onion,23,Belagavi,Large,Belgaum APMC,1900,500,1300,Karnataka,Pusa-Red,2026,5,4,1300.0,1200.0,1371.428571428571,0.0,Summer,0
2026-05-23,Onion,23,Belagavi,Large,Belgaum APMC,1800,500,1300,Karnataka,Pusa-Red,2026,5,5,1300.0,1200.0,1385.7142857142858,0.0,Summer,0
2026-05-26,Onion,23,Belagavi,Large,Belgaum APMC,1800,500,1300,Karnataka,Pusa-Red,2026,5,1,1300.0,1300.0,1385.7142857142858,0.0,Summer,0
2026-06-01,Onion,23,Belagavi,Large,Belgaum APMC,2000,500,1700,Karnataka,Pusa-Red,2026,6,0,1300.0,1300.0,1442.857142857143,0.3076923076923077,Monsoon,0
2026-06-02,Onion,23,Belagavi,Large,Belgaum APMC,2000,500,1700,Karnataka,Pusa-Red,2026,6,1,1700.0,1600.0,1457.142857142857,0.0,Monsoon,0
2026-06-03,Onion,23,Belagavi,Large,Belgaum APMC,2500,500,2000,Karnataka,Pusa-Red,2026,6,2,1700.0,1600.0,1514.2857142857142,0.1764705882352941,Monsoon,0
2026-06-06,Onion,23,Belagavi,Large,Belgaum APMC,2200,500,1800,Karnataka,Pusa-Red,2026,6,5,2000.0,1300.0,1585.7142857142858,-0.0999999999999999,Monsoon,0
2026-06-09,Onion,23,Belagavi,Large,Belgaum APMC,2200,500,1800,Karnataka,Pusa-Red,2026,6,1,1800.0,1300.0,1657.142857142857,0.0,Monsoon,0
2026-06-10,Onion,23,Belagavi,Large,Belgaum APMC,2200,500,1800,Karnataka,Pusa-Red,2026,6,2,1800.0,1300.0,1728.571428571429,0.0,Monsoon,0
2026-06-11,Onion,23,Belagavi,Large,Belgaum APMC,2200,500,1800,Karnataka,Pusa-Red,2026,6,3,1800.0,1300.0,1800.0,0.0,Monsoon,0
2026-06-12,Onion,23,Belagavi,Large,Belgaum APMC,2200,500,1800,Karnataka,Pusa-Red,2026,6,4,1800.0,1700.0,1814.2857142857144,0.0,Monsoon,0
2026-06-13,Onion,23,Belagavi,Large,Belgaum APMC,2200,500,1800,Karnataka,Pusa-Red,2026,6,5,1800.0,1700.0,1828.571428571429,0.0,Monsoon,0
2026-06-15,Onion,23,Belagavi,Large,Belgaum APMC,2200,500,1800,Karnataka,Pusa-Red,2026,6,0,1800.0,2000.0,1800.0,0.0,Monsoon,0
2026-06-16,Onion,23,Belagavi,Large,Belgaum APMC,2200,500,1800,Karnataka,Pusa-Red,2026,6,1,1800.0,1800.0,1800.0,0.0,Monsoon,0
2026-06-17,Onion,23,Belagavi,Large,Belgaum APMC,2600,1000,2200,Karnataka,Pusa-Red,2026,6,2,1800.0,1800.0,1857.142857142857,0.2222222222222223,Monsoon,0
2026-06-18,Onion,23,Belagavi,Large,Belgaum APMC,2600,1000,2200,Karnataka,Pusa-Red,2026,6,3,2200.0,1800.0,1914.2857142857144,0.0,Monsoon,0
2026-06-20,Onion,23,Belagavi,Large,Belgaum APMC,2500,500,2200,Karnataka,Pusa-Red,2026,6,5,2200.0,1800.0,1971.4285714285716,0.0,Monsoon,0
2026-06-23,Onion,23,Belagavi,Large,Belgaum APMC,2500,500,2200,Karnataka,Pusa-Red,2026,6,1,2200.0,1800.0,2028.571428571429,0.0,Monsoon,0
2026-06-24,Onion,23,Belagavi,Large,Belgaum APMC,2700,1000,2400,Karnataka,Pusa-Red,2026,6,2,2200.0,1800.0,2114.285714285714,0.0909090909090908,Monsoon,0
2026-06-25,Onion,23,Belagavi,Large,Belgaum APMC,2700,1000,2400,Karnataka,Pusa-Red,2026,6,3,2400.0,1800.0,2200.0,0.0,Monsoon,0
2026-06-29,Onion,23,Belagavi,Large,Belgaum APMC,3000,1000,2500,Karnataka,Pusa-Red,2026,6,0,2400.0,1800.0,2300.0,0.0416666666666667,Monsoon,0
2026-07-02,Onion,23,Belagavi,Large,Belgaum APMC,2800,1000,2400,Karnataka,Pusa-Red,2026,7,3,2500.0,2200.0,2328.5714285714284,-0.04,Monsoon,0
2026-07-03,Onion,23,Belagavi,Large,Belgaum APMC,2800,1000,2400,Karnataka,Pusa-Red,2026,7,4,2400.0,2200.0,2357.1428571428573,0.0,Monsoon,0
2026-07-04,Onion,23,Belagavi,Large,Belgaum APMC,2800,1000,2400,Karnataka,Pusa-Red,2026,7,5,2400.0,2200.0,2385.714285714286,0.0,Monsoon,0
2026-07-06,Onion,23,Belagavi,Large,Belgaum APMC,2800,1000,2400,Karnataka,Pusa-Red,2026,7,0,2400.0,2200.0,2414.285714285714,0.0,Monsoon,0
2026-07-07,Onion,23,Belagavi,Large,Belgaum APMC,2800,1000,2400,Karnataka,Pusa-Red,2026,7,1,2400.0,2400.0,2414.285714285714,0.0,Monsoon,0
2026-07-08,Onion,23,Belagavi,Large,Belgaum APMC,3000,1000,2400,Karnataka,Pusa-Red,2026,7,2,2400.0,2400.0,2414.285714285714,0.0,Monsoon,0
2026-07-09,Onion,23,Belagavi,Large,Belgaum APMC,3000,1000,2400,Karnataka,Pusa-Red,2026,7,3,2400.0,2500.0,2400.0,0.0,Monsoon,0
2026-07-10,Onion,23,Belagavi,Large,Belgaum APMC,3000,1000,2400,Karnataka,Pusa-Red,2026,7,4,2400.0,2400.0,2400.0,0.0,Monsoon,0
2026-07-11,Onion,23,Belagavi,Large,Belgaum APMC,3000,1000,2400,Karnataka,Pusa-Red,2026,7,5,2400.0,2400.0,2400.0,0.0,Monsoon,0
2026-07-14,Onion,23,Belagavi,Large,Belgaum APMC,3000,1000,2400,Karnataka,Pusa-Red,2026,7,1,2400.0,2400.0,2400.0,0.0,Monsoon,0
2026-07-15,Onion,23,Belagavi,Large,Belgaum APMC,2800,1000,2400,Karnataka,Pusa-Red,2026,7,2,2400.0,2400.0,2400.0,0.0,Monsoon,0
2026-07-16,Onion,23,Belagavi,Large,Belgaum APMC,2800,1000,2400,Karnataka,Pusa-Red,2026,7,3,2400.0,2400.0,2400.0,0.0,Monsoon,0
2026-07-18,Onion,23,Belagavi,Large,Belgaum APMC,3000,1000,2500,Karnataka,Pusa-Red,2026,7,5,2400.0,2400.0,2414.285714285714,0.0416666666666667,Monsoon,0
2026-07-22,Onion,23,Belagavi,Large,Belgaum APMC,2800,1000,2400,Karnataka,Pusa-Red,2026,7,2,2500.0,2400.0,2414.285714285714,-0.04,Monsoon,0
2026-07-28,Onion,23,Belagavi,Large,Belgaum APMC,3000,1000,2500,Karnataka,Pusa-Red,2026,7,1,2400.0,2400.0,2428.5714285714284,0.0416666666666667,Monsoon,0
2026-07-29,Onion,23,Belagavi,Large,Belgaum APMC,3000,1000,2500,Karnataka,Pusa-Red,2026,7,2,2500.0,2400.0,2442.8571428571427,0.0,Monsoon,0
2026-07-31,Onion,23,Belagavi,Large,Belgaum APMC,3000,1000,2500,Karnataka,Pusa-Red,2026,7,4,2500.0,2400.0,2457.1428571428573,0.0,Monsoon,0
2026-08-01,Onion,23,Belagavi,Large,Belgaum APMC,3000,2000,2800,Karnataka,Pusa-Red,2026,8,5,2500.0,2400.0,2514.285714285714,0.1200000000000001,Monsoon,1
2026-08-03,Onion,23,Belagavi,Large,Belgaum APMC,3000,2000,2800,Karnataka,Pusa-Red,2026,8,0,2800.0,2400.0,2571.428571428572,0.0,Monsoon,1
2026-08-04,Onion,23,Belagavi,Large,Belgaum APMC,3000,2000,2800,Karnataka,Pusa-Red,2026,8,1,2800.0,2500.0,2614.285714285714,0.0,Monsoon,1
2026-08-05,Onion,23,Belagavi,Large,Belgaum APMC,3200,1000,2700,Karnataka,Pusa-Red,2026,8,2,2800.0,2400.0,2657.1428571428573,-0.0357142857142857,Monsoon,1
2026-08-06,Onion,23,Belagavi,Large,Belgaum APMC,3200,1000,2700,Karnataka,Pusa-Red,2026,8,3,2700.0,2500.0,2685.714285714286,0.0,Monsoon,1
2026-08-08,Onion,23,Belagavi,Large,Belgaum APMC,3200,1000,2700,Karnataka,Pusa-Red,2026,8,5,2700.0,2500.0,2714.285714285714,0.0,Monsoon,1
2026-04-01,Onion,23,Bengaluru,Small,Bengaluru APMC,500,200,300,Karnataka,Bangalore-Samall,2026,4,2,600.0,,450.0,-0.5,Summer,0
2026-04-01,Onion,23,Bengaluru,Local,Bengaluru APMC,1500,800,1200,Karnataka,Puna,2026,4,2,300.0,,700.0,3.0,Summer,0
2026-04-01,Onion,23,Bengaluru,Large,Bengaluru APMC,1300,800,1000,Karnataka,Onion,2026,4,2,1200.0,,775.0,-0.1666666666666666,Summer,0
2026-04-02,Onion,23,Bengaluru,Medium,Bengaluru APMC,800,500,600,Karnataka,Local,2026,4,3,1000.0,,740.0,-0.4,Summer,0
2026-04-02,Onion,23,Bengaluru,Small,Bengaluru APMC,500,200,300,Karnataka,Bangalore-Samall,2026,4,3,600.0,,666.6666666666666,-0.5,Summer,0
2026-04-02,Onion,23,Bengaluru,Local,Bengaluru APMC,1500,800,1200,Karnataka,Puna,2026,4,3,300.0,,742.8571428571429,3.0,Summer,0
2026-04-02,Onion,23,Bengaluru,Large,Bengaluru APMC,1300,800,1000,Karnataka,Onion,2026,4,3,1200.0,600.0,800.0,-0.1666666666666666,Summer,0
2026-04-03,Onion,23,Bengaluru,Medium,Bengaluru APMC,800,500,600,Karnataka,Local,2026,4,4,1000.0,300.0,842.8571428571429,-0.4,Summer,0
2026-04-03,Onion,23,Bengaluru,Small,Bengaluru APMC,500,200,300,Karnataka,Bangalore-Samall,2026,4,4,600.0,1200.0,714.2857142857143,-0.5,Summer,0
2026-04-03,Onion,23,Bengaluru,Large,Bengaluru APMC,1300,800,1000,Karnataka,Onion,2026,4,4,300.0,1000.0,714.2857142857143,2.333333333333333,Summer,0
2026-04-04,Onion,23,Bengaluru,Medium,Bengaluru APMC,800,500,600,Karnataka,Local,2026,4,5,1000.0,600.0,714.2857142857143,-0.4,Summer,0
2026-04-04,Onion,23,Bengaluru,Small,Bengaluru APMC,500,200,300,Karnataka,Bangalore-Samall,2026,4,5,600.0,300.0,714.2857142857143,-0.5,Summer,0
2026-04-04,Onion,23,Bengaluru,Large,Bengaluru APMC,1300,800,1000,Karnataka,Onion,2026,4,5,300.0,1200.0,685.7142857142857,2.333333333333333,Summer,0
2026-04-06,Onion,23,Bengaluru,Medium,Bengaluru APMC,800,500,600,Karnataka,Local,2026,4,0,1000.0,1000.0,628.5714285714286,-0.4,Summer,0
2026-04-06,Onion,23,Bengaluru,Large,Bengaluru APMC,1300,800,1000,Karnataka,Onion,2026,4,0,600.0,600.0,685.7142857142857,0.6666666666666667,Summer,0
2026-04-06,Onion,23,Bengaluru,Small,Bengaluru APMC,500,200,300,Karnataka,Bangalore-Samall,2026,4,0,1000.0,300.0,685.7142857142857,-0.7,Summer,0
2026-04-07,Onion,23,Bengaluru,Local,Bengaluru APMC,1500,800,1200,Karnataka,Puna,2026,4,1,300.0,1000.0,714.2857142857143,3.0,Summer,0
2026-04-07,Onion,23,Bengaluru,Large,Bengaluru APMC,1300,800,1000,Karnataka,Onion,2026,4,1,1200.0,600.0,771.4285714285714,-0.1666666666666666,Summer,0
2026-04-07,Onion,23,Bengaluru,Small,Bengaluru APMC,500,200,300,Karnataka,Bangalore-Samall,2026,4,1,1000.0,300.0,771.4285714285714,-0.7,Summer,0
2026-04-07,Onion,23,Bengaluru,Medium,Bengaluru APMC,800,500,600,Karnataka,Local,2026,4,1,300.0,1000.0,714.2857142857143,1.0,Summer,0
2026-04-08,Onion,23,Bengaluru,Small,Bengaluru APMC,500,200,300,Karnataka,Bangalore-Samall,2026,4,2,600.0,600.0,671.4285714285714,-0.5,Summer,0
2026-04-08,Onion,23,Bengaluru,Medium,Bengaluru APMC,800,500,600,Karnataka,Local,2026,4,2,300.0,1000.0,614.2857142857143,1.0,Summer,0
2026-04-08,Onion,23,Bengaluru,Local,Bengaluru APMC,1500,800,1200,Karnataka,Puna,2026,4,2,600.0,300.0,742.8571428571429,1.0,Summer,0
2026-04-08,Onion,23,Bengaluru,Large,Bengaluru APMC,1300,800,1000,Karnataka,Onion,2026,4,2,1200.0,1200.0,714.2857142857143,-0.1666666666666666,Summer,0
2026-04-09,Onion,23,Bengaluru,Medium,Bengaluru APMC,800,500,600,Karnataka,Local,2026,4,3,1000.0,1000.0,657.1428571428571,-0.4,Summer,0
2026-04-09,Onion,23,Bengaluru,Small,Bengaluru APMC,500,200,300,Karnataka,Bangalore-Samall,2026,4,3,600.0,300.0,657.1428571428571,-0.5,Summer,0
2026-04-09,Onion,23,Bengaluru,Large,Bengaluru APMC,1300,800,1000,Karnataka,Onion,2026,4,3,300.0,600.0,714.2857142857143,2.333333333333333,Summer,0
2026-04-10,Onion,23,Bengaluru,Local,Bengaluru APMC,1500,800,1200,Karnataka,Puna,2026,4,4,1000.0,300.0,842.8571428571429,0.1999999999999999,Summer,0
2026-04-10,Onion,23,Bengaluru,Medium,Bengaluru APMC,800,500,600,Karnataka,Local,2026,4,4,1200.0,600.0,842.8571428571429,-0.5,Summer,0
2026-04-10,Onion,23,Bengaluru,Small,Bengaluru APMC,500,200,300,Karnataka,Bangalore-Samall,2026,4,4,600.0,1200.0,714.2857142857143,-0.5,Summer,0
2026-04-10,Onion,23,Bengaluru,Large,Bengaluru APMC,1300,800,1000,Karnataka,Onion,2026,4,4,300.0,1000.0,714.2857142857143,2.333333333333333,Summer,0
2026-04-11,Onion,23,Bengaluru,Small,Bengaluru APMC,500,200,300,Karnataka,Bangalore-Samall,2026,4,5,1000.0,600.0,671.4285714285714,-0.7,Summer,0
2026-04-11,Onion,23,Bengaluru,Local,Bengaluru APMC,1500,800,1200,Karnataka,Puna,2026,4,5,300.0,300.0,800.0,3.0,Summer,0
2026-04-11,Onion,23,Bengaluru,Medium,Bengaluru APMC,800,500,600,Karnataka,Local,2026,4,5,1200.0,1000.0,742.8571428571429,-0.5,Summer,0
2026-04-13,Onion,23,Bengaluru,Small,Bengaluru APMC,500,200,300,Karnataka,Bangalore-Samall,2026,4,0,600.0,1200.0,614.2857142857143,-0.5,Summer,0
2026-04-13,Onion,23,Bengaluru,Medium,Bengaluru APMC,800,500,600,Karnataka,Local,2026,4,0,300.0,600.0,614.2857142857143,1.0,Summer,0
2026-04-13,Onion,23,Bengaluru,Local,Bengaluru APMC,1500,800,1200,Karnataka,Puna,2026,4,0,600.0,300.0,742.8571428571429,1.0,Summer,0
2026-04-15,Onion,23,Bengaluru,Local,Bengaluru APMC,1300,800,1100,Karnataka,Puna,2026,4,2,1200.0,1000.0,757.1428571428571,-0.0833333333333333,Summer,0
2026-04-15,Onion,23,Bengaluru,Large,Bengaluru APMC,1300,1000,1100,Karnataka,Onion,2026,4,2,1100.0,300.0,871.4285714285714,0.0,Summer,0
2026-04-15,Onion,23,Bengaluru,Small,Bengaluru APMC,500,200,300,Karnataka,Bangalore-Samall,2026,4,2,1100.0,1200.0,742.8571428571429,-0.7272727272727273,Summer,0
2026-04-15,Onion,23,Bengaluru,Medium,Bengaluru APMC,800,500,600,Karnataka,Local,2026,4,2,300.0,600.0,742.8571428571429,1.0,Summer,0
2026-04-16,Onion,23,Bengaluru,Medium,Bengaluru APMC,800,500,600,Karnataka,Local,2026,4,3,600.0,300.0,785.7142857142857,0.0,Summer,0
2026-04-16,Onion,23,Bengaluru,Large,Bengaluru APMC,1300,1000,1100,Karnataka,Onion,2026,4,3,600.0,600.0,857.1428571428571,0.8333333333333333,Summer,0
2026-04-16,Onion,23,Bengaluru,Local,Bengaluru APMC,1300,800,1100,Karnataka,Puna,2026,4,3,1100.0,1200.0,842.8571428571429,0.0,Summer,0
2026-04-16,Onion,23,Bengaluru,Small,Bengaluru APMC,500,200,300,Karnataka,Bangalore-Samall,2026,4,3,1100.0,1100.0,728.5714285714286,-0.7272727272727273,Summer,0
2026-04-17,Onion,23,Bengaluru,Large,Bengaluru APMC,1300,1000,1100,Karnataka,Onion,2026,4,4,300.0,1100.0,728.5714285714286,2.6666666666666665,Summer,0
2026-04-17,Onion,23,Bengaluru,Medium,Bengaluru APMC,800,500,600,Karnataka,Local,2026,4,4,1100.0,300.0,771.4285714285714,-0.4545454545454546,Summer,0
2026-04-17,Onion,23,Bengaluru,Local,Bengaluru APMC,1300,800,1100,Karnataka,Puna,2026,4,4,600.0,600.0,842.8571428571429,0.8333333333333333,Summer,0
2026-04-17,Onion,23,Bengaluru,Small,Bengaluru APMC,500,200,300,Karnataka,Bangalore-Samall,2026,4,4,1100.0,600.0,800.0,-0.7272727272727273,Summer,0
2026-04-18,Onion,23,Bengaluru,Medium,Bengaluru APMC,800,500,600,Karnataka,Local,2026,4,5,300.0,1100.0,728.5714285714286,1.0,Summer,0
2026-04-18,Onion,23,Bengaluru,Local,Bengaluru APMC,1300,800,1100,Karnataka,Puna,2026,4,5,600.0,1100.0,728.5714285714286,0.8333333333333333,Summer,0
2026-04-18,Onion,23,Bengaluru,Small,Bengaluru APMC,500,200,300,Karnataka,Bangalore-Samall,2026,4,5,1100.0,300.0,728.5714285714286,-0.7272727272727273,Summer,0
2026-04-20,Onion,23,Bengaluru,Large,Bengaluru APMC,1300,1000,1100,Karnataka,Onion,2026,4,0,300.0,1100.0,728.5714285714286,2.6666666666666665,Summer,0
2026-04-20,Onion,23,Bengaluru,Small,Bengaluru APMC,500,200,300,Karnataka,Bangalore-Samall,2026,4,0,1100.0,600.0,685.7142857142857,-0.7272727272727273,Summer,0
2026-04-20,Onion,23,Bengaluru,Medium,Bengaluru APMC,800,500,600,Karnataka,Local,2026,4,0,300.0,1100.0,614.2857142857143,1.0,Summer,0
2026-04-20,Onion,23,Bengaluru,Local,Bengaluru APMC,1300,800,1100,Karnataka,Puna,2026,4,0,600.0,300.0,728.5714285714286,0.8333333333333333,Summer,0
2026-04-21,Onion,23,Bengaluru,Medium,Bengaluru APMC,1000,600,800,Karnataka,Local,2026,4,1,1100.0,600.0,757.1428571428571,-0.2727272727272727,Summer,0
2026-04-21,Onion,23,Bengaluru,Small,Bengaluru APMC,600,300,400,Karnataka,Bangalore-Samall,2026,4,1,800.0,1100.0,657.1428571428571,-0.5,Summer,0
2026-04-21,Onion,23,Bengaluru,Medium,Bengaluru APMC,1300,1000,1100,Karnataka,Onion,2026,4,1,400.0,300.0,771.4285714285714,1.75,Summer,0
2026-04-21,Onion,23,Bengaluru,Local,Bengaluru APMC,1400,800,1000,Karnataka,Puna,2026,4,1,1100.0,1100.0,757.1428571428571,-0.0909090909090909,Summer,0
2026-04-22,Onion,23,Bengaluru,Medium,Bengaluru APMC,1000,600,800,Karnataka,Local,2026,4,2,1000.0,300.0,828.5714285714286,-0.1999999999999999,Summer,0
2026-04-22,Onion,23,Bengaluru,Large,Bengaluru APMC,1300,1000,1100,Karnataka,Onion,2026,4,2,800.0,600.0,900.0,0.375,Summer,0
2026-04-22,Onion,23,Bengaluru,Small,Bengaluru APMC,600,300,400,Karnataka,Bangalore-Samall,2026,4,2,1100.0,1100.0,800.0,-0.6363636363636364,Summer,0
2026-04-23,Onion,23,Bengaluru,Medium,Bengaluru APMC,1000,600,800,Karnataka,Local,2026,4,3,400.0,800.0,800.0,1.0,Summer,0
2026-04-23,Onion,23,Bengaluru,Small,Bengaluru APMC,600,300,400,Karnataka,Bangalore-Samall,2026,4,3,800.0,400.0,800.0,-0.5,Summer,0
2026-04-23,Onion,23,Bengaluru,Large,Bengaluru APMC,1300,1000,1100,Karnataka,Onion,2026,4,3,400.0,1100.0,800.0,1.75,Summer,0
2026-04-23,Onion,23,Bengaluru,Local,Bengaluru APMC,1400,800,1000,Karnataka,Puna,2026,4,3,1100.0,1000.0,800.0,-0.0909090909090909,Summer,0
2026-04-24,Onion,23,Bengaluru,Medium,Bengaluru APMC,1000,600,800,Karnataka,Local,2026,4,4,1000.0,800.0,800.0,-0.1999999999999999,Summer,0
2026-04-24,Onion,23,Bengaluru,Small,Bengaluru APMC,600,300,400,Karnataka,Bangalore-Samall,2026,4,4,800.0,1100.0,700.0,-0.5,Summer,0
2026-04-24,Onion,23,Bengaluru,Large,Bengaluru APMC,1300,1000,1100,Karnataka,Onion,2026,4,4,400.0,400.0,800.0,1.75,Summer,0
2026-04-24,Onion,23,Bengaluru,Local,Bengaluru APMC,1400,800,1000,Karnataka,Puna,2026,4,4,1100.0,800.0,828.5714285714286,-0.0909090909090909,Summer,0
2026-04-25,Onion,23,Bengaluru,Small,Bengaluru APMC,600,300,400,Karnataka,Bangalore-Samall,2026,4,5,1000.0,400.0,828.5714285714286,-0.6,Summer,0
2026-04-25,Onion,23,Bengaluru,Medium,Bengaluru APMC,1000,600,800,Karnataka,Local,2026,4,5,400.0,1100.0,785.7142857142857,1.0,Summer,0
2026-04-25,Onion,23,Bengaluru,Local,Bengaluru APMC,1400,800,1000,Karnataka,Puna,2026,4,5,800.0,1000.0,785.7142857142857,0.25,Summer,0
2026-04-27,Onion,23,Bengaluru,Small,Bengaluru APMC,600,300,400,Karnataka,Bangalore-Samall,2026,4,0,1000.0,800.0,728.5714285714286,-0.6,Summer,0
2026-04-27,Onion,23,Bengaluru,Medium,Bengaluru APMC,1000,600,800,Karnataka,Local,2026,4,0,400.0,400.0,785.7142857142857,1.0,Summer,0
2026-04-27,Onion,23,Bengaluru,Local,Bengaluru APMC,1400,800,1000,Karnataka,Puna,2026,4,0,800.0,1100.0,771.4285714285714,0.25,Summer,0
2026-04-28,Onion,23,Bengaluru,Medium,Bengaluru APMC,1000,600,800,Karnataka,Local,2026,4,1,1000.0,1000.0,742.8571428571429,-0.1999999999999999,Summer,0
2026-04-28,Onion,23,Bengaluru,Medium,Bengaluru APMC,1400,800,1000,Karnataka,Puna,2026,4,1,800.0,400.0,828.5714285714286,0.25,Summer,0
2026-04-28,Onion,23,Bengaluru,Small,Bengaluru APMC,600,300,400,Karnataka,Bangalore-Samall,2026,4,1,1000.0,800.0,771.4285714285714,-0.6,Summer,0
2026-04-29,Onion,23,Bengaluru,Small,Bengaluru APMC,1000,300,500,Karnataka,Bangalore-Samall,2026,4,2,400.0,1000.0,700.0,0.25,Summer,0
2026-04-29,Onion,23,Bengaluru,Medium,Bengaluru APMC,1400,1000,1200,Karnataka,Local,2026,4,2,500.0,400.0,814.2857142857143,1.4,Summer,0
2026-04-30,Onion,23,Bengaluru,Small,Bengaluru APMC,1000,300,500,Karnataka,Bangalore-Samall,2026,4,3,1200.0,800.0,771.4285714285714,-0.5833333333333333,Summer,0
2026-04-30,Onion,23,Bengaluru,Medium,Bengaluru APMC,1400,1000,1200,Karnataka,Local,2026,4,3,500.0,1000.0,800.0,1.4,Summer,0
2026-04-30,Onion,23,Bengaluru,Large,Bengaluru APMC,1800,1400,1500,Karnataka,Onion,2026,4,3,1200.0,800.0,900.0,0.25,Summer,0
2026-05-02,Onion,23,Bengaluru,Local,Bengaluru APMC,1800,1000,1400,Karnataka,Puna,2026,5,5,1500.0,1000.0,957.1428571428572,-0.0666666666666666,Summer,0
2026-05-02,Onion,23,Bengaluru,Small,Bengaluru APMC,1000,300,500,Karnataka,Bangalore-Samall,2026,5,5,1400.0,400.0,971.4285714285714,-0.6428571428571428,Summer,0
2026-05-02,Onion,23,Bengaluru,Large,Bengaluru APMC,1800,1400,1500,Karnataka,Onion,2026,5,5,500.0,500.0,1114.2857142857142,2.0,Summer,0
2026-05-04,Onion,23,Bengaluru,Local,Bengaluru APMC,1800,1000,1400,Karnataka,Puna,2026,5,0,1500.0,1200.0,1142.857142857143,-0.0666666666666666,Summer,0
2026-05-05,Onion,23,Bengaluru,Local,Bengaluru APMC,1500,800,1000,Karnataka,Puna,2026,5,1,1400.0,500.0,1214.2857142857142,-0.2857142857142857,Summer,0
2026-05-05,Onion,23,Bengaluru,Medium,Bengaluru APMC,1000,600,800,Karnataka,Local,2026,5,1,1000.0,1200.0,1157.142857142857,-0.1999999999999999,Summer,0
2026-05-05,Onion,23,Bengaluru,Small,Bengaluru APMC,600,200,400,Karnataka,Bangalore-Samall,2026,5,1,800.0,1500.0,1000.0,-0.5,Summer,0
2026-05-05,Onion,23,Bengaluru,Large,Bengaluru APMC,1400,1000,1200,Karnataka,Onion,2026,5,1,400.0,1400.0,971.4285714285714,2.0,Summer,0
2026-05-07,Onion,23,Bengaluru,Small,Bengaluru APMC,600,200,400,Karnataka,Bangalore-Samall,2026,5,3,1200.0,500.0,957.1428571428572,-0.6666666666666667,Summer,0
2026-05-07,Onion,23,Bengaluru,Large,Bengaluru APMC,1400,100,1200,Karnataka,Onion,2026,5,3,400.0,1500.0,914.2857142857144,2.0,Summer,0
2026-05-07,Onion,23,Bengaluru,Medium,Bengaluru APMC,1000,600,800,Karnataka,Local,2026,5,3,1200.0,1400.0,828.5714285714286,-0.3333333333333333,Summer,0
2026-05-07,Onion,23,Bengaluru,Local,Bengaluru APMC,1500,800,1000,Karnataka,Puna,2026,5,3,800.0,1000.0,828.5714285714286,0.25,Summer,0
2026-05-08,Onion,23,Bengaluru,Local,Bengaluru APMC,1500,800,1000,Karnataka,Puna,2026,5,4,1000.0,800.0,857.1428571428571,0.0,Summer,0
2026-05-08,Onion,23,Bengaluru,Medium,Bengaluru APMC,1000,600,800,Karnataka,Local,2026,5,4,1000.0,400.0,914.2857142857144,-0.1999999999999999,Summer,0
2026-05-08,Onion,23,Bengaluru,Large,Bengaluru APMC,1400,1000,1200,Karnataka,Onion,2026,5,4,800.0,1200.0,914.2857142857144,0.5,Summer,0
2026-05-08,Onion,23,Bengaluru,Small,Bengaluru APMC,600,200,400,Karnataka,Bangalore-Samall,2026,5,4,1200.0,400.0,914.2857142857144,-0.6666666666666667,Summer,0
2026-05-09,Onion,23,Bengaluru,Medium,Bengaluru APMC,1000,600,800,Karnataka,Local,2026,5,5,400.0,1200.0,857.1428571428571,1.0,Summer,0
2026-05-09,Onion,23,Bengaluru,Small,Bengaluru APMC,600,200,400,Karnataka,Bangalore-Samall,2026,5,5,800.0,800.0,800.0,-0.5,Summer,0
2026-05-09,Onion,23,Bengaluru,Local,Bengaluru APMC,1500,800,1000,Karnataka,Puna,2026,5,5,400.0,1000.0,800.0,1.5,Summer,0
2026-05-09,Onion,23,Bengaluru,Large,Bengaluru APMC,1400,1000,1200,Karnataka,Onion,2026,5,5,1000.0,1000.0,828.5714285714286,0.1999999999999999,Summer,0
2026-05-11,Onion,23,Bengaluru,Medium,Bengaluru APMC,1000,600,800,Karnataka,Local,2026,5,0,1200.0,800.0,828.5714285714286,-0.3333333333333333,Summer,0
2026-05-11,Onion,23,Bengaluru,Large,Bengaluru APMC,1400,1000,1200,Karnataka,Onion,2026,5,0,800.0,1200.0,828.5714285714286,0.5,Summer,0
2026-05-11,Onion,23,Bengaluru,Small,Bengaluru APMC,600,200,400,Karnataka,Bangalore-Samall,2026,5,0,1200.0,400.0,828.5714285714286,-0.6666666666666667,Summer,0
2026-05-12,Onion,23,Bengaluru,Large,Bengaluru APMC,1600,1200,1300,Karnataka,Onion,2026,5,1,400.0,800.0,900.0,2.25,Summer,0
2026-05-12,Onion,23,Bengaluru,Small,Bengaluru APMC,600,200,400,Karnataka,Bangalore-Samall,2026,5,1,1300.0,400.0,900.0,-0.6923076923076923,Summer,0
2026-05-12,Onion,23,Bengaluru,Local,Bengaluru APMC,1800,1000,1400,Karnataka,Puna,2026,5,1,400.0,1000.0,957.1428571428572,2.5,Summer,0
2026-05-12,Onion,23,Bengaluru,Medium,Bengaluru APMC,1200,800,1000,Karnataka,Local,2026,5,1,1400.0,1200.0,928.5714285714286,-0.2857142857142857,Summer,0
2026-05-13,Onion,23,Bengaluru,Local,Bengaluru APMC,1800,1000,1400,Karnataka,Puna,2026,5,2,1000.0,800.0,1014.2857142857144,0.3999999999999999,Summer,0
2026-05-13,Onion,23,Bengaluru,Large,Bengaluru APMC,1600,1200,1300,Karnataka,Onion,2026,5,2,1400.0,1200.0,1028.571428571429,-0.0714285714285714,Summer,0
2026-05-13,Onion,23,Bengaluru,Small,Bengaluru APMC,600,200,400,Karnataka,Bangalore-Samall,2026,5,2,1300.0,400.0,1028.571428571429,-0.6923076923076923,Summer,0
2026-05-13,Onion,23,Bengaluru,Medium,Bengaluru APMC,1200,800,1000,Karnataka,Local,2026,5,2,400.0,1300.0,985.7142857142856,1.5,Summer,0
2026-05-14,Onion,23,Bengaluru,Medium,Bengaluru APMC,1200,800,1000,Karnataka,Local,2026,5,3,1000.0,400.0,1071.428571428571,0.0,Summer,0
2026-05-14,Onion,23,Bengaluru,Small,Bengaluru APMC,600,200,400,Karnataka,Bangalore-Samall,2026,5,3,1000.0,1400.0,928.5714285714286,-0.6,Summer,0
2026-05-14,Onion,23,Bengaluru,Large,Bengaluru APMC,1600,1200,1300,Karnataka,Onion,2026,5,3,400.0,1000.0,971.4285714285714,2.25,Summer,0
2026-05-15,Onion,23,Bengaluru,Large,Bengaluru APMC,1600,1200,1300,Karnataka,Onion,2026,5,4,1300.0,1400.0,957.1428571428572,0.0,Summer,0
2026-05-15,Onion,23,Bengaluru,Small,Bengaluru APMC,600,200,400,Karnataka,Bangalore-Samall,2026,5,4,1300.0,1300.0,828.5714285714286,-0.6923076923076923,Summer,0
2026-05-15,Onion,23,Bengaluru,Local,Bengaluru APMC,2000,1000,1400,Karnataka,Puna,2026,5,4,400.0,400.0,971.4285714285714,2.5,Summer,0
2026-05-16,Onion,23,Bengaluru,Large,Bengaluru APMC,1600,1200,1300,Karnataka,Onion,2026,5,5,1400.0,1000.0,1014.2857142857144,-0.0714285714285714,Summer,0
2026-05-16,Onion,23,Bengaluru,Medium,Bengaluru APMC,1200,800,1000,Karnataka,Local,2026,5,5,1300.0,1000.0,1014.2857142857144,-0.2307692307692307,Summer,0
2026-05-18,Onion,23,Bengaluru,Medium,Bengaluru APMC,1200,800,1000,Karnataka,Local,2026,5,0,1000.0,400.0,1100.0,0.0,Summer,0
2026-05-18,Onion,23,Bengaluru,Large,Bengaluru APMC,1600,1200,1300,Karnataka,Onion,2026,5,0,1000.0,1300.0,1100.0,0.3,Summer,0
2026-05-19,Onion,23,Bengaluru,Small,Bengaluru APMC,600,200,400,Karnataka,Bangalore-Samall,2026,5,1,1300.0,1300.0,971.4285714285714,-0.6923076923076923,Summer,0
2026-05-19,Onion,23,Bengaluru,Local,Bengaluru APMC,2000,1000,1400,Karnataka,Puna,2026,5,1,400.0,400.0,1114.2857142857142,2.5,Summer,0
2026-05-19,Onion,23,Bengaluru,Large,Bengaluru APMC,1600,1200,1300,Karnataka,Onion,2026,5,1,1400.0,1400.0,1100.0,-0.0714285714285714,Summer,0
2026-05-20,Onion,23,Bengaluru,Medium,Bengaluru APMC,1000,600,800,Karnataka,Local,2026,5,2,1300.0,1300.0,1028.571428571429,-0.3846153846153846,Summer,0
2026-05-20,Onion,23,Bengaluru,Large,Bengaluru APMC,1600,1000,1200,Karnataka,Onion,2026,5,2,800.0,1000.0,1057.142857142857,0.5,Summer,0
2026-05-20,Onion,23,Bengaluru,Small,Bengaluru APMC,600,200,300,Karnataka,Bangalore-Samall,2026,5,2,1200.0,1000.0,957.1428571428572,-0.75,Summer,0
2026-05-20,Onion,23,Bengaluru,Local,Bengaluru APMC,1800,800,1400,Karnataka,Puna,2026,5,2,300.0,1300.0,971.4285714285714,3.666666666666667,Summer,0
2026-05-21,Onion,23,Bengaluru,Local,Bengaluru APMC,1800,800,1400,Karnataka,Puna,2026,5,3,1400.0,400.0,1114.2857142857142,0.0,Summer,0
2026-05-21,Onion,23,Bengaluru,Small,Bengaluru APMC,600,200,300,Karnataka,Bangalore-Samall,2026,5,3,1400.0,1400.0,957.1428571428572,-0.7857142857142857,Summer,0
2026-05-21,Onion,23,Bengaluru,Medium,Bengaluru APMC,1000,600,800,Karnataka,Local,2026,5,3,300.0,1300.0,885.7142857142857,1.6666666666666663,Summer,0
2026-05-21,Onion,23,Bengaluru,Large,Bengaluru APMC,1600,1000,1200,Karnataka,Onion,2026,5,3,800.0,800.0,942.8571428571428,0.5,Summer,0
2026-05-22,Onion,23,Bengaluru,Large,Bengaluru APMC,1000,600,800,Karnataka,Onion,2026,5,4,1200.0,1200.0,885.7142857142857,-0.3333333333333333,Summer,0
2026-05-22,Onion,23,Bengaluru,Local,Bengaluru APMC,1600,800,1200,Karnataka,Puna,2026,5,4,800.0,300.0,1014.2857142857144,0.5,Summer,0
2026-05-22,Onion,23,Bengaluru,Small,Bengaluru APMC,600,200,300,Karnataka,Bangalore-Samall,2026,5,4,1200.0,1400.0,857.1428571428571,-0.75,Summer,0
2026-05-22,Onion,23,Bengaluru,Medium,Bengaluru APMC,600,200,300,Karnataka,Local,2026,5,4,300.0,1400.0,700.0,0.0,Summer,0
2026-05-23,Onion,23,Bengaluru,Large,Bengaluru APMC,1400,1000,1200,Karnataka,Onion,2026,5,5,300.0,300.0,828.5714285714286,3.0,Summer,0
2026-05-23,Onion,23,Bengaluru,Small,Bengaluru APMC,600,200,300,Karnataka,Bangalore-Samall,2026,5,5,1200.0,800.0,757.1428571428571,-0.75,Summer,0
2026-05-23,Onion,23,Bengaluru,Local,Bengaluru APMC,1600,800,1200,Karnataka,Puna,2026,5,5,300.0,1200.0,757.1428571428571,3.0,Summer,0
2026-05-25,Onion,23,Bengaluru,Local,Bengaluru APMC,1600,800,1200,Karnataka,Puna,2026,5,0,1200.0,800.0,814.2857142857143,0.0,Summer,0
2026-05-25,Onion,23,Bengaluru,Large,Bengaluru APMC,1400,1000,1200,Karnataka,Onion,2026,5,0,1200.0,1200.0,814.2857142857143,0.0,Summer,0
2026-05-25,Onion,23,Bengaluru,Medium,Bengaluru APMC,1000,600,800,Karnataka,Local,2026,5,0,1200.0,300.0,885.7142857142857,-0.3333333333333333,Summer,0
2026-05-26,Onion,23,Bengaluru,Medium,Bengaluru APMC,1000,600,800,Karnataka,Local,2026,5,1,800.0,300.0,957.1428571428572,0.0,Summer,0
2026-05-26,Onion,23,Bengaluru,Local,Bengaluru APMC,1600,800,1200,Karnataka,Puna,2026,5,1,800.0,1200.0,957.1428571428572,0.5,Summer,0
2026-05-26,Onion,23,Bengaluru,Small,Bengaluru APMC,600,200,300,Karnataka,Bangalore-Samall,2026,5,1,1200.0,300.0,957.1428571428572,-0.75,Summer,0
2026-05-27,Onion,23,Bengaluru,Medium,Bengaluru APMC,1000,600,800,Karnataka,Local,2026,5,2,300.0,1200.0,900.0,1.6666666666666663,Summer,0
2026-05-27,Onion,23,Bengaluru,Small,Bengaluru APMC,600,200,300,Karnataka,Bangalore-Samall,2026,5,2,800.0,1200.0,771.4285714285714,-0.625,Summer,0
2026-05-27,Onion,23,Bengaluru,Local,Bengaluru APMC,1600,800,1200,Karnataka,Puna,2026,5,2,300.0,1200.0,771.4285714285714,3.0,Summer,0
2026-05-28,Onion,23,Bengaluru,Local,Bengaluru APMC,1600,800,1200,Karnataka,Puna,2026,5,3,1200.0,800.0,828.5714285714286,0.0,Summer,0
2026-05-28,Onion,23,Bengaluru,Medium,Bengaluru APMC,1000,600,800,Karnataka,Local,2026,5,3,1200.0,800.0,828.5714285714286,-0.3333333333333333,Summer,0
2026-05-28,Onion,23,Bengaluru,Large,Bengaluru APMC,1400,1000,1200,Karnataka,Onion,2026,5,3,800.0,1200.0,828.5714285714286,0.5,Summer,0
2026-05-28,Onion,23,Bengaluru,Small,Bengaluru APMC,600,200,300,Karnataka,Bangalore-Samall,2026,5,3,1200.0,300.0,828.5714285714286,-0.75,Summer,0
2026-05-29,Onion,23,Bengaluru,Medium,Bengaluru APMC,1000,600,800,Karnataka,Local,2026,5,4,300.0,800.0,828.5714285714286,1.6666666666666663,Summer,0
2026-05-29,Onion,23,Bengaluru,Small,Bengaluru APMC,600,200,300,Karnataka,Bangalore-Samall,2026,5,4,800.0,300.0,828.5714285714286,-0.625,Summer,0
2026-05-29,Onion,23,Bengaluru,Large,Bengaluru APMC,1400,1000,1200,Karnataka,Onion,2026,5,4,300.0,1200.0,828.5714285714286,3.0,Summer,0
2026-05-30,Onion,23,Bengaluru,Large,Bengaluru APMC,1400,1000,1200,Karnataka,Onion,2026,5,5,1200.0,1200.0,828.5714285714286,0.0,Summer,0
2026-05-30,Onion,23,Bengaluru,Local,Bengaluru APMC,1600,800,1200,Karnataka,Puna,2026,5,5,1200.0,800.0,885.7142857142857,0.0,Summer,0
2026-05-30,Onion,23,Bengaluru,Medium,Bengaluru APMC,1000,600,800,Karnataka,Local,2026,5,5,1200.0,1200.0,828.5714285714286,-0.3333333333333333,Summer,0
2026-06-01,Onion,23,Bengaluru,Medium,Bengaluru APMC,1200,800,1000,Karnataka,Local,2026,6,0,800.0,300.0,928.5714285714286,0.25,Monsoon,0
2026-06-02,Onion,23,Bengaluru,Medium,Bengaluru APMC,1200,800,1000,Karnataka,Local,2026,6,1,1000.0,800.0,957.1428571428572,0.0,Monsoon,0
2026-06-02,Onion,23,Bengaluru,Large,Bengaluru APMC,2000,1200,1400,Karnataka,Onion,2026,6,1,1000.0,300.0,1114.2857142857142,0.3999999999999999,Monsoon,0
2026-06-03,Onion,23,Bengaluru,Small,Bengaluru APMC,800,400,600,Karnataka,Bangalore-Samall,2026,6,2,1400.0,1200.0,1028.571428571429,-0.5714285714285714,Monsoon,0
2026-06-03,Onion,23,Bengaluru,Large,Bengaluru APMC,2000,1200,1400,Karnataka,Onion,2026,6,2,600.0,1200.0,1057.142857142857,1.3333333333333337,Monsoon,0
2026-06-03,Onion,23,Bengaluru,Local,Bengaluru APMC,2400,1000,1400,Karnataka,Puna,2026,6,2,1400.0,1200.0,1085.7142857142858,0.0,Monsoon,0
2026-06-03,Onion,23,Bengaluru,Medium,Bengaluru APMC,1200,800,1000,Karnataka,Local,2026,6,2,1400.0,800.0,1114.2857142857142,-0.2857142857142857,Monsoon,0
2026-06-04,Onion,23,Bengaluru,Medium,Bengaluru APMC,1400,1000,1100,Karnataka,Local,2026,6,3,1000.0,1000.0,1128.571428571429,0.1,Monsoon,0
2026-06-05,Onion,23,Bengaluru,Large,Bengaluru APMC,2200,1600,1800,Karnataka,Onion,2026,6,4,1100.0,1000.0,1242.857142857143,0.6363636363636365,Monsoon,0
2026-06-05,Onion,23,Bengaluru,Local,Bengaluru APMC,2400,1000,1500,Karnataka,Puna,2026,6,4,1800.0,1400.0,1257.142857142857,-0.1666666666666666,Monsoon,0
2026-06-08,Onion,23,Bengaluru,Medium,Bengaluru APMC,1400,1000,1100,Karnataka,Local,2026,6,0,1500.0,600.0,1328.571428571429,-0.2666666666666667,Monsoon,0
2026-06-08,Onion,23,Bengaluru,Local,Bengaluru APMC,2400,1000,1500,Karnataka,Puna,2026,6,0,1100.0,1400.0,1342.857142857143,0.3636363636363635,Monsoon,0
2026-06-09,Onion,23,Bengaluru,Local,Bengaluru APMC,2400,1000,1500,Karnataka,Puna,2026,6,1,1500.0,1400.0,1357.142857142857,0.0,Monsoon,0
2026-06-09,Onion,23,Bengaluru,Small,Bengaluru APMC,1000,400,800,Karnataka,Bangalore-Samall,2026,6,1,1500.0,1000.0,1328.571428571429,-0.4666666666666667,Monsoon,0
2026-06-09,Onion,23,Bengaluru,Large,Bengaluru APMC,2200,1600,1800,Karnataka,Onion,2026,6,1,800.0,1100.0,1428.571428571429,1.25,Monsoon,0
2026-06-10,Onion,23,Bengaluru,Local,Bengaluru APMC,2400,1000,1500,Karnataka,Puna,2026,6,2,1800.0,1800.0,1385.7142857142858,-0.1666666666666666,Monsoon,0
2026-06-10,Onion,23,Bengaluru,Small,Bengaluru APMC,1000,400,800,Karnataka,Bangalore-Samall,2026,6,2,1500.0,1500.0,1285.7142857142858,-0.4666666666666667,Monsoon,0
2026-06-10,Onion,23,Bengaluru,Medium,Bengaluru APMC,1400,1000,1100,Karnataka,Local,2026,6,2,800.0,1100.0,1285.7142857142858,0.375,Monsoon,0
2026-06-11,Onion,23,Bengaluru,Medium,Bengaluru APMC,1400,1000,1100,Karnataka,Local,2026,6,3,1100.0,1500.0,1228.571428571429,0.0,Monsoon,0
2026-06-11,Onion,23,Bengaluru,Local,Bengaluru APMC,2400,1000,1500,Karnataka,Puna,2026,6,3,1100.0,1500.0,1228.571428571429,0.3636363636363635,Monsoon,0
2026-06-13,Onion,23,Bengaluru,Large,Bengaluru APMC,2200,1600,1800,Karnataka,Onion,2026,6,5,1500.0,800.0,1371.428571428571,0.1999999999999999,Monsoon,0
2026-06-13,Onion,23,Bengaluru,Medium,Bengaluru APMC,1400,1000,1100,Karnataka,Local,2026,6,5,1800.0,1800.0,1271.428571428571,-0.3888888888888888,Monsoon,0
2026-06-13,Onion,23,Bengaluru,Small,Bengaluru APMC,1000,400,800,Karnataka,Bangalore-Samall,2026,6,5,1100.0,1500.0,1171.428571428571,-0.2727272727272727,Monsoon,0
2026-06-13,Onion,23,Bengaluru,Local,Bengaluru APMC,2400,1000,1500,Karnataka,Puna,2026,6,5,800.0,800.0,1271.428571428571,0.875,Monsoon,0
2026-06-15,Onion,23,Bengaluru,Large,Bengaluru APMC,2200,1600,1800,Karnataka,Onion,2026,6,0,1500.0,1100.0,1371.428571428571,0.1999999999999999,Monsoon,0
2026-06-16,Onion,23,Bengaluru,Large,Bengaluru APMC,2200,1600,1800,Karnataka,Onion,2026,6,1,1800.0,1100.0,1471.428571428571,0.0,Monsoon,0
2026-06-16,Onion,23,Bengaluru,Local,Bengaluru APMC,2400,1000,1400,Karnataka,Puna,2026,6,1,1800.0,1500.0,1457.142857142857,-0.2222222222222222,Monsoon,0
2026-06-16,Onion,23,Bengaluru,Small,Bengaluru APMC,1000,500,800,Karnataka,Bangalore-Samall,2026,6,1,1400.0,1800.0,1314.2857142857142,-0.4285714285714286,Monsoon,0
2026-06-17,Onion,23,Bengaluru,Local,Bengaluru APMC,2400,1000,1400,Karnataka,Puna,2026,6,2,800.0,1100.0,1357.142857142857,0.75,Monsoon,0
2026-06-18,Onion,23,Bengaluru,Local,Bengaluru APMC,2400,1000,1400,Karnataka,Puna,2026,6,3,1400.0,800.0,1442.857142857143,0.0,Monsoon,0
2026-06-19,Onion,23,Bengaluru,Large,Bengaluru APMC,2200,1600,1800,Karnataka,Onion,2026,6,4,1400.0,1500.0,1485.7142857142858,0.2857142857142858,Monsoon,0
2026-06-19,Onion,23,Bengaluru,Medium,Bengaluru APMC,1400,1000,1200,Karnataka,Local,2026,6,4,1800.0,1800.0,1400.0,-0.3333333333333333,Monsoon,0
2026-06-20,Onion,23,Bengaluru,Large,Bengaluru APMC,2200,1600,2000,Karnataka,Onion,2026,6,5,1200.0,1800.0,1428.571428571429,0.6666666666666667,Monsoon,0
2026-06-22,Onion,23,Bengaluru,Large,Bengaluru APMC,2200,1600,2000,Karnataka,Onion,2026,6,0,2000.0,1400.0,1514.2857142857142,0.0,Monsoon,0
2026-06-22,Onion,23,Bengaluru,Small,Bengaluru APMC,1000,500,800,Karnataka,Bangalore-Samall,2026,6,0,2000.0,800.0,1514.2857142857142,-0.6,Monsoon,0
2026-06-22,Onion,23,Bengaluru,Local,Bengaluru APMC,2500,1000,2200,Karnataka,Puna,2026,6,0,800.0,1400.0,1628.571428571429,1.75,Monsoon,0
2026-06-23,Onion,23,Bengaluru,Large,Bengaluru APMC,2200,1600,2000,Karnataka,Onion,2026,6,1,2200.0,1400.0,1714.2857142857142,-0.0909090909090909,Monsoon,0
2026-06-23,Onion,23,Bengaluru,Local,Bengaluru APMC,2500,1000,2200,Karnataka,Puna,2026,6,1,2000.0,1800.0,1771.428571428571,0.1,Monsoon,0
2026-06-23,Onion,23,Bengaluru,Small,Bengaluru APMC,1000,500,800,Karnataka,Bangalore-Samall,2026,6,1,2200.0,1200.0,1714.2857142857142,-0.6363636363636364,Monsoon,0
2026-06-24,Onion,23,Bengaluru,Medium,Bengaluru APMC,1600,1000,1200,Karnataka,Local,2026,6,2,800.0,2000.0,1600.0,0.5,Monsoon,0
2026-06-24,Onion,23,Bengaluru,Local,Bengaluru APMC,2500,1000,2200,Karnataka,Puna,2026,6,2,1200.0,2000.0,1628.571428571429,0.8333333333333333,Monsoon,0
2026-06-24,Onion,23,Bengaluru,Small,Bengaluru APMC,1000,500,800,Karnataka,Bangalore-Samall,2026,6,2,2200.0,800.0,1628.571428571429,-0.6363636363636364,Monsoon,0
2026-06-25,Onion,23,Bengaluru,Medium,Bengaluru APMC,1600,1000,1200,Karnataka,Local,2026,6,3,800.0,2200.0,1485.7142857142858,0.5,Monsoon,0
2026-06-25,Onion,23,Bengaluru,Large,Bengaluru APMC,2200,1600,2000,Karnataka,Onion,2026,6,3,1200.0,2000.0,1485.7142857142858,0.6666666666666667,Monsoon,0
2026-06-25,Onion,23,Bengaluru,Local,Bengaluru APMC,2500,1000,2200,Karnataka,Puna,2026,6,3,2000.0,2200.0,1485.7142857142858,0.1,Monsoon,0
2026-06-25,Onion,23,Bengaluru,Small,Bengaluru APMC,1000,500,800,Karnataka,Bangalore-Samall,2026,6,3,2200.0,800.0,1485.7142857142858,-0.6363636363636364,Monsoon,0
2026-06-26,Onion,23,Bengaluru,Small,Bengaluru APMC,1000,500,800,Karnataka,Bangalore-Samall,2026,6,4,800.0,1200.0,1428.571428571429,0.0,Monsoon,0
2026-06-29,Onion,23,Bengaluru,Large,Bengaluru APMC,2600,1800,2200,Karnataka,Onion,2026,6,0,800.0,2200.0,1428.571428571429,1.75,Monsoon,0
2026-06-29,Onion,23,Bengaluru,Local,Bengaluru APMC,2800,1500,2200,Karnataka,Puna,2026,6,0,2200.0,800.0,1628.571428571429,0.0,Monsoon,0
2026-06-29,Onion,23,Bengaluru,Small,Bengaluru APMC,1200,600,1000,Karnataka,Bangalore-Samall,2026,6,0,2200.0,1200.0,1600.0,-0.5454545454545454,Monsoon,0
2026-06-29,Onion,23,Bengaluru,Medium,Bengaluru APMC,1800,1200,1400,Karnataka,Local,2026,6,0,1000.0,2000.0,1514.2857142857142,0.3999999999999999,Monsoon,0
2026-06-30,Onion,23,Bengaluru,Large,Bengaluru APMC,2600,1800,2200,Karnataka,Onion,2026,6,1,1400.0,2200.0,1514.2857142857142,0.5714285714285714,Monsoon,0
2026-07-01,Onion,23,Bengaluru,Large,Bengaluru APMC,2600,1800,2200,Karnataka,Onion,2026,7,2,2200.0,800.0,1714.2857142857142,0.0,Monsoon,0
2026-07-01,Onion,23,Bengaluru,Small,Bengaluru APMC,1200,600,1000,Karnataka,Bangalore-Samall,2026,7,2,2200.0,800.0,1742.857142857143,-0.5454545454545454,Monsoon,0
2026-07-02,Onion,23,Bengaluru,Large,Bengaluru APMC,2600,1800,2200,Karnataka,Onion,2026,7,3,1000.0,2200.0,1742.857142857143,1.2000000000000002,Monsoon,0
2026-07-02,Onion,23,Bengaluru,Medium,Bengaluru APMC,1800,1200,1400,Karnataka,Local,2026,7,3,2200.0,2200.0,1628.571428571429,-0.3636363636363636,Monsoon,0
2026-07-02,Onion,23,Bengaluru,Small,Bengaluru APMC,1200,600,1000,Karnataka,Bangalore-Samall,2026,7,3,1400.0,1000.0,1628.571428571429,-0.2857142857142857,Monsoon,0
2026-07-03,Onion,23,Bengaluru,Large,Bengaluru APMC,2600,1800,2200,Karnataka,Onion,2026,7,4,1000.0,1400.0,1742.857142857143,1.2000000000000002,Monsoon,0
2026-07-03,Onion,23,Bengaluru,Medium,Bengaluru APMC,1800,1200,1400,Karnataka,Local,2026,7,4,2200.0,2200.0,1628.571428571429,-0.3636363636363636,Monsoon,0
2026-07-04,Onion,23,Bengaluru,Medium,Bengaluru APMC,1800,1200,1400,Karnataka,Local,2026,7,5,1400.0,2200.0,1514.2857142857142,0.0,Monsoon,0
2026-07-04,Onion,23,Bengaluru,Local,Bengaluru APMC,2800,1500,2200,Karnataka,Puna,2026,7,5,1400.0,1000.0,1685.7142857142858,0.5714285714285714,Monsoon,0
2026-07-04,Onion,23,Bengaluru,Large,Bengaluru APMC,2600,1800,2300,Karnataka,Onion,2026,7,5,2200.0,2200.0,1700.0,0.0454545454545454,Monsoon,0
2026-07-04,Onion,23,Bengaluru,Small,Bengaluru APMC,1200,600,1000,Karnataka,Bangalore-Samall,2026,7,5,2300.0,1400.0,1642.857142857143,-0.5652173913043479,Monsoon,0
2026-07-06,Onion,23,Bengaluru,Large,Bengaluru APMC,2800,1800,2400,Karnataka,Onion,2026,7,0,1000.0,1000.0,1842.857142857143,1.4,Monsoon,0
2026-07-07,Onion,23,Bengaluru,Large,Bengaluru APMC,2800,1800,2400,Karnataka,Onion,2026,7,1,2400.0,2200.0,1871.4285714285716,0.0,Monsoon,0
2026-07-07,Onion,23,Bengaluru,Medium,Bengaluru APMC,2200,1500,1800,Karnataka,Local,2026,7,1,2400.0,1400.0,1928.571428571429,-0.25,Monsoon,0
2026-07-07,Onion,23,Bengaluru,Small,Bengaluru APMC,1500,1000,1200,Karnataka,Bangalore-Samall,2026,7,1,1800.0,1400.0,1900.0,-0.3333333333333333,Monsoon,0
2026-07-08,Onion,23,Bengaluru,Medium,Bengaluru APMC,2200,1500,1800,Karnataka,Local,2026,7,2,1200.0,2200.0,1842.857142857143,0.5,Monsoon,0
2026-07-08,Onion,23,Bengaluru,Large,Bengaluru APMC,2800,1800,2400,Karnataka,Onion,2026,7,2,1800.0,2300.0,1857.142857142857,0.3333333333333332,Monsoon,0
2026-07-08,Onion,23,Bengaluru,Small,Bengaluru APMC,1500,1000,1200,Karnataka,Bangalore-Samall,2026,7,2,2400.0,1000.0,1885.7142857142856,-0.5,Monsoon,0
2026-07-09,Onion,23,Bengaluru,Medium,Bengaluru APMC,2200,1500,1800,Karnataka,Local,2026,7,3,1200.0,2400.0,1800.0,0.5,Monsoon,0
2026-07-09,Onion,23,Bengaluru,Large,Bengaluru APMC,2800,1800,2400,Karnataka,Onion,2026,7,3,1800.0,2400.0,1800.0,0.3333333333333332,Monsoon,0
2026-07-10,Onion,23,Bengaluru,Medium,Bengaluru APMC,2200,1500,1800,Karnataka,Local,2026,7,4,2400.0,1800.0,1800.0,-0.25,Monsoon,0
2026-07-11,Onion,23,Bengaluru,Large,Bengaluru APMC,2800,1800,2400,Karnataka,Onion,2026,7,5,1800.0,1200.0,1971.4285714285716,0.3333333333333332,Monsoon,0
2026-07-11,Onion,23,Bengaluru,Medium,Bengaluru APMC,2200,1500,1800,Karnataka,Local,2026,7,5,2400.0,1800.0,1971.4285714285716,-0.25,Monsoon,0
2026-07-13,Onion,23,Bengaluru,Medium,Bengaluru APMC,2200,1500,1800,Karnataka,Local,2026,7,0,1800.0,2400.0,1885.7142857142856,0.0,Monsoon,0
2026-07-14,Onion,23,Bengaluru,Medium,Bengaluru APMC,2200,1500,1800,Karnataka,Local,2026,7,1,1800.0,1200.0,1971.4285714285716,0.0,Monsoon,0
2026-07-14,Onion,23,Bengaluru,Medium,Bengaluru APMC,2800,1800,2400,Karnataka,Onion,2026,7,1,1800.0,1800.0,2057.1428571428573,0.3333333333333332,Monsoon,0
2026-07-15,Onion,23,Bengaluru,Large,Bengaluru APMC,2800,1800,2400,Karnataka,Onion,2026,7,2,2400.0,2400.0,2057.1428571428573,0.0,Monsoon,0
2026-07-15,Onion,23,Bengaluru,Medium,Bengaluru APMC,2200,1500,1800,Karnataka,Local,2026,7,2,2400.0,1800.0,2057.1428571428573,-0.25,Monsoon,0
2026-07-15,Onion,23,Bengaluru,Local,Bengaluru APMC,3200,1500,2500,Karnataka,Puna,2026,7,2,1800.0,2400.0,2071.428571428572,0.3888888888888888,Monsoon,0
2026-07-15,Onion,23,Bengaluru,Small,Bengaluru APMC,1500,1000,1200,Karnataka,Bangalore-Samall,2026,7,2,2500.0,1800.0,1985.7142857142856,-0.52,Monsoon,0
2026-07-16,Onion,23,Bengaluru,Small,Bengaluru APMC,1500,1000,1200,Karnataka,Bangalore-Samall,2026,7,3,1200.0,1800.0,1900.0,0.0,Monsoon,0
2026-07-16,Onion,23,Bengaluru,Medium,Bengaluru APMC,2200,1500,1800,Karnataka,Local,2026,7,3,1200.0,1800.0,1900.0,0.5,Monsoon,0
2026-07-17,Onion,23,Bengaluru,Large,Bengaluru APMC,2800,1800,2400,Karnataka,Onion,2026,7,4,1800.0,2400.0,1900.0,0.3333333333333332,Monsoon,0
2026-07-17,Onion,23,Bengaluru,Medium,Bengaluru APMC,2200,1500,1800,Karnataka,Local,2026,7,4,2400.0,2400.0,1814.2857142857144,-0.25,Monsoon,0
2026-07-18,Onion,23,Bengaluru,Medium,Bengaluru APMC,2200,1500,1800,Karnataka,Local,2026,7,5,1800.0,1800.0,1814.2857142857144,0.0,Monsoon,0
2026-07-18,Onion,23,Bengaluru,Local,Bengaluru APMC,3200,1500,2500,Karnataka,Puna,2026,7,5,1800.0,2500.0,1814.2857142857144,0.3888888888888888,Monsoon,0
2026-07-18,Onion,23,Bengaluru,Small,Bengaluru APMC,1500,1000,1200,Karnataka,Bangalore-Samall,2026,7,5,2500.0,1200.0,1814.2857142857144,-0.52,Monsoon,0
2026-07-18,Onion,23,Bengaluru,Large,Bengaluru APMC,2800,1800,2400,Karnataka,Onion,2026,7,5,1200.0,1200.0,1985.7142857142856,1.0,Monsoon,0
2026-07-20,Onion,23,Bengaluru,Large,Bengaluru APMC,2800,1800,2400,Karnataka,Onion,2026,7,0,2400.0,1800.0,2071.428571428572,0.0,Monsoon,0
2026-07-20,Onion,23,Bengaluru,Local,Bengaluru APMC,3200,1500,2500,Karnataka,Puna,2026,7,0,2400.0,2400.0,2085.714285714286,0.0416666666666667,Monsoon,0
2026-07-20,Onion,23,Bengaluru,Medium,Bengaluru APMC,2200,1500,1800,Karnataka,Local,2026,7,0,2500.0,1800.0,2085.714285714286,-0.28,Monsoon,0
2026-07-21,Onion,23,Bengaluru,Large,Bengaluru APMC,2800,2400,2500,Karnataka,Onion,2026,7,1,1800.0,1800.0,2185.714285714286,0.3888888888888888,Monsoon,0
2026-07-22,Onion,23,Bengaluru,Local,Bengaluru APMC,3200,2000,2600,Karnataka,Puna,2026,7,2,2500.0,2500.0,2200.0,0.04,Monsoon,1
2026-07-22,Onion,23,Bengaluru,Medium,Bengaluru APMC,2200,1400,2000,Karnataka,Local,2026,7,2,2600.0,1200.0,2314.285714285714,-0.2307692307692307,Monsoon,0
2026-07-22,Onion,23,Bengaluru,Small,Bengaluru APMC,1500,1000,1200,Karnataka,Bangalore-Samall,2026,7,2,2000.0,2400.0,2142.8571428571427,-0.4,Monsoon,0
2026-07-23,Onion,23,Bengaluru,Medium,Bengaluru APMC,2200,1400,2000,Karnataka,Local,2026,7,3,1200.0,2400.0,2085.714285714286,0.6666666666666667,Monsoon,0
2026-07-23,Onion,23,Bengaluru,Local,Bengaluru APMC,3200,2000,2600,Karnataka,Puna,2026,7,3,2000.0,2500.0,2100.0,0.3,Monsoon,1
2026-07-23,Onion,23,Bengaluru,Large,Bengaluru APMC,2800,2400,2500,Karnataka,Onion,2026,7,3,2600.0,1800.0,2200.0,-0.0384615384615384,Monsoon,0
2026-07-24,Onion,23,Bengaluru,Local,Bengaluru APMC,3200,2000,2600,Karnataka,Puna,2026,7,4,2500.0,2500.0,2214.285714285714,0.04,Monsoon,1
2026-07-24,Onion,23,Bengaluru,Medium,Bengaluru APMC,2200,1400,2000,Karnataka,Local,2026,7,4,2600.0,2600.0,2128.5714285714284,-0.2307692307692307,Monsoon,0
2026-07-24,Onion,23,Bengaluru,Small,Bengaluru APMC,1500,1000,1200,Karnataka,Bangalore-Samall,2026,7,4,2000.0,2000.0,2014.2857142857144,-0.4,Monsoon,0
2026-07-27,Onion,23,Bengaluru,Medium,Bengaluru APMC,2200,1400,2000,Karnataka,Local,2026,7,0,1200.0,1200.0,2128.5714285714284,0.6666666666666667,Monsoon,0
2026-07-28,Onion,23,Bengaluru,Medium,Bengaluru APMC,2200,1400,2000,Karnataka,Local,2026,7,1,2000.0,2000.0,2128.5714285714284,0.0,Monsoon,0
2026-07-28,Onion,23,Bengaluru,Small,Bengaluru APMC,1500,1000,1200,Karnataka,Bangalore-Samall,2026,7,1,2000.0,2600.0,1928.571428571429,-0.4,Monsoon,0
2026-07-28,Onion,23,Bengaluru,Large,Bengaluru APMC,2800,2400,2500,Karnataka,Onion,2026,7,1,1200.0,2500.0,1928.571428571429,1.0833333333333337,Monsoon,0
2026-07-29,Onion,23,Bengaluru,Local,Bengaluru APMC,3200,2000,2600,Karnataka,Puna,2026,7,2,2500.0,2600.0,1928.571428571429,0.04,Monsoon,1
2026-07-29,Onion,23,Bengaluru,Large,Bengaluru APMC,2800,2400,2500,Karnataka,Onion,2026,7,2,2600.0,2000.0,2000.0,-0.0384615384615384,Monsoon,0
2026-07-29,Onion,23,Bengaluru,Medium,Bengaluru APMC,2200,1400,2000,Karnataka,Local,2026,7,2,2500.0,1200.0,2114.285714285714,-0.1999999999999999,Monsoon,0
2026-07-30,Onion,23,Bengaluru,Large,Bengaluru APMC,2800,2400,2500,Karnataka,Onion,2026,7,3,2000.0,2000.0,2185.714285714286,0.25,Monsoon,0
2026-07-30,Onion,23,Bengaluru,Small,Bengaluru APMC,1500,1000,1200,Karnataka,Bangalore-Samall,2026,7,3,2500.0,2000.0,2071.428571428572,-0.52,Monsoon,0
2026-07-31,Onion,23,Bengaluru,Large,Bengaluru APMC,2800,2400,2500,Karnataka,Onion,2026,7,4,1200.0,1200.0,2257.1428571428573,1.0833333333333337,Monsoon,0
2026-07-31,Onion,23,Bengaluru,Small,Bengaluru APMC,1500,1000,1200,Karnataka,Bangalore-Samall,2026,7,4,2500.0,2500.0,2071.428571428572,-0.52,Monsoon,0
2026-08-01,Onion,23,Bengaluru,Local,Bengaluru APMC,3200,2000,2600,Karnataka,Puna,2026,8,5,1200.0,2600.0,2071.428571428572,1.1666666666666663,Monsoon,1
2026-08-01,Onion,23,Bengaluru,Large,Bengaluru APMC,2800,2400,2500,Karnataka,Onion,2026,8,5,2600.0,2500.0,2071.428571428572,-0.0384615384615384,Monsoon,0
2026-08-01,Onion,23,Bengaluru,Small,Bengaluru APMC,1500,1000,1200,Karnataka,Bangalore-Samall,2026,8,5,2500.0,2000.0,1957.142857142857,-0.52,Monsoon,0
2026-08-03,Onion,23,Bengaluru,Large,Bengaluru APMC,2800,2000,2400,Karnataka,Onion,2026,8,0,1200.0,2500.0,1942.857142857143,1.0,Monsoon,0
2026-08-03,Onion,23,Bengaluru,Medium,Bengaluru APMC,2000,1500,1800,Karnataka,Local,2026,8,0,2400.0,1200.0,2028.571428571429,-0.25,Monsoon,0
2026-08-04,Onion,23,Bengaluru,Small,Bengaluru APMC,1500,1000,1200,Karnataka,Bangalore-Samall,2026,8,1,1800.0,2500.0,1842.857142857143,-0.3333333333333333,Monsoon,0
2026-08-05,Onion,23,Bengaluru,Local,Bengaluru APMC,3400,2000,2800,Karnataka,Puna,2026,8,2,1200.0,1200.0,2071.428571428572,1.3333333333333337,Monsoon,1
2026-08-05,Onion,23,Bengaluru,Large,Bengaluru APMC,2800,2000,2400,Karnataka,Onion,2026,8,2,2800.0,2600.0,2042.857142857143,-0.1428571428571429,Monsoon,0
2026-08-06,Onion,23,Bengaluru,Local,Bengaluru APMC,3400,2000,2800,Karnataka,Puna,2026,8,3,2400.0,2500.0,2085.714285714286,0.1666666666666667,Monsoon,1
2026-08-07,Onion,23,Bengaluru,Large,Bengaluru APMC,2800,2000,2400,Karnataka,Onion,2026,8,4,2800.0,1200.0,2257.1428571428573,-0.1428571428571429,Monsoon,0
2026-08-07,Onion,23,Bengaluru,Small,Bengaluru APMC,1500,1000,1200,Karnataka,Bangalore-Samall,2026,8,4,2400.0,2400.0,2085.714285714286,-0.5,Monsoon,0
2022-01-01,Onion,23,Dharwad,FAQ,Hubli (Amaragol),3200,500,1500,Karnataka,Local,2022,1,5,1700.0,,1600.0,-0.1176470588235294,Winter,0
2022-01-03,Onion,23,Dharwad,FAQ,Hubli (Amaragol),2800,800,1350,Karnataka,Telagi,2022,1,0,1500.0,,1516.6666666666667,-0.0999999999999999,Winter,0
2022-01-07,Onion,23,Dharwad,FAQ,Hubli (Amaragol),4500,800,2000,Karnataka,Puna,2022,1,4,1350.0,,1637.5,0.4814814814814814,Winter,0
2022-01-08,Onion,23,Dharwad,FAQ,Hubli (Amaragol),2350,500,1350,Karnataka,Local,2022,1,5,2000.0,,1580.0,-0.3249999999999999,Winter,0
2022-01-08,Onion,23,Dharwad,FAQ,Hubli (Amaragol),3000,500,1500,Karnataka,Puna,2022,1,5,1350.0,,1566.6666666666667,0.1111111111111111,Winter,0
2022-01-10,Onion,23,Dharwad,FAQ,Hubli (Amaragol),2000,500,1000,Karnataka,Local,2022,1,0,1500.0,,1485.7142857142858,-0.3333333333333333,Winter,0
2022-01-12,Onion,23,Dharwad,FAQ,Hubli (Amaragol),3100,500,1900,Karnataka,Puna,2022,1,2,1000.0,1700.0,1514.2857142857142,0.8999999999999999,Winter,0
2022-01-17,Onion,23,Dharwad,FAQ,Hubli (Amaragol),3200,500,1700,Karnataka,Puna,2022,1,0,1900.0,1500.0,1542.857142857143,-0.1052631578947368,Winter,0
2022-01-18,Onion,23,Dharwad,FAQ,Hubli (Amaragol),2400,1200,1500,Karnataka,Telagi,2022,1,1,1700.0,1350.0,1564.2857142857142,-0.1176470588235294,Winter,0
2022-01-21,Onion,23,Dharwad,FAQ,Hubli (Amaragol),2760,500,1100,Karnataka,Local,2022,1,4,1500.0,2000.0,1435.7142857142858,-0.2666666666666667,Winter,0
2022-01-22,Onion,23,Dharwad,FAQ,Hubli (Amaragol),2200,300,1100,Karnataka,Telagi,2022,1,5,1100.0,1350.0,1400.0,0.0,Winter,0
2022-01-24,Onion,23,Dharwad,FAQ,Hubli (Amaragol),2450,300,1100,Karnataka,Local,2022,1,0,1100.0,1500.0,1342.857142857143,0.0,Winter,0
2022-01-27,Onion,23,Dharwad,FAQ,Hubli (Amaragol),2200,500,1200,Karnataka,Telagi,2022,1,3,1100.0,1000.0,1371.428571428571,0.0909090909090908,Winter,0
2022-01-28,Onion,23,Dharwad,FAQ,Hubli (Amaragol),2250,500,1200,Karnataka,Telagi,2022,1,4,1200.0,1900.0,1271.428571428571,0.0,Winter,0
2022-01-29,Onion,23,Dharwad,FAQ,Hubli (Amaragol),2450,200,1200,Karnataka,Local,2022,1,5,1200.0,1700.0,1200.0,0.0,Winter,0
2022-01-31,Onion,23,Dharwad,FAQ,Hubli (Amaragol),2000,300,1000,Karnataka,Local,2022,1,0,1200.0,1500.0,1128.571428571429,-0.1666666666666666,Winter,0
2022-02-01,Onion,23,Dharwad,FAQ,Hubli (Amaragol),2000,300,1000,Karnataka,Local,2022,2,1,1000.0,1100.0,1114.2857142857142,0.0,Winter,0
2022-02-07,Onion,23,Dharwad,FAQ,Hubli (Amaragol),3000,500,1550,Karnataka,Puna,2022,2,0,1000.0,1100.0,1178.571428571429,0.55,Winter,0
2022-02-08,Onion,23,Dharwad,FAQ,Hubli (Amaragol),1400,200,700,Karnataka,Local,2022,2,1,1550.0,1100.0,1121.428571428571,-0.5483870967741935,Winter,0
2022-02-08,Onion,23,Dharwad,FAQ,Hubli (Amaragol),3200,500,1650,Karnataka,Puna,2022,2,1,700.0,1200.0,1185.7142857142858,1.3571428571428572,Winter,0
2022-02-10,Onion,23,Dharwad,FAQ,Hubli (Amaragol),3500,500,1900,Karnataka,Puna,2022,2,3,1650.0,1200.0,1285.7142857142858,0.1515151515151516,Winter,0
2022-02-11,Onion,23,Dharwad,FAQ,Hubli (Amaragol),3000,300,1400,Karnataka,Telagi,2022,2,4,1900.0,1200.0,1314.2857142857142,-0.2631578947368421,Winter,0
2022-02-15,Onion,23,Dharwad,FAQ,Hubli (Amaragol),2500,2500,2500,Karnataka,Other,2022,2,1,1400.0,1000.0,1528.571428571429,0.7857142857142858,Winter,0
2022-02-15,Onion,23,Dharwad,FAQ,Hubli (Amaragol),2500,200,1200,Karnataka,Telagi,2022,2,1,2500.0,1000.0,1557.142857142857,-0.52,Winter,0
2022-02-16,Onion,23,Dharwad,FAQ,Hubli (Amaragol),1800,200,850,Karnataka,Local,2022,2,2,1200.0,1550.0,1457.142857142857,-0.2916666666666666,Winter,0
2022-02-17,Onion,23,Dharwad,FAQ,Hubli (Amaragol),3500,500,1650,Karnataka,Puna,2022,2,3,850.0,700.0,1592.857142857143,0.9411764705882352,Winter,0
2022-02-18,Onion,23,Dharwad,FAQ,Hubli (Amaragol),3300,300,1600,Karnataka,Puna,2022,2,4,1650.0,1650.0,1585.7142857142858,-0.0303030303030302,Winter,0
2022-02-22,Onion,23,Dharwad,FAQ,Hubli (Amaragol),3200,500,1450,Karnataka,Telagi,2022,2,1,1600.0,1900.0,1521.428571428571,-0.09375,Winter,0
2022-02-25,Onion,23,Dharwad,FAQ,Hubli (Amaragol),3200,500,1550,Karnataka,Puna,2022,2,4,1450.0,1400.0,1542.857142857143,0.0689655172413792,Winter,0
2022-03-01,Onion,23,Dharwad,FAQ,Hubli (Amaragol),1630,300,820,Karnataka,Local,2022,3,1,1550.0,2500.0,1302.857142857143,-0.4709677419354838,Summer,0
2022-03-10,Onion,23,Dharwad,FAQ,Hubli (Amaragol),1400,200,750,Karnataka,Local,2022,3,3,820.0,1200.0,1238.571428571429,-0.0853658536585365,Summer,0
2022-03-11,Onion,23,Dharwad,FAQ,Hubli (Amaragol),1800,200,1000,Karnataka,Puna,2022,3,4,750.0,850.0,1260.0,0.3333333333333332,Summer,0
2022-03-15,Onion,23,Dharwad,FAQ,Hubli (Amaragol),1300,300,800,Karnataka,Telagi,2022,3,1,1000.0,1650.0,1138.571428571429,-0.1999999999999999,Summer,0
2022-03-18,Onion,23,Dharwad,FAQ,Hubli (Amaragol),1300,200,850,Karnataka,Telagi,2022,3,4,800.0,1600.0,1031.428571428571,0.0625,Summer,0
2022-03-19,Onion,23,Dharwad,FAQ,Hubli (Amaragol),1400,200,730,Karnataka,Telagi,2022,3,5,850.0,1450.0,928.5714285714286,-0.1411764705882353,Summer,0
2022-03-21,Onion,23,Dharwad,FAQ,Hubli (Amaragol),1400,200,710,Karnataka,Local,2022,3,0,730.0,1550.0,808.5714285714286,-0.0273972602739726,Summer,0
2022-03-21,Onion,23,Dharwad,FAQ,Hubli (Amaragol),1700,300,1050,Karnataka,Puna,2022,3,0,710.0,820.0,841.4285714285714,0.4788732394366197,Summer,0
2022-03-21,Onion,23,Dharwad,FAQ,Hubli (Amaragol),1400,200,730,Karnataka,Telagi,2022,3,0,1050.0,750.0,838.5714285714286,-0.3047619047619048,Summer,0
2022-03-23,Onion,23,Dharwad,FAQ,Hubli (Amaragol),1600,200,730,Karnataka,Telagi,2022,3,2,730.0,1000.0,800.0,0.0,Summer,0
2022-03-24,Onion,23,Dharwad,FAQ,Hubli (Amaragol),1600,300,1050,Karnataka,Puna,2022,3,3,730.0,800.0,835.7142857142857,0.4383561643835616,Summer,0
2022-03-30,Onion,23,Dharwad,FAQ,Hubli (Amaragol),1200,200,600,Karnataka,Telagi,2022,3,2,1050.0,850.0,800.0,-0.4285714285714286,Summer,0
2022-03-31,Onion,23,Dharwad,FAQ,Hubli (Amaragol),1450,300,950,Karnataka,Puna,2022,3,3,600.0,730.0,831.4285714285714,0.5833333333333333,Summer,0
2022-04-04,Onion,23,Dharwad,FAQ,Hubli (Amaragol),1500,300,960,Karnataka,Puna,2022,4,0,950.0,710.0,867.1428571428571,0.0105263157894737,Summer,0
2022-04-07,Onion,23,Dharwad,FAQ,Hubli (Amaragol),1500,300,1000,Karnataka,Puna,2022,4,3,960.0,1050.0,860.0,0.0416666666666667,Summer,0
2022-04-08,Onion,23,Dharwad,FAQ,Hubli (Amaragol),1220,200,630,Karnataka,Telagi,2022,4,4,1000.0,730.0,845.7142857142857,-0.37,Summer,0
2022-04-12,Onion,23,Dharwad,FAQ,Hubli (Amaragol),1000,300,580,Karnataka,Telagi,2022,4,1,630.0,730.0,824.2857142857143,-0.0793650793650794,Summer,0
2022-04-22,Onion,23,Dharwad,FAQ,Hubli (Amaragol),1500,300,1025,Karnataka,Puna,2022,4,4,580.0,1050.0,820.7142857142857,0.7672413793103448,Summer,0
2022-04-25,Onion,23,Dharwad,FAQ,Hubli (Amaragol),1200,300,780,Karnataka,Telagi,2022,4,0,1025.0,600.0,846.4285714285714,-0.2390243902439024,Summer,0
2022-04-26,Onion,23,Dharwad,FAQ,Hubli (Amaragol),1450,400,1000,Karnataka,Puna,2022,4,1,780.0,950.0,853.5714285714286,0.2820512820512821,Summer,0
2022-04-29,Onion,23,Dharwad,FAQ,Hubli (Amaragol),1150,200,640,Karnataka,Telagi,2022,4,4,1000.0,960.0,807.8571428571429,-0.36,Summer,0
2022-04-30,Onion,23,Dharwad,FAQ,Hubli (Amaragol),1300,300,850,Karnataka,Puna,2022,4,5,640.0,1000.0,786.4285714285714,0.328125,Summer,0
2022-04-30,Onion,23,Dharwad,FAQ,Hubli (Amaragol),1000,200,580,Karnataka,Telagi,2022,4,5,850.0,630.0,779.2857142857143,-0.3176470588235294,Summer,0
2022-05-04,Onion,23,Dharwad,FAQ,Hubli (Amaragol),900,200,560,Karnataka,Telagi,2022,5,2,580.0,580.0,776.4285714285714,-0.0344827586206896,Summer,0
2022-05-06,Onion,23,Dharwad,FAQ,Hubli (Amaragol),1300,300,860,Karnataka,Puna,2022,5,4,560.0,1025.0,752.8571428571429,0.5357142857142858,Summer,0
2022-05-09,Onion,23,Dharwad,FAQ,Hubli (Amaragol),1100,200,580,Karnataka,Telagi,2022,5,0,860.0,780.0,724.2857142857143,-0.3255813953488372,Summer,0
2022-05-11,Onion,23,Dharwad,FAQ,Hubli (Amaragol),1300,300,850,Karnataka,Puna,2022,5,2,580.0,1000.0,702.8571428571429,0.4655172413793103,Summer,0
2022-05-14,Onion,23,Dharwad,FAQ,Hubli (Amaragol),1000,200,590,Karnataka,Telagi,2022,5,5,850.0,640.0,695.7142857142857,-0.3058823529411765,Summer,0
2022-05-16,Onion,23,Dharwad,FAQ,Hubli (Amaragol),1350,300,930,Karnataka,Puna,2022,5,0,590.0,850.0,707.1428571428571,0.576271186440678,Summer,0
2022-05-17,Onion,23,Dharwad,FAQ,Hubli (Amaragol),930,200,600,Karnataka,Telagi,2022,5,1,930.0,580.0,710.0,-0.3548387096774194,Summer,0
2022-05-18,Onion,23,Dharwad,FAQ,Hubli (Amaragol),1300,200,870,Karnataka,Puna,2022,5,2,600.0,560.0,754.2857142857143,0.4499999999999999,Summer,0
2022-05-24,Onion,23,Dharwad,FAQ,Hubli (Amaragol),1500,400,900,Karnataka,Puna,2022,5,1,870.0,860.0,760.0,0.0344827586206897,Summer,0
2022-05-30,Onion,23,Dharwad,FAQ,Hubli (Amaragol),1100,300,580,Karnataka,Telagi,2022,5,0,900.0,580.0,760.0,-0.3555555555555555,Summer,0
2022-05-31,Onion,23,Dharwad,FAQ,Hubli (Amaragol),1200,200,580,Karnataka,Telagi,2022,5,1,580.0,850.0,721.4285714285714,0.0,Summer,0
2022-06-03,Onion,23,Dharwad,FAQ,Hubli (Amaragol),1700,500,1050,Karnataka,Puna,2022,6,4,580.0,590.0,787.1428571428571,0.8103448275862069,Monsoon,0
2022-06-03,Onion,23,Dharwad,FAQ,Hubli (Amaragol),1300,200,700,Karnataka,Telagi,2022,6,4,1050.0,930.0,754.2857142857143,-0.3333333333333333,Monsoon,0
2022-06-10,Onion,23,Dharwad,FAQ,Hubli (Amaragol),2000,500,1150,Karnataka,Puna,2022,6,4,700.0,600.0,832.8571428571429,0.6428571428571428,Monsoon,0
2022-06-10,Onion,23,Dharwad,FAQ,Hubli (Amaragol),1300,150,680,Karnataka,Telagi,2022,6,4,1150.0,870.0,805.7142857142857,-0.408695652173913,Monsoon,0
2022-06-11,Onion,23,Dharwad,FAQ,Hubli (Amaragol),1550,300,870,Karnataka,Telagi,2022,6,5,680.0,900.0,801.4285714285714,0.2794117647058822,Monsoon,0
2022-06-13,Onion,23,Dharwad,FAQ,Hubli (Amaragol),1850,400,1030,Karnataka,Puna,2022,6,0,870.0,580.0,865.7142857142857,0.1839080459770115,Monsoon,0
2022-06-14,Onion,23,Dharwad,FAQ,Hubli (Amaragol),1450,200,780,Karnataka,Telagi,2022,6,1,1030.0,580.0,894.2857142857143,-0.2427184466019417,Monsoon,0
2022-06-25,Onion,23,Dharwad,FAQ,Hubli (Amaragol),2050,500,1150,Karnataka,Puna,2022,6,5,780.0,1050.0,908.5714285714286,0.4743589743589744,Monsoon,0
2022-06-29,Onion,23,Dharwad,FAQ,Hubli (Amaragol),2000,500,1030,Karnataka,Puna,2022,6,2,1150.0,700.0,955.7142857142856,-0.1043478260869564,Monsoon,0
2022-06-30,Onion,23,Dharwad,FAQ,Hubli (Amaragol),1800,500,1130,Karnataka,Puna,2022,6,3,1030.0,1150.0,952.8571428571428,0.0970873786407766,Monsoon,0
2022-07-01,Onion,23,Dharwad,FAQ,Hubli (Amaragol),1500,200,830,Karnataka,Telagi,2022,7,4,1130.0,680.0,974.2857142857144,-0.2654867256637168,Monsoon,0
2022-07-07,Onion,23,Dharwad,FAQ,Hubli (Amaragol),2000,500,1130,Karnataka,Puna,2022,7,3,830.0,870.0,1011.4285714285714,0.3614457831325302,Monsoon,0
2022-07-08,Onion,23,Dharwad,FAQ,Hubli (Amaragol),2000,500,1150,Karnataka,Puna,2022,7,4,1130.0,1030.0,1028.571428571429,0.0176991150442478,Monsoon,0
2022-07-09,Onion,23,Dharwad,FAQ,Hubli (Amaragol),1900,500,1080,Karnataka,Puna,2022,7,5,1150.0,780.0,1071.428571428571,-0.0608695652173912,Monsoon,0
2022-07-11,Onion,23,Dharwad,FAQ,Hubli (Amaragol),2000,500,1100,Karnataka,Puna,2022,7,0,1080.0,1150.0,1064.2857142857142,0.0185185185185186,Monsoon,0
2022-07-13,Onion,23,Dharwad,FAQ,Hubli (Amaragol),2200,550,1200,Karnataka,Puna,2022,7,2,1100.0,1030.0,1088.571428571429,0.0909090909090908,Monsoon,0
2022-07-14,Onion,23,Dharwad,FAQ,Hubli (Amaragol),2100,600,1250,Karnataka,Puna,2022,7,3,1200.0,1130.0,1105.7142857142858,0.0416666666666667,Monsoon,0
2022-07-19,Onion,23,Dharwad,FAQ,Hubli (Amaragol),1510,200,740,Karnataka,Telagi,2022,7,1,1250.0,830.0,1092.857142857143,-0.408,Monsoon,0
2022-07-20,Onion,23,Dharwad,FAQ,Hubli (Amaragol),1900,500,1100,Karnataka,Puna,2022,7,2,740.0,1130.0,1088.571428571429,0.4864864864864864,Monsoon,0
2022-07-21,Onion,23,Dharwad,FAQ,Hubli (Amaragol),1500,200,830,Karnataka,Telagi,2022,7,3,1100.0,1150.0,1042.857142857143,-0.2454545454545454,Monsoon,0
2022-07-22,Onion,23,Dharwad,FAQ,Hubli (Amaragol),1350,200,750,Karnataka,Telagi,2022,7,4,830.0,1080.0,995.7142857142856,-0.0963855421686746,Monsoon,0
2022-07-29,Onion,23,Dharwad,FAQ,Hubli (Amaragol),1800,500,1120,Karnataka,Puna,2022,7,4,750.0,1100.0,998.5714285714286,0.4933333333333334,Monsoon,0
2022-08-03,Onion,23,Dharwad,FAQ,Hubli (Amaragol),1800,550,1150,Karnataka,Puna,2022,8,2,1120.0,1200.0,991.4285714285714,0.0267857142857141,Monsoon,0
2022-08-05,Onion,23,Dharwad,FAQ,Hubli (Amaragol),1900,500,1180,Karnataka,Puna,2022,8,4,1150.0,1250.0,981.4285714285714,0.0260869565217392,Monsoon,0
2022-08-06,Onion,23,Dharwad,FAQ,Hubli (Amaragol),1900,500,1150,Karnataka,Puna,2022,8,5,1180.0,740.0,1040.0,-0.0254237288135593,Monsoon,0
2022-08-08,Onion,23,Dharwad,FAQ,Hubli (Amaragol),1800,500,1150,Karnataka,Puna,2022,8,0,1150.0,1100.0,1047.142857142857,0.0,Monsoon,0
2022-08-08,Onion,23,Dharwad,FAQ,Hubli (Amaragol),1400,200,780,Karnataka,Telagi,2022,8,0,1150.0,830.0,1040.0,-0.3217391304347826,Monsoon,0
2022-08-22,Onion,23,Dharwad,FAQ,Hubli (Amaragol),2000,500,1160,Karnataka,Puna,2022,8,0,780.0,750.0,1098.571428571429,0.4871794871794872,Monsoon,0
2022-08-29,Onion,23,Dharwad,FAQ,Hubli (Amaragol),1400,250,770,Karnataka,Telagi,2022,8,0,1160.0,1120.0,1048.571428571429,-0.3362068965517241,Monsoon,0
2022-08-30,Onion,23,Dharwad,FAQ,Hubli (Amaragol),1400,300,820,Karnataka,Telagi,2022,8,1,770.0,1150.0,1001.4285714285714,0.0649350649350648,Monsoon,0
2022-09-02,Onion,23,Dharwad,FAQ,Hubli (Amaragol),1300,250,780,Karnataka,Telagi,2022,9,4,820.0,1180.0,944.2857142857144,-0.048780487804878,Monsoon,0
2022-09-07,Onion,23,Dharwad,FAQ,Hubli (Amaragol),1400,200,810,Karnataka,Telagi,2022,9,2,780.0,1150.0,895.7142857142857,0.0384615384615385,Monsoon,0
2022-09-10,Onion,23,Dharwad,FAQ,Hubli (Amaragol),2000,500,1210,Karnataka,Puna,2022,9,5,810.0,1150.0,904.2857142857144,0.4938271604938271,Monsoon,0
2022-09-10,Onion,23,Dharwad,FAQ,Hubli (Amaragol),1810,300,850,Karnataka,Telagi,2022,9,5,1210.0,780.0,914.2857142857144,-0.2975206611570248,Monsoon,0
2022-09-14,Onion,23,Dharwad,FAQ,Hubli (Amaragol),1300,200,660,Karnataka,Local,2022,9,2,850.0,1160.0,842.8571428571429,-0.2235294117647058,Monsoon,0
2022-09-16,Onion,23,Dharwad,FAQ,Hubli (Amaragol),1300,300,780,Karnataka,Telagi,2022,9,4,660.0,770.0,844.2857142857143,0.1818181818181818,Monsoon,0
2022-09-17,Onion,23,Dharwad,FAQ,Hubli (Amaragol),1100,200,580,Karnataka,Local,2022,9,5,780.0,820.0,810.0,-0.2564102564102564,Monsoon,0
2022-09-17,Onion,23,Dharwad,FAQ,Hubli (Amaragol),1300,250,830,Karnataka,Telagi,2022,9,5,580.0,780.0,817.1428571428571,0.4310344827586208,Monsoon,0
2022-09-22,Onion,23,Dharwad,FAQ,Hubli (Amaragol),1320,150,730,Karnataka,Local,2022,9,3,830.0,810.0,805.7142857142857,-0.1204819277108434,Monsoon,0
2022-09-24,Onion,23,Dharwad,FAQ,Hubli (Amaragol),2000,500,1180,Karnataka,Puna,2022,9,5,730.0,1210.0,801.4285714285714,0.6164383561643836,Monsoon,0
2022-10-04,Onion,23,Dharwad,FAQ,Hubli (Amaragol),1600,150,730,Karnataka,Local,2022,10,1,1180.0,850.0,784.2857142857143,-0.3813559322033898,PostMonsoon,0
2022-10-06,Onion,23,Dharwad,FAQ,Hubli (Amaragol),1700,500,830,Karnataka,Puna,2022,10,3,730.0,660.0,808.5714285714286,0.1369863013698631,PostMonsoon,0
2022-10-11,Onion,23,Dharwad,FAQ,Hubli (Amaragol),2200,500,1050,Karnataka,Puna,2022,10,1,830.0,780.0,847.1428571428571,0.2650602409638554,PostMonsoon,0
2022-10-13,Onion,23,Dharwad,FAQ,Hubli (Amaragol),1800,150,840,Karnataka,Local,2022,10,3,1050.0,580.0,884.2857142857143,-0.1999999999999999,PostMonsoon,0
2022-10-13,Onion,23,Dharwad,FAQ,Hubli (Amaragol),1800,1600,1700,Karnataka,Other,2022,10,3,840.0,830.0,1008.5714285714286,1.0238095238095235,PostMonsoon,0
2022-10-14,Onion,23,Dharwad,FAQ,Hubli (Amaragol),1700,1600,1650,Karnataka,Other,2022,10,4,1700.0,730.0,1140.0,-0.0294117647058823,PostMonsoon,0
2022-10-15,Onion,23,Dharwad,FAQ,Hubli (Amaragol),2000,2000,2000,Karnataka,Other,2022,10,5,1650.0,1180.0,1257.142857142857,0.2121212121212121,PostMonsoon,0
2022-10-15,Onion,23,Dharwad,FAQ,Hubli (Amaragol),2400,500,1200,Karnataka,Puna,2022,10,5,2000.0,730.0,1324.2857142857142,-0.4,PostMonsoon,0
2022-10-20,Onion,23,Dharwad,FAQ,Hubli (Amaragol),1900,200,880,Karnataka,Telagi,2022,10,3,1200.0,830.0,1331.428571428571,-0.2666666666666667,PostMonsoon,0
2022-10-21,Onion,23,Dharwad,FAQ,Hubli (Amaragol),2700,500,1280,Karnataka,Puna,2022,10,4,880.0,1050.0,1364.2857142857142,0.4545454545454546,PostMonsoon,0
2022-10-22,Onion,23,Dharwad,FAQ,Hubli (Amaragol),2100,200,880,Karnataka,Local,2022,10,5,1280.0,840.0,1370.0,-0.3125,PostMonsoon,0
2022-10-27,Onion,23,Dharwad,FAQ,Hubli (Amaragol),3000,800,1350,Karnataka,Puna,2022,10,3,880.0,1700.0,1320.0,0.5340909090909092,PostMonsoon,0
2022-10-28,Onion,23,Dharwad,FAQ,Hubli (Amaragol),2200,200,900,Karnataka,Local,2022,10,4,1350.0,1650.0,1212.857142857143,-0.3333333333333333,PostMonsoon,0
2022-10-31,Onion,23,Dharwad,FAQ,Hubli (Amaragol),2250,200,950,Karnataka,Local,2022,10,0,900.0,2000.0,1062.857142857143,0.0555555555555555,PostMonsoon,0
2022-11-04,Onion,23,Dharwad,FAQ,Hubli (Amaragol),4000,1000,1700,Karnataka,Puna,2022,11,4,950.0,1200.0,1134.2857142857142,0.7894736842105263,PostMonsoon,0
2022-11-11,Onion,23,Dharwad,FAQ,Hubli (Amaragol),1400,200,760,Karnataka,Telagi,2022,11,4,1700.0,880.0,1117.142857142857,-0.5529411764705883,PostMonsoon,0
2022-11-12,Onion,23,Dharwad,FAQ,Hubli (Amaragol),2200,200,890,Karnataka,Local,2022,11,5,760.0,1280.0,1061.428571428571,0.1710526315789473,PostMonsoon,0
2022-11-15,Onion,23,Dharwad,FAQ,Hubli (Amaragol),1800,500,880,Karnataka,Telagi,2022,11,1,890.0,880.0,1061.428571428571,-0.0112359550561798,PostMonsoon,0
2022-11-17,Onion,23,Dharwad,FAQ,Hubli (Amaragol),3000,500,1450,Karnataka,Puna,2022,11,3,880.0,1350.0,1075.7142857142858,0.6477272727272727,PostMonsoon,0
2022-11-19,Onion,23,Dharwad,FAQ,Hubli (Amaragol),2200,200,850,Karnataka,Local,2022,11,5,1450.0,900.0,1068.571428571429,-0.4137931034482759,PostMonsoon,0
2022-11-21,Onion,23,Dharwad,FAQ,Hubli (Amaragol),2000,200,900,Karnataka,Local,2022,11,0,850.0,950.0,1061.428571428571,0.0588235294117647,PostMonsoon,0
2022-11-21,Onion,23,Dharwad,FAQ,Hubli (Amaragol),2350,500,1200,Karnataka,Puna,2022,11,0,900.0,1700.0,990.0,0.3333333333333332,PostMonsoon,0
2022-11-23,Onion,23,Dharwad,FAQ,Hubli (Amaragol),2200,200,900,Karnataka,Local,2022,11,2,1200.0,760.0,1010.0,-0.25,PostMonsoon,0
2022-11-23,Onion,23,Dharwad,FAQ,Hubli (Amaragol),2500,500,1050,Karnataka,Puna,2022,11,2,900.0,890.0,1032.857142857143,0.1666666666666667,PostMonsoon,0
2022-11-25,Onion,23,Dharwad,FAQ,Hubli (Amaragol),1900,200,920,Karnataka,Local,2022,11,4,1050.0,880.0,1038.571428571429,-0.1238095238095238,PostMonsoon,0
2022-11-26,Onion,23,Dharwad,FAQ,Hubli (Amaragol),2350,200,940,Karnataka,Local,2022,11,5,920.0,1450.0,965.7142857142856,0.0217391304347827,PostMonsoon,0
2022-12-01,Onion,23,Dharwad,FAQ,Hubli (Amaragol),1800,400,860,Karnataka,Telagi,2022,12,3,940.0,850.0,967.1428571428572,-0.0851063829787234,Winter,0
2022-12-06,Onion,23,Dharwad,FAQ,Hubli (Amaragol),2000,500,730,Karnataka,Puna,2022,12,1,860.0,900.0,942.8571428571428,-0.1511627906976744,Winter,0
2022-12-06,Onion,23,Dharwad,FAQ,Hubli (Amaragol),1600,200,700,Karnataka,Telagi,2022,12,1,730.0,1200.0,871.4285714285714,-0.0410958904109589,Winter,0
2022-12-09,Onion,23,Dharwad,FAQ,Hubli (Amaragol),1400,300,700,Karnataka,Telagi,2022,12,4,700.0,900.0,842.8571428571429,0.0,Winter,0
2022-12-12,Onion,23,Dharwad,FAQ,Hubli (Amaragol),1500,200,700,Karnataka,Local,2022,12,0,700.0,1050.0,792.8571428571429,0.0,Winter,0
2022-12-17,Onion,23,Dharwad,FAQ,Hubli (Amaragol),2150,500,850,Karnataka,Puna,2022,12,5,700.0,920.0,782.8571428571429,0.2142857142857142,Winter,0
2022-12-24,Onion,23,Dharwad,FAQ,Hubli (Amaragol),1850,200,920,Karnataka,Local,2022,12,5,850.0,940.0,780.0,0.0823529411764705,Winter,0
2022-12-24,Onion,23,Dharwad,FAQ,Hubli (Amaragol),2700,700,1200,Karnataka,Puna,2022,12,5,920.0,860.0,828.5714285714286,0.3043478260869565,Winter,0
2022-12-28,Onion,23,Dharwad,FAQ,Hubli (Amaragol),1800,200,900,Karnataka,Local,2022,12,2,1200.0,730.0,852.8571428571429,-0.25,Winter,0
2022-12-29,Onion,23,Dharwad,FAQ,Hubli (Amaragol),1900,400,910,Karnataka,Telagi,2022,12,3,900.0,700.0,882.8571428571429,0.011111111111111,Winter,0
2023-01-02,Onion,23,Dharwad,FAQ,Hubli (Amaragol),2400,500,1130,Karnataka,Puna,2023,1,0,910.0,700.0,944.2857142857144,0.2417582417582418,Winter,0
2023-01-04,Onion,23,Dharwad,FAQ,Hubli (Amaragol),2200,200,930,Karnataka,Telagi,2023,1,2,1130.0,700.0,977.1428571428572,-0.1769911504424779,Winter,0
2023-01-04,Onion,23,Dharwad,FAQ,Hubli (Amaragol),2500,500,1150,Karnataka,Other,2023,1,2,930.0,850.0,1020.0,0.2365591397849462,Winter,0
2023-01-07,Onion,23,Dharwad,FAQ,Hubli (Amaragol),2500,600,1220,Karnataka,Telagi,2023,1,5,1150.0,920.0,1062.857142857143,0.0608695652173914,Winter,0
2023-01-10,Onion,23,Dharwad,FAQ,Hubli (Amaragol),1800,250,950,Karnataka,Local,2023,1,1,1220.0,1200.0,1027.142857142857,-0.2213114754098361,Winter,0
2023-01-11,Onion,23,Dharwad,FAQ,Hubli (Amaragol),1900,300,980,Karnataka,Telagi,2023,1,2,950.0,900.0,1038.571428571429,0.0315789473684211,Winter,0
2023-01-12,Onion,23,Dharwad,FAQ,Hubli (Amaragol),1800,200,900,Karnataka,Telagi,2023,1,3,980.0,910.0,1037.142857142857,-0.0816326530612244,Winter,0
2023-01-13,Onion,23,Dharwad,FAQ,Hubli (Amaragol),2100,500,1050,Karnataka,Puna,2023,1,4,900.0,1130.0,1025.7142857142858,0.1666666666666667,Winter,0
2023-01-17,Onion,23,Dharwad,FAQ,Hubli (Amaragol),1500,200,800,Karnataka,Local,2023,1,1,1050.0,930.0,1007.1428571428572,-0.2380952380952381,Winter,0
2023-01-17,Onion,23,Dharwad,FAQ,Hubli (Amaragol),2100,500,1200,Karnataka,Puna,2023,1,1,800.0,1150.0,1014.2857142857144,0.5,Winter,0
2023-01-18,Onion,23,Dharwad,FAQ,Hubli (Amaragol),2200,500,1100,Karnataka,Puna,2023,1,2,1200.0,1220.0,997.1428571428572,-0.0833333333333333,Winter,0
2023-01-21,Onion,23,Dharwad,FAQ,Hubli (Amaragol),1800,200,900,Karnataka,Local,2023,1,5,1100.0,950.0,990.0,-0.1818181818181817,Winter,0
2023-01-28,Onion,23,Dharwad,FAQ,Hubli (Amaragol),1550,300,830,Karnataka,Telagi,2023,1,5,900.0,980.0,968.5714285714286,-0.0777777777777777,Winter,0
2023-01-30,Onion,23,Dharwad,FAQ,Hubli (Amaragol),1450,400,870,Karnataka,Telagi,2023,1,0,830.0,900.0,964.2857142857144,0.0481927710843372,Winter,0
2023-01-31,Onion,23,Dharwad,FAQ,Hubli (Amaragol),1500,300,820,Karnataka,Telagi,2023,1,1,870.0,1050.0,931.4285714285714,-0.0574712643678161,Winter,0
2023-02-02,Onion,23,Dharwad,FAQ,Hubli (Amaragol),1300,250,750,Karnataka,Telagi,2023,2,3,820.0,800.0,924.2857142857144,-0.0853658536585365,Winter,0
2023-02-02,Onion,23,Dharwad,FAQ,Hubli (Amaragol),1100,200,550,Karnataka,Local,2023,2,3,750.0,1200.0,831.4285714285714,-0.2666666666666667,Winter,0
2023-02-03,Onion,23,Dharwad,FAQ,Hubli (Amaragol),1600,500,850,Karnataka,Puna,2023,2,4,550.0,1100.0,795.7142857142857,0.5454545454545454,Winter,0
2023-02-04,Onion,23,Dharwad,FAQ,Hubli (Amaragol),1300,200,680,Karnataka,Local,2023,2,5,850.0,900.0,764.2857142857143,-0.1999999999999999,Winter,0
2023-02-09,Onion,23,Dharwad,FAQ,Hubli (Amaragol),1600,500,900,Karnataka,Puna,2023,2,3,680.0,830.0,774.2857142857143,0.3235294117647058,Winter,0
2023-02-13,Onion,23,Dharwad,FAQ,Hubli (Amaragol),1500,300,800,Karnataka,Telagi,2023,2,0,900.0,870.0,764.2857142857143,-0.1111111111111111,Winter,0
2023-02-14,Onion,23,Dharwad,FAQ,Hubli (Amaragol),1100,200,550,Karnataka,Local,2023,2,1,800.0,820.0,725.7142857142857,-0.3125,Winter,0
2023-02-16,Onion,23,Dharwad,FAQ,Hubli (Amaragol),1000,300,530,Karnataka,Telagi,2023,2,3,550.0,750.0,694.2857142857143,-0.0363636363636363,Winter,0
2023-02-17,Onion,23,Dharwad,FAQ,Hubli (Amaragol),1450,500,930,Karnataka,Puna,2023,2,4,530.0,550.0,748.5714285714286,0.7547169811320755,Winter,0
2023-02-20,Onion,23,Dharwad,FAQ,Hubli (Amaragol),1500,500,900,Karnataka,Puna,2023,2,0,930.0,850.0,755.7142857142857,-0.032258064516129,Winter,0
2023-02-21,Onion,23,Dharwad,FAQ,Hubli (Amaragol),900,200,500,Karnataka,Telagi,2023,2,1,900.0,680.0,730.0,-0.4444444444444444,Winter,0
2023-02-21,Onion,23,Dharwad,FAQ,Hubli (Amaragol),1300,500,850,Karnataka,Puna,2023,2,1,500.0,900.0,722.8571428571429,0.7,Winter,0
2023-02-24,Onion,23,Dharwad,FAQ,Hubli (Amaragol),800,200,500,Karnataka,Telagi,2023,2,4,850.0,800.0,680.0,-0.4117647058823529,Winter,0
2023-02-27,Onion,23,Dharwad,FAQ,Hubli (Amaragol),1400,300,850,Karnataka,Puna,2023,2,0,500.0,550.0,722.8571428571429,0.7,Winter,0
2023-02-28,Onion,23,Dharwad,Medium,Hubli (Amaragol),650,150,410,Karnataka,Local,2023,2,1,850.0,530.0,705.7142857142857,-0.5176470588235293,Winter,1
2023-03-04,Onion,23,Dharwad,FAQ,Hubli (Amaragol),1400,300,800,Karnataka,Puna,2023,3,5,410.0,930.0,687.1428571428571,0.951219512195122,Summer,0
2023-03-07,Onion,23,Dharwad,FAQ,Hubli (Amaragol),1100,220,580,Karnataka,Telagi,2023,3,1,800.0,900.0,641.4285714285714,-0.275,Summer,0
2023-03-10,Onion,23,Dharwad,FAQ,Hubli (Amaragol),1300,200,850,Karnataka,Telagi,2023,3,4,580.0,500.0,691.4285714285714,0.4655172413793103,Summer,0
2023-03-15,Onion,23,Dharwad,FAQ,Hubli (Amaragol),1430,300,700,Karnataka,Puna,2023,3,2,850.0,850.0,670.0,-0.1764705882352941,Summer,0
2023-03-18,Onion,23,Dharwad,Medium,Hubli (Amaragol),1200,250,450,Karnataka,Puna,2023,3,5,700.0,500.0,662.8571428571429,-0.3571428571428571,Summer,1
2023-03-27,Onion,23,Dharwad,FAQ,Hubli (Amaragol),1050,200,550,Karnataka,Telagi,2023,3,0,450.0,850.0,620.0,0.2222222222222223,Summer,0
2023-03-28,Onion,23,Dharwad,FAQ,Hubli (Amaragol),900,200,520,Karnataka,Telagi,2023,3,1,550.0,410.0,635.7142857142857,-0.0545454545454545,Summer,1
2023-03-30,Onion,23,Dharwad,FAQ,Hubli (Amaragol),1200,300,620,Karnataka,Puna,2023,3,3,520.0,800.0,610.0,0.1923076923076923,Summer,0
2023-04-05,Onion,23,Dharwad,FAQ,Hubli (Amaragol),1150,300,620,Karnataka,Puna,2023,4,2,620.0,580.0,615.7142857142857,0.0,Summer,0
2023-04-06,Onion,23,Dharwad,FAQ,Hubli (Amaragol),900,200,500,Karnataka,Telagi,2023,4,3,620.0,850.0,565.7142857142857,-0.1935483870967742,Summer,0
2023-04-06,Onion,23,Dharwad,FAQ,Hubli (Amaragol),1130,300,600,Karnataka,Puna,2023,4,3,500.0,700.0,551.4285714285714,0.1999999999999999,Summer,0
2023-04-08,Onion,23,Dharwad,FAQ,Hubli (Amaragol),1200,200,650,Karnataka,Puna,2023,4,5,600.0,450.0,580.0,0.0833333333333332,Summer,0
2023-04-17,Onion,23,Dharwad,FAQ,Hubli (Amaragol),1110,200,620,Karnataka,Puna,2023,4,0,650.0,550.0,590.0,-0.0461538461538461,Summer,0
2023-04-18,Onion,23,Dharwad,FAQ,Hubli (Amaragol),1100,250,630,Karnataka,Puna,2023,4,1,620.0,520.0,605.7142857142857,0.0161290322580645,Summer,0
2023-05-09,Onion,23,Dharwad,FAQ,Hubli (Amaragol),1100,300,630,Karnataka,Puna,2023,5,1,630.0,620.0,607.1428571428571,0.0,Summer,0
2023-05-11,Onion,23,Dharwad,FAQ,Hubli (Amaragol),850,250,530,Karnataka,Telagi,2023,5,3,630.0,620.0,594.2857142857143,-0.1587301587301587,Summer,0
2023-05-11,Onion,23,Dharwad,FAQ,Hubli (Amaragol),1200,300,670,Karnataka,Puna,2023,5,3,530.0,500.0,618.5714285714286,0.2641509433962263,Summer,0
2023-05-12,Onion,23,Dharwad,FAQ,Hubli (Amaragol),1550,1300,1400,Karnataka,Other,2023,5,4,670.0,600.0,732.8571428571429,1.08955223880597,Summer,0
2023-05-23,Onion,23,Dharwad,FAQ,Hubli (Amaragol),1200,300,730,Karnataka,Puna,2023,5,1,1400.0,650.0,744.2857142857143,-0.4785714285714285,Summer,0
2023-05-25,Onion,23,Dharwad,FAQ,Hubli (Amaragol),1200,300,680,Karnataka,Puna,2023,5,3,730.0,620.0,752.8571428571429,-0.0684931506849315,Summer,0
2023-05-31,Onion,23,Dharwad,FAQ,Hubli (Amaragol),1400,300,820,Karnataka,Puna,2023,5,2,680.0,630.0,780.0,0.2058823529411764,Summer,0
2023-06-01,Onion,23,Dharwad,FAQ,Hubli (Amaragol),1150,200,560,Karnataka,Telagi,2023,6,3,820.0,630.0,770.0,-0.3170731707317072,Monsoon,0
2023-06-03,Onion,23,Dharwad,FAQ,Hubli (Amaragol),1400,300,790,Karnataka,Puna,2023,6,5,560.0,530.0,807.1428571428571,0.4107142857142858,Monsoon,0
2023-06-13,Onion,23,Dharwad,FAQ,Hubli (Amaragol),1400,300,730,Karnataka,Telagi,2023,6,1,790.0,670.0,815.7142857142857,-0.0759493670886075,Monsoon,0
2023-06-13,Onion,23,Dharwad,FAQ,Hubli (Amaragol),1600,350,850,Karnataka,Puna,2023,6,1,730.0,1400.0,737.1428571428571,0.1643835616438356,Monsoon,0
2023-06-14,Onion,23,Dharwad,FAQ,Hubli (Amaragol),1350,200,730,Karnataka,Telagi,2023,6,2,850.0,730.0,737.1428571428571,-0.1411764705882353,Monsoon,0
2023-06-16,Onion,23,Dharwad,FAQ,Hubli (Amaragol),1500,300,880,Karnataka,Puna,2023,6,4,730.0,680.0,765.7142857142857,0.2054794520547944,Monsoon,0
2023-06-24,Onion,23,Dharwad,FAQ,Hubli (Amaragol),1500,200,720,Karnataka,Telagi,2023,6,5,880.0,820.0,751.4285714285714,-0.1818181818181817,Monsoon,0
2023-06-30,Onion,23,Dharwad,FAQ,Hubli (Amaragol),1800,400,1020,Karnataka,Puna,2023,6,4,720.0,560.0,817.1428571428571,0.4166666666666667,Monsoon,0
2023-07-04,Onion,23,Dharwad,FAQ,Hubli (Amaragol),1500,300,740,Karnataka,Telagi,2023,7,1,1020.0,790.0,810.0,-0.2745098039215686,Monsoon,0
2023-07-05,Onion,23,Dharwad,FAQ,Hubli (Amaragol),1610,500,830,Karnataka,Telagi,2023,7,2,740.0,730.0,824.2857142857143,0.1216216216216217,Monsoon,0
2023-07-07,Onion,23,Dharwad,FAQ,Hubli (Amaragol),2300,500,1150,Karnataka,Puna,2023,7,4,830.0,850.0,867.1428571428571,0.3855421686746987,Monsoon,0
2023-07-11,Onion,23,Dharwad,FAQ,Hubli (Amaragol),1500,300,700,Karnataka,Telagi,2023,7,1,1150.0,730.0,862.8571428571429,-0.3913043478260869,Monsoon,0
2023-07-22,Onion,23,Dharwad,FAQ,Hubli (Amaragol),2050,500,1020,Karnataka,Puna,2023,7,5,700.0,880.0,882.8571428571429,0.4571428571428571,Monsoon,0
2023-07-22,Onion,23,Dharwad,FAQ,Hubli (Amaragol),1550,400,860,Karnataka,Telagi,2023,7,5,1020.0,720.0,902.8571428571428,-0.1568627450980392,Monsoon,0
2023-07-27,Onion,23,Dharwad,FAQ,Hubli (Amaragol),1450,200,720,Karnataka,Telagi,2023,7,3,860.0,1020.0,860.0,-0.1627906976744185,Monsoon,0
2023-08-01,Onion,23,Dharwad,FAQ,Hubli (Amaragol),2100,500,1050,Karnataka,Puna,2023,8,1,720.0,740.0,904.2857142857144,0.4583333333333332,Monsoon,0
2023-08-07,Onion,23,Dharwad,FAQ,Hubli (Amaragol),2000,500,1000,Karnataka,Puna,2023,8,0,1050.0,830.0,928.5714285714286,-0.0476190476190476,Monsoon,0
2023-08-08,Onion,23,Dharwad,FAQ,Hubli (Amaragol),2300,500,1050,Karnataka,Puna,2023,8,1,1000.0,1150.0,914.2857142857144,0.05,Monsoon,0
2023-08-09,Onion,23,Dharwad,FAQ,Hubli (Amaragol),2200,500,1050,Karnataka,Puna,2023,8,2,1050.0,700.0,964.2857142857144,0.0,Monsoon,0
2023-08-09,Onion,23,Dharwad,FAQ,Hubli (Amaragol),2050,400,1020,Karnataka,Telagi,2023,8,2,1050.0,1020.0,964.2857142857144,-0.0285714285714285,Monsoon,0
2023-08-12,Onion,23,Dharwad,FAQ,Hubli (Amaragol),2500,500,1220,Karnataka,Puna,2023,8,5,1020.0,860.0,1015.7142857142856,0.196078431372549,Monsoon,0
2023-08-12,Onion,23,Dharwad,FAQ,Hubli (Amaragol),2200,300,1080,Karnataka,Telagi,2023,8,5,1220.0,720.0,1067.142857142857,-0.1147540983606557,Monsoon,0
2023-08-21,Onion,23,Dharwad,FAQ,Hubli (Amaragol),2500,600,1230,Karnataka,Telagi,2023,8,0,1080.0,1050.0,1092.857142857143,0.1388888888888888,Monsoon,0
2023-08-31,Onion,23,Dharwad,FAQ,Hubli (Amaragol),2400,500,1150,Karnataka,Puna,2023,8,3,1230.0,1000.0,1114.2857142857142,-0.065040650406504,Monsoon,0
2023-09-02,Onion,23,Dharwad,FAQ,Hubli (Amaragol),2200,400,1060,Karnataka,Telagi,2023,9,5,1150.0,1050.0,1115.7142857142858,-0.0782608695652173,Monsoon,0
2023-09-06,Onion,23,Dharwad,FAQ,Hubli (Amaragol),2800,600,1500,Karnataka,Puna,2023,9,2,1060.0,1050.0,1180.0,0.4150943396226414,Monsoon,0
2023-09-12,Onion,23,Dharwad,FAQ,Hubli (Amaragol),2500,550,1250,Karnataka,Puna,2023,9,1,1500.0,1020.0,1212.857142857143,-0.1666666666666666,Monsoon,0
2023-09-13,Onion,23,Dharwad,FAQ,Hubli (Amaragol),2600,600,1100,Karnataka,Puna,2023,9,2,1250.0,1220.0,1195.7142857142858,-0.12,Monsoon,0
2023-09-14,Onion,23,Dharwad,FAQ,Hubli (Amaragol),2200,1100,1400,Karnataka,Local,2023,9,3,1100.0,1080.0,1241.428571428571,0.2727272727272727,Monsoon,0
2023-09-16,Onion,23,Dharwad,FAQ,Hubli (Amaragol),1800,1500,1650,Karnataka,Other,2023,9,5,1400.0,1230.0,1301.428571428571,0.1785714285714286,Monsoon,0
2023-09-20,Onion,23,Dharwad,FAQ,Hubli (Amaragol),2600,500,1250,Karnataka,Puna,2023,9,2,1650.0,1150.0,1315.7142857142858,-0.2424242424242424,Monsoon,0
2023-09-22,Onion,23,Dharwad,FAQ,Hubli (Amaragol),2800,600,1450,Karnataka,Puna,2023,9,4,1250.0,1060.0,1371.428571428571,0.1599999999999999,Monsoon,0
2023-09-25,Onion,23,Dharwad,FAQ,Hubli (Amaragol),3000,800,1650,Karnataka,Puna,2023,9,0,1450.0,1500.0,1392.857142857143,0.1379310344827586,Monsoon,0
2023-09-25,Onion,23,Dharwad,FAQ,Hubli (Amaragol),1950,1500,1700,Karnataka,Other,2023,9,0,1650.0,1250.0,1457.142857142857,0.0303030303030302,Monsoon,0
2023-09-26,Onion,23,Dharwad,FAQ,Hubli (Amaragol),2900,800,1300,Karnataka,Puna,2023,9,1,1700.0,1100.0,1485.7142857142858,-0.2352941176470588,Monsoon,0
2023-09-27,Onion,23,Dharwad,FAQ,Hubli (Amaragol),3000,800,1550,Karnataka,Puna,2023,9,2,1300.0,1400.0,1507.142857142857,0.1923076923076923,Monsoon,0
2023-09-30,Onion,23,Dharwad,FAQ,Hubli (Amaragol),2550,500,1200,Karnataka,Telagi,2023,9,5,1550.0,1650.0,1442.857142857143,-0.2258064516129032,Monsoon,0
2023-10-06,Onion,23,Dharwad,FAQ,Hubli (Amaragol),2300,500,1250,Karnataka,Telagi,2023,10,4,1200.0,1250.0,1442.857142857143,0.0416666666666667,PostMonsoon,0
2023-10-07,Onion,23,Dharwad,FAQ,Hubli (Amaragol),2700,300,1300,Karnataka,Local,2023,10,5,1250.0,1450.0,1421.428571428571,0.04,PostMonsoon,0
2023-10-11,Onion,23,Dharwad,FAQ,Hubli (Amaragol),2900,800,1500,Karnataka,Puna,2023,10,2,1300.0,1650.0,1400.0,0.1538461538461537,PostMonsoon,0
2023-10-11,Onion,23,Dharwad,FAQ,Hubli (Amaragol),2500,500,1250,Karnataka,Telagi,2023,10,2,1500.0,1700.0,1335.7142857142858,-0.1666666666666666,PostMonsoon,0
2023-10-17,Onion,23,Dharwad,FAQ,Hubli (Amaragol),3500,1000,1600,Karnataka,Telagi,2023,10,1,1250.0,1300.0,1378.571428571429,0.28,PostMonsoon,0
2023-10-17,Onion,23,Dharwad,FAQ,Hubli (Amaragol),3800,800,1650,Karnataka,Local,2023,10,1,1600.0,1550.0,1392.857142857143,0.03125,PostMonsoon,0
2023-10-18,Onion,23,Dharwad,FAQ,Hubli (Amaragol),4200,1000,2000,Karnataka,Puna,2023,10,2,1650.0,1200.0,1507.142857142857,0.2121212121212121,PostMonsoon,0
2023-10-21,Onion,23,Dharwad,FAQ,Hubli (Amaragol),4000,1000,1800,Karnataka,Puna,2023,10,5,2000.0,1250.0,1585.7142857142858,-0.0999999999999999,PostMonsoon,0
2023-10-26,Onion,23,Dharwad,FAQ,Hubli (Amaragol),6600,1500,2300,Karnataka,Puna,2023,10,3,1800.0,1300.0,1728.571428571429,0.2777777777777777,PostMonsoon,0
2023-10-26,Onion,23,Dharwad,FAQ,Hubli (Amaragol),6000,800,1850,Karnataka,Local,2023,10,3,2300.0,1500.0,1778.571428571429,-0.1956521739130434,PostMonsoon,0
2023-10-27,Onion,23,Dharwad,FAQ,Hubli (Amaragol),6000,1500,2300,Karnataka,Puna,2023,10,4,1850.0,1250.0,1928.571428571429,0.2432432432432432,PostMonsoon,0
2023-11-02,Onion,23,Dharwad,FAQ,Hubli (Amaragol),5500,500,2200,Karnataka,Local,2023,11,3,2300.0,1600.0,2014.2857142857144,-0.0434782608695651,PostMonsoon,0
2023-11-03,Onion,23,Dharwad,FAQ,Hubli (Amaragol),5100,1000,2000,Karnataka,Puna,2023,11,4,2200.0,1650.0,2064.285714285714,-0.0909090909090909,PostMonsoon,0
2023-11-04,Onion,23,Dharwad,FAQ,Hubli (Amaragol),5000,800,2400,Karnataka,Local,2023,11,5,2000.0,2000.0,2121.428571428572,0.1999999999999999,PostMonsoon,0
2023-11-08,Onion,23,Dharwad,FAQ,Hubli (Amaragol),4800,1000,2200,Karnataka,Puna,2023,11,2,2400.0,1800.0,2178.5714285714284,-0.0833333333333333,PostMonsoon,0
2023-11-08,Onion,23,Dharwad,FAQ,Hubli (Amaragol),4500,800,1700,Karnataka,Local,2023,11,2,2200.0,2300.0,2092.8571428571427,-0.2272727272727273,PostMonsoon,0
2023-11-15,Onion,23,Dharwad,FAQ,Hubli (Amaragol),4500,1000,2100,Karnataka,Puna,2023,11,2,1700.0,1850.0,2128.5714285714284,0.2352941176470588,PostMonsoon,0
2023-11-15,Onion,23,Dharwad,FAQ,Hubli (Amaragol),5000,500,2200,Karnataka,Local,2023,11,2,2100.0,2300.0,2114.285714285714,0.0476190476190476,PostMonsoon,0
2023-11-16,Onion,23,Dharwad,FAQ,Hubli (Amaragol),5200,1000,2300,Karnataka,Puna,2023,11,3,2200.0,2200.0,2128.5714285714284,0.0454545454545454,PostMonsoon,0
2023-11-17,Onion,23,Dharwad,FAQ,Hubli (Amaragol),4100,600,1800,Karnataka,Telagi,2023,11,4,2300.0,2000.0,2100.0,-0.217391304347826,PostMonsoon,0
2023-11-21,Onion,23,Dharwad,FAQ,Hubli (Amaragol),4500,1000,2000,Karnataka,Telagi,2023,11,1,1800.0,2400.0,2042.857142857143,0.1111111111111111,PostMonsoon,0
2023-11-21,Onion,23,Dharwad,FAQ,Hubli (Amaragol),4500,1000,2050,Karnataka,Local,2023,11,1,2000.0,2200.0,2021.4285714285716,0.0249999999999999,PostMonsoon,0
2023-11-23,Onion,23,Dharwad,FAQ,Hubli (Amaragol),4300,1000,1800,Karnataka,Puna,2023,11,3,2050.0,1700.0,2035.7142857142856,-0.1219512195121951,PostMonsoon,0
2023-11-25,Onion,23,Dharwad,FAQ,Hubli (Amaragol),4000,500,2000,Karnataka,Puna,2023,11,5,1800.0,2100.0,2021.4285714285716,0.1111111111111111,PostMonsoon,0
2023-11-25,Onion,23,Dharwad,FAQ,Hubli (Amaragol),3500,500,1600,Karnataka,Local,2023,11,5,2000.0,2200.0,1935.7142857142856,-0.1999999999999999,PostMonsoon,0
2023-11-29,Onion,23,Dharwad,FAQ,Hubli (Amaragol),4700,2000,3000,Karnataka,Puna,2023,11,2,1600.0,2300.0,2035.7142857142856,0.875,PostMonsoon,1
2023-11-29,Onion,23,Dharwad,FAQ,Hubli (Amaragol),4500,500,2000,Karnataka,Local,2023,11,2,3000.0,1800.0,2064.285714285714,-0.3333333333333333,PostMonsoon,0
2023-12-04,Onion,23,Dharwad,FAQ,Hubli (Amaragol),4300,1000,2100,Karnataka,Puna,2023,12,0,2000.0,2000.0,2078.5714285714284,0.05,Winter,0
2023-12-04,Onion,23,Dharwad,FAQ,Hubli (Amaragol),4000,1000,2000,Karnataka,Telagi,2023,12,0,2100.0,2050.0,2071.428571428572,-0.0476190476190476,Winter,0
2023-12-11,Onion,23,Dharwad,FAQ,Hubli (Amaragol),3700,500,1800,Karnataka,Telagi,2023,12,0,2000.0,1800.0,2071.428571428572,-0.0999999999999999,Winter,0
2023-12-20,Onion,23,Dharwad,FAQ,Hubli (Amaragol),2600,500,1350,Karnataka,Puna,2023,12,2,1800.0,2000.0,1978.571428571429,-0.25,Winter,0
2023-12-20,Onion,23,Dharwad,FAQ,Hubli (Amaragol),2850,500,1350,Karnataka,Telagi,2023,12,2,1350.0,1600.0,1942.857142857143,0.0,Winter,0
2023-12-21,Onion,23,Dharwad,FAQ,Hubli (Amaragol),2400,500,1200,Karnataka,Telagi,2023,12,3,1350.0,3000.0,1685.7142857142858,-0.1111111111111111,Winter,0
2023-12-23,Onion,23,Dharwad,FAQ,Hubli (Amaragol),2800,500,1400,Karnataka,Puna,2023,12,5,1200.0,2000.0,1600.0,0.1666666666666667,Winter,0
2023-12-26,Onion,23,Dharwad,FAQ,Hubli (Amaragol),3000,600,1400,Karnataka,Puna,2023,12,1,1400.0,2100.0,1500.0,0.0,Winter,0
2023-12-27,Onion,23,Dharwad,FAQ,Hubli (Amaragol),2500,500,1200,Karnataka,Local,2023,12,2,1400.0,2000.0,1385.7142857142858,-0.1428571428571429,Winter,0
2023-12-28,Onion,23,Dharwad,FAQ,Hubli (Amaragol),2000,500,1000,Karnataka,Telagi,2023,12,3,1200.0,1800.0,1271.428571428571,-0.1666666666666666,Winter,0
2023-12-28,Onion,23,Dharwad,FAQ,Hubli (Amaragol),2400,300,1200,Karnataka,Local,2023,12,3,1000.0,1350.0,1250.0,0.1999999999999999,Winter,0
2023-12-29,Onion,23,Dharwad,FAQ,Hubli (Amaragol),2400,400,1180,Karnataka,Local,2023,12,4,1200.0,1350.0,1225.7142857142858,-0.0166666666666667,Winter,0
2026-07-22,Onion,23,Mysuru,Small,Hunsur APMC,1983,1983,1983,Karnataka,Bombay (U.P.),2026,7,2,2220.0,,2101.5,-0.1067567567567567,Monsoon,0
2026-08-01,Onion,23,Mysuru,Medium,Hunsur APMC,2000,2000,2000,Karnataka,Bombay (U.P.),2026,8,5,1983.0,,2067.6666666666665,0.0085728693898134,Monsoon,0
2026-04-02,Onion,23,Mysuru,Grade Range-1,Mysuru APMC,1350,750,1300,Karnataka,Other,2026,4,3,1000.0,,1150.0,0.3,Summer,0
2026-04-04,Onion,23,Mysuru,Grade Range-1,Mysuru APMC,1200,700,1000,Karnataka,Other,2026,4,5,1300.0,,1100.0,-0.2307692307692307,Summer,0
2026-04-06,Onion,23,Mysuru,Grade Range-1,Mysuru APMC,1350,700,1200,Karnataka,Other,2026,4,0,1000.0,,1125.0,0.1999999999999999,Summer,0
2026-04-08,Onion,23,Mysuru,Grade Range-1,Mysuru APMC,1300,700,1000,Karnataka,Other,2026,4,2,1200.0,,1100.0,-0.1666666666666666,Summer,0
2026-04-10,Onion,23,Mysuru,Grade Range-1,Mysuru APMC,1200,700,1000,Karnataka,Other,2026,4,4,1000.0,,1083.3333333333333,0.0,Summer,0
2026-04-13,Onion,23,Mysuru,Grade Range-1,Mysuru APMC,1200,700,1000,Karnataka,Other,2026,4,0,1000.0,,1071.428571428571,0.0,Summer,0
2026-04-18,Onion,23,Mysuru,Grade Range-1,Mysuru APMC,1300,700,1000,Karnataka,Other,2026,4,5,1000.0,1000.0,1071.428571428571,0.0,Summer,0
2026-04-20,Onion,23,Mysuru,Grade Range-1,Mysuru APMC,1000,500,900,Karnataka,Other,2026,4,0,1000.0,1300.0,1014.2857142857144,-0.0999999999999999,Summer,0
2026-04-23,Onion,23,Mysuru,Grade Range-1,Mysuru APMC,1000,700,900,Karnataka,Other,2026,4,3,900.0,1000.0,1000.0,0.0,Summer,0
2026-04-27,Onion,23,Mysuru,Grade Range-1,Mysuru APMC,1400,1200,1300,Karnataka,Other,2026,4,0,900.0,1200.0,1014.2857142857144,0.4444444444444444,Summer,0
2026-04-28,Onion,23,Mysuru,Grade Range-1,Mysuru APMC,1200,500,850,Karnataka,Other,2026,4,1,1300.0,1000.0,992.8571428571428,-0.3461538461538461,Summer,0
2026-05-02,Onion,23,Mysuru,Grade Range-1,Mysuru APMC,1700,800,1250,Karnataka,Other,2026,5,5,850.0,1000.0,1028.571428571429,0.4705882352941177,Summer,0
2026-05-07,Onion,23,Mysuru,Local,Mysuru APMC,1300,600,950,Karnataka,Other,2026,5,3,1250.0,1000.0,1021.4285714285714,-0.24,Summer,0
2026-05-08,Onion,23,Mysuru,Local,Mysuru APMC,1300,600,950,Karnataka,Other,2026,5,4,950.0,1000.0,1014.2857142857144,0.0,Summer,0
2026-05-11,Onion,23,Mysuru,Local,Mysuru APMC,1600,500,1200,Karnataka,Other,2026,5,0,950.0,900.0,1057.142857142857,0.263157894736842,Summer,0
2026-05-12,Onion,23,Mysuru,Local,Mysuru APMC,1600,500,1200,Karnataka,Other,2026,5,1,1200.0,900.0,1100.0,0.0,Summer,0
2026-05-15,Onion,23,Mysuru,Local,Mysuru APMC,1200,600,1000,Karnataka,Other,2026,5,4,1200.0,1300.0,1057.142857142857,-0.1666666666666666,Summer,0
2026-05-16,Onion,23,Mysuru,Local,Mysuru APMC,1200,500,1000,Karnataka,Other,2026,5,5,1000.0,850.0,1078.571428571429,0.0,Summer,0
2026-05-18,Onion,23,Mysuru,Local,Mysuru APMC,1200,500,1000,Karnataka,Other,2026,5,0,1000.0,1250.0,1042.857142857143,0.0,Summer,0
2026-05-20,Onion,23,Mysuru,Local,Mysuru APMC,1200,500,1000,Karnataka,Other,2026,5,2,1000.0,950.0,1050.0,0.0,Summer,0
2026-05-22,Onion,23,Mysuru,Local,Mysuru APMC,1800,800,1400,Karnataka,Other,2026,5,4,1000.0,950.0,1114.2857142857142,0.3999999999999999,Summer,0
2026-05-25,Onion,23,Mysuru,Local,Mysuru APMC,1500,800,1300,Karnataka,Other,2026,5,0,1400.0,1200.0,1128.571428571429,-0.0714285714285714,Summer,0
2026-05-26,Onion,23,Mysuru,Local,Mysuru APMC,1800,800,1300,Karnataka,Other,2026,5,1,1300.0,1200.0,1142.857142857143,0.0,Summer,0
2026-05-27,Onion,23,Mysuru,Local,Mysuru APMC,1800,800,1300,Karnataka,Other,2026,5,2,1300.0,1000.0,1185.7142857142858,0.0,Summer,0
2026-05-28,Onion,23,Mysuru,Local,Mysuru APMC,1800,800,1300,Karnataka,Other,2026,5,3,1300.0,1000.0,1228.571428571429,0.0,Summer,0
2026-05-29,Onion,23,Mysuru,Local,Mysuru APMC,1800,800,1300,Karnataka,Other,2026,5,4,1300.0,1000.0,1271.428571428571,0.0,Summer,0
2026-05-30,Onion,23,Mysuru,Local,Mysuru APMC,1800,800,1500,Karnataka,Other,2026,5,5,1300.0,1000.0,1342.857142857143,0.1538461538461537,Summer,0
2026-06-01,Onion,23,Mysuru,Local,Mysuru APMC,1800,800,1400,Karnataka,Other,2026,6,0,1500.0,1400.0,1342.857142857143,-0.0666666666666666,Monsoon,0
2026-06-02,Onion,23,Mysuru,Local,Mysuru APMC,1800,800,1400,Karnataka,Other,2026,6,1,1400.0,1300.0,1357.142857142857,0.0,Monsoon,0
2026-06-03,Onion,23,Mysuru,Local,Mysuru APMC,1800,800,1400,Karnataka,Other,2026,6,2,1400.0,1300.0,1371.428571428571,0.0,Monsoon,0
2026-06-04,Onion,23,Mysuru,Local,Mysuru APMC,1800,800,1400,Karnataka,Other,2026,6,3,1400.0,1300.0,1385.7142857142858,0.0,Monsoon,0
2026-06-05,Onion,23,Mysuru,Local,Mysuru APMC,1800,800,1400,Karnataka,Other,2026,6,4,1400.0,1300.0,1400.0,0.0,Monsoon,0
2026-06-08,Onion,23,Mysuru,Local,Mysuru APMC,1900,800,1500,Karnataka,Other,2026,6,0,1400.0,1300.0,1428.571428571429,0.0714285714285714,Monsoon,0
2026-06-09,Onion,23,Mysuru,Local,Mysuru APMC,1900,800,1500,Karnataka,Other,2026,6,1,1500.0,1500.0,1428.571428571429,0.0,Monsoon,0
2026-06-10,Onion,23,Mysuru,Local,Mysuru APMC,1900,800,1500,Karnataka,Other,2026,6,2,1500.0,1400.0,1442.857142857143,0.0,Monsoon,0
2026-06-11,Onion,23,Mysuru,Local,Mysuru APMC,1900,800,1500,Karnataka,Other,2026,6,3,1500.0,1400.0,1457.142857142857,0.0,Monsoon,0
2026-06-16,Onion,23,Mysuru,Local,Mysuru APMC,1800,800,1500,Karnataka,Other,2026,6,1,1500.0,1400.0,1471.428571428571,0.0,Monsoon,0
2026-06-17,Onion,23,Mysuru,Local,Mysuru APMC,1800,800,1400,Karnataka,Other,2026,6,2,1500.0,1400.0,1471.428571428571,-0.0666666666666666,Monsoon,0
2026-06-18,Onion,23,Mysuru,Local,Mysuru APMC,1800,800,1400,Karnataka,Other,2026,6,3,1400.0,1400.0,1471.428571428571,0.0,Monsoon,0
2026-06-19,Onion,23,Mysuru,Local,Mysuru APMC,1800,800,1400,Karnataka,Other,2026,6,4,1400.0,1500.0,1457.142857142857,0.0,Monsoon,0
2026-06-22,Onion,23,Mysuru,Local,Mysuru APMC,2600,2200,2400,Karnataka,Other,2026,6,0,1400.0,1500.0,1585.7142857142858,0.7142857142857142,Monsoon,0
2026-06-23,Onion,23,Mysuru,Local,Mysuru APMC,2300,1800,2000,Karnataka,Other,2026,6,1,2400.0,1500.0,1657.142857142857,-0.1666666666666666,Monsoon,0
2026-06-24,Onion,23,Mysuru,Local,Mysuru APMC,2300,1800,2100,Karnataka,Other,2026,6,2,2000.0,1500.0,1742.857142857143,0.05,Monsoon,0
2026-06-25,Onion,23,Mysuru,Local,Mysuru APMC,2500,1800,2100,Karnataka,Other,2026,6,3,2100.0,1500.0,1828.571428571429,0.0,Monsoon,0
2026-06-26,Onion,23,Mysuru,Local,Mysuru APMC,2400,1700,2200,Karnataka,Other,2026,6,4,2100.0,1400.0,1942.857142857143,0.0476190476190476,Monsoon,0
2026-06-27,Onion,23,Mysuru,Local,Mysuru APMC,2500,1800,2300,Karnataka,Other,2026,6,5,2200.0,1400.0,2071.428571428572,0.0454545454545454,Monsoon,0
2026-06-29,Onion,23,Mysuru,Local,Mysuru APMC,2500,1600,2200,Karnataka,Other,2026,6,0,2300.0,1400.0,2185.714285714286,-0.0434782608695651,Monsoon,0
2026-07-06,Onion,23,Mysuru,Local,Mysuru APMC,3400,1300,2500,Karnataka,Other,2026,7,0,2200.0,2400.0,2200.0,0.1363636363636364,Monsoon,0
2026-07-07,Onion,23,Mysuru,Local,Mysuru APMC,3400,1300,2500,Karnataka,Other,2026,7,1,2500.0,2000.0,2271.428571428572,0.0,Monsoon,0
2026-07-08,Onion,23,Mysuru,Local,Mysuru APMC,3400,1300,2500,Karnataka,Other,2026,7,2,2500.0,2100.0,2328.5714285714284,0.0,Monsoon,0
2026-07-09,Onion,23,Mysuru,Local,Mysuru APMC,3400,1300,2600,Karnataka,Other,2026,7,3,2500.0,2100.0,2400.0,0.04,Monsoon,1
2026-07-11,Onion,23,Mysuru,Medium,Mysuru APMC,3000,2500,2600,Karnataka,Other,2026,7,5,2600.0,2200.0,2457.1428571428573,0.0,Monsoon,1
2026-07-13,Onion,23,Mysuru,Local,Mysuru APMC,3000,2500,2800,Karnataka,Other,2026,7,0,2600.0,2300.0,2528.5714285714284,0.0769230769230768,Monsoon,1
2026-07-14,Onion,23,Mysuru,Local,Mysuru APMC,3000,2500,2800,Karnataka,Other,2026,7,1,2800.0,2200.0,2614.285714285714,0.0,Monsoon,1
2026-07-16,Onion,23,Mysuru,Local,Mysuru APMC,3000,2500,2800,Karnataka,Other,2026,7,3,2800.0,2500.0,2657.1428571428573,0.0,Monsoon,1
2026-07-17,Onion,23,Mysuru,Local,Mysuru APMC,3000,2500,2700,Karnataka,Other,2026,7,4,2800.0,2500.0,2685.714285714286,-0.0357142857142857,Monsoon,1
2026-07-20,Onion,23,Mysuru,Medium,Mysuru APMC,3000,2000,2500,Karnataka,Other,2026,7,0,2700.0,2500.0,2685.714285714286,-0.074074074074074,Monsoon,0
2026-07-21,Onion,23,Mysuru,Medium,Mysuru APMC,3200,2900,3000,Karnataka,Other,2026,7,1,2500.0,2600.0,2742.8571428571427,0.1999999999999999,Monsoon,1
2026-07-22,Onion,23,Mysuru,Medium,Mysuru APMC,3000,2400,2700,Karnataka,Other,2026,7,2,3000.0,2600.0,2757.1428571428573,-0.0999999999999999,Monsoon,1
2026-07-23,Onion,23,Mysuru,Medium,Mysuru APMC,3000,2400,2700,Karnataka,Other,2026,7,3,2700.0,2800.0,2742.8571428571427,0.0,Monsoon,1
2026-07-25,Onion,23,Mysuru,Medium,Mysuru APMC,3000,2600,2800,Karnataka,Other,2026,7,5,2700.0,2800.0,2742.8571428571427,0.0370370370370369,Monsoon,1
2026-07-27,Onion,23,Mysuru,Local,Mysuru APMC,3000,2600,2800,Karnataka,Other,2026,7,0,2800.0,2800.0,2742.8571428571427,0.0,Monsoon,1
2026-07-28,Onion,23,Mysuru,Medium,Mysuru APMC,3000,2000,2500,Karnataka,Other,2026,7,1,2800.0,2700.0,2714.285714285714,-0.1071428571428571,Monsoon,0
2026-07-29,Onion,23,Mysuru,Medium,Mysuru APMC,2600,1500,2050,Karnataka,Other,2026,7,2,2500.0,2500.0,2650.0,-0.18,Monsoon,0
2026-07-30,Onion,23,Mysuru,Medium,Mysuru APMC,3200,1000,2100,Karnataka,Other,2026,7,3,2050.0,3000.0,2521.428571428572,0.024390243902439,Monsoon,0
2026-07-31,Onion,23,Mysuru,Medium,Mysuru APMC,3200,1000,2100,Karnataka,Other,2026,7,4,2100.0,2700.0,2435.714285714286,0.0,Monsoon,0
2026-08-04,Onion,23,Mysuru,Medium,Mysuru APMC,3000,1000,2800,Karnataka,Other,2026,8,1,2100.0,2700.0,2450.0,0.3333333333333332,Monsoon,1
2026-08-05,Onion,23,Mysuru,Medium,Mysuru APMC,3000,1000,2800,Karnataka,Other,2026,8,2,2800.0,2800.0,2450.0,0.0,Monsoon,1
2026-08-06,Onion,23,Mysuru,Medium,Mysuru APMC,3000,1000,2700,Karnataka,Other,2026,8,3,2800.0,2800.0,2435.714285714286,-0.0357142857142857,Monsoon,1
2026-04-04,Onion,23,Mysuru,Small,T. Narasipura APMC,2000,1000,2000,Karnataka,Onion,2026,4,5,2000.0,,2000.0,0.0,Summer,0
2026-04-06,Onion,23,Mysuru,Small,T. Narasipura APMC,2000,1500,2000,Karnataka,Onion,2026,4,0,2000.0,,2000.0,0.0,Summer,0
2026-04-08,Onion,23,Mysuru,Small,T. Narasipura APMC,2000,1500,2000,Karnataka,Onion,2026,4,2,2000.0,,2000.0,0.0,Summer,0
2026-04-09,Onion,23,Mysuru,Small,T. Narasipura APMC,2000,1500,2000,Karnataka,Onion,2026,4,3,2000.0,,2000.0,0.0,Summer,0
2026-04-13,Onion,23,Mysuru,Small,T. Narasipura APMC,2000,1000,2000,Karnataka,Onion,2026,4,0,2000.0,,2000.0,0.0,Summer,0
2026-04-15,Onion,23,Mysuru,Small,T. Narasipura APMC,2000,1500,2000,Karnataka,Onion,2026,4,2,2000.0,,2000.0,0.0,Summer,0
2026-04-16,Onion,23,Mysuru,Small,T. Narasipura APMC,2000,1500,2000,Karnataka,Onion,2026,4,3,2000.0,2000.0,2000.0,0.0,Summer,0
2026-05-02,Onion,23,Mysuru,Small,T. Narasipura APMC,2000,1500,2000,Karnataka,Onion,2026,5,5,2000.0,2000.0,2000.0,0.0,Summer,0
2026-05-04,Onion,23,Mysuru,Small,T. Narasipura APMC,2000,1000,2000,Karnataka,Onion,2026,5,0,2000.0,2000.0,2000.0,0.0,Summer,0
2026-05-06,Onion,23,Mysuru,Small,T. Narasipura APMC,2000,1500,2000,Karnataka,Onion,2026,5,2,2000.0,2000.0,2000.0,0.0,Summer,0
2026-05-07,Onion,23,Mysuru,Small,T. Narasipura APMC,2000,1200,2000,Karnataka,Onion,2026,5,3,2000.0,2000.0,2000.0,0.0,Summer,0
2026-05-08,Onion,23,Mysuru,Small,T. Narasipura APMC,2000,1500,2000,Karnataka,Onion,2026,5,4,2000.0,2000.0,2000.0,0.0,Summer,0
2026-05-11,Onion,23,Mysuru,Small,T. Narasipura APMC,2000,1700,2000,Karnataka,Onion,2026,5,0,2000.0,2000.0,2000.0,0.0,Summer,0
2026-05-13,Onion,23,Mysuru,Small,T. Narasipura APMC,2000,1100,2000,Karnataka,Onion,2026,5,2,2000.0,2000.0,2000.0,0.0,Summer,0
2026-05-14,Onion,23,Mysuru,Small,T. Narasipura APMC,2000,1500,2000,Karnataka,Onion,2026,5,3,2000.0,2000.0,2000.0,0.0,Summer,0
2026-05-15,Onion,23,Mysuru,Small,T. Narasipura APMC,2000,1200,2000,Karnataka,Onion,2026,5,4,2000.0,2000.0,2000.0,0.0,Summer,0
2026-06-01,Onion,23,Mysuru,Small,T. Narasipura APMC,2000,1500,2000,Karnataka,Onion,2026,6,0,2000.0,2000.0,2000.0,0.0,Monsoon,0
2026-06-03,Onion,23,Mysuru,Small,T. Narasipura APMC,2000,1500,2000,Karnataka,Onion,2026,6,2,2000.0,2000.0,2000.0,0.0,Monsoon,0
2026-06-04,Onion,23,Mysuru,Small,T. Narasipura APMC,2000,1500,2000,Karnataka,Onion,2026,6,3,2000.0,2000.0,2000.0,0.0,Monsoon,0
2026-06-05,Onion,23,Mysuru,Small,T. Narasipura APMC,2000,1500,2000,Karnataka,Onion,2026,6,4,2000.0,2000.0,2000.0,0.0,Monsoon,0
2026-06-08,Onion,23,Mysuru,Small,T. Narasipura APMC,2000,1300,2000,Karnataka,Onion,2026,6,0,2000.0,2000.0,2000.0,0.0,Monsoon,0
2026-06-10,Onion,23,Mysuru,Small,T. Narasipura APMC,2000,1500,2000,Karnataka,Onion,2026,6,2,2000.0,2000.0,2000.0,0.0,Monsoon,0
2026-04-02,Potato,24,Belagavi,Large,Belgaum APMC,1500,1000,1200,Karnataka,Local,2026,4,3,1200.0,,1200.0,0.0,Summer,0
2026-04-04,Potato,24,Belagavi,Large,Belgaum APMC,1600,600,1400,Karnataka,Local,2026,4,5,1200.0,,1266.6666666666667,0.1666666666666667,Summer,0
2026-04-06,Potato,24,Belagavi,Large,Belgaum APMC,1600,600,1400,Karnataka,Local,2026,4,0,1400.0,,1300.0,0.0,Summer,0
2026-04-08,Potato,24,Belagavi,Large,Belgaum APMC,1200,500,1000,Karnataka,Local,2026,4,2,1400.0,,1240.0,-0.2857142857142857,Summer,0
2026-04-10,Potato,24,Belagavi,Large,Belgaum APMC,1200,500,1000,Karnataka,Local,2026,4,4,1000.0,,1200.0,0.0,Summer,0
2026-04-11,Potato,24,Belagavi,Large,Belgaum APMC,1300,500,1000,Karnataka,Local,2026,4,5,1000.0,,1171.428571428571,0.0,Summer,0
2026-04-13,Potato,24,Belagavi,Large,Belgaum APMC,1300,500,1000,Karnataka,Local,2026,4,0,1000.0,1200.0,1142.857142857143,0.0,Summer,0
2026-04-15,Potato,24,Belagavi,Large,Belgaum APMC,1300,500,1000,Karnataka,Local,2026,4,2,1000.0,1200.0,1114.2857142857142,0.0,Summer,0
2026-04-17,Potato,24,Belagavi,Large,Belgaum APMC,1300,500,1000,Karnataka,Local,2026,4,4,1000.0,1400.0,1057.142857142857,0.0,Summer,0
2026-04-22,Potato,24,Belagavi,Large,Belgaum APMC,1800,800,1500,Karnataka,Local,2026,4,2,1000.0,1400.0,1071.428571428571,0.5,Summer,0
2026-04-25,Potato,24,Belagavi,Large,Belgaum APMC,1800,1000,1500,Karnataka,Local,2026,4,5,1500.0,1000.0,1142.857142857143,0.0,Summer,0
2026-04-27,Potato,24,Belagavi,Large,Belgaum APMC,1800,1000,1500,Karnataka,Local,2026,4,0,1500.0,1000.0,1214.2857142857142,0.0,Summer,0
2026-04-28,Potato,24,Belagavi,Large,Belgaum APMC,1800,1000,1500,Karnataka,Local,2026,4,1,1500.0,1000.0,1285.7142857142858,0.0,Summer,0
2026-04-30,Potato,24,Belagavi,Large,Belgaum APMC,1100,500,800,Karnataka,Local,2026,4,3,1500.0,1000.0,1257.142857142857,-0.4666666666666667,Summer,1
2026-05-02,Potato,24,Belagavi,Large,Belgaum APMC,1200,800,1000,Karnataka,Local,2026,5,5,800.0,1000.0,1257.142857142857,0.25,Summer,0
2026-05-05,Potato,24,Belagavi,Large,Belgaum APMC,1200,800,1000,Karnataka,Local,2026,5,1,1000.0,1000.0,1257.142857142857,0.0,Summer,0
2026-05-06,Potato,24,Belagavi,Large,Belgaum APMC,1200,500,1000,Karnataka,Local,2026,5,2,1000.0,1500.0,1185.7142857142858,0.0,Summer,0
2026-05-08,Potato,24,Belagavi,Large,Belgaum APMC,1200,500,1000,Karnataka,Local,2026,5,4,1000.0,1500.0,1114.2857142857142,0.0,Summer,0
2026-05-09,Potato,24,Belagavi,Large,Belgaum APMC,1500,500,1200,Karnataka,Local,2026,5,5,1000.0,1500.0,1071.428571428571,0.1999999999999999,Summer,0
2026-05-12,Potato,24,Belagavi,Large,Belgaum APMC,1500,500,1200,Karnataka,Local,2026,5,1,1200.0,1500.0,1028.571428571429,0.0,Summer,0
2026-05-13,Potato,24,Belagavi,Large,Belgaum APMC,1500,500,1200,Karnataka,Local,2026,5,2,1200.0,800.0,1085.7142857142858,0.0,Summer,0
2026-05-14,Potato,24,Belagavi,Large,Belgaum APMC,1500,500,1200,Karnataka,Local,2026,5,3,1200.0,1000.0,1114.2857142857142,0.0,Summer,0
2026-05-15,Potato,24,Belagavi,Large,Belgaum APMC,1500,500,1200,Karnataka,Local,2026,5,4,1200.0,1000.0,1142.857142857143,0.0,Summer,0
2026-05-18,Potato,24,Belagavi,Large,Belgaum APMC,1500,500,1200,Karnataka,Local,2026,5,0,1200.0,1000.0,1171.428571428571,0.0,Summer,0
2026-05-20,Potato,24,Belagavi,Large,Belgaum APMC,1500,500,1200,Karnataka,Local,2026,5,2,1200.0,1000.0,1200.0,0.0,Summer,0
2026-05-21,Potato,24,Belagavi,Large,Belgaum APMC,1500,500,1200,Karnataka,Local,2026,5,3,1200.0,1200.0,1200.0,0.0,Summer,0
2026-05-23,Potato,24,Belagavi,Large,Belgaum APMC,1500,500,1200,Karnataka,Local,2026,5,5,1200.0,1200.0,1200.0,0.0,Summer,0
2026-05-26,Potato,24,Belagavi,Large,Belgaum APMC,1500,500,1200,Karnataka,Local,2026,5,1,1200.0,1200.0,1200.0,0.0,Summer,0
2026-05-27,Potato,24,Belagavi,Large,Belgaum APMC,1500,500,1200,Karnataka,Local,2026,5,2,1200.0,1200.0,1200.0,0.0,Summer,0
2026-05-29,Potato,24,Belagavi,Large,Belgaum APMC,1500,500,1200,Karnataka,Local,2026,5,4,1200.0,1200.0,1200.0,0.0,Summer,0
2026-05-30,Potato,24,Belagavi,Large,Belgaum APMC,1600,500,1300,Karnataka,Local,2026,5,5,1200.0,1200.0,1214.2857142857142,0.0833333333333332,Summer,0
2026-06-01,Potato,24,Belagavi,Large,Belgaum APMC,1600,500,1300,Karnataka,Local,2026,6,0,1300.0,1200.0,1228.571428571429,0.0,Monsoon,0
2026-06-02,Potato,24,Belagavi,Large,Belgaum APMC,1600,500,1300,Karnataka,Local,2026,6,1,1300.0,1200.0,1242.857142857143,0.0,Monsoon,0
2026-06-03,Potato,24,Belagavi,Large,Belgaum APMC,1700,500,1500,Karnataka,Local,2026,6,2,1300.0,1200.0,1285.7142857142858,0.1538461538461537,Monsoon,0
2026-06-04,Potato,24,Belagavi,Large,Belgaum APMC,2500,500,2000,Karnataka,Local,2026,6,3,1500.0,1200.0,1400.0,0.3333333333333332,Monsoon,0
2026-06-05,Potato,24,Belagavi,Large,Belgaum APMC,1700,500,1500,Karnataka,Local,2026,6,4,2000.0,1200.0,1442.857142857143,-0.25,Monsoon,0
2026-06-06,Potato,24,Belagavi,Large,Belgaum APMC,1700,500,1500,Karnataka,Local,2026,6,5,1500.0,1200.0,1485.7142857142858,0.0,Monsoon,0
2026-06-09,Potato,24,Belagavi,Large,Belgaum APMC,1700,500,1500,Karnataka,Local,2026,6,1,1500.0,1300.0,1514.2857142857142,0.0,Monsoon,0
2026-06-10,Potato,24,Belagavi,Large,Belgaum APMC,1700,1000,1400,Karnataka,Local,2026,6,2,1500.0,1300.0,1528.571428571429,-0.0666666666666666,Monsoon,0
2026-06-12,Potato,24,Belagavi,Large,Belgaum APMC,1700,1000,1400,Karnataka,Local,2026,6,4,1400.0,1300.0,1542.857142857143,0.0,Monsoon,0
2026-06-13,Potato,24,Belagavi,Large,Belgaum APMC,1700,1000,1400,Karnataka,Local,2026,6,5,1400.0,1500.0,1528.571428571429,0.0,Monsoon,0
2026-06-15,Potato,24,Belagavi,Large,Belgaum APMC,1700,1000,1400,Karnataka,Local,2026,6,0,1400.0,2000.0,1442.857142857143,0.0,Monsoon,0
2026-06-16,Potato,24,Belagavi,Large,Belgaum APMC,1700,1000,1400,Karnataka,Local,2026,6,1,1400.0,1500.0,1428.571428571429,0.0,Monsoon,0
2026-06-19,Potato,24,Belagavi,Large,Belgaum APMC,1700,1000,1400,Karnataka,Local,2026,6,4,1400.0,1500.0,1414.2857142857142,0.0,Monsoon,0
2026-06-20,Potato,24,Belagavi,Large,Belgaum APMC,1700,800,1400,Karnataka,Local,2026,6,5,1400.0,1500.0,1400.0,0.0,Monsoon,0
2026-06-24,Potato,24,Belagavi,Large,Belgaum APMC,1700,1000,1500,Karnataka,Local,2026,6,2,1400.0,1400.0,1414.2857142857142,0.0714285714285714,Monsoon,0
2026-06-25,Potato,24,Belagavi,Large,Belgaum APMC,1700,1000,1500,Karnataka,Local,2026,6,3,1500.0,1400.0,1428.571428571429,0.0,Monsoon,0
2026-06-30,Potato,24,Belagavi,Large,Belgaum APMC,1800,1000,1500,Karnataka,Local,2026,6,1,1500.0,1400.0,1442.857142857143,0.0,Monsoon,0
2026-07-01,Potato,24,Belagavi,Large,Belgaum APMC,1700,1000,1400,Karnataka,Local,2026,7,2,1500.0,1400.0,1442.857142857143,-0.0666666666666666,Monsoon,0
2026-07-02,Potato,24,Belagavi,Large,Belgaum APMC,1700,1000,1400,Karnataka,Local,2026,7,3,1400.0,1400.0,1442.857142857143,0.0,Monsoon,0
2026-07-04,Potato,24,Belagavi,Large,Belgaum APMC,1800,1000,1500,Karnataka,Local,2026,7,5,1400.0,1400.0,1457.142857142857,0.0714285714285714,Monsoon,0
2026-07-07,Potato,24,Belagavi,Large,Belgaum APMC,1800,1000,1500,Karnataka,Local,2026,7,1,1500.0,1400.0,1471.428571428571,0.0,Monsoon,0
2026-07-08,Potato,24,Belagavi,Large,Belgaum APMC,1700,1000,1200,Karnataka,Local,2026,7,2,1500.0,1500.0,1428.571428571429,-0.1999999999999999,Monsoon,0
2026-07-09,Potato,24,Belagavi,Large,Belgaum APMC,1700,1000,1200,Karnataka,Local,2026,7,3,1200.0,1500.0,1385.7142857142858,0.0,Monsoon,0
2026-07-10,Potato,24,Belagavi,Large,Belgaum APMC,1700,1000,1200,Karnataka,Local,2026,7,4,1200.0,1500.0,1342.857142857143,0.0,Monsoon,0
2026-07-11,Potato,24,Belagavi,Large,Belgaum APMC,1800,1000,1300,Karnataka,Local,2026,7,5,1200.0,1400.0,1328.571428571429,0.0833333333333332,Monsoon,0
2026-07-14,Potato,24,Belagavi,Large,Belgaum APMC,1800,1000,1300,Karnataka,Local,2026,7,1,1300.0,1400.0,1314.2857142857142,0.0,Monsoon,0
2026-07-15,Potato,24,Belagavi,Large,Belgaum APMC,1700,1000,1200,Karnataka,Local,2026,7,2,1300.0,1500.0,1271.428571428571,-0.0769230769230768,Monsoon,0
2026-07-16,Potato,24,Belagavi,Large,Belgaum APMC,1700,1000,1200,Karnataka,Local,2026,7,3,1200.0,1500.0,1228.571428571429,0.0,Monsoon,0
2026-07-17,Potato,24,Belagavi,Large,Belgaum APMC,1700,1000,1200,Karnataka,Local,2026,7,4,1200.0,1200.0,1228.571428571429,0.0,Monsoon,0
2026-07-18,Potato,24,Belagavi,Large,Belgaum APMC,1800,1000,1300,Karnataka,Local,2026,7,5,1200.0,1200.0,1242.857142857143,0.0833333333333332,Monsoon,0
2026-07-20,Potato,24,Belagavi,Large,Belgaum APMC,1800,1000,1300,Karnataka,Local,2026,7,0,1300.0,1200.0,1257.142857142857,0.0,Monsoon,0
2026-07-21,Potato,24,Belagavi,Large,Belgaum APMC,1800,1000,1300,Karnataka,Local,2026,7,1,1300.0,1300.0,1257.142857142857,0.0,Monsoon,0
2026-07-22,Potato,24,Belagavi,Large,Belgaum APMC,1800,1000,1300,Karnataka,Local,2026,7,2,1300.0,1300.0,1257.142857142857,0.0,Monsoon,0
2026-07-23,Potato,24,Belagavi,Large,Belgaum APMC,1800,1000,1300,Karnataka,Local,2026,7,3,1300.0,1200.0,1271.428571428571,0.0,Monsoon,0
2026-07-24,Potato,24,Belagavi,Large,Belgaum APMC,1800,1000,1300,Karnataka,Local,2026,7,4,1300.0,1200.0,1285.7142857142858,0.0,Monsoon,0
2026-07-29,Potato,24,Belagavi,Large,Belgaum APMC,1600,1000,1200,Karnataka,Local,2026,7,2,1300.0,1200.0,1285.7142857142858,-0.0769230769230768,Monsoon,0
2026-07-30,Potato,24,Belagavi,Large,Belgaum APMC,1600,1000,1200,Karnataka,Local,2026,7,3,1200.0,1300.0,1271.428571428571,0.0,Monsoon,0
2026-07-31,Potato,24,Belagavi,Large,Belgaum APMC,1600,1000,1200,Karnataka,Local,2026,7,4,1200.0,1300.0,1257.142857142857,0.0,Monsoon,0
2026-08-01,Potato,24,Belagavi,Large,Belgaum APMC,1700,1000,1300,Karnataka,Local,2026,8,5,1200.0,1300.0,1257.142857142857,0.0833333333333332,Monsoon,0
2026-08-05,Potato,24,Belagavi,Large,Belgaum APMC,1700,1000,1300,Karnataka,Local,2026,8,2,1300.0,1300.0,1257.142857142857,0.0,Monsoon,0
2026-08-06,Potato,24,Belagavi,Large,Belgaum APMC,1700,1000,1300,Karnataka,Local,2026,8,3,1300.0,1300.0,1257.142857142857,0.0,Monsoon,0
2026-08-07,Potato,24,Belagavi,Large,Belgaum APMC,1700,1000,1300,Karnataka,Local,2026,8,4,1300.0,1300.0,1257.142857142857,0.0,Monsoon,0
2026-04-03,Potato,24,Bengaluru,Medium,Bengaluru APMC,1800,600,1400,Karnataka,Potato,2026,4,4,1400.0,,1400.0,0.0,Summer,0
2026-04-04,Potato,24,Bengaluru,Medium,Bengaluru APMC,1100,800,1000,Karnataka,Local,2026,4,5,1400.0,,1266.6666666666667,-0.2857142857142857,Summer,0
2026-04-04,Potato,24,Bengaluru,Medium,Bengaluru APMC,1800,600,1400,Karnataka,Potato,2026,4,5,1000.0,,1300.0,0.3999999999999999,Summer,0
2026-04-06,Potato,24,Bengaluru,Medium,Bengaluru APMC,1800,600,1400,Karnataka,Potato,2026,4,0,1400.0,,1320.0,0.0,Summer,0
2026-04-07,Potato,24,Bengaluru,Medium,Bengaluru APMC,1800,600,1400,Karnataka,Potato,2026,4,1,1400.0,,1333.3333333333333,0.0,Summer,0
2026-04-07,Potato,24,Bengaluru,Medium,Bengaluru APMC,1100,800,1000,Karnataka,Local,2026,4,1,1400.0,,1285.7142857142858,-0.2857142857142857,Summer,0
2026-04-08,Potato,24,Bengaluru,Medium,Bengaluru APMC,1800,600,1400,Karnataka,Potato,2026,4,2,1000.0,1400.0,1285.7142857142858,0.3999999999999999,Summer,0
2026-04-09,Potato,24,Bengaluru,Medium,Bengaluru APMC,1100,800,1000,Karnataka,Local,2026,4,3,1400.0,1400.0,1228.571428571429,-0.2857142857142857,Summer,0
2026-04-10,Potato,24,Bengaluru,Medium,Bengaluru APMC,1800,600,1400,Karnataka,Potato,2026,4,4,1000.0,1000.0,1285.7142857142858,0.3999999999999999,Summer,0
2026-04-10,Potato,24,Bengaluru,Medium,Bengaluru APMC,1100,800,1000,Karnataka,Local,2026,4,4,1400.0,1400.0,1228.571428571429,-0.2857142857142857,Summer,0
2026-04-11,Potato,24,Bengaluru,Medium,Bengaluru APMC,1100,800,1000,Karnataka,Local,2026,4,5,1000.0,1400.0,1171.428571428571,0.0,Summer,0
2026-04-13,Potato,24,Bengaluru,Medium,Bengaluru APMC,1800,600,1400,Karnataka,Potato,2026,4,0,1000.0,1400.0,1171.428571428571,0.3999999999999999,Summer,0
2026-04-15,Potato,24,Bengaluru,Medium,Bengaluru APMC,1800,800,1300,Karnataka,Potato,2026,4,2,1400.0,1000.0,1214.2857142857142,-0.0714285714285714,Summer,0
2026-04-16,Potato,24,Bengaluru,Medium,Bengaluru APMC,1200,800,1000,Karnataka,Local,2026,4,3,1300.0,1400.0,1157.142857142857,-0.2307692307692307,Summer,0
2026-04-17,Potato,24,Bengaluru,Medium,Bengaluru APMC,1800,800,1300,Karnataka,Potato,2026,4,4,1000.0,1000.0,1200.0,0.3,Summer,0
2026-04-17,Potato,24,Bengaluru,Medium,Bengaluru APMC,1200,800,1000,Karnataka,Local,2026,4,4,1300.0,1400.0,1142.857142857143,-0.2307692307692307,Summer,0
2026-04-18,Potato,24,Bengaluru,Medium,Bengaluru APMC,1800,800,1300,Karnataka,Potato,2026,4,5,1000.0,1000.0,1185.7142857142858,0.3,Summer,0
2026-04-20,Potato,24,Bengaluru,Medium,Bengaluru APMC,1800,800,1300,Karnataka,Potato,2026,4,0,1300.0,1000.0,1228.571428571429,0.0,Summer,0
2026-04-21,Potato,24,Bengaluru,Medium,Bengaluru APMC,1800,800,1300,Karnataka,Potato,2026,4,1,1300.0,1400.0,1214.2857142857142,0.0,Summer,0
2026-04-21,Potato,24,Bengaluru,Medium,Bengaluru APMC,1200,800,1000,Karnataka,Local,2026,4,1,1300.0,1300.0,1171.428571428571,-0.2307692307692307,Summer,0
2026-04-22,Potato,24,Bengaluru,Medium,Bengaluru APMC,1800,800,1300,Karnataka,Potato,2026,4,2,1000.0,1000.0,1214.2857142857142,0.3,Summer,0
2026-04-22,Potato,24,Bengaluru,Medium,Bengaluru APMC,1200,800,1000,Karnataka,Local,2026,4,2,1300.0,1300.0,1171.428571428571,-0.2307692307692307,Summer,0
2026-04-23,Potato,24,Bengaluru,Medium,Bengaluru APMC,1800,800,1300,Karnataka,Potato,2026,4,3,1000.0,1000.0,1214.2857142857142,0.3,Summer,0
2026-04-23,Potato,24,Bengaluru,Medium,Bengaluru APMC,1200,800,1000,Karnataka,Local,2026,4,3,1300.0,1300.0,1171.428571428571,-0.2307692307692307,Summer,0
2026-04-24,Potato,24,Bengaluru,Medium,Bengaluru APMC,1200,800,1000,Karnataka,Local,2026,4,4,1000.0,1300.0,1128.571428571429,0.0,Summer,0
2026-04-24,Potato,24,Bengaluru,Medium,Bengaluru APMC,1800,800,1300,Karnataka,Potato,2026,4,4,1000.0,1300.0,1128.571428571429,0.3,Summer,0
2026-04-25,Potato,24,Bengaluru,Medium,Bengaluru APMC,1200,800,1000,Karnataka,Local,2026,4,5,1300.0,1000.0,1128.571428571429,-0.2307692307692307,Summer,0
2026-04-25,Potato,24,Bengaluru,Medium,Bengaluru APMC,1800,800,1300,Karnataka,Potato,2026,4,5,1000.0,1300.0,1128.571428571429,0.3,Summer,0
2026-04-27,Potato,24,Bengaluru,Medium,Bengaluru APMC,1600,1300,1400,Karnataka,Local,2026,4,0,1300.0,1000.0,1185.7142857142858,0.0769230769230768,Summer,0
2026-04-27,Potato,24,Bengaluru,Medium,Bengaluru APMC,1900,1500,1600,Karnataka,Potato,2026,4,0,1400.0,1300.0,1228.571428571429,0.1428571428571428,Summer,0
2026-04-28,Potato,24,Bengaluru,Medium,Bengaluru APMC,1900,1500,1600,Karnataka,Potato,2026,4,1,1600.0,1000.0,1314.2857142857142,0.0,Summer,0
2026-04-28,Potato,24,Bengaluru,Medium,Bengaluru APMC,1600,1300,1400,Karnataka,Local,2026,4,1,1600.0,1000.0,1371.428571428571,-0.125,Summer,0
2026-04-29,Potato,24,Bengaluru,Medium,Bengaluru APMC,1900,1500,1600,Karnataka,Potato,2026,4,2,1400.0,1300.0,1414.2857142857142,0.1428571428571428,Summer,0
2026-04-29,Potato,24,Bengaluru,Medium,Bengaluru APMC,1600,1300,1400,Karnataka,Local,2026,4,2,1600.0,1000.0,1471.428571428571,-0.125,Summer,0
2026-04-30,Potato,24,Bengaluru,Medium,Bengaluru APMC,1900,1500,1600,Karnataka,Potato,2026,4,3,1400.0,1300.0,1514.2857142857142,0.1428571428571428,Summer,0
2026-04-30,Potato,24,Bengaluru,Medium,Bengaluru APMC,1600,1300,1400,Karnataka,Local,2026,4,3,1600.0,1400.0,1514.2857142857142,-0.125,Summer,0
2026-05-02,Potato,24,Bengaluru,Medium,Bengaluru APMC,1900,1500,1600,Karnataka,Potato,2026,5,5,1400.0,1600.0,1514.2857142857142,0.1428571428571428,Summer,0
2026-05-02,Potato,24,Bengaluru,Medium,Bengaluru APMC,1600,1300,1400,Karnataka,Local,2026,5,5,1600.0,1600.0,1485.7142857142858,-0.125,Summer,0
2026-05-04,Potato,24,Bengaluru,Medium,Bengaluru APMC,1900,1500,1600,Karnataka,Potato,2026,5,0,1400.0,1400.0,1514.2857142857142,0.1428571428571428,Summer,0
2026-05-05,Potato,24,Bengaluru,Medium,Bengaluru APMC,1400,1200,1300,Karnataka,Local,2026,5,1,1600.0,1600.0,1471.428571428571,-0.1875,Summer,0
2026-05-05,Potato,24,Bengaluru,Medium,Bengaluru APMC,2000,1000,1500,Karnataka,Potato,2026,5,1,1300.0,1400.0,1485.7142857142858,0.1538461538461537,Summer,0
2026-05-06,Potato,24,Bengaluru,Medium,Bengaluru APMC,2000,1000,1500,Karnataka,Potato,2026,5,2,1500.0,1600.0,1471.428571428571,0.0,Summer,0
2026-05-06,Potato,24,Bengaluru,Medium,Bengaluru APMC,1400,1200,1300,Karnataka,Local,2026,5,2,1500.0,1400.0,1457.142857142857,-0.1333333333333333,Summer,0
2026-05-07,Potato,24,Bengaluru,Medium,Bengaluru APMC,1400,1200,1300,Karnataka,Local,2026,5,3,1300.0,1600.0,1414.2857142857142,0.0,Summer,0
2026-05-07,Potato,24,Bengaluru,Medium,Bengaluru APMC,2000,1000,1500,Karnataka,Potato,2026,5,3,1300.0,1400.0,1428.571428571429,0.1538461538461537,Summer,0
2026-05-08,Potato,24,Bengaluru,Medium,Bengaluru APMC,2000,1000,1500,Karnataka,Potato,2026,5,4,1500.0,1600.0,1414.2857142857142,0.0,Summer,0
2026-05-08,Potato,24,Bengaluru,Medium,Bengaluru APMC,1400,1200,1300,Karnataka,Local,2026,5,4,1500.0,1300.0,1414.2857142857142,-0.1333333333333333,Summer,0
2026-05-09,Potato,24,Bengaluru,Medium,Bengaluru APMC,1400,1200,1300,Karnataka,Local,2026,5,5,1300.0,1500.0,1385.7142857142858,0.0,Summer,0
2026-05-11,Potato,24,Bengaluru,Medium,Bengaluru APMC,2000,1000,1500,Karnataka,Potato,2026,5,0,1300.0,1500.0,1385.7142857142858,0.1538461538461537,Summer,0
2026-05-12,Potato,24,Bengaluru,Medium,Bengaluru APMC,2000,800,1500,Karnataka,Potato,2026,5,1,1500.0,1300.0,1414.2857142857142,0.0,Summer,0
2026-05-12,Potato,24,Bengaluru,Medium,Bengaluru APMC,1600,800,1300,Karnataka,Local,2026,5,1,1500.0,1300.0,1414.2857142857142,-0.1333333333333333,Summer,0
2026-05-13,Potato,24,Bengaluru,Medium,Bengaluru APMC,2000,80,1500,Karnataka,Potato,2026,5,2,1300.0,1500.0,1414.2857142857142,0.1538461538461537,Summer,0
2026-05-14,Potato,24,Bengaluru,Medium,Bengaluru APMC,1600,800,1300,Karnataka,Local,2026,5,3,1500.0,1500.0,1385.7142857142858,-0.1333333333333333,Summer,0
2026-05-15,Potato,24,Bengaluru,Medium,Bengaluru APMC,2000,800,1500,Karnataka,Potato,2026,5,4,1300.0,1300.0,1414.2857142857142,0.1538461538461537,Summer,0
2026-05-15,Potato,24,Bengaluru,Medium,Bengaluru APMC,1600,800,1300,Karnataka,Local,2026,5,4,1500.0,1300.0,1414.2857142857142,-0.1333333333333333,Summer,0
2026-05-16,Potato,24,Bengaluru,Medium,Bengaluru APMC,2000,800,1500,Karnataka,Potato,2026,5,5,1300.0,1500.0,1414.2857142857142,0.1538461538461537,Summer,0
2026-05-16,Potato,24,Bengaluru,Medium,Bengaluru APMC,1600,800,1300,Karnataka,Local,2026,5,5,1500.0,1500.0,1385.7142857142858,-0.1333333333333333,Summer,0
2026-05-18,Potato,24,Bengaluru,Medium,Bengaluru APMC,2000,800,1500,Karnataka,Potato,2026,5,0,1300.0,1300.0,1414.2857142857142,0.1538461538461537,Summer,0
2026-05-18,Potato,24,Bengaluru,Medium,Bengaluru APMC,1600,800,1300,Karnataka,Local,2026,5,0,1500.0,1500.0,1385.7142857142858,-0.1333333333333333,Summer,0
2026-05-19,Potato,24,Bengaluru,Medium,Bengaluru APMC,2000,800,1500,Karnataka,Potato,2026,5,1,1300.0,1300.0,1414.2857142857142,0.1538461538461537,Summer,0
2026-05-19,Potato,24,Bengaluru,Medium,Bengaluru APMC,1600,800,1300,Karnataka,Local,2026,5,1,1500.0,1500.0,1385.7142857142858,-0.1333333333333333,Summer,0
2026-05-20,Potato,24,Bengaluru,Medium,Bengaluru APMC,2000,1000,1500,Karnataka,Potato,2026,5,2,1300.0,1300.0,1414.2857142857142,0.1538461538461537,Summer,0
2026-05-20,Potato,24,Bengaluru,Medium,Bengaluru APMC,1200,400,900,Karnataka,Local,2026,5,2,1500.0,1500.0,1328.571428571429,-0.4,Summer,1
2026-05-21,Potato,24,Bengaluru,Medium,Bengaluru APMC,2000,1000,1500,Karnataka,Potato,2026,5,3,900.0,1300.0,1357.142857142857,0.6666666666666667,Summer,0
2026-05-21,Potato,24,Bengaluru,Medium,Bengaluru APMC,1200,400,900,Karnataka,Local,2026,5,3,1500.0,1500.0,1271.428571428571,-0.4,Summer,1
2026-05-22,Potato,24,Bengaluru,Medium,Bengaluru APMC,2000,1000,1500,Karnataka,Potato,2026,5,4,900.0,1300.0,1300.0,0.6666666666666667,Summer,0
2026-05-23,Potato,24,Bengaluru,Medium,Bengaluru APMC,1200,400,900,Karnataka,Local,2026,5,5,1500.0,1500.0,1214.2857142857142,-0.4,Summer,1
2026-05-23,Potato,24,Bengaluru,Medium,Bengaluru APMC,2000,1000,1500,Karnataka,Potato,2026,5,5,900.0,1300.0,1242.857142857143,0.6666666666666667,Summer,0
2026-05-25,Potato,24,Bengaluru,Medium,Bengaluru APMC,1200,400,900,Karnataka,Local,2026,5,0,1500.0,1500.0,1157.142857142857,-0.4,Summer,1
2026-05-25,Potato,24,Bengaluru,Medium,Bengaluru APMC,2000,1000,1500,Karnataka,Potato,2026,5,0,900.0,900.0,1242.857142857143,0.6666666666666667,Summer,0
2026-05-26,Potato,24,Bengaluru,Medium,Bengaluru APMC,1200,400,900,Karnataka,Local,2026,5,1,1500.0,1500.0,1157.142857142857,-0.4,Summer,1
2026-05-26,Potato,24,Bengaluru,Medium,Bengaluru APMC,2000,1000,1500,Karnataka,Potato,2026,5,1,900.0,900.0,1242.857142857143,0.6666666666666667,Summer,0
2026-05-27,Potato,24,Bengaluru,Medium,Bengaluru APMC,2000,1000,1500,Karnataka,Potato,2026,5,2,1500.0,1500.0,1242.857142857143,0.0,Summer,0
2026-05-28,Potato,24,Bengaluru,Medium,Bengaluru APMC,2000,1000,1500,Karnataka,Potato,2026,5,3,1500.0,900.0,1328.571428571429,0.0,Summer,0
2026-05-29,Potato,24,Bengaluru,Medium,Bengaluru APMC,1200,400,900,Karnataka,Local,2026,5,4,1500.0,1500.0,1242.857142857143,-0.4,Summer,1
2026-05-29,Potato,24,Bengaluru,Medium,Bengaluru APMC,2000,1000,1500,Karnataka,Potato,2026,5,4,900.0,900.0,1328.571428571429,0.6666666666666667,Summer,0
2026-05-30,Potato,24,Bengaluru,Medium,Bengaluru APMC,2000,1000,1500,Karnataka,Potato,2026,5,5,1500.0,1500.0,1328.571428571429,0.0,Summer,0
2026-05-30,Potato,24,Bengaluru,Medium,Bengaluru APMC,1200,400,900,Karnataka,Local,2026,5,5,1500.0,900.0,1328.571428571429,-0.4,Summer,1
2026-06-02,Potato,24,Bengaluru,Medium,Bengaluru APMC,1600,1000,1300,Karnataka,Local,2026,6,1,900.0,1500.0,1300.0,0.4444444444444444,Monsoon,0
2026-06-05,Potato,24,Bengaluru,Medium,Bengaluru APMC,2200,1000,1500,Karnataka,Potato,2026,6,4,1300.0,1500.0,1300.0,0.1538461538461537,Monsoon,0
2026-06-06,Potato,24,Bengaluru,Medium,Bengaluru APMC,1600,1000,1300,Karnataka,Local,2026,6,5,1500.0,1500.0,1271.428571428571,-0.1333333333333333,Monsoon,0
2026-06-06,Potato,24,Bengaluru,Medium,Bengaluru APMC,2200,1000,1500,Karnataka,Potato,2026,6,5,1300.0,900.0,1357.142857142857,0.1538461538461537,Monsoon,0
2026-06-08,Potato,24,Bengaluru,Medium,Bengaluru APMC,2200,1000,1500,Karnataka,Potato,2026,6,0,1500.0,1500.0,1357.142857142857,0.0,Monsoon,0
2026-06-09,Potato,24,Bengaluru,Medium,Bengaluru APMC,2200,1000,1500,Karnataka,Potato,2026,6,1,1500.0,1500.0,1357.142857142857,0.0,Monsoon,0
2026-06-09,Potato,24,Bengaluru,Medium,Bengaluru APMC,1600,1000,1300,Karnataka,Local,2026,6,1,1500.0,900.0,1414.2857142857142,-0.1333333333333333,Monsoon,0
2026-06-10,Potato,24,Bengaluru,Medium,Bengaluru APMC,2200,1000,1500,Karnataka,Potato,2026,6,2,1300.0,1300.0,1442.857142857143,0.1538461538461537,Monsoon,0
2026-06-12,Potato,24,Bengaluru,Medium,Bengaluru APMC,2200,1000,1500,Karnataka,Potato,2026,6,4,1500.0,1500.0,1442.857142857143,0.0,Monsoon,0
2026-06-13,Potato,24,Bengaluru,Medium,Bengaluru APMC,1600,1000,1300,Karnataka,Local,2026,6,5,1500.0,1300.0,1442.857142857143,-0.1333333333333333,Monsoon,0
2026-06-13,Potato,24,Bengaluru,Medium,Bengaluru APMC,2200,1000,1500,Karnataka,Potato,2026,6,5,1300.0,1500.0,1442.857142857143,0.1538461538461537,Monsoon,0
2026-06-15,Potato,24,Bengaluru,Medium,Bengaluru APMC,2200,1000,1500,Karnataka,Potato,2026,6,0,1500.0,1500.0,1442.857142857143,0.0,Monsoon,0
2026-06-16,Potato,24,Bengaluru,Medium,Bengaluru APMC,1600,1000,1300,Karnataka,Local,2026,6,1,1500.0,1500.0,1414.2857142857142,-0.1333333333333333,Monsoon,0
2026-06-17,Potato,24,Bengaluru,Medium,Bengaluru APMC,2200,1000,1500,Karnataka,Potato,2026,6,2,1300.0,1300.0,1442.857142857143,0.1538461538461537,Monsoon,0
2026-06-18,Potato,24,Bengaluru,Medium,Bengaluru APMC,1600,1000,1300,Karnataka,Local,2026,6,3,1500.0,1500.0,1414.2857142857142,-0.1333333333333333,Monsoon,0
2026-06-20,Potato,24,Bengaluru,Medium,Bengaluru APMC,2200,1000,1500,Karnataka,Potato,2026,6,5,1300.0,1500.0,1414.2857142857142,0.1538461538461537,Monsoon,0
2026-06-20,Potato,24,Bengaluru,Medium,Bengaluru APMC,2000,1500,1600,Karnataka,Local,2026,6,5,1500.0,1300.0,1457.142857142857,0.0666666666666666,Monsoon,0
2026-06-22,Potato,24,Bengaluru,Medium,Bengaluru APMC,2200,1000,1500,Karnataka,Potato,2026,6,0,1600.0,1500.0,1457.142857142857,-0.0625,Monsoon,0
2026-06-22,Potato,24,Bengaluru,Medium,Bengaluru APMC,2000,1500,1600,Karnataka,Local,2026,6,0,1500.0,1500.0,1471.428571428571,0.0666666666666666,Monsoon,0
2026-06-23,Potato,24,Bengaluru,Medium,Bengaluru APMC,2000,1500,1600,Karnataka,Local,2026,6,1,1600.0,1300.0,1514.2857142857142,0.0,Monsoon,0
2026-06-24,Potato,24,Bengaluru,Medium,Bengaluru APMC,2000,1500,1600,Karnataka,Local,2026,6,2,1600.0,1500.0,1528.571428571429,0.0,Monsoon,0
2026-06-25,Potato,24,Bengaluru,Medium,Bengaluru APMC,2000,1500,1600,Karnataka,Local,2026,6,3,1600.0,1300.0,1571.428571428571,0.0,Monsoon,0
2026-06-25,Potato,24,Bengaluru,Medium,Bengaluru APMC,2200,1000,1500,Karnataka,Potato,2026,6,3,1600.0,1500.0,1571.428571428571,-0.0625,Monsoon,0
2026-06-26,Potato,24,Bengaluru,Medium,Bengaluru APMC,2200,1000,1500,Karnataka,Potato,2026,6,4,1500.0,1600.0,1557.142857142857,0.0,Monsoon,0
2026-06-26,Potato,24,Bengaluru,Medium,Bengaluru APMC,2000,1500,1600,Karnataka,Local,2026,6,4,1500.0,1500.0,1571.428571428571,0.0666666666666666,Monsoon,0
2026-06-27,Potato,24,Bengaluru,Medium,Bengaluru APMC,2200,1000,1500,Karnataka,Potato,2026,6,5,1600.0,1600.0,1557.142857142857,-0.0625,Monsoon,0
2026-06-29,Potato,24,Bengaluru,Medium,Bengaluru APMC,2200,800,1500,Karnataka,Potato,2026,6,0,1500.0,1600.0,1542.857142857143,0.0,Monsoon,0
2026-06-30,Potato,24,Bengaluru,Medium,Bengaluru APMC,2000,1600,1600,Karnataka,Local,2026,6,1,1500.0,1600.0,1542.857142857143,0.0666666666666666,Monsoon,0
2026-07-01,Potato,24,Bengaluru,Medium,Bengaluru APMC,2200,800,1500,Karnataka,Potato,2026,7,2,1600.0,1600.0,1528.571428571429,-0.0625,Monsoon,0
2026-07-02,Potato,24,Bengaluru,Medium,Bengaluru APMC,2200,800,1500,Karnataka,Potato,2026,7,3,1500.0,1500.0,1528.571428571429,0.0,Monsoon,0
2026-07-03,Potato,24,Bengaluru,Medium,Bengaluru APMC,2000,1600,1700,Karnataka,Local,2026,7,4,1500.0,1500.0,1557.142857142857,0.1333333333333333,Monsoon,0
2026-07-04,Potato,24,Bengaluru,Medium,Bengaluru APMC,2000,1600,1700,Karnataka,Local,2026,7,5,1700.0,1600.0,1571.428571428571,0.0,Monsoon,0
2026-07-06,Potato,24,Bengaluru,Medium,Bengaluru APMC,2000,1000,1600,Karnataka,Potato,2026,7,0,1700.0,1500.0,1585.7142857142858,-0.0588235294117647,Monsoon,0
2026-07-07,Potato,24,Bengaluru,Medium,Bengaluru APMC,2000,1600,1700,Karnataka,Local,2026,7,1,1600.0,1500.0,1614.2857142857142,0.0625,Monsoon,0
2026-07-08,Potato,24,Bengaluru,Medium,Bengaluru APMC,2000,1600,1700,Karnataka,Local,2026,7,2,1700.0,1600.0,1628.571428571429,0.0,Monsoon,0
2026-07-08,Potato,24,Bengaluru,Medium,Bengaluru APMC,2000,1000,1600,Karnataka,Potato,2026,7,2,1700.0,1500.0,1642.857142857143,-0.0588235294117647,Monsoon,0
2026-07-09,Potato,24,Bengaluru,Medium,Bengaluru APMC,2000,1000,1600,Karnataka,Potato,2026,7,3,1600.0,1500.0,1657.142857142857,0.0,Monsoon,0
2026-07-09,Potato,24,Bengaluru,Medium,Bengaluru APMC,2000,1600,1700,Karnataka,Local,2026,7,3,1600.0,1700.0,1657.142857142857,0.0625,Monsoon,0
2026-07-11,Potato,24,Bengaluru,Medium,Bengaluru APMC,2000,1600,1700,Karnataka,Local,2026,7,5,1700.0,1700.0,1657.142857142857,0.0,Monsoon,0
2026-07-11,Potato,24,Bengaluru,Medium,Bengaluru APMC,2000,1000,1600,Karnataka,Potato,2026,7,5,1700.0,1600.0,1657.142857142857,-0.0588235294117647,Monsoon,0
2026-07-13,Potato,24,Bengaluru,Medium,Bengaluru APMC,2000,1600,1700,Karnataka,Local,2026,7,0,1600.0,1700.0,1657.142857142857,0.0625,Monsoon,0
2026-07-14,Potato,24,Bengaluru,Medium,Bengaluru APMC,2000,1700,1800,Karnataka,Local,2026,7,1,1700.0,1700.0,1671.428571428571,0.0588235294117647,Monsoon,0
2026-07-15,Potato,24,Bengaluru,Medium,Bengaluru APMC,2000,800,1600,Karnataka,Potato,2026,7,2,1800.0,1600.0,1671.428571428571,-0.1111111111111111,Monsoon,0
2026-07-15,Potato,24,Bengaluru,Medium,Bengaluru APMC,2000,1700,1800,Karnataka,Local,2026,7,2,1600.0,1600.0,1700.0,0.125,Monsoon,0
2026-07-16,Potato,24,Bengaluru,Medium,Bengaluru APMC,2000,800,1600,Karnataka,Potato,2026,7,3,1800.0,1700.0,1685.7142857142858,-0.1111111111111111,Monsoon,0
2026-07-17,Potato,24,Bengaluru,Medium,Bengaluru APMC,2000,1700,1800,Karnataka,Local,2026,7,4,1600.0,1700.0,1700.0,0.125,Monsoon,0
2026-07-17,Potato,24,Bengaluru,Medium,Bengaluru APMC,2000,800,1600,Karnataka,Potato,2026,7,4,1800.0,1600.0,1700.0,-0.1111111111111111,Monsoon,0
2026-07-18,Potato,24,Bengaluru,Medium,Bengaluru APMC,2000,800,1600,Karnataka,Potato,2026,7,5,1600.0,1700.0,1685.7142857142858,0.0,Monsoon,0
2026-07-20,Potato,24,Bengaluru,Medium,Bengaluru APMC,2000,800,1600,Karnataka,Potato,2026,7,0,1600.0,1800.0,1657.142857142857,0.0,Monsoon,0
2026-07-21,Potato,24,Bengaluru,Medium,Bengaluru APMC,2400,1000,2000,Karnataka,Potato,2026,7,1,1600.0,1600.0,1714.2857142857142,0.25,Monsoon,0
2026-07-23,Potato,24,Bengaluru,Medium,Bengaluru APMC,2400,1000,2000,Karnataka,Potato,2026,7,3,2000.0,1800.0,1742.857142857143,0.0,Monsoon,0
2026-07-23,Potato,24,Bengaluru,Medium,Bengaluru APMC,2100,1800,1900,Karnataka,Local,2026,7,3,2000.0,1600.0,1785.7142857142858,-0.05,Monsoon,0
2026-07-24,Potato,24,Bengaluru,Medium,Bengaluru APMC,2400,1000,2000,Karnataka,Potato,2026,7,4,1900.0,1800.0,1814.2857142857144,0.0526315789473683,Monsoon,0
2026-07-24,Potato,24,Bengaluru,Medium,Bengaluru APMC,2100,1800,1900,Karnataka,Local,2026,7,4,2000.0,1600.0,1857.142857142857,-0.05,Monsoon,0
2026-07-27,Potato,24,Bengaluru,Medium,Bengaluru APMC,2400,1000,2000,Karnataka,Potato,2026,7,0,1900.0,1600.0,1914.2857142857144,0.0526315789473683,Monsoon,0
2026-07-28,Potato,24,Bengaluru,Medium,Bengaluru APMC,2400,1000,2000,Karnataka,Potato,2026,7,1,2000.0,1600.0,1971.4285714285716,0.0,Monsoon,0
2026-07-30,Potato,24,Bengaluru,Medium,Bengaluru APMC,2100,1800,1900,Karnataka,Local,2026,7,3,2000.0,2000.0,1957.142857142857,-0.05,Monsoon,0
2026-08-01,Potato,24,Bengaluru,Medium,Bengaluru APMC,2100,1800,1900,Karnataka,Local,2026,8,5,1900.0,2000.0,1942.857142857143,0.0,Monsoon,0
2026-08-01,Potato,24,Bengaluru,Medium,Bengaluru APMC,2400,1000,2000,Karnataka,Potato,2026,8,5,1900.0,1900.0,1957.142857142857,0.0526315789473683,Monsoon,0
2026-08-03,Potato,24,Bengaluru,Medium,Bengaluru APMC,2800,1200,2000,Karnataka,Local,2026,8,0,2000.0,2000.0,1957.142857142857,0.0,Monsoon,0
2026-08-03,Potato,24,Bengaluru,Medium,Bengaluru APMC,2000,1000,1500,Karnataka,Potato,2026,8,0,2000.0,1900.0,1900.0,-0.25,Monsoon,0
2026-08-04,Potato,24,Bengaluru,Medium,Bengaluru APMC,2800,1200,2000,Karnataka,Local,2026,8,1,1500.0,2000.0,1900.0,0.3333333333333332,Monsoon,0
2026-08-05,Potato,24,Bengaluru,Medium,Bengaluru APMC,2800,1200,2000,Karnataka,Local,2026,8,2,2000.0,2000.0,1900.0,0.0,Monsoon,0
2026-08-05,Potato,24,Bengaluru,Medium,Bengaluru APMC,2000,1000,1500,Karnataka,Potato,2026,8,2,2000.0,1900.0,1842.857142857143,-0.25,Monsoon,0
2026-08-06,Potato,24,Bengaluru,Medium,Bengaluru APMC,2800,1200,2000,Karnataka,Local,2026,8,3,1500.0,1900.0,1857.142857142857,0.3333333333333332,Monsoon,0
2026-08-07,Potato,24,Bengaluru,Medium,Bengaluru APMC,2800,1200,2000,Karnataka,Local,2026,8,4,2000.0,2000.0,1857.142857142857,0.0,Monsoon,0
2022-01-01,Potato,24,Hyderabad,FAQ,Bowenpally,2500,800,2000,Telangana,(Red Nanital),2022,1,5,1100.0,,1550.0,0.8181818181818181,Winter,0
2022-01-06,Potato,24,Hyderabad,FAQ,Bowenpally,1400,400,1100,Telangana,(Red Nanital),2022,1,3,2000.0,,1400.0,-0.4499999999999999,Winter,0
2022-01-11,Potato,24,Hyderabad,FAQ,Bowenpally,1600,800,1200,Telangana,(Red Nanital),2022,1,1,1100.0,,1350.0,0.0909090909090908,Winter,0
2022-02-06,Potato,24,Hyderabad,FAQ,Bowenpally,1600,400,1100,Telangana,(Red Nanital),2022,2,6,1200.0,,1300.0,-0.0833333333333333,Winter,0
2022-02-09,Potato,24,Hyderabad,FAQ,Bowenpally,2000,1000,1800,Telangana,(Red Nanital),2022,2,2,1100.0,,1383.3333333333333,0.6363636363636365,Winter,0
2022-02-16,Potato,24,Hyderabad,FAQ,Bowenpally,1700,800,1300,Telangana,(Red Nanital),2022,2,2,1800.0,,1371.428571428571,-0.2777777777777778,Winter,0
2022-02-21,Potato,24,Hyderabad,FAQ,Bowenpally,1600,1000,1400,Telangana,(Red Nanital),2022,2,0,1300.0,1100.0,1414.2857142857142,0.0769230769230768,Winter,0
2022-02-22,Potato,24,Hyderabad,FAQ,Bowenpally,1700,1200,1500,Telangana,(Red Nanital),2022,2,1,1400.0,2000.0,1342.857142857143,0.0714285714285714,Winter,0
2022-02-24,Potato,24,Hyderabad,FAQ,Bowenpally,1500,1000,1300,Telangana,(Red Nanital),2022,2,3,1500.0,1100.0,1371.428571428571,-0.1333333333333333,Winter,0
2022-02-26,Potato,24,Hyderabad,FAQ,Bowenpally,1800,1200,1600,Telangana,(Red Nanital),2022,2,5,1300.0,1200.0,1428.571428571429,0.2307692307692308,Winter,0
2022-03-03,Potato,24,Hyderabad,FAQ,Bowenpally,2000,1400,1800,Telangana,(Red Nanital),2022,3,3,1600.0,1100.0,1528.571428571429,0.125,Summer,0
2022-03-04,Potato,24,Hyderabad,FAQ,Bowenpally,2000,1000,1700,Telangana,(Red Nanital),2022,3,4,1800.0,1800.0,1514.2857142857142,-0.0555555555555555,Summer,0
2022-03-13,Potato,24,Hyderabad,FAQ,Bowenpally,1700,1000,1500,Telangana,(Red Nanital),2022,3,6,1700.0,1300.0,1542.857142857143,-0.1176470588235294,Summer,0
2022-03-21,Potato,24,Hyderabad,FAQ,Bowenpally,2000,1000,1800,Telangana,(Red Nanital),2022,3,0,1500.0,1400.0,1600.0,0.1999999999999999,Summer,0
2022-03-29,Potato,24,Hyderabad,FAQ,Bowenpally,2000,1000,1500,Telangana,(Red Nanital),2022,3,1,1800.0,1500.0,1600.0,-0.1666666666666666,Summer,0
2022-04-05,Potato,24,Hyderabad,FAQ,Bowenpally,2000,1000,1600,Telangana,(Red Nanital),2022,4,1,1500.0,1300.0,1642.857142857143,0.0666666666666666,Summer,0
2022-04-14,Potato,24,Hyderabad,FAQ,Bowenpally,1900,1000,1500,Telangana,(Red Nanital),2022,4,3,1600.0,1600.0,1628.571428571429,-0.0625,Summer,0
2022-04-15,Potato,24,Hyderabad,FAQ,Bowenpally,2000,1000,1600,Telangana,(Red Nanital),2022,4,4,1500.0,1800.0,1600.0,0.0666666666666666,Summer,0
2022-04-29,Potato,24,Hyderabad,FAQ,Bowenpally,2200,1200,1800,Telangana,(Red Nanital),2022,4,4,1600.0,1700.0,1614.2857142857142,0.125,Summer,0
2022-04-30,Potato,24,Hyderabad,FAQ,Bowenpally,2200,1200,1800,Telangana,(Red Nanital),2022,4,5,1800.0,1500.0,1657.142857142857,0.0,Summer,0
2022-05-04,Potato,24,Hyderabad,FAQ,Bowenpally,2200,1000,1800,Telangana,(Red Nanital),2022,5,2,1800.0,1800.0,1657.142857142857,0.0,Summer,0
2022-05-10,Potato,24,Hyderabad,FAQ,Bowenpally,2100,1200,1600,Telangana,(Red Nanital),2022,5,1,1800.0,1500.0,1671.428571428571,-0.1111111111111111,Summer,0
2022-06-07,Potato,24,Hyderabad,FAQ,Bowenpally,2200,1000,1700,Telangana,(Red Nanital),2022,6,1,1600.0,1600.0,1685.7142857142858,0.0625,Monsoon,0
2022-06-22,Potato,24,Hyderabad,FAQ,Bowenpally,2400,1200,1900,Telangana,(Red Nanital),2022,6,2,1700.0,1500.0,1742.857142857143,0.1176470588235294,Monsoon,0
2022-06-23,Potato,24,Hyderabad,FAQ,Bowenpally,2300,1200,1800,Telangana,(Red Nanital),2022,6,3,1900.0,1600.0,1771.428571428571,-0.0526315789473684,Monsoon,0
2022-06-30,Potato,24,Hyderabad,FAQ,Bowenpally,2400,1000,2000,Telangana,(Red Nanital),2022,6,3,1800.0,1800.0,1800.0,0.1111111111111111,Monsoon,0
2022-07-04,Potato,24,Hyderabad,FAQ,Bowenpally,2400,1400,2000,Telangana,(Red Nanital),2022,7,0,2000.0,1800.0,1828.571428571429,0.0,Monsoon,0
2022-07-09,Potato,24,Hyderabad,FAQ,Bowenpally,2300,1400,2000,Telangana,(Red Nanital),2022,7,5,2000.0,1800.0,1857.142857142857,0.0,Monsoon,0
2022-07-16,Potato,24,Hyderabad,FAQ,Bowenpally,2500,1500,2000,Telangana,(Red Nanital),2022,7,5,2000.0,1600.0,1914.2857142857144,0.0,Monsoon,0
2022-07-30,Potato,24,Hyderabad,FAQ,Bowenpally,2700,1200,2200,Telangana,(Red Nanital),2022,7,5,2000.0,1700.0,1985.7142857142856,0.1,Monsoon,0
2022-08-04,Potato,24,Hyderabad,FAQ,Bowenpally,2700,1300,2200,Telangana,(Red Nanital),2022,8,3,2200.0,1900.0,2028.571428571429,0.0,Monsoon,0
2022-08-10,Potato,24,Hyderabad,FAQ,Bowenpally,2600,1000,2100,Telangana,(Red Nanital),2022,8,2,2200.0,1800.0,2071.428571428572,-0.0454545454545454,Monsoon,0
2022-08-12,Potato,24,Hyderabad,FAQ,Bowenpally,2600,1200,2100,Telangana,(Red Nanital),2022,8,4,2100.0,2000.0,2085.714285714286,0.0,Monsoon,0
2022-08-16,Potato,24,Hyderabad,FAQ,Bowenpally,2600,1200,2100,Telangana,(Red Nanital),2022,8,1,2100.0,2000.0,2100.0,0.0,Monsoon,0
2022-08-22,Potato,24,Hyderabad,FAQ,Bowenpally,2500,1000,2000,Telangana,(Red Nanital),2022,8,0,2100.0,2000.0,2100.0,-0.0476190476190476,Monsoon,0
2022-08-24,Potato,24,Hyderabad,FAQ,Bowenpally,2600,1200,2100,Telangana,(Red Nanital),2022,8,2,2000.0,2000.0,2114.285714285714,0.05,Monsoon,0
2022-08-30,Potato,24,Hyderabad,FAQ,Bowenpally,2500,1000,2000,Telangana,(Red Nanital),2022,8,1,2100.0,2200.0,2085.714285714286,-0.0476190476190476,Monsoon,0
2022-09-01,Potato,24,Hyderabad,FAQ,Bowenpally,2700,1500,2200,Telangana,(Red Nanital),2022,9,3,2000.0,2200.0,2085.714285714286,0.1,Monsoon,0
2022-09-04,Potato,24,Hyderabad,FAQ,Bowenpally,2700,1500,2300,Telangana,(Red Nanital),2022,9,6,2200.0,2100.0,2114.285714285714,0.0454545454545454,Monsoon,0
2022-09-06,Potato,24,Hyderabad,FAQ,Bowenpally,2700,1500,2300,Telangana,(Red Nanital),2022,9,1,2300.0,2100.0,2142.8571428571427,0.0,Monsoon,0
2022-09-17,Potato,24,Hyderabad,FAQ,Bowenpally,2500,1000,1800,Telangana,(Red Nanital),2022,9,5,2300.0,2100.0,2100.0,-0.217391304347826,Monsoon,0
2022-09-18,Potato,24,Hyderabad,FAQ,Bowenpally,2600,1300,2000,Telangana,(Red Nanital),2022,9,6,1800.0,2000.0,2100.0,0.1111111111111111,Monsoon,0
2022-10-10,Potato,24,Hyderabad,FAQ,Bowenpally,2700,1200,2200,Telangana,(Red Nanital),2022,10,0,2000.0,2100.0,2114.285714285714,0.1,PostMonsoon,0
2022-10-22,Potato,24,Hyderabad,FAQ,Bowenpally,2500,1000,1800,Telangana,(Red Nanital),2022,10,5,2200.0,2000.0,2085.714285714286,-0.1818181818181817,PostMonsoon,0
2022-10-29,Potato,24,Hyderabad,FAQ,Bowenpally,3000,1000,2500,Telangana,(Red Nanital),2022,10,5,1800.0,2200.0,2128.5714285714284,0.3888888888888888,PostMonsoon,0
2022-11-02,Potato,24,Hyderabad,FAQ,Bowenpally,3000,1000,2500,Telangana,(Red Nanital),2022,11,2,2500.0,2300.0,2157.1428571428573,0.0,PostMonsoon,0
2022-11-14,Potato,24,Hyderabad,FAQ,Bowenpally,2600,1600,2400,Telangana,(Red Nanital),2022,11,0,2500.0,2300.0,2171.428571428572,-0.04,PostMonsoon,0
2022-11-17,Potato,24,Hyderabad,FAQ,Bowenpally,2600,1600,2100,Telangana,(Red Nanital),2022,11,3,2400.0,1800.0,2214.285714285714,-0.125,PostMonsoon,0
2022-12-02,Potato,24,Hyderabad,FAQ,Bowenpally,2700,800,2000,Telangana,(Red Nanital),2022,12,4,2100.0,2000.0,2214.285714285714,-0.0476190476190476,Winter,0
2022-12-05,Potato,24,Hyderabad,FAQ,Bowenpally,2800,1000,2200,Telangana,(Red Nanital),2022,12,0,2000.0,2200.0,2214.285714285714,0.1,Winter,0
2022-12-07,Potato,24,Hyderabad,FAQ,Bowenpally,2800,1000,2500,Telangana,(Red Nanital),2022,12,2,2200.0,1800.0,2314.285714285714,0.1363636363636364,Winter,0
2022-12-11,Potato,24,Hyderabad,FAQ,Bowenpally,2700,1500,2300,Telangana,(Red Nanital),2022,12,6,2500.0,2500.0,2285.714285714286,-0.0799999999999999,Winter,0
2022-12-14,Potato,24,Hyderabad,FAQ,Bowenpally,2700,1200,2200,Telangana,(Red Nanital),2022,12,2,2300.0,2500.0,2242.8571428571427,-0.0434782608695651,Winter,0
2022-12-31,Potato,24,Hyderabad,FAQ,Bowenpally,2700,1000,2200,Telangana,(Red Nanital),2022,12,5,2200.0,2400.0,2214.285714285714,0.0,Winter,0
2022-01-09,Potato,24,Hyderabad,FAQ,Erragadda(Rythu Bazar),1700,1700,1700,Telangana,(Red Nanital),2022,1,6,1900.0,,1800.0,-0.1052631578947368,Winter,0
2022-01-19,Potato,24,Hyderabad,FAQ,Erragadda(Rythu Bazar),1800,1800,1800,Telangana,(Red Nanital),2022,1,2,1700.0,,1800.0,0.0588235294117647,Winter,0
2022-01-31,Potato,24,Hyderabad,FAQ,Erragadda(Rythu Bazar),1800,1800,1800,Telangana,(Red Nanital),2022,1,0,1800.0,,1800.0,0.0,Winter,0
2022-02-19,Potato,24,Hyderabad,FAQ,Erragadda(Rythu Bazar),2000,2000,2000,Telangana,(Red Nanital),2022,2,5,1800.0,,1840.0,0.1111111111111111,Winter,0
2022-02-23,Potato,24,Hyderabad,FAQ,Erragadda(Rythu Bazar),1900,1900,1900,Telangana,(Red Nanital),2022,2,2,2000.0,,1850.0,-0.05,Winter,0
2022-02-27,Potato,24,Hyderabad,FAQ,Erragadda(Rythu Bazar),2100,2100,2100,Telangana,(Red Nanital),2022,2,6,1900.0,,1885.7142857142856,0.1052631578947369,Winter,0
2022-03-08,Potato,24,Hyderabad,FAQ,Erragadda(Rythu Bazar),2000,2000,2000,Telangana,(Red Nanital),2022,3,1,2100.0,1900.0,1900.0,-0.0476190476190476,Summer,0
2022-03-14,Potato,24,Hyderabad,FAQ,Erragadda(Rythu Bazar),1900,1900,1900,Telangana,(Red Nanital),2022,3,0,2000.0,1700.0,1928.571428571429,-0.05,Summer,0
2022-05-25,Potato,24,Hyderabad,FAQ,Erragadda(Rythu Bazar),2600,2600,2600,Telangana,(Red Nanital),2022,5,2,1900.0,1800.0,2042.857142857143,0.368421052631579,Summer,0
2022-05-26,Potato,24,Hyderabad,FAQ,Erragadda(Rythu Bazar),2500,2500,2500,Telangana,(Red Nanital),2022,5,3,2600.0,1800.0,2142.8571428571427,-0.0384615384615384,Summer,0
2022-06-09,Potato,24,Hyderabad,FAQ,Erragadda(Rythu Bazar),2600,2600,2600,Telangana,(Red Nanital),2022,6,3,2500.0,2000.0,2228.5714285714284,0.04,Monsoon,0
2022-06-11,Potato,24,Hyderabad,FAQ,Erragadda(Rythu Bazar),2500,2500,2500,Telangana,(Red Nanital),2022,6,5,2600.0,1900.0,2314.285714285714,-0.0384615384615384,Monsoon,0
2022-06-14,Potato,24,Hyderabad,FAQ,Erragadda(Rythu Bazar),2600,2600,2600,Telangana,(Red Nanital),2022,6,1,2500.0,2100.0,2385.714285714286,0.04,Monsoon,0
2022-06-20,Potato,24,Hyderabad,FAQ,Erragadda(Rythu Bazar),2600,2600,2600,Telangana,(Red Nanital),2022,6,0,2600.0,2000.0,2471.428571428572,0.0,Monsoon,0
2022-07-06,Potato,24,Hyderabad,FAQ,Erragadda(Rythu Bazar),2800,2800,2800,Telangana,(Red Nanital),2022,7,2,2600.0,1900.0,2600.0,0.0769230769230768,Monsoon,0
2022-07-26,Potato,24,Hyderabad,FAQ,Erragadda(Rythu Bazar),2800,2800,2800,Telangana,(Red Nanital),2022,7,1,2800.0,2600.0,2628.5714285714284,0.0,Monsoon,0
2022-07-27,Potato,24,Hyderabad,FAQ,Erragadda(Rythu Bazar),2700,2700,2700,Telangana,(Red Nanital),2022,7,2,2800.0,2500.0,2657.1428571428573,-0.0357142857142857,Monsoon,0
2022-08-13,Potato,24,Hyderabad,FAQ,Erragadda(Rythu Bazar),3100,3100,3100,Telangana,(Red Nanital),2022,8,5,2700.0,2600.0,2728.5714285714284,0.1481481481481481,Monsoon,0
2022-08-31,Potato,24,Hyderabad,FAQ,Erragadda(Rythu Bazar),3100,3100,3100,Telangana,(Red Nanital),2022,8,2,3100.0,2500.0,2814.285714285714,0.0,Monsoon,0
2022-09-22,Potato,24,Hyderabad,FAQ,Erragadda(Rythu Bazar),2800,2800,2800,Telangana,(Red Nanital),2022,9,3,3100.0,2600.0,2842.8571428571427,-0.0967741935483871,Monsoon,0
2022-09-28,Potato,24,Hyderabad,FAQ,Erragadda(Rythu Bazar),2800,2800,2800,Telangana,(Red Nanital),2022,9,2,2800.0,2600.0,2871.428571428572,0.0,Monsoon,0
2022-10-19,Potato,24,Hyderabad,FAQ,Erragadda(Rythu Bazar),2800,2800,2800,Telangana,(Red Nanital),2022,10,2,2800.0,2800.0,2871.428571428572,0.0,PostMonsoon,0
2022-11-01,Potato,24,Hyderabad,FAQ,Erragadda(Rythu Bazar),3300,3300,3300,Telangana,(Red Nanital),2022,11,1,2800.0,2800.0,2942.8571428571427,0.1785714285714286,PostMonsoon,0
2022-11-06,Potato,24,Hyderabad,FAQ,Erragadda(Rythu Bazar),3300,3300,3300,Telangana,(Red Nanital),2022,11,6,3300.0,2700.0,3028.5714285714284,0.0,PostMonsoon,0
2022-12-19,Potato,24,Hyderabad,FAQ,Erragadda(Rythu Bazar),3200,3200,3200,Telangana,(Red Nanital),2022,12,0,3300.0,3100.0,3042.8571428571427,-0.0303030303030302,Winter,0
2022-01-11,Potato,24,Hyderabad,FAQ,Gudimalkapur,1200,600,900,Telangana,(Red Nanital),2022,1,1,900.0,,900.0,0.0,Winter,1
2022-01-29,Potato,24,Hyderabad,FAQ,Gudimalkapur,1200,600,900,Telangana,(Red Nanital),2022,1,5,900.0,,900.0,0.0,Winter,1
2022-02-02,Potato,24,Hyderabad,FAQ,Gudimalkapur,1300,600,900,Telangana,(Red Nanital),2022,2,2,900.0,,900.0,0.0,Winter,1
2022-02-07,Potato,24,Hyderabad,FAQ,Gudimalkapur,1400,800,1000,Telangana,(Red Nanital),2022,2,0,900.0,,920.0,0.1111111111111111,Winter,0
2022-02-10,Potato,24,Hyderabad,FAQ,Gudimalkapur,1500,1000,1200,Telangana,(Red Nanital),2022,2,3,1000.0,,966.6666666666666,0.1999999999999999,Winter,0
2022-02-11,Potato,24,Hyderabad,FAQ,Gudimalkapur,1500,800,1000,Telangana,(Red Nanital),2022,2,4,1200.0,,971.4285714285714,-0.1666666666666666,Winter,0
2022-02-13,Potato,24,Hyderabad,FAQ,Gudimalkapur,1500,800,1200,Telangana,(Red Nanital),2022,2,6,1000.0,900.0,1014.2857142857144,0.1999999999999999,Winter,0
2022-02-14,Potato,24,Hyderabad,FAQ,Gudimalkapur,1500,800,1200,Telangana,(Red Nanital),2022,2,0,1200.0,900.0,1057.142857142857,0.0,Winter,0
2022-02-15,Potato,24,Hyderabad,FAQ,Gudimalkapur,1500,800,1200,Telangana,(Red Nanital),2022,2,1,1200.0,900.0,1100.0,0.0,Winter,0
2022-02-21,Potato,24,Hyderabad,FAQ,Gudimalkapur,1500,800,1300,Telangana,(Red Nanital),2022,2,0,1200.0,900.0,1157.142857142857,0.0833333333333332,Winter,0
2022-02-23,Potato,24,Hyderabad,FAQ,Gudimalkapur,1500,1000,1200,Telangana,(Red Nanital),2022,2,2,1300.0,1000.0,1185.7142857142858,-0.0769230769230768,Winter,0
2022-02-27,Potato,24,Hyderabad,FAQ,Gudimalkapur,1500,1000,1200,Telangana,(Red Nanital),2022,2,6,1200.0,1200.0,1185.7142857142858,0.0,Winter,0
2022-03-05,Potato,24,Hyderabad,FAQ,Gudimalkapur,1500,1000,1200,Telangana,(Red Nanital),2022,3,5,1200.0,1000.0,1214.2857142857142,0.0,Summer,0
2022-03-09,Potato,24,Hyderabad,FAQ,Gudimalkapur,1400,800,1200,Telangana,(Red Nanital),2022,3,2,1200.0,1200.0,1214.2857142857142,0.0,Summer,0
2022-03-10,Potato,24,Hyderabad,FAQ,Gudimalkapur,1400,1000,1200,Telangana,(Red Nanital),2022,3,3,1200.0,1200.0,1214.2857142857142,0.0,Summer,0
2022-03-17,Potato,24,Hyderabad,FAQ,Gudimalkapur,1500,1000,1200,Telangana,(Red Nanital),2022,3,3,1200.0,1200.0,1214.2857142857142,0.0,Summer,0
2022-03-19,Potato,24,Hyderabad,FAQ,Gudimalkapur,1400,1000,1200,Telangana,(Red Nanital),2022,3,5,1200.0,1300.0,1200.0,0.0,Summer,0
2022-03-24,Potato,24,Hyderabad,FAQ,Gudimalkapur,1400,1000,1200,Telangana,(Red Nanital),2022,3,3,1200.0,1200.0,1200.0,0.0,Summer,0
2022-04-02,Potato,24,Hyderabad,FAQ,Gudimalkapur,1800,1400,1600,Telangana,(Red Nanital),2022,4,5,1200.0,1200.0,1257.142857142857,0.3333333333333332,Summer,0
2022-04-03,Potato,24,Hyderabad,FAQ,Gudimalkapur,1800,1400,1600,Telangana,(Red Nanital),2022,4,6,1600.0,1200.0,1314.2857142857142,0.0,Summer,0
2022-04-04,Potato,24,Hyderabad,FAQ,Gudimalkapur,1800,1400,1600,Telangana,(Red Nanital),2022,4,0,1600.0,1200.0,1371.428571428571,0.0,Summer,0
2022-04-07,Potato,24,Hyderabad,FAQ,Gudimalkapur,1800,1400,1600,Telangana,(Red Nanital),2022,4,3,1600.0,1200.0,1428.571428571429,0.0,Summer,0
2022-04-19,Potato,24,Hyderabad,FAQ,Gudimalkapur,1800,1200,1400,Telangana,(Red Nanital),2022,4,1,1600.0,1200.0,1457.142857142857,-0.125,Summer,0
2022-04-21,Potato,24,Hyderabad,FAQ,Gudimalkapur,1800,1400,1600,Telangana,(Red Nanital),2022,4,3,1400.0,1200.0,1514.2857142857142,0.1428571428571428,Summer,0
2022-05-05,Potato,24,Hyderabad,FAQ,Gudimalkapur,2000,1600,1800,Telangana,(Red Nanital),2022,5,3,1600.0,1200.0,1600.0,0.125,Summer,0
2022-05-20,Potato,24,Hyderabad,FAQ,Gudimalkapur,2000,1600,1800,Telangana,(Red Nanital),2022,5,4,1800.0,1600.0,1628.571428571429,0.0,Summer,0
2022-06-01,Potato,24,Hyderabad,FAQ,Gudimalkapur,2000,1600,1800,Telangana,(Red Nanital),2022,6,2,1800.0,1600.0,1657.142857142857,0.0,Monsoon,0
2022-06-03,Potato,24,Hyderabad,FAQ,Gudimalkapur,2000,1600,1800,Telangana,(Red Nanital),2022,6,4,1800.0,1600.0,1685.7142857142858,0.0,Monsoon,0
2022-06-11,Potato,24,Hyderabad,FAQ,Gudimalkapur,2100,1600,1900,Telangana,(Red Nanital),2022,6,5,1800.0,1600.0,1728.571428571429,0.0555555555555555,Monsoon,0
2022-06-16,Potato,24,Hyderabad,FAQ,Gudimalkapur,2100,1600,1900,Telangana,(Red Nanital),2022,6,3,1900.0,1400.0,1800.0,0.0,Monsoon,0
2022-06-24,Potato,24,Hyderabad,FAQ,Gudimalkapur,2200,1800,2000,Telangana,(Red Nanital),2022,6,4,1900.0,1600.0,1857.142857142857,0.0526315789473683,Monsoon,0
2022-06-25,Potato,24,Hyderabad,FAQ,Gudimalkapur,2200,1800,2000,Telangana,(Red Nanital),2022,6,5,2000.0,1800.0,1885.7142857142856,0.0,Monsoon,0
2022-06-28,Potato,24,Hyderabad,FAQ,Gudimalkapur,2200,1800,2000,Telangana,(Red Nanital),2022,6,1,2000.0,1800.0,1914.2857142857144,0.0,Monsoon,0
2022-06-30,Potato,24,Hyderabad,FAQ,Gudimalkapur,2200,1600,1900,Telangana,(Red Nanital),2022,6,3,2000.0,1800.0,1928.571428571429,-0.05,Monsoon,0
2022-07-03,Potato,24,Hyderabad,FAQ,Gudimalkapur,2200,1600,1900,Telangana,(Red Nanital),2022,7,6,1900.0,1800.0,1942.857142857143,0.0,Monsoon,0
2022-07-07,Potato,24,Hyderabad,FAQ,Gudimalkapur,2200,1600,1900,Telangana,(Red Nanital),2022,7,3,1900.0,1900.0,1942.857142857143,0.0,Monsoon,0
2022-07-11,Potato,24,Hyderabad,FAQ,Gudimalkapur,2200,1600,1900,Telangana,(Red Nanital),2022,7,0,1900.0,1900.0,1942.857142857143,0.0,Monsoon,0
2022-07-26,Potato,24,Hyderabad,FAQ,Gudimalkapur,2200,1600,1900,Telangana,(Red Nanital),2022,7,1,1900.0,2000.0,1928.571428571429,0.0,Monsoon,0
2022-07-31,Potato,24,Hyderabad,FAQ,Gudimalkapur,2200,1600,1800,Telangana,(Red Nanital),2022,7,6,1900.0,2000.0,1900.0,-0.0526315789473684,Monsoon,0
2022-08-16,Potato,24,Hyderabad,FAQ,Gudimalkapur,2400,2000,2200,Telangana,(Red Nanital),2022,8,1,1800.0,2000.0,1928.571428571429,0.2222222222222223,Monsoon,0
2022-08-22,Potato,24,Hyderabad,FAQ,Gudimalkapur,2400,1800,2100,Telangana,(Red Nanital),2022,8,0,2200.0,1900.0,1957.142857142857,-0.0454545454545454,Monsoon,0
2022-08-24,Potato,24,Hyderabad,FAQ,Gudimalkapur,2400,1800,2100,Telangana,(Red Nanital),2022,8,2,2100.0,1900.0,1985.7142857142856,0.0,Monsoon,0
2022-08-30,Potato,24,Hyderabad,FAQ,Gudimalkapur,2400,1800,2000,Telangana,(Red Nanital),2022,8,1,2100.0,1900.0,2000.0,-0.0476190476190476,Monsoon,0
2022-09-01,Potato,24,Hyderabad,FAQ,Gudimalkapur,2400,1600,2000,Telangana,(Red Nanital),2022,9,3,2000.0,1900.0,2014.2857142857144,0.0,Monsoon,0
2022-09-09,Potato,24,Hyderabad,FAQ,Gudimalkapur,2500,2000,2200,Telangana,(Red Nanital),2022,9,4,2000.0,1900.0,2057.1428571428573,0.1,Monsoon,0
2022-09-14,Potato,24,Hyderabad,FAQ,Gudimalkapur,2500,2000,2100,Telangana,(Red Nanital),2022,9,2,2200.0,1800.0,2100.0,-0.0454545454545454,Monsoon,0
2022-09-20,Potato,24,Hyderabad,FAQ,Gudimalkapur,2400,1800,2100,Telangana,(Red Nanital),2022,9,1,2100.0,2200.0,2085.714285714286,0.0,Monsoon,0
2022-09-27,Potato,24,Hyderabad,FAQ,Gudimalkapur,2500,1800,2300,Telangana,(Red Nanital),2022,9,1,2100.0,2100.0,2114.285714285714,0.0952380952380953,Monsoon,0
2022-09-29,Potato,24,Hyderabad,FAQ,Gudimalkapur,2400,1800,2100,Telangana,(Red Nanital),2022,9,3,2300.0,2100.0,2114.285714285714,-0.0869565217391304,Monsoon,0
2022-10-16,Potato,24,Hyderabad,FAQ,Gudimalkapur,2700,2000,2300,Telangana,(Red Nanital),2022,10,6,2100.0,2000.0,2157.1428571428573,0.0952380952380953,PostMonsoon,0
2022-11-07,Potato,24,Hyderabad,FAQ,Gudimalkapur,2500,1800,2200,Telangana,(Red Nanital),2022,11,0,2300.0,2000.0,2185.714285714286,-0.0434782608695651,PostMonsoon,0
2022-11-11,Potato,24,Hyderabad,FAQ,Gudimalkapur,2600,1800,2300,Telangana,(Red Nanital),2022,11,4,2200.0,2200.0,2200.0,0.0454545454545454,PostMonsoon,0
2022-11-22,Potato,24,Hyderabad,FAQ,Gudimalkapur,2400,1500,1800,Telangana,(Red Nanital),2022,11,1,2300.0,2100.0,2157.1428571428573,-0.217391304347826,PostMonsoon,0
2022-11-29,Potato,24,Hyderabad,FAQ,Gudimalkapur,2500,1600,2200,Telangana,(Red Nanital),2022,11,1,1800.0,2100.0,2171.428571428572,0.2222222222222223,PostMonsoon,0
2022-12-13,Potato,24,Hyderabad,FAQ,Gudimalkapur,2500,1600,2300,Telangana,(Red Nanital),2022,12,1,2200.0,2300.0,2171.428571428572,0.0454545454545454,Winter,0
2022-12-16,Potato,24,Hyderabad,FAQ,Gudimalkapur,2500,1500,2200,Telangana,(Red Nanital),2022,12,4,2300.0,2100.0,2185.714285714286,-0.0434782608695651,Winter,0
2022-12-18,Potato,24,Hyderabad,FAQ,Gudimalkapur,2500,1600,2200,Telangana,(Red Nanital),2022,12,6,2200.0,2300.0,2171.428571428572,0.0,Winter,0
2022-12-20,Potato,24,Hyderabad,FAQ,Gudimalkapur,2600,1800,2200,Telangana,(Red Nanital),2022,12,1,2200.0,2200.0,2171.428571428572,0.0,Winter,0
2022-12-26,Potato,24,Hyderabad,FAQ,Gudimalkapur,2500,1600,2100,Telangana,(Red Nanital),2022,12,0,2200.0,2300.0,2142.8571428571427,-0.0454545454545454,Winter,0
2022-12-28,Potato,24,Hyderabad,FAQ,Gudimalkapur,2200,1000,1600,Telangana,(Red Nanital),2022,12,2,2100.0,1800.0,2114.285714285714,-0.2380952380952381,Winter,0
2022-12-30,Potato,24,Hyderabad,FAQ,Gudimalkapur,2400,1800,2200,Telangana,(Red Nanital),2022,12,4,1600.0,2200.0,2114.285714285714,0.375,Winter,0
2023-01-05,Potato,24,Dharwad,FAQ,Hubli (Amaragol),2200,2100,2150,Karnataka,Other,2023,1,3,1700.0,,1925.0,0.2647058823529411,Winter,0
2023-01-10,Potato,24,Dharwad,FAQ,Hubli (Amaragol),2200,500,1500,Karnataka,Potato,2023,1,1,2150.0,,1783.3333333333333,-0.3023255813953488,Winter,0
2023-01-13,Potato,24,Dharwad,FAQ,Hubli (Amaragol),1650,1400,1500,Karnataka,Other,2023,1,4,1500.0,,1712.5,0.0,Winter,0
2023-01-17,Potato,24,Dharwad,FAQ,Hubli (Amaragol),2000,1600,1800,Karnataka,Other,2023,1,1,1500.0,,1730.0,0.1999999999999999,Winter,0
2023-01-28,Potato,24,Dharwad,FAQ,Hubli (Amaragol),1300,1000,1150,Karnataka,Potato,2023,1,5,1800.0,,1633.3333333333333,-0.3611111111111111,Winter,0
2023-01-30,Potato,24,Dharwad,FAQ,Hubli (Amaragol),1800,1100,1500,Karnataka,Other,2023,1,0,1150.0,,1614.2857142857142,0.3043478260869565,Winter,0
2023-02-03,Potato,24,Dharwad,FAQ,Hubli (Amaragol),1250,500,1000,Karnataka,Potato,2023,2,4,1500.0,1700.0,1514.2857142857142,-0.3333333333333333,Winter,0
2023-02-03,Potato,24,Dharwad,FAQ,Hubli (Amaragol),1800,1200,1400,Karnataka,Other,2023,2,4,1000.0,2150.0,1407.142857142857,0.3999999999999999,Winter,0
2023-02-07,Potato,24,Dharwad,FAQ,Hubli (Amaragol),1600,900,1200,Karnataka,Other,2023,2,1,1400.0,1500.0,1364.2857142857142,-0.1428571428571429,Winter,0
2023-02-08,Potato,24,Dharwad,FAQ,Hubli (Amaragol),1000,1000,1000,Karnataka,Potato,2023,2,2,1200.0,1500.0,1292.857142857143,-0.1666666666666666,Winter,0
2023-02-13,Potato,24,Dharwad,FAQ,Hubli (Amaragol),1600,1100,1350,Karnataka,Other,2023,2,0,1000.0,1800.0,1228.571428571429,0.3500000000000001,Winter,0
2023-03-07,Potato,24,Dharwad,FAQ,Hubli (Amaragol),1100,1100,1100,Karnataka,Other,2023,3,1,1350.0,1150.0,1221.428571428571,-0.1851851851851852,Summer,0
2023-03-14,Potato,24,Dharwad,FAQ,Hubli (Amaragol),1650,1650,1650,Karnataka,Other,2023,3,1,1100.0,1500.0,1242.857142857143,0.5,Summer,0
2023-04-06,Potato,24,Dharwad,FAQ,Hubli (Amaragol),1350,800,1050,Karnataka,Potato,2023,4,3,1650.0,1000.0,1250.0,-0.3636363636363636,Summer,0
2023-04-24,Potato,24,Dharwad,FAQ,Hubli (Amaragol),1580,1300,1400,Karnataka,Potato,2023,4,0,1050.0,1400.0,1250.0,0.3333333333333332,Summer,0
2023-04-25,Potato,24,Dharwad,FAQ,Hubli (Amaragol),1500,1500,1500,Karnataka,Potato,2023,4,1,1400.0,1200.0,1292.857142857143,0.0714285714285714,Summer,0
2023-04-26,Potato,24,Dharwad,FAQ,Hubli (Amaragol),1500,1300,1400,Karnataka,Potato,2023,4,2,1500.0,1000.0,1350.0,-0.0666666666666666,Summer,0
2023-04-27,Potato,24,Dharwad,FAQ,Hubli (Amaragol),1550,1200,1350,Karnataka,Potato,2023,4,3,1400.0,1350.0,1350.0,-0.0357142857142857,Summer,0
2023-05-02,Potato,24,Dharwad,FAQ,Hubli (Amaragol),1550,1300,1400,Karnataka,Potato,2023,5,1,1350.0,1100.0,1392.857142857143,0.0370370370370369,Summer,0
2023-05-03,Potato,24,Dharwad,FAQ,Hubli (Amaragol),1450,1300,1360,Karnataka,Potato,2023,5,2,1400.0,1650.0,1351.428571428571,-0.0285714285714285,Summer,0
2023-05-04,Potato,24,Dharwad,FAQ,Hubli (Amaragol),1400,1000,1200,Karnataka,Potato,2023,5,3,1360.0,1050.0,1372.857142857143,-0.1176470588235294,Summer,0
2023-05-08,Potato,24,Dharwad,FAQ,Hubli (Amaragol),1500,1400,1450,Karnataka,Potato,2023,5,0,1200.0,1400.0,1380.0,0.2083333333333332,Summer,0
2023-05-11,Potato,24,Dharwad,FAQ,Hubli (Amaragol),1450,1200,1300,Karnataka,Potato,2023,5,3,1450.0,1500.0,1351.428571428571,-0.1034482758620689,Summer,0
2023-05-12,Potato,24,Dharwad,FAQ,Hubli (Amaragol),2100,2100,2100,Karnataka,Other,2023,5,4,1300.0,1400.0,1451.428571428571,0.6153846153846154,Summer,0
2023-05-13,Potato,24,Dharwad,FAQ,Hubli (Amaragol),1450,1250,1320,Karnataka,Potato,2023,5,5,2100.0,1350.0,1447.142857142857,-0.3714285714285714,Summer,0
2023-05-17,Potato,24,Dharwad,FAQ,Hubli (Amaragol),1400,1300,1350,Karnataka,Potato,2023,5,2,1320.0,1400.0,1440.0,0.0227272727272727,Summer,0
2023-05-23,Potato,24,Dharwad,FAQ,Hubli (Amaragol),1400,1300,1350,Karnataka,Potato,2023,5,1,1350.0,1360.0,1438.571428571429,0.0,Summer,0
2023-05-25,Potato,24,Dharwad,FAQ,Hubli (Amaragol),1400,1200,1300,Karnataka,Potato,2023,5,3,1350.0,1200.0,1452.857142857143,-0.037037037037037,Summer,0
2023-05-29,Potato,24,Dharwad,FAQ,Hubli (Amaragol),1400,1300,1350,Karnataka,Potato,2023,5,0,1300.0,1450.0,1438.571428571429,0.0384615384615385,Summer,0
2023-06-02,Potato,24,Dharwad,FAQ,Hubli (Amaragol),1400,1000,1200,Karnataka,Potato,2023,6,4,1350.0,1300.0,1424.2857142857142,-0.1111111111111111,Monsoon,0
2023-06-06,Potato,24,Dharwad,FAQ,Hubli (Amaragol),1450,1300,1370,Karnataka,Potato,2023,6,1,1200.0,2100.0,1320.0,0.1416666666666666,Monsoon,0
2023-06-07,Potato,24,Dharwad,FAQ,Hubli (Amaragol),1400,1000,1200,Karnataka,Potato,2023,6,2,1370.0,1320.0,1302.857142857143,-0.1240875912408758,Monsoon,0
2023-06-12,Potato,24,Dharwad,FAQ,Hubli (Amaragol),1500,1250,1350,Karnataka,Potato,2023,6,0,1200.0,1350.0,1302.857142857143,0.125,Monsoon,0
2023-06-15,Potato,24,Dharwad,FAQ,Hubli (Amaragol),1400,1300,1350,Karnataka,Potato,2023,6,3,1350.0,1350.0,1302.857142857143,0.0,Monsoon,0
2023-06-23,Potato,24,Dharwad,FAQ,Hubli (Amaragol),1400,1200,1300,Karnataka,Potato,2023,6,4,1350.0,1300.0,1302.857142857143,-0.037037037037037,Monsoon,0
2023-06-27,Potato,24,Dharwad,FAQ,Hubli (Amaragol),1500,1400,1450,Karnataka,Potato,2023,6,1,1300.0,1350.0,1317.142857142857,0.1153846153846154,Monsoon,0
2023-07-01,Potato,24,Dharwad,FAQ,Hubli (Amaragol),1450,1300,1350,Karnataka,Potato,2023,7,5,1450.0,1200.0,1338.571428571429,-0.0689655172413793,Monsoon,0
2023-07-05,Potato,24,Dharwad,FAQ,Hubli (Amaragol),1600,1300,1450,Karnataka,Potato,2023,7,2,1350.0,1370.0,1350.0,0.0740740740740741,Monsoon,0
2023-07-10,Potato,24,Dharwad,FAQ,Hubli (Amaragol),1700,1550,1600,Karnataka,Potato,2023,7,0,1450.0,1200.0,1407.142857142857,0.1034482758620689,Monsoon,0
2023-07-12,Potato,24,Dharwad,FAQ,Hubli (Amaragol),2000,2000,2000,Karnataka,Other,2023,7,2,1600.0,1350.0,1500.0,0.25,Monsoon,0
2023-07-14,Potato,24,Dharwad,FAQ,Hubli (Amaragol),1600,1200,1400,Karnataka,Potato,2023,7,4,2000.0,1350.0,1507.142857142857,-0.3,Monsoon,0
2023-07-15,Potato,24,Dharwad,FAQ,Hubli (Amaragol),1650,1400,1500,Karnataka,Potato,2023,7,5,1400.0,1300.0,1535.7142857142858,0.0714285714285714,Monsoon,0
2023-07-19,Potato,24,Dharwad,FAQ,Hubli (Amaragol),1500,1200,1350,Karnataka,Potato,2023,7,2,1500.0,1450.0,1521.428571428571,-0.0999999999999999,Monsoon,0
2023-07-24,Potato,24,Dharwad,FAQ,Hubli (Amaragol),1600,1500,1550,Karnataka,Potato,2023,7,0,1350.0,1350.0,1550.0,0.1481481481481481,Monsoon,0
2023-08-02,Potato,24,Dharwad,FAQ,Hubli (Amaragol),1700,1300,1450,Karnataka,Potato,2023,8,2,1550.0,1450.0,1550.0,-0.0645161290322581,Monsoon,0
2023-08-07,Potato,24,Dharwad,FAQ,Hubli (Amaragol),2350,2350,2350,Karnataka,Other,2023,8,0,1450.0,1600.0,1657.142857142857,0.6206896551724137,Monsoon,0
2023-08-11,Potato,24,Dharwad,FAQ,Hubli (Amaragol),1600,1500,1550,Karnataka,Other,2023,8,4,2350.0,2000.0,1592.857142857143,-0.3404255319148936,Monsoon,0
2023-08-12,Potato,24,Dharwad,FAQ,Hubli (Amaragol),1550,1000,1350,Karnataka,Potato,2023,8,5,1550.0,1400.0,1585.7142857142858,-0.1290322580645161,Monsoon,0
2023-08-18,Potato,24,Dharwad,FAQ,Hubli (Amaragol),1700,1450,1550,Karnataka,Potato,2023,8,4,1350.0,1500.0,1592.857142857143,0.1481481481481481,Monsoon,0
2023-08-28,Potato,24,Dharwad,FAQ,Hubli (Amaragol),1600,1500,1550,Karnataka,Other,2023,8,0,1550.0,1350.0,1621.428571428571,0.0,Monsoon,0
2023-08-28,Potato,24,Dharwad,FAQ,Hubli (Amaragol),1600,1400,1500,Karnataka,Potato,2023,8,0,1550.0,1550.0,1614.2857142857142,-0.032258064516129,Monsoon,0
2023-09-04,Potato,24,Dharwad,FAQ,Hubli (Amaragol),1550,1000,1250,Karnataka,Potato,2023,9,0,1500.0,1450.0,1585.7142857142858,-0.1666666666666666,Monsoon,0
2023-09-09,Potato,24,Dharwad,FAQ,Hubli (Amaragol),1650,1200,1400,Karnataka,Potato,2023,9,5,1250.0,2350.0,1450.0,0.1200000000000001,Monsoon,0
2023-09-20,Potato,24,Dharwad,FAQ,Hubli (Amaragol),2000,2000,2000,Karnataka,Other,2023,9,2,1400.0,1550.0,1514.2857142857142,0.4285714285714286,Monsoon,0
2023-09-21,Potato,24,Dharwad,FAQ,Hubli (Amaragol),1600,1300,1450,Karnataka,Potato,2023,9,3,2000.0,1350.0,1528.571428571429,-0.275,Monsoon,0
2023-09-25,Potato,24,Dharwad,FAQ,Hubli (Amaragol),2050,2050,2050,Karnataka,Other,2023,9,0,1450.0,1550.0,1600.0,0.4137931034482758,Monsoon,0
2023-09-27,Potato,24,Dharwad,FAQ,Hubli (Amaragol),1500,1400,1450,Karnataka,Potato,2023,9,2,2050.0,1550.0,1585.7142857142858,-0.2926829268292683,Monsoon,0
2023-09-28,Potato,24,Dharwad,FAQ,Hubli (Amaragol),1500,1200,1350,Karnataka,Potato,2023,9,3,1450.0,1500.0,1564.2857142857142,-0.0689655172413793,Monsoon,0
2023-10-06,Potato,24,Dharwad,FAQ,Hubli (Amaragol),1700,1400,1550,Karnataka,Potato,2023,10,4,1350.0,1250.0,1607.142857142857,0.1481481481481481,PostMonsoon,0
2023-10-10,Potato,24,Dharwad,FAQ,Hubli (Amaragol),1650,1300,1450,Karnataka,Potato,2023,10,1,1550.0,1400.0,1614.2857142857142,-0.0645161290322581,PostMonsoon,0
2023-10-11,Potato,24,Dharwad,FAQ,Hubli (Amaragol),1650,1300,1450,Karnataka,Potato,2023,10,2,1450.0,2000.0,1535.7142857142858,0.0,PostMonsoon,0
2023-10-14,Potato,24,Dharwad,FAQ,Hubli (Amaragol),1600,1300,1450,Karnataka,Potato,2023,10,5,1450.0,1450.0,1535.7142857142858,0.0,PostMonsoon,0
2023-10-18,Potato,24,Dharwad,FAQ,Hubli (Amaragol),1400,1300,1350,Karnataka,Potato,2023,10,2,1450.0,2050.0,1435.7142857142858,-0.0689655172413793,PostMonsoon,0
2023-10-26,Potato,24,Dharwad,FAQ,Hubli (Amaragol),1650,1300,1450,Karnataka,Potato,2023,10,3,1350.0,1450.0,1435.7142857142858,0.0740740740740741,PostMonsoon,0
2023-10-30,Potato,24,Dharwad,FAQ,Hubli (Amaragol),1600,1200,1400,Karnataka,Potato,2023,10,0,1450.0,1350.0,1442.857142857143,-0.0344827586206896,PostMonsoon,0
2023-11-08,Potato,24,Dharwad,FAQ,Hubli (Amaragol),1500,1000,1300,Karnataka,Potato,2023,11,2,1400.0,1550.0,1407.142857142857,-0.0714285714285714,PostMonsoon,0
2023-11-09,Potato,24,Dharwad,FAQ,Hubli (Amaragol),1450,1200,1300,Karnataka,Potato,2023,11,3,1300.0,1450.0,1385.7142857142858,0.0,PostMonsoon,0
2023-11-10,Potato,24,Dharwad,FAQ,Hubli (Amaragol),1500,1200,1350,Karnataka,Potato,2023,11,4,1300.0,1450.0,1371.428571428571,0.0384615384615385,PostMonsoon,0
2023-11-16,Potato,24,Dharwad,FAQ,Hubli (Amaragol),1600,1400,1500,Karnataka,Potato,2023,11,3,1350.0,1450.0,1378.571428571429,0.1111111111111111,PostMonsoon,0
2023-11-29,Potato,24,Dharwad,FAQ,Hubli (Amaragol),1800,1300,1550,Karnataka,Potato,2023,11,2,1500.0,1350.0,1407.142857142857,0.0333333333333334,PostMonsoon,0
2023-12-01,Potato,24,Dharwad,FAQ,Hubli (Amaragol),1450,1000,1250,Karnataka,Potato,2023,12,4,1550.0,1450.0,1378.571428571429,-0.1935483870967742,Winter,0
2023-12-04,Potato,24,Dharwad,FAQ,Hubli (Amaragol),1650,1200,1450,Karnataka,Potato,2023,12,0,1250.0,1400.0,1385.7142857142858,0.1599999999999999,Winter,0
2023-12-07,Potato,24,Dharwad,FAQ,Hubli (Amaragol),1900,1700,1800,Karnataka,Potato,2023,12,3,1450.0,1300.0,1457.142857142857,0.2413793103448276,Winter,0
2023-12-14,Potato,24,Dharwad,FAQ,Hubli (Amaragol),1700,1100,1500,Karnataka,Potato,2023,12,3,1800.0,1300.0,1485.7142857142858,-0.1666666666666666,Winter,0
2023-12-15,Potato,24,Dharwad,FAQ,Hubli (Amaragol),1600,1000,1350,Karnataka,Potato,2023,12,4,1500.0,1350.0,1485.7142857142858,-0.0999999999999999,Winter,0
2023-12-16,Potato,24,Dharwad,FAQ,Hubli (Amaragol),1750,1000,1400,Karnataka,Potato,2023,12,5,1350.0,1500.0,1471.428571428571,0.0370370370370369,Winter,0
2023-12-20,Potato,24,Dharwad,FAQ,Hubli (Amaragol),1700,1000,1400,Karnataka,Potato,2023,12,2,1400.0,1550.0,1450.0,0.0,Winter,0
2023-12-27,Potato,24,Dharwad,FAQ,Hubli (Amaragol),1700,1500,1600,Karnataka,Potato,2023,12,2,1400.0,1250.0,1500.0,0.1428571428571428,Winter,0
2023-12-28,Potato,24,Dharwad,FAQ,Hubli (Amaragol),1750,1200,1500,Karnataka,Potato,2023,12,3,1600.0,1450.0,1507.142857142857,-0.0625,Winter,0
2022-01-07,Potato,24,Hyderabad,FAQ,L B Nagar,1800,1200,1500,Telangana,(Red Nanital),2022,1,4,1500.0,,1500.0,0.0,Winter,0
2022-01-09,Potato,24,Hyderabad,FAQ,L B Nagar,1500,1200,1300,Telangana,(Red Nanital),2022,1,6,1500.0,,1433.3333333333333,-0.1333333333333333,Winter,0
2022-01-13,Potato,24,Hyderabad,FAQ,L B Nagar,1500,1200,1350,Telangana,(Red Nanital),2022,1,3,1300.0,,1412.5,0.0384615384615385,Winter,0
2022-01-15,Potato,24,Hyderabad,FAQ,L B Nagar,1500,1400,1450,Telangana,(Red Nanital),2022,1,5,1350.0,,1420.0,0.0740740740740741,Winter,0
2022-01-21,Potato,24,Hyderabad,FAQ,L B Nagar,1500,1200,1350,Telangana,(Red Nanital),2022,1,4,1450.0,,1408.3333333333333,-0.0689655172413793,Winter,0
2022-01-23,Potato,24,Hyderabad,FAQ,L B Nagar,1500,1000,1250,Telangana,(Red Nanital),2022,1,6,1350.0,,1385.7142857142858,-0.074074074074074,Winter,0
2022-01-26,Potato,24,Hyderabad,FAQ,L B Nagar,1500,1000,1250,Telangana,(Red Nanital),2022,1,2,1250.0,1500.0,1350.0,0.0,Winter,0
2022-01-27,Potato,24,Hyderabad,FAQ,L B Nagar,1500,1000,1250,Telangana,(Red Nanital),2022,1,3,1250.0,1500.0,1314.2857142857142,0.0,Winter,0
2022-01-29,Potato,24,Hyderabad,FAQ,L B Nagar,1400,1200,1300,Telangana,(Red Nanital),2022,1,5,1250.0,1300.0,1314.2857142857142,0.04,Winter,0
2022-01-31,Potato,24,Hyderabad,FAQ,L B Nagar,1500,1200,1350,Telangana,(Red Nanital),2022,1,0,1300.0,1350.0,1314.2857142857142,0.0384615384615385,Winter,0
2022-02-05,Potato,24,Hyderabad,FAQ,L B Nagar,1400,1200,1300,Telangana,(Red Nanital),2022,2,5,1350.0,1450.0,1292.857142857143,-0.037037037037037,Winter,0
2022-02-07,Potato,24,Hyderabad,FAQ,L B Nagar,1600,1300,1450,Telangana,(Red Nanital),2022,2,0,1300.0,1350.0,1307.142857142857,0.1153846153846154,Winter,0
2022-02-22,Potato,24,Hyderabad,FAQ,L B Nagar,1800,1600,1700,Telangana,(Red Nanital),2022,2,1,1450.0,1250.0,1371.428571428571,0.1724137931034481,Winter,0
2022-02-24,Potato,24,Hyderabad,FAQ,L B Nagar,1800,1600,1700,Telangana,(Red Nanital),2022,2,3,1700.0,1250.0,1435.7142857142858,0.0,Winter,0
2022-03-01,Potato,24,Hyderabad,FAQ,L B Nagar,1800,1600,1700,Telangana,(Red Nanital),2022,3,1,1700.0,1250.0,1500.0,0.0,Summer,0
2022-03-09,Potato,24,Hyderabad,FAQ,L B Nagar,1800,1600,1700,Telangana,(Red Nanital),2022,3,2,1700.0,1300.0,1557.142857142857,0.0,Summer,0
2022-03-16,Potato,24,Hyderabad,FAQ,L B Nagar,1800,1600,1700,Telangana,(Red Nanital),2022,3,2,1700.0,1350.0,1607.142857142857,0.0,Summer,0
2022-03-25,Potato,24,Hyderabad,FAQ,L B Nagar,1800,1600,1700,Telangana,(Red Nanital),2022,3,4,1700.0,1300.0,1664.2857142857142,0.0,Summer,0
2022-04-05,Potato,24,Hyderabad,FAQ,L B Nagar,2000,1600,1800,Telangana,(Red Nanital),2022,4,1,1700.0,1450.0,1714.2857142857142,0.0588235294117647,Summer,0
2022-04-06,Potato,24,Hyderabad,FAQ,L B Nagar,2000,1600,1800,Telangana,(Red Nanital),2022,4,2,1800.0,1700.0,1728.571428571429,0.0,Summer,0
2022-04-11,Potato,24,Hyderabad,FAQ,L B Nagar,2000,1700,1850,Telangana,(Red Nanital),2022,4,0,1800.0,1700.0,1750.0,0.0277777777777776,Summer,0
2022-04-14,Potato,24,Hyderabad,FAQ,L B Nagar,2000,1600,1900,Telangana,(Red Nanital),2022,4,3,1850.0,1700.0,1778.571428571429,0.0270270270270269,Summer,0
2022-04-15,Potato,24,Hyderabad,FAQ,L B Nagar,2000,1600,1800,Telangana,(Red Nanital),2022,4,4,1900.0,1700.0,1792.857142857143,-0.0526315789473684,Summer,0
2022-04-28,Potato,24,Hyderabad,FAQ,L B Nagar,2200,1800,2000,Telangana,(Red Nanital),2022,4,3,1800.0,1700.0,1835.7142857142856,0.1111111111111111,Summer,0
2022-05-07,Potato,24,Hyderabad,FAQ,L B Nagar,2500,1800,2150,Telangana,(Red Nanital),2022,5,5,2000.0,1700.0,1900.0,0.0749999999999999,Summer,0
2022-05-08,Potato,24,Hyderabad,FAQ,L B Nagar,2200,1800,2000,Telangana,(Red Nanital),2022,5,6,2150.0,1800.0,1928.571428571429,-0.0697674418604651,Summer,0
2022-05-10,Potato,24,Hyderabad,FAQ,L B Nagar,2200,1800,2000,Telangana,(Red Nanital),2022,5,1,2000.0,1800.0,1957.142857142857,0.0,Summer,0
2022-05-11,Potato,24,Hyderabad,FAQ,L B Nagar,2200,1800,2000,Telangana,(Red Nanital),2022,5,2,2000.0,1850.0,1978.571428571429,0.0,Summer,0
2022-05-14,Potato,24,Hyderabad,FAQ,L B Nagar,2400,1800,2100,Telangana,(Red Nanital),2022,5,5,2000.0,1900.0,2007.142857142857,0.05,Summer,0
2022-05-21,Potato,24,Hyderabad,FAQ,L B Nagar,2200,1800,2000,Telangana,(Red Nanital),2022,5,5,2100.0,1800.0,2035.7142857142856,-0.0476190476190476,Summer,0
2022-05-22,Potato,24,Hyderabad,FAQ,L B Nagar,2200,1800,2000,Telangana,(Red Nanital),2022,5,6,2000.0,2000.0,2035.7142857142856,0.0,Summer,0
2022-05-26,Potato,24,Hyderabad,FAQ,L B Nagar,2200,2000,2100,Telangana,(Red Nanital),2022,5,3,2000.0,2150.0,2028.571428571429,0.05,Summer,0
2022-05-31,Potato,24,Hyderabad,FAQ,L B Nagar,2200,1800,2000,Telangana,(Red Nanital),2022,5,1,2100.0,2000.0,2028.571428571429,-0.0476190476190476,Summer,0
2022-06-06,Potato,24,Hyderabad,FAQ,L B Nagar,2200,1800,2000,Telangana,(Red Nanital),2022,6,0,2000.0,2000.0,2028.571428571429,0.0,Monsoon,0
2022-06-13,Potato,24,Hyderabad,FAQ,L B Nagar,2300,1800,2050,Telangana,(Red Nanital),2022,6,0,2000.0,2000.0,2035.7142857142856,0.0249999999999999,Monsoon,0
2022-06-19,Potato,24,Hyderabad,FAQ,L B Nagar,2200,1800,2000,Telangana,(Red Nanital),2022,6,6,2050.0,2100.0,2021.4285714285716,-0.024390243902439,Monsoon,0
2022-07-07,Potato,24,Hyderabad,FAQ,L B Nagar,2300,2000,2150,Telangana,(Red Nanital),2022,7,3,2000.0,2000.0,2042.857142857143,0.0749999999999999,Monsoon,0
2022-07-09,Potato,24,Hyderabad,FAQ,L B Nagar,2200,2000,2100,Telangana,(Red Nanital),2022,7,5,2150.0,2000.0,2057.1428571428573,-0.0232558139534884,Monsoon,0
2022-07-10,Potato,24,Hyderabad,FAQ,L B Nagar,2200,2000,2100,Telangana,(Red Nanital),2022,7,6,2100.0,2100.0,2057.1428571428573,0.0,Monsoon,0
2022-07-22,Potato,24,Hyderabad,FAQ,L B Nagar,2200,2000,2100,Telangana,(Red Nanital),2022,7,4,2100.0,2000.0,2071.428571428572,0.0,Monsoon,0
2022-07-24,Potato,24,Hyderabad,FAQ,L B Nagar,2200,2000,2100,Telangana,(Red Nanital),2022,7,6,2100.0,2000.0,2085.714285714286,0.0,Monsoon,0
2022-07-30,Potato,24,Hyderabad,FAQ,L B Nagar,2300,2000,2150,Telangana,(Red Nanital),2022,7,5,2100.0,2050.0,2100.0,0.0238095238095237,Monsoon,0
2022-08-09,Potato,24,Hyderabad,FAQ,L B Nagar,2300,2000,2150,Telangana,(Red Nanital),2022,8,1,2150.0,2000.0,2121.428571428572,0.0,Monsoon,0
2022-08-12,Potato,24,Hyderabad,FAQ,L B Nagar,2300,2000,2150,Telangana,(Red Nanital),2022,8,4,2150.0,2150.0,2121.428571428572,0.0,Monsoon,0
2022-08-30,Potato,24,Hyderabad,FAQ,L B Nagar,2300,2200,2250,Telangana,(Red Nanital),2022,8,1,2150.0,2100.0,2142.8571428571427,0.0465116279069768,Monsoon,0
2022-09-01,Potato,24,Hyderabad,FAQ,L B Nagar,2500,2200,2350,Telangana,(Red Nanital),2022,9,3,2250.0,2100.0,2178.5714285714284,0.0444444444444445,Monsoon,0
2022-09-08,Potato,24,Hyderabad,FAQ,L B Nagar,2800,2200,2500,Telangana,(Red Nanital),2022,9,3,2350.0,2100.0,2235.714285714286,0.0638297872340425,Monsoon,0
2022-09-13,Potato,24,Hyderabad,FAQ,L B Nagar,2800,2200,2500,Telangana,(Red Nanital),2022,9,1,2500.0,2100.0,2292.8571428571427,0.0,Monsoon,0
2022-09-18,Potato,24,Hyderabad,FAQ,L B Nagar,2600,2000,2300,Telangana,(Red Nanital),2022,9,6,2500.0,2150.0,2314.285714285714,-0.0799999999999999,Monsoon,0
2022-09-24,Potato,24,Hyderabad,FAQ,L B Nagar,2600,2000,2300,Telangana,(Red Nanital),2022,9,5,2300.0,2150.0,2335.714285714286,0.0,Monsoon,0
2022-10-03,Potato,24,Hyderabad,FAQ,L B Nagar,2500,2000,2250,Telangana,(Red Nanital),2022,10,0,2300.0,2150.0,2350.0,-0.0217391304347825,PostMonsoon,0
2022-10-05,Potato,24,Hyderabad,FAQ,L B Nagar,2500,2000,2250,Telangana,(Red Nanital),2022,10,2,2250.0,2250.0,2350.0,0.0,PostMonsoon,0
2022-10-10,Potato,24,Hyderabad,FAQ,L B Nagar,2500,2000,2250,Telangana,(Red Nanital),2022,10,0,2250.0,2350.0,2335.714285714286,0.0,PostMonsoon,0
2022-10-20,Potato,24,Hyderabad,FAQ,L B Nagar,2500,2000,2250,Telangana,(Red Nanital),2022,10,3,2250.0,2500.0,2300.0,0.0,PostMonsoon,0
2022-10-21,Potato,24,Hyderabad,FAQ,L B Nagar,2600,2000,2300,Telangana,(Red Nanital),2022,10,4,2250.0,2500.0,2271.428571428572,0.0222222222222221,PostMonsoon,0
2022-10-31,Potato,24,Hyderabad,FAQ,L B Nagar,2800,2000,2400,Telangana,(Red Nanital),2022,10,0,2300.0,2300.0,2285.714285714286,0.0434782608695651,PostMonsoon,0
2022-11-01,Potato,24,Hyderabad,FAQ,L B Nagar,2800,2000,2400,Telangana,(Red Nanital),2022,11,1,2400.0,2300.0,2300.0,0.0,PostMonsoon,0
2022-11-06,Potato,24,Hyderabad,FAQ,L B Nagar,3000,2000,2500,Telangana,(Red Nanital),2022,11,6,2400.0,2250.0,2335.714285714286,0.0416666666666667,PostMonsoon,0
2022-11-09,Potato,24,Hyderabad,FAQ,L B Nagar,3000,2000,2500,Telangana,(Red Nanital),2022,11,2,2500.0,2250.0,2371.428571428572,0.0,PostMonsoon,0
2022-11-12,Potato,24,Hyderabad,FAQ,L B Nagar,3000,2000,2500,Telangana,(Red Nanital),2022,11,5,2500.0,2250.0,2407.1428571428573,0.0,PostMonsoon,0
2022-11-17,Potato,24,Hyderabad,FAQ,L B Nagar,2800,2000,2400,Telangana,(Red Nanital),2022,11,3,2500.0,2250.0,2428.5714285714284,-0.04,PostMonsoon,0
2022-11-20,Potato,24,Hyderabad,FAQ,L B Nagar,2800,2000,2400,Telangana,(Red Nanital),2022,11,6,2400.0,2300.0,2442.8571428571427,0.0,PostMonsoon,0
2022-11-25,Potato,24,Hyderabad,FAQ,L B Nagar,2800,2000,2400,Telangana,(Red Nanital),2022,11,4,2400.0,2400.0,2442.8571428571427,0.0,PostMonsoon,0
2022-11-26,Potato,24,Hyderabad,FAQ,L B Nagar,2800,2000,2400,Telangana,(Red Nanital),2022,11,5,2400.0,2400.0,2442.8571428571427,0.0,PostMonsoon,0
2022-12-25,Potato,24,Hyderabad,FAQ,L B Nagar,2500,2000,2250,Telangana,(Red Nanital),2022,12,6,2400.0,2500.0,2407.1428571428573,-0.0625,Winter,0
2022-12-30,Potato,24,Hyderabad,FAQ,L B Nagar,2500,2000,2250,Telangana,(Red Nanital),2022,12,4,2250.0,2500.0,2371.428571428572,0.0,Winter,0
2022-02-03,Potato,24,Hyderabad,FAQ,Mahboob Manison,2600,2300,2400,Telangana,(Red Nanital),2022,2,3,2400.0,,2400.0,0.0,Winter,0
2022-02-21,Potato,24,Hyderabad,FAQ,Mahboob Manison,1700,1500,1600,Telangana,(Red Nanital),2022,2,0,2400.0,,2133.333333333333,-0.3333333333333333,Winter,0
2022-02-22,Potato,24,Hyderabad,FAQ,Mahboob Manison,1800,1600,1700,Telangana,(Red Nanital),2022,2,1,1600.0,,2025.0,0.0625,Winter,0
2022-03-10,Potato,24,Hyderabad,FAQ,Mahboob Manison,1600,1400,1500,Telangana,(Red Nanital),2022,3,3,1700.0,,1920.0,-0.1176470588235294,Summer,0
2022-05-14,Potato,24,Hyderabad,FAQ,Mahboob Manison,2200,1900,2000,Telangana,(Red Nanital),2022,5,5,1500.0,,1933.3333333333333,0.3333333333333332,Summer,0
2022-05-31,Potato,24,Hyderabad,FAQ,Mahboob Manison,2200,1800,2000,Telangana,(Red Nanital),2022,5,1,2000.0,,1942.857142857143,0.0,Summer,0
2022-07-19,Potato,24,Hyderabad,FAQ,Mahboob Manison,2200,1500,2000,Telangana,(Red Nanital),2022,7,1,2000.0,2400.0,1885.7142857142856,0.0,Monsoon,0
2022-07-30,Potato,24,Hyderabad,FAQ,Mahboob Manison,2000,1600,1800,Telangana,(Red Nanital),2022,7,5,2000.0,2400.0,1800.0,-0.0999999999999999,Monsoon,0
2022-08-02,Potato,24,Hyderabad,FAQ,Mahboob Manison,2000,1500,1800,Telangana,(Red Nanital),2022,8,1,1800.0,1600.0,1828.571428571429,0.0,Monsoon,0
2022-08-24,Potato,24,Hyderabad,FAQ,Mahboob Manison,1800,1600,1700,Telangana,(Red Nanital),2022,8,2,1800.0,1700.0,1828.571428571429,-0.0555555555555555,Monsoon,0
2022-08-25,Potato,24,Hyderabad,FAQ,Mahboob Manison,1800,1600,1700,Telangana,(Red Nanital),2022,8,3,1700.0,1500.0,1857.142857142857,0.0,Monsoon,0
2022-09-13,Potato,24,Hyderabad,FAQ,Mahboob Manison,1800,1600,1700,Telangana,(Red Nanital),2022,9,1,1700.0,2000.0,1814.2857142857144,0.0,Monsoon,0
2022-10-13,Potato,24,Hyderabad,FAQ,Mahboob Manison,2000,1700,1800,Telangana,(Red Nanital),2022,10,3,1700.0,2000.0,1785.7142857142858,0.0588235294117647,PostMonsoon,0
2022-10-21,Potato,24,Hyderabad,FAQ,Mahboob Manison,2200,2200,2200,Telangana,(Red Nanital),2022,10,4,1800.0,2000.0,1814.2857142857144,0.2222222222222223,PostMonsoon,0
2022-10-24,Potato,24,Hyderabad,FAQ,Mahboob Manison,3600,2300,2600,Telangana,(Red Nanital),2022,10,0,2200.0,1800.0,1928.571428571429,0.1818181818181818,PostMonsoon,0
2022-10-28,Potato,24,Hyderabad,FAQ,Mahboob Manison,2800,2800,2800,Telangana,(Red Nanital),2022,10,4,2600.0,1800.0,2071.428571428572,0.0769230769230768,PostMonsoon,0
2022-11-09,Potato,24,Hyderabad,FAQ,Mahboob Manison,3500,2800,3000,Telangana,(Red Nanital),2022,11,2,2800.0,1700.0,2257.1428571428573,0.0714285714285714,PostMonsoon,0
2022-11-12,Potato,24,Hyderabad,FAQ,Mahboob Manison,3500,2800,3000,Telangana,(Red Nanital),2022,11,5,3000.0,1700.0,2442.8571428571427,0.0,PostMonsoon,0
2022-11-13,Potato,24,Hyderabad,FAQ,Mahboob Manison,2000,2000,2000,Telangana,(Red Nanital),2022,11,6,3000.0,1700.0,2485.714285714286,-0.3333333333333333,PostMonsoon,0
2022-11-18,Potato,24,Hyderabad,FAQ,Mahboob Manison,3600,3000,3500,Telangana,(Red Nanital),2022,11,4,2000.0,1800.0,2728.5714285714284,0.75,PostMonsoon,1
2022-11-29,Potato,24,Hyderabad,FAQ,Mahboob Manison,3700,2600,3200,Telangana,(Red Nanital),2022,11,1,3500.0,2200.0,2871.428571428572,-0.0857142857142857,PostMonsoon,0
2022-12-02,Potato,24,Hyderabad,FAQ,Mahboob Manison,3700,3700,3700,Telangana,(Red Nanital),2022,12,4,3200.0,2600.0,3028.5714285714284,0.15625,Winter,1
2022-12-03,Potato,24,Hyderabad,FAQ,Mahboob Manison,3700,3700,3700,Telangana,(Red Nanital),2022,12,5,3700.0,2800.0,3157.1428571428573,0.0,Winter,1
2022-12-17,Potato,24,Hyderabad,FAQ,Mahboob Manison,4300,4300,4300,Telangana,(Red Nanital),2022,12,5,3700.0,3000.0,3342.8571428571427,0.162162162162162,Winter,1
2022-12-19,Potato,24,Hyderabad,FAQ,Mahboob Manison,3900,3900,3900,Telangana,(Red Nanital),2022,12,0,4300.0,3000.0,3471.428571428572,-0.0930232558139535,Winter,1
2022-09-16,Potato,24,Nalgonda,FAQ,Miryalguda(Rythu Bazar),3600,3200,3400,Telangana,Potato,2022,9,4,3400.0,,3400.0,0.0,Monsoon,0
2022-09-21,Potato,24,Nalgonda,FAQ,Miryalguda(Rythu Bazar),3600,3300,3400,Telangana,Potato,2022,9,2,3400.0,,3400.0,0.0,Monsoon,0
2022-10-03,Potato,24,Nalgonda,FAQ,Miryalguda(Rythu Bazar),3600,3400,3600,Telangana,Potato,2022,10,0,3400.0,,3450.0,0.0588235294117647,PostMonsoon,1
2022-10-22,Potato,24,Nalgonda,FAQ,Miryalguda(Rythu Bazar),3600,3200,3400,Telangana,Potato,2022,10,5,3600.0,,3440.0,-0.0555555555555555,PostMonsoon,0
2022-10-24,Potato,24,Nalgonda,FAQ,Miryalguda(Rythu Bazar),4000,3600,4000,Telangana,Potato,2022,10,0,3400.0,,3533.333333333333,0.1764705882352941,PostMonsoon,1
2022-11-07,Potato,24,Nalgonda,FAQ,Miryalguda(Rythu Bazar),4000,3600,3600,Telangana,Potato,2022,11,0,4000.0,,3542.8571428571427,-0.0999999999999999,PostMonsoon,1
2022-11-09,Potato,24,Nalgonda,FAQ,Miryalguda(Rythu Bazar),4000,3600,3800,Telangana,Potato,2022,11,2,3600.0,3400.0,3600.0,0.0555555555555555,PostMonsoon,1
2022-11-19,Potato,24,Nalgonda,FAQ,Miryalguda(Rythu Bazar),4000,3800,4000,Telangana,Potato,2022,11,5,3800.0,3400.0,3685.714285714286,0.0526315789473683,PostMonsoon,1
2022-11-24,Potato,24,Nalgonda,FAQ,Miryalguda(Rythu Bazar),4000,4000,4000,Telangana,Potato,2022,11,3,4000.0,3400.0,3771.428571428572,0.0,PostMonsoon,1
2022-11-27,Potato,24,Nalgonda,FAQ,Miryalguda(Rythu Bazar),4000,3800,4000,Telangana,Potato,2022,11,6,4000.0,3600.0,3828.571428571429,0.0,PostMonsoon,1
2022-11-29,Potato,24,Nalgonda,FAQ,Miryalguda(Rythu Bazar),4000,3600,3800,Telangana,Potato,2022,11,1,4000.0,3400.0,3885.714285714286,-0.05,PostMonsoon,1
2022-12-05,Potato,24,Nalgonda,FAQ,Miryalguda(Rythu Bazar),4000,3600,3800,Telangana,Potato,2022,12,0,3800.0,4000.0,3857.142857142857,0.0,Winter,1
2022-12-19,Potato,24,Nalgonda,FAQ,Miryalguda(Rythu Bazar),4000,4000,4000,Telangana,Potato,2022,12,0,3800.0,3600.0,3914.285714285714,0.0526315789473683,Winter,1
2022-12-23,Potato,24,Nalgonda,FAQ,Miryalguda(Rythu Bazar),4000,4000,4000,Telangana,Potato,2022,12,4,4000.0,3800.0,3942.857142857143,0.0,Winter,1
2022-12-27,Potato,24,Nalgonda,FAQ,Miryalguda(Rythu Bazar),4000,4000,4000,Telangana,Potato,2022,12,1,4000.0,4000.0,3942.857142857143,0.0,Winter,1
2022-12-29,Potato,24,Nalgonda,FAQ,Miryalguda(Rythu Bazar),4000,4000,4000,Telangana,Potato,2022,12,3,4000.0,4000.0,3942.857142857143,0.0,Winter,1
2023-01-13,Potato,24,Nalgonda,FAQ,Miryalguda(Rythu Bazar),4000,4000,4000,Telangana,Potato,2023,1,4,4000.0,4000.0,3942.857142857143,0.0,Winter,1
2023-01-16,Potato,24,Nalgonda,FAQ,Miryalguda(Rythu Bazar),4000,3800,4000,Telangana,Potato,2023,1,0,4000.0,3800.0,3971.428571428572,0.0,Winter,1
2023-01-26,Potato,24,Nalgonda,FAQ,Miryalguda(Rythu Bazar),3600,3600,3600,Telangana,Potato,2023,1,3,4000.0,3800.0,3942.857142857143,-0.0999999999999999,Winter,1
2023-02-07,Potato,24,Nalgonda,FAQ,Miryalguda(Rythu Bazar),3400,3400,3400,Telangana,Potato,2023,2,1,3600.0,4000.0,3857.142857142857,-0.0555555555555555,Winter,0
2023-02-12,Potato,24,Nalgonda,FAQ,Miryalguda(Rythu Bazar),3000,3000,3000,Telangana,Potato,2023,2,6,3400.0,4000.0,3714.285714285714,-0.1176470588235294,Winter,0
2023-03-02,Potato,24,Nalgonda,FAQ,Miryalguda(Rythu Bazar),3000,3000,3000,Telangana,Potato,2023,3,3,3000.0,4000.0,3571.428571428572,0.0,Summer,0
2023-03-09,Potato,24,Nalgonda,FAQ,Miryalguda(Rythu Bazar),3000,3000,3000,Telangana,Potato,2023,3,3,3000.0,4000.0,3428.5714285714284,0.0,Summer,0
2023-03-15,Potato,24,Nalgonda,FAQ,Miryalguda(Rythu Bazar),3200,3200,3200,Telangana,Potato,2023,3,2,3000.0,4000.0,3314.285714285714,0.0666666666666666,Summer,0
2023-03-20,Potato,24,Nalgonda,FAQ,Miryalguda(Rythu Bazar),3000,3000,3000,Telangana,Potato,2023,3,0,3200.0,4000.0,3171.428571428572,-0.0625,Summer,0
2023-03-22,Potato,24,Nalgonda,FAQ,Miryalguda(Rythu Bazar),2500,2500,2500,Telangana,Potato,2023,3,2,3000.0,3600.0,3014.285714285714,-0.1666666666666666,Summer,0
2023-03-26,Potato,24,Nalgonda,FAQ,Miryalguda(Rythu Bazar),2400,2400,2400,Telangana,Potato,2023,3,6,2500.0,3400.0,2871.428571428572,-0.04,Summer,0
2023-03-31,Potato,24,Nalgonda,FAQ,Miryalguda(Rythu Bazar),2500,2500,2500,Telangana,Potato,2023,3,4,2400.0,3000.0,2800.0,0.0416666666666667,Summer,0
2023-04-07,Potato,24,Nalgonda,FAQ,Miryalguda(Rythu Bazar),2500,2500,2500,Telangana,Potato,2023,4,4,2500.0,3000.0,2728.5714285714284,0.0,Summer,0
2023-04-08,Potato,24,Nalgonda,FAQ,Miryalguda(Rythu Bazar),2500,2500,2500,Telangana,Potato,2023,4,5,2500.0,3000.0,2657.1428571428573,0.0,Summer,0
2023-04-18,Potato,24,Nalgonda,FAQ,Miryalguda(Rythu Bazar),3000,3000,3000,Telangana,Potato,2023,4,1,2500.0,3200.0,2628.5714285714284,0.1999999999999999,Summer,0
2023-04-23,Potato,24,Nalgonda,FAQ,Miryalguda(Rythu Bazar),3000,3000,3000,Telangana,Potato,2023,4,6,3000.0,3000.0,2628.5714285714284,0.0,Summer,0
2023-05-03,Potato,24,Nalgonda,FAQ,Miryalguda(Rythu Bazar),3000,3000,3000,Telangana,Potato,2023,5,2,3000.0,2500.0,2700.0,0.0,Summer,0
2023-05-05,Potato,24,Nalgonda,FAQ,Miryalguda(Rythu Bazar),3000,3000,3000,Telangana,Potato,2023,5,4,3000.0,2400.0,2785.714285714286,0.0,Summer,0
2023-05-08,Potato,24,Nalgonda,FAQ,Miryalguda(Rythu Bazar),3000,3000,3000,Telangana,Potato,2023,5,0,3000.0,2500.0,2857.1428571428573,0.0,Summer,0
2023-05-14,Potato,24,Nalgonda,FAQ,Miryalguda(Rythu Bazar),3000,3000,3000,Telangana,Potato,2023,5,6,3000.0,2500.0,2928.5714285714284,0.0,Summer,0
2023-05-28,Potato,24,Nalgonda,FAQ,Miryalguda(Rythu Bazar),3000,3000,3000,Telangana,Potato,2023,5,6,3000.0,2500.0,3000.0,0.0,Summer,0
2023-06-01,Potato,24,Nalgonda,FAQ,Miryalguda(Rythu Bazar),3000,3000,3000,Telangana,Potato,2023,6,3,3000.0,3000.0,3000.0,0.0,Monsoon,0
2023-06-07,Potato,24,Nalgonda,FAQ,Miryalguda(Rythu Bazar),3000,3000,3000,Telangana,Potato,2023,6,2,3000.0,3000.0,3000.0,0.0,Monsoon,0
2023-06-09,Potato,24,Nalgonda,FAQ,Miryalguda(Rythu Bazar),3000,3000,3000,Telangana,Potato,2023,6,4,3000.0,3000.0,3000.0,0.0,Monsoon,0
2023-06-20,Potato,24,Nalgonda,FAQ,Miryalguda(Rythu Bazar),3000,3000,3000,Telangana,Potato,2023,6,1,3000.0,3000.0,3000.0,0.0,Monsoon,0
2023-06-27,Potato,24,Nalgonda,FAQ,Miryalguda(Rythu Bazar),3000,3000,3000,Telangana,Potato,2023,6,1,3000.0,3000.0,3000.0,0.0,Monsoon,0
2023-07-08,Potato,24,Nalgonda,FAQ,Miryalguda(Rythu Bazar),3000,3000,3000,Telangana,Potato,2023,7,5,3000.0,3000.0,3000.0,0.0,Monsoon,0
2023-07-10,Potato,24,Nalgonda,FAQ,Miryalguda(Rythu Bazar),3000,3000,3000,Telangana,Potato,2023,7,0,3000.0,3000.0,3000.0,0.0,Monsoon,0
2023-07-19,Potato,24,Nalgonda,FAQ,Miryalguda(Rythu Bazar),3000,3000,3000,Telangana,Potato,2023,7,2,3000.0,3000.0,3000.0,0.0,Monsoon,0
2023-08-23,Potato,24,Nalgonda,FAQ,Miryalguda(Rythu Bazar),3000,3000,3000,Telangana,Potato,2023,8,2,3000.0,3000.0,3000.0,0.0,Monsoon,0
2023-08-24,Potato,24,Nalgonda,FAQ,Miryalguda(Rythu Bazar),3000,3000,3000,Telangana,Potato,2023,8,3,3000.0,3000.0,3000.0,0.0,Monsoon,0
2023-08-26,Potato,24,Nalgonda,FAQ,Miryalguda(Rythu Bazar),3000,3000,3000,Telangana,Potato,2023,8,5,3000.0,3000.0,3000.0,0.0,Monsoon,0
2023-09-02,Potato,24,Nalgonda,FAQ,Miryalguda(Rythu Bazar),3000,3000,3000,Telangana,Potato,2023,9,5,3000.0,3000.0,3000.0,0.0,Monsoon,0
2023-09-06,Potato,24,Nalgonda,FAQ,Miryalguda(Rythu Bazar),3000,3000,3000,Telangana,Potato,2023,9,2,3000.0,3000.0,3000.0,0.0,Monsoon,0
2023-09-28,Potato,24,Nalgonda,FAQ,Miryalguda(Rythu Bazar),3000,3000,3000,Telangana,Potato,2023,9,3,3000.0,3000.0,3000.0,0.0,Monsoon,0
2023-10-01,Potato,24,Nalgonda,FAQ,Miryalguda(Rythu Bazar),3000,3000,3000,Telangana,Potato,2023,10,6,3000.0,3000.0,3000.0,0.0,PostMonsoon,0
2023-10-06,Potato,24,Nalgonda,FAQ,Miryalguda(Rythu Bazar),3000,3000,3000,Telangana,Potato,2023,10,4,3000.0,3000.0,3000.0,0.0,PostMonsoon,0
2023-10-16,Potato,24,Nalgonda,FAQ,Miryalguda(Rythu Bazar),3000,3000,3000,Telangana,Potato,2023,10,0,3000.0,3000.0,3000.0,0.0,PostMonsoon,0
2023-10-21,Potato,24,Nalgonda,FAQ,Miryalguda(Rythu Bazar),3000,3000,3000,Telangana,Potato,2023,10,5,3000.0,3000.0,3000.0,0.0,PostMonsoon,0
2023-10-24,Potato,24,Nalgonda,FAQ,Miryalguda(Rythu Bazar),3000,3000,3000,Telangana,Potato,2023,10,1,3000.0,3000.0,3000.0,0.0,PostMonsoon,0
2023-10-27,Potato,24,Nalgonda,FAQ,Miryalguda(Rythu Bazar),3000,3000,3000,Telangana,Potato,2023,10,4,3000.0,3000.0,3000.0,0.0,PostMonsoon,0
2023-10-28,Potato,24,Nalgonda,FAQ,Miryalguda(Rythu Bazar),3000,3000,3000,Telangana,Potato,2023,10,5,3000.0,3000.0,3000.0,0.0,PostMonsoon,0
2023-10-29,Potato,24,Nalgonda,FAQ,Miryalguda(Rythu Bazar),3000,3000,3000,Telangana,Potato,2023,10,6,3000.0,3000.0,3000.0,0.0,PostMonsoon,0
2023-10-30,Potato,24,Nalgonda,FAQ,Miryalguda(Rythu Bazar),3000,3000,3000,Telangana,Potato,2023,10,0,3000.0,3000.0,3000.0,0.0,PostMonsoon,0
2023-11-07,Potato,24,Nalgonda,FAQ,Miryalguda(Rythu Bazar),3000,3000,3000,Telangana,Potato,2023,11,1,3000.0,3000.0,3000.0,0.0,PostMonsoon,0
2023-12-05,Potato,24,Nalgonda,FAQ,Miryalguda(Rythu Bazar),3000,3000,3000,Telangana,Potato,2023,12,1,3000.0,3000.0,3000.0,0.0,Winter,0
2023-12-18,Potato,24,Nalgonda,FAQ,Miryalguda(Rythu Bazar),3000,3000,3000,Telangana,Potato,2023,12,0,3000.0,3000.0,3000.0,0.0,Winter,0
2023-12-20,Potato,24,Nalgonda,FAQ,Miryalguda(Rythu Bazar),3000,3000,3000,Telangana,Potato,2023,12,2,3000.0,3000.0,3000.0,0.0,Winter,0
2023-12-28,Potato,24,Nalgonda,FAQ,Miryalguda(Rythu Bazar),3000,3000,3000,Telangana,Potato,2023,12,3,3000.0,3000.0,3000.0,0.0,Winter,0
2026-04-04,Potato,24,Mysuru,Grade Range-1,Mysuru APMC,1300,800,1000,Karnataka,Potato,2026,4,5,1000.0,,1000.0,0.0,Summer,0
2026-04-18,Potato,24,Mysuru,Grade Range-1,Mysuru APMC,1200,800,1000,Karnataka,Potato,2026,4,5,1000.0,,1000.0,0.0,Summer,0
2026-04-20,Potato,24,Mysuru,Grade Range-1,Mysuru APMC,1200,1000,1100,Karnataka,Potato,2026,4,0,1000.0,,1025.0,0.1,Summer,0
2026-04-23,Potato,24,Mysuru,Grade Range-1,Mysuru APMC,1200,800,1000,Karnataka,Potato,2026,4,3,1100.0,,1020.0,-0.0909090909090909,Summer,0
2026-04-25,Potato,24,Mysuru,Grade Range-1,Mysuru APMC,1200,800,1000,Karnataka,Potato,2026,4,5,1000.0,,1016.6666666666666,0.0,Summer,0
2026-05-02,Potato,24,Mysuru,Grade Range-1,Mysuru APMC,1300,1200,1250,Karnataka,Potato,2026,5,5,1000.0,,1050.0,0.25,Summer,0
2026-05-08,Potato,24,Mysuru,Local,Mysuru APMC,1200,1100,1150,Karnataka,Potato,2026,5,4,1250.0,1000.0,1071.428571428571,-0.0799999999999999,Summer,0
2026-05-11,Potato,24,Mysuru,Local,Mysuru APMC,1200,1100,1100,Karnataka,Potato,2026,5,0,1150.0,1000.0,1085.7142857142858,-0.0434782608695651,Summer,0
2026-05-14,Potato,24,Mysuru,Local,Mysuru APMC,1200,1000,1100,Karnataka,Potato,2026,5,3,1100.0,1000.0,1100.0,0.0,Summer,0
2026-05-15,Potato,24,Mysuru,Local,Mysuru APMC,1300,1000,1100,Karnataka,Potato,2026,5,4,1100.0,1100.0,1100.0,0.0,Summer,0
2026-05-16,Potato,24,Mysuru,Local,Mysuru APMC,1300,1000,1100,Karnataka,Potato,2026,5,5,1100.0,1000.0,1114.2857142857142,0.0,Summer,0
2026-05-19,Potato,24,Mysuru,Local,Mysuru APMC,1300,1000,1100,Karnataka,Potato,2026,5,1,1100.0,1000.0,1128.571428571429,0.0,Summer,0
2026-05-25,Potato,24,Mysuru,Local,Mysuru APMC,1200,1000,1000,Karnataka,Potato,2026,5,0,1100.0,1250.0,1092.857142857143,-0.0909090909090909,Summer,0
2026-05-27,Potato,24,Mysuru,Local,Mysuru APMC,1200,1000,1000,Karnataka,Potato,2026,5,2,1000.0,1150.0,1071.428571428571,0.0,Summer,0
2026-05-29,Potato,24,Mysuru,Local,Mysuru APMC,1200,1000,1000,Karnataka,Potato,2026,5,4,1000.0,1100.0,1057.142857142857,0.0,Summer,0
2026-05-30,Potato,24,Mysuru,Local,Mysuru APMC,1200,1000,1000,Karnataka,Potato,2026,5,5,1000.0,1100.0,1042.857142857143,0.0,Summer,0
2026-06-03,Potato,24,Mysuru,Local,Mysuru APMC,1200,1000,1000,Karnataka,Potato,2026,6,2,1000.0,1100.0,1028.571428571429,0.0,Monsoon,0
2026-06-04,Potato,24,Mysuru,Local,Mysuru APMC,1200,1000,1000,Karnataka,Potato,2026,6,3,1000.0,1100.0,1014.2857142857144,0.0,Monsoon,0
2026-06-05,Potato,24,Mysuru,Local,Mysuru APMC,1200,1000,1000,Karnataka,Potato,2026,6,4,1000.0,1100.0,1000.0,0.0,Monsoon,0
2026-06-10,Potato,24,Mysuru,Local,Mysuru APMC,1200,1000,1000,Karnataka,Potato,2026,6,2,1000.0,1000.0,1000.0,0.0,Monsoon,0
2026-06-15,Potato,24,Mysuru,Local,Mysuru APMC,1200,1000,1000,Karnataka,Potato,2026,6,0,1000.0,1000.0,1000.0,0.0,Monsoon,0
2026-06-18,Potato,24,Mysuru,Local,Mysuru APMC,1200,1000,1100,Karnataka,Potato,2026,6,3,1000.0,1000.0,1014.2857142857144,0.1,Monsoon,0
2026-06-22,Potato,24,Mysuru,Local,Mysuru APMC,2200,2000,2100,Karnataka,Potato,2026,6,0,1100.0,1000.0,1171.428571428571,0.9090909090909092,Monsoon,0
2026-06-24,Potato,24,Mysuru,Local,Mysuru APMC,1900,1300,1800,Karnataka,Potato,2026,6,2,2100.0,1000.0,1285.7142857142858,-0.1428571428571429,Monsoon,0
2026-06-25,Potato,24,Mysuru,Local,Mysuru APMC,1800,1400,1700,Karnataka,Potato,2026,6,3,1800.0,1000.0,1385.7142857142858,-0.0555555555555555,Monsoon,0
2026-06-27,Potato,24,Mysuru,Local,Mysuru APMC,1800,1300,1700,Karnataka,Potato,2026,6,5,1700.0,1000.0,1485.7142857142858,0.0,Monsoon,0
2026-06-29,Potato,24,Mysuru,Local,Mysuru APMC,1900,1400,1800,Karnataka,Potato,2026,6,0,1700.0,1000.0,1600.0,0.0588235294117647,Monsoon,0
2026-06-30,Potato,24,Mysuru,Local,Mysuru APMC,1900,1400,1800,Karnataka,Potato,2026,6,1,1800.0,1000.0,1714.2857142857142,0.0,Monsoon,0
2026-07-08,Potato,24,Mysuru,Local,Mysuru APMC,1400,1200,1300,Karnataka,Potato,2026,7,2,1800.0,1100.0,1742.857142857143,-0.2777777777777778,Monsoon,0
2026-07-11,Potato,24,Mysuru,Medium,Mysuru APMC,1500,1200,1300,Karnataka,Potato,2026,7,5,1300.0,2100.0,1628.571428571429,0.0,Monsoon,0
2026-07-17,Potato,24,Mysuru,Local,Mysuru APMC,1500,1200,1300,Karnataka,Potato,2026,7,4,1300.0,1800.0,1557.142857142857,0.0,Monsoon,0
2026-07-25,Potato,24,Mysuru,Medium,Mysuru APMC,1400,1200,1300,Karnataka,Potato,2026,7,5,1300.0,1700.0,1500.0,0.0,Monsoon,0
2026-07-27,Potato,24,Mysuru,Local,Mysuru APMC,1400,1200,1300,Karnataka,Potato,2026,7,0,1300.0,1700.0,1442.857142857143,0.0,Monsoon,0
2026-07-28,Potato,24,Mysuru,Medium,Mysuru APMC,1400,1300,1350,Karnataka,Potato,2026,7,1,1300.0,1800.0,1378.571428571429,0.0384615384615385,Monsoon,0
2026-08-04,Potato,24,Mysuru,Medium,Mysuru APMC,1300,800,1100,Karnataka,Potato,2026,8,1,1350.0,1800.0,1278.571428571429,-0.1851851851851852,Monsoon,0
2026-08-06,Potato,24,Mysuru,Medium,Mysuru APMC,1300,800,1100,Karnataka,Potato,2026,8,3,1100.0,1300.0,1250.0,0.0,Monsoon,0
2026-04-06,Potato,24,Mysuru,Local,Nanjangud APMC,2083,1851,1851,Karnataka,Potato,2026,4,0,2564.0,,2207.5,-0.2780811232449298,Summer,0
2026-04-08,Potato,24,Mysuru,Local,Nanjangud APMC,2083,1851,1851,Karnataka,Potato,2026,4,2,1851.0,,2088.6666666666665,0.0,Summer,0
2026-04-10,Potato,24,Mysuru,Local,Nanjangud APMC,3333,2380,2380,Karnataka,Potato,2026,4,4,1851.0,,2161.5,0.2857914640734738,Summer,0
2026-04-16,Potato,24,Mysuru,Local,Nanjangud APMC,3333,2380,2777,Karnataka,Potato,2026,4,3,2380.0,,2284.6,0.1668067226890757,Summer,0
2026-04-17,Potato,24,Mysuru,Local,Nanjangud APMC,6750,6666,6666,Karnataka,Potato,2026,4,4,2777.0,,3014.833333333333,1.4004321209938784,Summer,1
2026-04-18,Potato,24,Mysuru,Local,Nanjangud APMC,3333,2380,2777,Karnataka,Potato,2026,4,5,6666.0,,2980.8571428571427,-0.5834083408340833,Summer,0
2026-04-21,Potato,24,Mysuru,Local,Nanjangud APMC,3333,3030,3030,Karnataka,Potato,2026,4,1,2777.0,2564.0,3047.428571428572,0.091105509542672,Summer,0
2026-04-22,Potato,24,Mysuru,Local,Nanjangud APMC,4166,3030,3333,Karnataka,Potato,2026,4,2,3030.0,1851.0,3259.1428571428573,0.1,Summer,0
2026-04-27,Potato,24,Mysuru,Local,Nanjangud APMC,4166,3030,3333,Karnataka,Potato,2026,4,0,3333.0,1851.0,3470.8571428571427,0.0,Summer,0
2026-04-30,Potato,24,Mysuru,Local,Nanjangud APMC,4166,3030,3333,Karnataka,Potato,2026,4,3,3333.0,2380.0,3607.0,0.0,Summer,0
2026-05-02,Potato,24,Mysuru,Local,Nanjangud APMC,5555,3030,4166,Karnataka,Potato,2026,5,5,3333.0,2777.0,3805.428571428572,0.2499249924992499,Summer,1
2026-05-05,Potato,24,Mysuru,Local,Nanjangud APMC,5555,3333,4166,Karnataka,Potato,2026,5,1,4166.0,6666.0,3448.285714285714,0.0,Summer,1
2026-05-06,Potato,24,Mysuru,Local,Nanjangud APMC,4166,3700,4000,Karnataka,Potato,2026,5,2,4166.0,2777.0,3623.0,-0.0398463754200671,Summer,1
2026-05-07,Potato,24,Mysuru,Local,Nanjangud APMC,3333,3030,3030,Karnataka,Potato,2026,5,3,4000.0,3030.0,3623.0,-0.2425,Summer,0
2026-05-14,Potato,24,Mysuru,Local,Nanjangud APMC,4166,3030,3703,Karnataka,Potato,2026,5,3,3030.0,3333.0,3675.857142857143,0.222112211221122,Summer,1
2026-05-15,Potato,24,Mysuru,Local,Nanjangud APMC,4166,2380,3703,Karnataka,Potato,2026,5,4,3703.0,3333.0,3728.714285714286,0.0,Summer,1
2026-05-18,Potato,24,Mysuru,Local,Nanjangud APMC,4166,3030,3333,Karnataka,Potato,2026,5,0,3703.0,3333.0,3728.714285714286,-0.0999189846070753,Summer,0
2026-05-19,Potato,24,Mysuru,Local,Nanjangud APMC,4166,3333,3703,Karnataka,Potato,2026,5,1,3333.0,4166.0,3662.571428571429,0.1110111011101109,Summer,1
2026-05-20,Potato,24,Mysuru,Local,Nanjangud APMC,3703,3030,3333,Karnataka,Potato,2026,5,2,3703.0,4166.0,3543.5714285714284,-0.0999189846070753,Summer,0
2026-05-21,Potato,24,Mysuru,Local,Nanjangud APMC,3333,3030,3030,Karnataka,Potato,2026,5,3,3333.0,4000.0,3405.0,-0.0909090909090909,Summer,0
2026-05-22,Potato,24,Mysuru,Local,Nanjangud APMC,2777,2380,2564,Karnataka,Potato,2026,5,4,3030.0,3030.0,3338.428571428572,-0.1537953795379537,Summer,0
2026-05-25,Potato,24,Mysuru,Local,Nanjangud APMC,2564,2083,2380,Karnataka,Potato,2026,5,0,2564.0,3703.0,3149.428571428572,-0.0717628705148205,Summer,0
2026-05-26,Potato,24,Mysuru,Local,Nanjangud APMC,3333,3030,3030,Karnataka,Potato,2026,5,1,2380.0,3703.0,3053.285714285714,0.2731092436974789,Summer,0
2026-05-27,Potato,24,Mysuru,Local,Nanjangud APMC,3333,2380,3030,Karnataka,Potato,2026,5,2,3030.0,3333.0,3010.0,0.0,Summer,0
2026-06-01,Potato,24,Mysuru,Local,Nanjangud APMC,3333,2083,2777,Karnataka,Potato,2026,6,0,3030.0,3703.0,2877.714285714286,-0.0834983498349835,Monsoon,0
2026-06-02,Potato,24,Mysuru,Local,Nanjangud APMC,3333,2380,3030,Karnataka,Potato,2026,6,1,2777.0,3333.0,2834.428571428572,0.091105509542672,Monsoon,0
2026-06-03,Potato,24,Mysuru,Local,Nanjangud APMC,3333,2380,2777,Karnataka,Potato,2026,6,2,3030.0,3030.0,2798.285714285714,-0.0834983498349835,Monsoon,0
2026-06-04,Potato,24,Mysuru,Local,Nanjangud APMC,4166,3030,3333,Karnataka,Potato,2026,6,3,2777.0,2564.0,2908.1428571428573,0.2002160604969391,Monsoon,0
2026-06-05,Potato,24,Mysuru,Local,Nanjangud APMC,3333,2380,2777,Karnataka,Potato,2026,6,4,3333.0,2380.0,2964.8571428571427,-0.1668166816681667,Monsoon,0
2026-06-09,Potato,24,Mysuru,Local,Nanjangud APMC,4166,3030,3333,Karnataka,Potato,2026,6,1,2777.0,3030.0,3008.1428571428573,0.2002160604969391,Monsoon,0
2026-06-10,Potato,24,Mysuru,Local,Nanjangud APMC,3333,2380,3030,Karnataka,Potato,2026,6,2,3333.0,3030.0,3008.1428571428573,-0.0909090909090909,Monsoon,0
2026-06-12,Potato,24,Mysuru,Local,Nanjangud APMC,3333,2380,3030,Karnataka,Potato,2026,6,4,3030.0,2777.0,3044.285714285714,0.0,Monsoon,0
2026-06-15,Potato,24,Mysuru,Local,Nanjangud APMC,4166,3030,3333,Karnataka,Potato,2026,6,0,3030.0,3030.0,3087.5714285714284,0.1,Monsoon,0
2026-06-16,Potato,24,Mysuru,Local,Nanjangud APMC,3333,2380,3030,Karnataka,Potato,2026,6,1,3333.0,2777.0,3123.714285714286,-0.0909090909090909,Monsoon,0
2026-06-17,Potato,24,Mysuru,Local,Nanjangud APMC,3333,2380,3030,Karnataka,Potato,2026,6,2,3030.0,3333.0,3080.428571428572,0.0,Monsoon,0
2026-06-18,Potato,24,Mysuru,Local,Nanjangud APMC,3333,2380,3030,Karnataka,Potato,2026,6,3,3030.0,2777.0,3116.5714285714284,0.0,Monsoon,0
2026-06-20,Potato,24,Mysuru,Local,Nanjangud APMC,3703,3030,3333,Karnataka,Potato,2026,6,5,3030.0,3333.0,3116.5714285714284,0.1,Monsoon,0
2026-06-22,Potato,24,Mysuru,Local,Nanjangud APMC,2777,2380,2564,Karnataka,Potato,2026,6,0,3333.0,3030.0,3050.0,-0.2307230723072307,Monsoon,0
2026-06-23,Potato,24,Mysuru,Local,Nanjangud APMC,3333,2380,3030,Karnataka,Potato,2026,6,1,2564.0,3030.0,3050.0,0.1817472698907956,Monsoon,0
2026-06-24,Potato,24,Mysuru,Local,Nanjangud APMC,3333,3030,3030,Karnataka,Potato,2026,6,2,3030.0,3333.0,3006.714285714286,0.0,Monsoon,0
2026-06-25,Potato,24,Mysuru,Local,Nanjangud APMC,2777,2380,2564,Karnataka,Potato,2026,6,3,3030.0,3030.0,2940.1428571428573,-0.1537953795379537,Monsoon,0
2026-06-30,Potato,24,Mysuru,Local,Nanjangud APMC,3333,3030,3030,Karnataka,Potato,2026,6,1,2564.0,3030.0,2940.1428571428573,0.1817472698907956,Monsoon,0
2026-07-06,Potato,24,Mysuru,Local,Nanjangud APMC,3703,3030,3333,Karnataka,Potato,2026,7,0,3030.0,3030.0,2983.428571428572,0.1,Monsoon,0
2026-07-10,Potato,24,Mysuru,Local,Nanjangud APMC,3333,3030,3030,Karnataka,Potato,2026,7,4,3333.0,3333.0,2940.1428571428573,-0.0909090909090909,Monsoon,0
2026-07-13,Potato,24,Mysuru,Local,Nanjangud APMC,3333,3030,3030,Karnataka,Potato,2026,7,0,3030.0,2564.0,3006.714285714286,0.0,Monsoon,0
2026-07-15,Potato,24,Mysuru,Local,Nanjangud APMC,2777,2380,2564,Karnataka,Potato,2026,7,2,3030.0,3030.0,2940.1428571428573,-0.1537953795379537,Monsoon,0
2026-07-16,Potato,24,Mysuru,Local,Nanjangud APMC,3333,2380,3030,Karnataka,Potato,2026,7,3,2564.0,3030.0,2940.1428571428573,0.1817472698907956,Monsoon,0
2026-07-17,Potato,24,Mysuru,Local,Nanjangud APMC,2777,2380,2564,Karnataka,Potato,2026,7,4,3030.0,2564.0,2940.1428571428573,-0.1537953795379537,Monsoon,0
2026-07-23,Potato,24,Mysuru,Local,Nanjangud APMC,3703,3030,3333,Karnataka,Potato,2026,7,3,2564.0,3030.0,2983.428571428572,0.2999219968798752,Monsoon,0
2026-07-24,Potato,24,Mysuru,Local,Nanjangud APMC,3703,3030,3333,Karnataka,Potato,2026,7,4,3333.0,3333.0,2983.428571428572,0.0,Monsoon,0
2026-08-01,Potato,24,Mysuru,Local,Nanjangud APMC,3333,3030,3030,Karnataka,Potato,2026,8,5,3333.0,3030.0,2983.428571428572,-0.0909090909090909,Monsoon,0
2026-08-04,Potato,24,Mysuru,Local,Nanjangud APMC,3703,3030,3333,Karnataka,Potato,2026,8,1,3030.0,3030.0,3026.714285714286,0.1,Monsoon,0
2026-08-05,Potato,24,Mysuru,Local,Nanjangud APMC,6666,3700,4166,Karnataka,Potato,2026,8,2,3333.0,2564.0,3255.5714285714284,0.2499249924992499,Monsoon,1
2026-08-06,Potato,24,Mysuru,Local,Nanjangud APMC,4166,3030,3333,Karnataka,Potato,2026,8,3,4166.0,3030.0,3298.8571428571427,-0.199951992318771,Monsoon,0
2026-04-06,Potato,24,Mysuru,Small,T. Narasipura APMC,2000,1500,2000,Karnataka,Other,2026,4,0,2000.0,,2000.0,0.0,Summer,0
2026-04-08,Potato,24,Mysuru,Small,T. Narasipura APMC,2500,800,2000,Karnataka,Other,2026,4,2,2000.0,,2000.0,0.0,Summer,0
2026-04-13,Potato,24,Mysuru,Small,T. Narasipura APMC,2000,1500,2000,Karnataka,Other,2026,4,0,2000.0,,2000.0,0.0,Summer,0
2026-04-15,Potato,24,Mysuru,Small,T. Narasipura APMC,1500,1000,1000,Karnataka,Other,2026,4,2,2000.0,,1800.0,-0.5,Summer,0
2026-04-16,Potato,24,Mysuru,Small,T. Narasipura APMC,2000,1000,2000,Karnataka,Other,2026,4,3,1000.0,,1833.3333333333333,1.0,Summer,0
2026-05-02,Potato,24,Mysuru,Small,T. Narasipura APMC,2000,1500,2000,Karnataka,Other,2026,5,5,2000.0,,1857.142857142857,0.0,Summer,0
2026-05-06,Potato,24,Mysuru,Small,T. Narasipura APMC,2000,1500,2000,Karnataka,Other,2026,5,2,2000.0,2000.0,1857.142857142857,0.0,Summer,0
2026-05-07,Potato,24,Mysuru,Small,T. Narasipura APMC,1200,1000,1200,Karnataka,Other,2026,5,3,2000.0,2000.0,1742.857142857143,-0.4,Summer,0
2026-05-08,Potato,24,Mysuru,Small,T. Narasipura APMC,2000,1500,2000,Karnataka,Other,2026,5,4,1200.0,2000.0,1742.857142857143,0.6666666666666667,Summer,0
2026-05-11,Potato,24,Mysuru,Small,T. Narasipura APMC,2000,1000,2000,Karnataka,Other,2026,5,0,2000.0,2000.0,1742.857142857143,0.0,Summer,0
2026-05-13,Potato,24,Mysuru,Small,T. Narasipura APMC,2000,1200,2000,Karnataka,Other,2026,5,2,2000.0,1000.0,1885.7142857142856,0.0,Summer,0
2026-06-03,Potato,24,Mysuru,Small,T. Narasipura APMC,2000,1500,2000,Karnataka,Other,2026,6,2,2000.0,2000.0,1885.7142857142856,0.0,Monsoon,0
2026-06-04,Potato,24,Mysuru,Small,T. Narasipura APMC,1500,1200,1500,Karnataka,Other,2026,6,3,2000.0,2000.0,1814.2857142857144,-0.25,Monsoon,0
2026-06-05,Potato,24,Mysuru,Small,T. Narasipura APMC,2000,1500,2000,Karnataka,Other,2026,6,4,1500.0,2000.0,1814.2857142857144,0.3333333333333332,Monsoon,0
2026-06-06,Potato,24,Mysuru,Small,T. Narasipura APMC,1500,1000,1500,Karnataka,Other,2026,6,5,2000.0,1200.0,1857.142857142857,-0.25,Monsoon,0
2026-06-08,Potato,24,Mysuru,Small,T. Narasipura APMC,2000,1500,2000,Karnataka,Other,2026,6,0,1500.0,2000.0,1857.142857142857,0.3333333333333332,Monsoon,0
2022-03-08,Potato,24,Nalgonda,FAQ,Venkateswarnagar,2000,2000,2000,Telangana,Local,2022,3,1,2000.0,,2000.0,0.0,Summer,0
2022-03-13,Potato,24,Nalgonda,FAQ,Venkateswarnagar,2000,2000,2000,Telangana,Local,2022,3,6,2000.0,,2000.0,0.0,Summer,0
2022-03-20,Potato,24,Nalgonda,FAQ,Venkateswarnagar,800,800,800,Telangana,Local,2022,3,6,2000.0,,1700.0,-0.6,Summer,1
2022-03-23,Potato,24,Nalgonda,FAQ,Venkateswarnagar,1500,1500,1500,Telangana,Local,2022,3,2,800.0,,1660.0,0.875,Summer,0
2022-03-24,Potato,24,Nalgonda,FAQ,Venkateswarnagar,1600,1600,1600,Telangana,Local,2022,3,3,1500.0,,1650.0,0.0666666666666666,Summer,0
2022-03-26,Potato,24,Nalgonda,FAQ,Venkateswarnagar,2000,2000,2000,Telangana,Local,2022,3,5,1600.0,,1700.0,0.25,Summer,0
2022-04-01,Potato,24,Nalgonda,FAQ,Venkateswarnagar,1600,1600,1600,Telangana,Local,2022,4,4,2000.0,2000.0,1642.857142857143,-0.1999999999999999,Summer,0
2022-04-03,Potato,24,Nalgonda,FAQ,Venkateswarnagar,1600,1600,1600,Telangana,Local,2022,4,6,1600.0,2000.0,1585.7142857142858,0.0,Summer,0
2022-04-08,Potato,24,Nalgonda,FAQ,Venkateswarnagar,2000,2000,2000,Telangana,Local,2022,4,4,1600.0,2000.0,1585.7142857142858,0.25,Summer,0
2022-04-09,Potato,24,Nalgonda,FAQ,Venkateswarnagar,2500,2500,2500,Telangana,Local,2022,4,5,2000.0,800.0,1828.571428571429,0.25,Summer,0
2022-04-10,Potato,24,Nalgonda,FAQ,Venkateswarnagar,1800,1800,1800,Telangana,Local,2022,4,6,2500.0,1500.0,1871.4285714285716,-0.28,Summer,0
2022-04-13,Potato,24,Nalgonda,FAQ,Venkateswarnagar,1800,1800,1800,Telangana,Local,2022,4,2,1800.0,1600.0,1900.0,0.0,Summer,0
2022-04-14,Potato,24,Nalgonda,FAQ,Venkateswarnagar,1800,1800,1800,Telangana,Local,2022,4,3,1800.0,2000.0,1871.4285714285716,0.0,Summer,0
2022-04-21,Potato,24,Nalgonda,FAQ,Venkateswarnagar,2000,2000,2000,Telangana,Local,2022,4,3,1800.0,1600.0,1928.571428571429,0.1111111111111111,Summer,0
2022-04-27,Potato,24,Nalgonda,FAQ,Venkateswarnagar,2000,2000,2000,Telangana,Local,2022,4,2,2000.0,1600.0,1985.7142857142856,0.0,Summer,0
2022-05-10,Potato,24,Nalgonda,FAQ,Venkateswarnagar,1500,1500,1500,Telangana,Local,2022,5,1,2000.0,2000.0,1914.2857142857144,-0.25,Summer,0
2022-05-18,Potato,24,Nalgonda,FAQ,Venkateswarnagar,1500,1500,1500,Telangana,Local,2022,5,2,1500.0,2500.0,1771.428571428571,0.0,Summer,0
2022-05-21,Potato,24,Nalgonda,FAQ,Venkateswarnagar,1500,1500,1500,Telangana,Local,2022,5,5,1500.0,1800.0,1728.571428571429,0.0,Summer,0
2022-05-29,Potato,24,Nalgonda,FAQ,Venkateswarnagar,1500,1500,1500,Telangana,Local,2022,5,6,1500.0,1800.0,1685.7142857142858,0.0,Summer,0
2022-06-10,Potato,24,Nalgonda,FAQ,Venkateswarnagar,2000,2000,2000,Telangana,Local,2022,6,4,1500.0,1800.0,1714.2857142857142,0.3333333333333332,Monsoon,0
2022-06-12,Potato,24,Nalgonda,FAQ,Venkateswarnagar,1600,1600,1600,Telangana,Local,2022,6,6,2000.0,2000.0,1657.142857142857,-0.1999999999999999,Monsoon,0
2022-06-15,Potato,24,Nalgonda,FAQ,Venkateswarnagar,1600,1600,1600,Telangana,Local,2022,6,2,1600.0,2000.0,1600.0,0.0,Monsoon,0
2022-06-28,Potato,24,Nalgonda,FAQ,Venkateswarnagar,2000,2000,2000,Telangana,Local,2022,6,1,1600.0,1500.0,1671.428571428571,0.25,Monsoon,0
2022-06-29,Potato,24,Nalgonda,FAQ,Venkateswarnagar,2000,2000,2000,Telangana,Local,2022,6,2,2000.0,1500.0,1742.857142857143,0.0,Monsoon,0
2022-07-01,Potato,24,Nalgonda,FAQ,Venkateswarnagar,2000,2000,2000,Telangana,Local,2022,7,4,2000.0,1500.0,1814.2857142857144,0.0,Monsoon,0
2022-07-16,Potato,24,Nalgonda,FAQ,Venkateswarnagar,2000,2000,2000,Telangana,Local,2022,7,5,2000.0,1500.0,1885.7142857142856,0.0,Monsoon,0
2022-07-17,Potato,24,Nalgonda,FAQ,Venkateswarnagar,2000,2000,2000,Telangana,Local,2022,7,6,2000.0,2000.0,1885.7142857142856,0.0,Monsoon,0
2022-07-22,Potato,24,Nalgonda,FAQ,Venkateswarnagar,2000,2000,2000,Telangana,Local,2022,7,4,2000.0,1600.0,1942.857142857143,0.0,Monsoon,0
2022-07-26,Potato,24,Nalgonda,FAQ,Venkateswarnagar,2000,2000,2000,Telangana,Local,2022,7,1,2000.0,1600.0,2000.0,0.0,Monsoon,0
2022-07-27,Potato,24,Nalgonda,FAQ,Venkateswarnagar,3000,3000,3000,Telangana,Local,2022,7,2,2000.0,2000.0,2142.8571428571427,0.5,Monsoon,0
2022-08-09,Potato,24,Nalgonda,FAQ,Venkateswarnagar,2000,2000,2000,Telangana,Local,2022,8,1,3000.0,2000.0,2142.8571428571427,-0.3333333333333333,Monsoon,0
2022-08-14,Potato,24,Nalgonda,FAQ,Venkateswarnagar,2000,2000,2000,Telangana,Local,2022,8,6,2000.0,2000.0,2142.8571428571427,0.0,Monsoon,0
2022-08-23,Potato,24,Nalgonda,FAQ,Venkateswarnagar,2000,2000,2000,Telangana,Local,2022,8,1,2000.0,2000.0,2142.8571428571427,0.0,Monsoon,0
2022-08-25,Potato,24,Nalgonda,FAQ,Venkateswarnagar,2000,2000,2000,Telangana,Local,2022,8,3,2000.0,2000.0,2142.8571428571427,0.0,Monsoon,0
2022-08-26,Potato,24,Nalgonda,FAQ,Venkateswarnagar,2000,2000,2000,Telangana,Local,2022,8,4,2000.0,2000.0,2142.8571428571427,0.0,Monsoon,0
2022-08-30,Potato,24,Nalgonda,FAQ,Venkateswarnagar,2000,2000,2000,Telangana,Local,2022,8,1,2000.0,2000.0,2142.8571428571427,0.0,Monsoon,0
2022-09-01,Potato,24,Nalgonda,FAQ,Venkateswarnagar,2000,2000,2000,Telangana,Local,2022,9,3,2000.0,3000.0,2000.0,0.0,Monsoon,0
2022-09-03,Potato,24,Nalgonda,FAQ,Venkateswarnagar,2000,2000,2000,Telangana,Local,2022,9,5,2000.0,2000.0,2000.0,0.0,Monsoon,0
2022-09-14,Potato,24,Nalgonda,FAQ,Venkateswarnagar,2000,2000,2000,Telangana,Local,2022,9,2,2000.0,2000.0,2000.0,0.0,Monsoon,0
2022-09-20,Potato,24,Nalgonda,FAQ,Venkateswarnagar,2000,2000,2000,Telangana,Local,2022,9,1,2000.0,2000.0,2000.0,0.0,Monsoon,0
2022-10-11,Potato,24,Nalgonda,FAQ,Venkateswarnagar,2000,2000,2000,Telangana,Local,2022,10,1,2000.0,2000.0,2000.0,0.0,PostMonsoon,0
2022-10-19,Potato,24,Nalgonda,FAQ,Venkateswarnagar,2000,2000,2000,Telangana,Local,2022,10,2,2000.0,2000.0,2000.0,0.0,PostMonsoon,0
2022-10-23,Potato,24,Nalgonda,FAQ,Venkateswarnagar,2000,2000,2000,Telangana,Local,2022,10,6,2000.0,2000.0,2000.0,0.0,PostMonsoon,0
2022-10-28,Potato,24,Nalgonda,FAQ,Venkateswarnagar,2500,2500,2500,Telangana,Local,2022,10,4,2000.0,2000.0,2071.428571428572,0.25,PostMonsoon,0
2022-11-01,Potato,24,Nalgonda,FAQ,Venkateswarnagar,2500,2500,2500,Telangana,Local,2022,11,1,2500.0,2000.0,2142.8571428571427,0.0,PostMonsoon,0
2022-11-04,Potato,24,Nalgonda,FAQ,Venkateswarnagar,2500,2500,2500,Telangana,Local,2022,11,4,2500.0,2000.0,2214.285714285714,0.0,PostMonsoon,0
2022-11-06,Potato,24,Nalgonda,FAQ,Venkateswarnagar,2500,2500,2500,Telangana,Local,2022,11,6,2500.0,2000.0,2285.714285714286,0.0,PostMonsoon,0
2022-11-08,Potato,24,Nalgonda,FAQ,Venkateswarnagar,2500,2500,2500,Telangana,Local,2022,11,1,2500.0,2000.0,2357.1428571428573,0.0,PostMonsoon,0
2022-11-18,Potato,24,Nalgonda,FAQ,Venkateswarnagar,2500,2500,2500,Telangana,Local,2022,11,4,2500.0,2000.0,2428.5714285714284,0.0,PostMonsoon,0
2022-12-02,Potato,24,Nalgonda,FAQ,Venkateswarnagar,2000,2000,2000,Telangana,Local,2022,12,4,2500.0,2000.0,2428.5714285714284,-0.1999999999999999,Winter,0
2022-12-15,Potato,24,Nalgonda,FAQ,Venkateswarnagar,2000,2000,2000,Telangana,Local,2022,12,3,2000.0,2500.0,2357.1428571428573,0.0,Winter,0
2022-12-20,Potato,24,Nalgonda,FAQ,Venkateswarnagar,2000,2000,2000,Telangana,Local,2022,12,1,2000.0,2500.0,2285.714285714286,0.0,Winter,0
2022-12-31,Potato,24,Nalgonda,FAQ,Venkateswarnagar,2000,2000,2000,Telangana,Local,2022,12,5,2000.0,2500.0,2214.285714285714,0.0,Winter,0
2023-01-04,Potato,24,Nalgonda,FAQ,Venkateswarnagar,2000,2000,2000,Telangana,Local,2023,1,2,2000.0,2500.0,2142.8571428571427,0.0,Winter,0
2023-01-17,Potato,24,Nalgonda,FAQ,Venkateswarnagar,2000,2000,2000,Telangana,Local,2023,1,1,2000.0,2500.0,2071.428571428572,0.0,Winter,0
2023-01-20,Potato,24,Nalgonda,FAQ,Venkateswarnagar,2000,2000,2000,Telangana,Local,2023,1,4,2000.0,2500.0,2000.0,0.0,Winter,0
2023-01-25,Potato,24,Nalgonda,FAQ,Venkateswarnagar,2000,2000,2000,Telangana,Local,2023,1,2,2000.0,2000.0,2000.0,0.0,Winter,0
2023-01-30,Potato,24,Nalgonda,FAQ,Venkateswarnagar,2000,2000,2000,Telangana,Local,2023,1,0,2000.0,2000.0,2000.0,0.0,Winter,0
2023-01-31,Potato,24,Nalgonda,FAQ,Venkateswarnagar,2000,2000,2000,Telangana,Local,2023,1,1,2000.0,2000.0,2000.0,0.0,Winter,0
2023-02-08,Potato,24,Nalgonda,FAQ,Venkateswarnagar,2000,2000,2000,Telangana,Local,2023,2,2,2000.0,2000.0,2000.0,0.0,Winter,0
2023-02-09,Potato,24,Nalgonda,FAQ,Venkateswarnagar,2000,2000,2000,Telangana,Local,2023,2,3,2000.0,2000.0,2000.0,0.0,Winter,0
2023-02-16,Potato,24,Nalgonda,FAQ,Venkateswarnagar,2000,2000,2000,Telangana,Local,2023,2,3,2000.0,2000.0,2000.0,0.0,Winter,0
2023-02-17,Potato,24,Nalgonda,FAQ,Venkateswarnagar,2000,2000,2000,Telangana,Local,2023,2,4,2000.0,2000.0,2000.0,0.0,Winter,0
2023-02-28,Potato,24,Nalgonda,FAQ,Venkateswarnagar,2000,2000,2000,Telangana,Local,2023,2,1,2000.0,2000.0,2000.0,0.0,Winter,0
2023-03-01,Potato,24,Nalgonda,FAQ,Venkateswarnagar,2000,2000,2000,Telangana,Local,2023,3,2,2000.0,2000.0,2000.0,0.0,Summer,0
2023-03-09,Potato,24,Nalgonda,FAQ,Venkateswarnagar,1200,1200,1200,Telangana,Local,2023,3,3,2000.0,2000.0,1885.7142857142856,-0.4,Summer,0
2023-03-10,Potato,24,Nalgonda,FAQ,Venkateswarnagar,2000,2000,2000,Telangana,Local,2023,3,4,1200.0,2000.0,1885.7142857142856,0.6666666666666667,Summer,0
2023-03-12,Potato,24,Nalgonda,FAQ,Venkateswarnagar,2000,2000,2000,Telangana,Local,2023,3,6,2000.0,2000.0,1885.7142857142856,0.0,Summer,0
2023-03-13,Potato,24,Nalgonda,FAQ,Venkateswarnagar,2000,2000,2000,Telangana,Local,2023,3,0,2000.0,2000.0,1885.7142857142856,0.0,Summer,0
2023-03-17,Potato,24,Nalgonda,FAQ,Venkateswarnagar,2000,2000,2000,Telangana,Local,2023,3,4,2000.0,2000.0,1885.7142857142856,0.0,Summer,0
2023-03-20,Potato,24,Nalgonda,FAQ,Venkateswarnagar,2000,2000,2000,Telangana,Local,2023,3,0,2000.0,2000.0,1885.7142857142856,0.0,Summer,0
2023-03-24,Potato,24,Nalgonda,FAQ,Venkateswarnagar,2000,2000,2000,Telangana,Local,2023,3,4,2000.0,2000.0,1885.7142857142856,0.0,Summer,0
2023-04-01,Potato,24,Nalgonda,FAQ,Venkateswarnagar,1800,1800,1800,Telangana,Local,2023,4,5,2000.0,1200.0,1971.4285714285716,-0.0999999999999999,Summer,0
2023-04-03,Potato,24,Nalgonda,FAQ,Venkateswarnagar,1800,1800,1800,Telangana,Local,2023,4,0,1800.0,2000.0,1942.857142857143,0.0,Summer,0
2023-04-05,Potato,24,Nalgonda,FAQ,Venkateswarnagar,1500,1500,1500,Telangana,Local,2023,4,2,1800.0,2000.0,1871.4285714285716,-0.1666666666666666,Summer,0
2023-04-08,Potato,24,Nalgonda,FAQ,Venkateswarnagar,2000,2000,2000,Telangana,Local,2023,4,5,1500.0,2000.0,1871.4285714285716,0.3333333333333332,Summer,0
2023-04-15,Potato,24,Nalgonda,FAQ,Venkateswarnagar,2000,2000,2000,Telangana,Local,2023,4,5,2000.0,2000.0,1871.4285714285716,0.0,Summer,0
2023-04-28,Potato,24,Nalgonda,FAQ,Venkateswarnagar,2000,2000,2000,Telangana,Local,2023,4,4,2000.0,2000.0,1871.4285714285716,0.0,Summer,0
2023-04-30,Potato,24,Nalgonda,FAQ,Venkateswarnagar,1800,1800,1800,Telangana,Local,2023,4,6,2000.0,2000.0,1842.857142857143,-0.0999999999999999,Summer,0
2023-05-03,Potato,24,Nalgonda,FAQ,Venkateswarnagar,2000,2000,2000,Telangana,Local,2023,5,2,1800.0,1800.0,1871.4285714285716,0.1111111111111111,Summer,0
2023-05-08,Potato,24,Nalgonda,FAQ,Venkateswarnagar,800,800,800,Telangana,Local,2023,5,0,2000.0,1800.0,1728.571428571429,-0.6,Summer,1
2023-05-15,Potato,24,Nalgonda,FAQ,Venkateswarnagar,2000,2000,2000,Telangana,Local,2023,5,0,800.0,1500.0,1800.0,1.5,Summer,0
2023-05-20,Potato,24,Nalgonda,FAQ,Venkateswarnagar,2000,2000,2000,Telangana,Local,2023,5,5,2000.0,2000.0,1800.0,0.0,Summer,0
2023-05-22,Potato,24,Nalgonda,FAQ,Venkateswarnagar,2000,2000,2000,Telangana,Local,2023,5,0,2000.0,2000.0,1800.0,0.0,Summer,0
2023-05-30,Potato,24,Nalgonda,FAQ,Venkateswarnagar,2000,2000,2000,Telangana,Local,2023,5,1,2000.0,2000.0,1800.0,0.0,Summer,0
2023-06-04,Potato,24,Nalgonda,FAQ,Venkateswarnagar,1800,1800,1800,Telangana,Local,2023,6,6,2000.0,1800.0,1800.0,-0.0999999999999999,Monsoon,0
2023-06-06,Potato,24,Nalgonda,FAQ,Venkateswarnagar,1800,1800,1800,Telangana,Local,2023,6,1,1800.0,2000.0,1771.428571428571,0.0,Monsoon,0
2023-06-22,Potato,24,Nalgonda,FAQ,Venkateswarnagar,2000,2000,2000,Telangana,Local,2023,6,3,1800.0,800.0,1942.857142857143,0.1111111111111111,Monsoon,0
2023-06-30,Potato,24,Nalgonda,FAQ,Venkateswarnagar,2000,2000,2000,Telangana,Local,2023,6,4,2000.0,2000.0,1942.857142857143,0.0,Monsoon,0
2023-07-13,Potato,24,Nalgonda,FAQ,Venkateswarnagar,2000,2000,2000,Telangana,Local,2023,7,3,2000.0,2000.0,1942.857142857143,0.0,Monsoon,0
2023-07-15,Potato,24,Nalgonda,FAQ,Venkateswarnagar,2000,2000,2000,Telangana,Local,2023,7,5,2000.0,2000.0,1942.857142857143,0.0,Monsoon,0
2023-07-20,Potato,24,Nalgonda,FAQ,Venkateswarnagar,2000,2000,2000,Telangana,Local,2023,7,3,2000.0,2000.0,1942.857142857143,0.0,Monsoon,0
2023-07-24,Potato,24,Nalgonda,FAQ,Venkateswarnagar,3000,3000,3000,Telangana,Local,2023,7,0,2000.0,1800.0,2114.285714285714,0.5,Monsoon,0
2023-07-27,Potato,24,Nalgonda,FAQ,Venkateswarnagar,3000,3000,3000,Telangana,Local,2023,7,3,3000.0,1800.0,2285.714285714286,0.0,Monsoon,0
2023-07-29,Potato,24,Nalgonda,FAQ,Venkateswarnagar,3000,3000,3000,Telangana,Local,2023,7,5,3000.0,2000.0,2428.5714285714284,0.0,Monsoon,0
2023-08-07,Potato,24,Nalgonda,FAQ,Venkateswarnagar,3000,3000,3000,Telangana,Local,2023,8,0,3000.0,2000.0,2571.428571428572,0.0,Monsoon,0
2023-08-09,Potato,24,Nalgonda,FAQ,Venkateswarnagar,3000,3000,3000,Telangana,Local,2023,8,2,3000.0,2000.0,2714.285714285714,0.0,Monsoon,0
2023-08-12,Potato,24,Nalgonda,FAQ,Venkateswarnagar,2500,2500,2500,Telangana,Local,2023,8,5,3000.0,2000.0,2785.714285714286,-0.1666666666666666,Monsoon,0
2023-08-21,Potato,24,Nalgonda,FAQ,Venkateswarnagar,1000,1000,1000,Telangana,Local,2023,8,0,2500.0,2000.0,2642.8571428571427,-0.6,Monsoon,0
2023-08-23,Potato,24,Nalgonda,FAQ,Venkateswarnagar,1500,1500,1500,Telangana,Local,2023,8,2,1000.0,3000.0,2428.5714285714284,0.5,Monsoon,0
2023-08-27,Potato,24,Nalgonda,FAQ,Venkateswarnagar,2500,2500,2500,Telangana,Local,2023,8,6,1500.0,3000.0,2357.1428571428573,0.6666666666666667,Monsoon,0
2023-08-31,Potato,24,Nalgonda,FAQ,Venkateswarnagar,2000,2000,2000,Telangana,Local,2023,8,3,2500.0,3000.0,2214.285714285714,-0.1999999999999999,Monsoon,0
2023-09-02,Potato,24,Nalgonda,FAQ,Venkateswarnagar,2000,2000,2000,Telangana,Local,2023,9,5,2000.0,3000.0,2071.428571428572,0.0,Monsoon,0
2023-09-15,Potato,24,Nalgonda,FAQ,Venkateswarnagar,2000,2000,2000,Telangana,Local,2023,9,4,2000.0,3000.0,1928.571428571429,0.0,Monsoon,0
2023-09-26,Potato,24,Nalgonda,FAQ,Venkateswarnagar,2000,2000,2000,Telangana,Local,2023,9,1,2000.0,2500.0,1857.142857142857,0.0,Monsoon,0
2023-09-27,Potato,24,Nalgonda,FAQ,Venkateswarnagar,2000,2000,2000,Telangana,Local,2023,9,2,2000.0,1000.0,2000.0,0.0,Monsoon,0
2023-10-03,Potato,24,Nalgonda,FAQ,Venkateswarnagar,2000,2000,2000,Telangana,Local,2023,10,1,2000.0,1500.0,2071.428571428572,0.0,PostMonsoon,0
2023-10-05,Potato,24,Nalgonda,FAQ,Venkateswarnagar,2000,2000,2000,Telangana,Local,2023,10,3,2000.0,2500.0,2000.0,0.0,PostMonsoon,0
2023-10-07,Potato,24,Nalgonda,FAQ,Venkateswarnagar,2000,2000,2000,Telangana,Local,2023,10,5,2000.0,2000.0,2000.0,0.0,PostMonsoon,0
2023-10-11,Potato,24,Nalgonda,FAQ,Venkateswarnagar,2000,2000,2000,Telangana,Local,2023,10,2,2000.0,2000.0,2000.0,0.0,PostMonsoon,0
2023-10-12,Potato,24,Nalgonda,FAQ,Venkateswarnagar,2000,2000,2000,Telangana,Local,2023,10,3,2000.0,2000.0,2000.0,0.0,PostMonsoon,0
2023-10-15,Potato,24,Nalgonda,FAQ,Venkateswarnagar,2000,2000,2000,Telangana,Local,2023,10,6,2000.0,2000.0,2000.0,0.0,PostMonsoon,0
2023-10-17,Potato,24,Nalgonda,FAQ,Venkateswarnagar,2000,2000,2000,Telangana,Local,2023,10,1,2000.0,2000.0,2000.0,0.0,PostMonsoon,0
2023-10-18,Potato,24,Nalgonda,FAQ,Venkateswarnagar,2000,2000,2000,Telangana,Local,2023,10,2,2000.0,2000.0,2000.0,0.0,PostMonsoon,0
2023-10-27,Potato,24,Nalgonda,FAQ,Venkateswarnagar,2000,2000,2000,Telangana,Local,2023,10,4,2000.0,2000.0,2000.0,0.0,PostMonsoon,0
2023-10-30,Potato,24,Nalgonda,FAQ,Venkateswarnagar,2000,2000,2000,Telangana,Local,2023,10,0,2000.0,2000.0,2000.0,0.0,PostMonsoon,0
2023-10-31,Potato,24,Nalgonda,FAQ,Venkateswarnagar,2000,2000,2000,Telangana,Local,2023,10,1,2000.0,2000.0,2000.0,0.0,PostMonsoon,0
2023-11-08,Potato,24,Nalgonda,FAQ,Venkateswarnagar,2000,2000,2000,Telangana,Local,2023,11,2,2000.0,2000.0,2000.0,0.0,PostMonsoon,0
2023-11-12,Potato,24,Nalgonda,FAQ,Venkateswarnagar,2000,2000,2000,Telangana,Local,2023,11,6,2000.0,2000.0,2000.0,0.0,PostMonsoon,0
2023-11-18,Potato,24,Nalgonda,FAQ,Venkateswarnagar,2000,2000,2000,Telangana,Local,2023,11,5,2000.0,2000.0,2000.0,0.0,PostMonsoon,0
2023-12-13,Potato,24,Nalgonda,FAQ,Venkateswarnagar,2000,2000,2000,Telangana,Local,2023,12,2,2000.0,2000.0,2000.0,0.0,Winter,0
2023-12-14,Potato,24,Nalgonda,FAQ,Venkateswarnagar,2000,2000,2000,Telangana,Local,2023,12,3,2000.0,2000.0,2000.0,0.0,Winter,0
2023-12-23,Potato,24,Nalgonda,FAQ,Venkateswarnagar,2000,2000,2000,Telangana,Local,2023,12,5,2000.0,2000.0,2000.0,0.0,Winter,0
2023-12-28,Potato,24,Nalgonda,FAQ,Venkateswarnagar,2500,2500,2500,Telangana,Local,2023,12,3,2000.0,2000.0,2071.428571428572,0.25,Winter,0
2024-10-14,Potato,24,Warangal,FAQ,Warangal,3000,2600,2800,Telangana,Potato,2024,10,0,3100.0,,2950.0,-0.0967741935483871,PostMonsoon,0
2024-12-02,Potato,24,Warangal,FAQ,Warangal,3500,3000,3250,Telangana,Potato,2024,12,0,2800.0,,3050.0,0.1607142857142858,Winter,0
2024-12-06,Potato,24,Warangal,FAQ,Warangal,3500,3000,3250,Telangana,Potato,2024,12,4,3250.0,,3100.0,0.0,Winter,0
2024-12-07,Potato,24,Warangal,FAQ,Warangal,3400,3000,3200,Telangana,Potato,2024,12,5,3250.0,,3120.0,-0.0153846153846153,Winter,0
2024-12-08,Potato,24,Warangal,FAQ,Warangal,3500,3000,3250,Telangana,Potato,2024,12,6,3200.0,,3141.6666666666665,0.015625,Winter,0
2024-12-09,Potato,24,Warangal,FAQ,Warangal,3500,3000,3250,Telangana,Potato,2024,12,0,3250.0,,3157.1428571428573,0.0,Winter,0
2024-12-19,Potato,24,Warangal,FAQ,Warangal,3600,3200,3400,Telangana,Potato,2024,12,3,3250.0,3100.0,3200.0,0.0461538461538462,Winter,0
2024-12-23,Potato,24,Warangal,FAQ,Warangal,3400,3000,3200,Telangana,Potato,2024,12,0,3400.0,2800.0,3257.1428571428573,-0.0588235294117647,Winter,0
2024-12-26,Potato,24,Warangal,FAQ,Warangal,3500,3000,3250,Telangana,Potato,2024,12,3,3200.0,3250.0,3257.1428571428573,0.015625,Winter,0
2024-12-27,Potato,24,Warangal,FAQ,Warangal,3500,3000,3250,Telangana,Potato,2024,12,4,3250.0,3250.0,3257.1428571428573,0.0,Winter,0
2024-12-30,Potato,24,Warangal,FAQ,Warangal,2800,2500,2650,Telangana,Potato,2024,12,0,3250.0,3200.0,3178.5714285714284,-0.1846153846153846,Winter,0
2026-04-17,Rice,3,Bengaluru,Medium,Bengaluru APMC,5500,5300,5400,Karnataka,Medium,2026,4,4,5650.0,,5525.0,-0.0442477876106194,Summer,0
2026-04-17,Rice,3,Bengaluru,Medium,Bengaluru APMC,4000,3700,3850,Karnataka,Dappa,2026,4,4,5400.0,,4966.666666666667,-0.2870370370370371,Summer,0
2026-04-18,Rice,3,Bengaluru,Medium,Bengaluru APMC,5800,5500,5650,Karnataka,Fine,2026,4,5,3850.0,,5137.5,0.4675324675324674,Summer,0
2026-04-18,Rice,3,Bengaluru,Medium,Bengaluru APMC,4000,3700,3850,Karnataka,Dappa,2026,4,5,5650.0,,4880.0,-0.3185840707964602,Summer,0
2026-04-20,Rice,3,Bengaluru,Medium,Bengaluru APMC,5800,5500,5650,Karnataka,Fine,2026,4,0,3850.0,,5008.333333333333,0.4675324675324674,Summer,0
2026-04-20,Rice,3,Bengaluru,Medium,Bengaluru APMC,5500,5300,5400,Karnataka,Medium,2026,4,0,5650.0,,5064.285714285715,-0.0442477876106194,Summer,0
2026-04-20,Rice,3,Bengaluru,Medium,Bengaluru APMC,4000,3700,3850,Karnataka,Dappa,2026,4,0,5400.0,5650.0,4807.142857142857,-0.2870370370370371,Summer,0
2026-04-21,Rice,3,Bengaluru,Medium,Bengaluru APMC,5800,5500,5650,Karnataka,Fine,2026,4,1,3850.0,5400.0,4842.857142857143,0.4675324675324674,Summer,0
2026-04-21,Rice,3,Bengaluru,Medium,Bengaluru APMC,4000,3700,3850,Karnataka,Dappa,2026,4,1,5650.0,3850.0,4842.857142857143,-0.3185840707964602,Summer,0
2026-04-21,Rice,3,Bengaluru,Medium,Bengaluru APMC,5500,5300,5400,Karnataka,Medium,2026,4,1,3850.0,5650.0,4807.142857142857,0.4025974025974026,Summer,0
2026-04-22,Rice,3,Bengaluru,Medium,Bengaluru APMC,4000,3700,3850,Karnataka,Dappa,2026,4,2,5400.0,3850.0,4807.142857142857,-0.2870370370370371,Summer,0
2026-04-22,Rice,3,Bengaluru,Medium,Bengaluru APMC,5800,5500,5650,Karnataka,Fine,2026,4,2,3850.0,5650.0,4807.142857142857,0.4675324675324674,Summer,0
2026-04-23,Rice,3,Bengaluru,Medium,Bengaluru APMC,5800,5500,5650,Karnataka,Fine,2026,4,3,5650.0,5400.0,4842.857142857143,0.0,Summer,0
2026-04-23,Rice,3,Bengaluru,Medium,Bengaluru APMC,5500,5300,5400,Karnataka,Medium,2026,4,3,5650.0,3850.0,5064.285714285715,-0.0442477876106194,Summer,0
2026-04-23,Rice,3,Bengaluru,Medium,Bengaluru APMC,4000,3700,3850,Karnataka,Dappa,2026,4,3,5400.0,5650.0,4807.142857142857,-0.2870370370370371,Summer,0
2026-04-24,Rice,3,Bengaluru,Medium,Bengaluru APMC,5800,5500,5650,Karnataka,Fine,2026,4,4,3850.0,3850.0,5064.285714285715,0.4675324675324674,Summer,0
2026-04-24,Rice,3,Bengaluru,Medium,Bengaluru APMC,5500,5300,5400,Karnataka,Medium,2026,4,4,5650.0,5400.0,5064.285714285715,-0.0442477876106194,Summer,0
2026-04-24,Rice,3,Bengaluru,Medium,Bengaluru APMC,4000,3700,3850,Karnataka,Dappa,2026,4,4,5400.0,3850.0,5064.285714285715,-0.2870370370370371,Summer,0
2026-04-25,Rice,3,Bengaluru,Medium,Bengaluru APMC,5800,5500,5650,Karnataka,Fine,2026,4,5,3850.0,5650.0,5064.285714285715,0.4675324675324674,Summer,0
2026-04-25,Rice,3,Bengaluru,Medium,Bengaluru APMC,5500,5300,5400,Karnataka,Medium,2026,4,5,5650.0,5650.0,5028.571428571428,-0.0442477876106194,Summer,0
2026-04-25,Rice,3,Bengaluru,Medium,Bengaluru APMC,4000,3700,3850,Karnataka,Dappa,2026,4,5,5400.0,5400.0,4807.142857142857,-0.2870370370370371,Summer,0
2026-04-27,Rice,3,Bengaluru,Medium,Bengaluru APMC,4000,3700,3850,Karnataka,Dappa,2026,4,0,3850.0,3850.0,4807.142857142857,0.0,Summer,0
2026-04-27,Rice,3,Bengaluru,Medium,Bengaluru APMC,5800,5500,5650,Karnataka,Fine,2026,4,0,3850.0,5650.0,4807.142857142857,0.4675324675324674,Summer,0
2026-04-27,Rice,3,Bengaluru,Medium,Bengaluru APMC,5500,5300,5400,Karnataka,Medium,2026,4,0,5650.0,5400.0,4807.142857142857,-0.0442477876106194,Summer,0
2026-04-28,Rice,3,Bengaluru,Medium,Bengaluru APMC,5500,5300,5400,Karnataka,Medium,2026,4,1,5400.0,3850.0,5028.571428571428,0.0,Summer,0
2026-04-28,Rice,3,Bengaluru,Medium,Bengaluru APMC,4000,3700,3850,Karnataka,Dappa,2026,4,1,5400.0,5650.0,4771.428571428572,-0.2870370370370371,Summer,0
2026-04-28,Rice,3,Bengaluru,Medium,Bengaluru APMC,5800,5500,5650,Karnataka,Fine,2026,4,1,3850.0,5400.0,4807.142857142857,0.4675324675324674,Summer,0
2026-04-29,Rice,3,Bengaluru,Medium,Bengaluru APMC,7700,5500,6600,Karnataka,Fine,2026,4,2,5650.0,3850.0,5200.0,0.168141592920354,Summer,0
2026-04-30,Rice,3,Bengaluru,Medium,Bengaluru APMC,6000,5300,5650,Karnataka,Medium,2026,4,3,6600.0,3850.0,5457.142857142857,-0.1439393939393939,Summer,0
2026-05-02,Rice,3,Bengaluru,Medium,Bengaluru APMC,6000,5300,5650,Karnataka,Medium,2026,5,5,5650.0,5650.0,5457.142857142857,0.0,Summer,0
2026-05-02,Rice,3,Bengaluru,Medium,Bengaluru APMC,4200,3800,4000,Karnataka,Dappa,2026,5,5,5650.0,5400.0,5257.142857142857,-0.2920353982300885,Summer,0
2026-05-05,Rice,3,Bengaluru,Medium,Bengaluru APMC,4200,3800,4000,Karnataka,Dappa,2026,5,1,4000.0,5400.0,5057.142857142857,0.0,Summer,0
2026-05-05,Rice,3,Bengaluru,Medium,Bengaluru APMC,7700,5500,6600,Karnataka,Fine,2026,5,1,4000.0,3850.0,5450.0,0.6499999999999999,Summer,0
2026-05-05,Rice,3,Bengaluru,Medium,Bengaluru APMC,6000,5300,5650,Karnataka,Medium,2026,5,1,6600.0,5650.0,5450.0,-0.1439393939393939,Summer,0
2026-05-06,Rice,3,Bengaluru,Medium,Bengaluru APMC,7700,5500,6600,Karnataka,Fine,2026,5,2,5650.0,6600.0,5450.0,0.168141592920354,Summer,0
2026-05-06,Rice,3,Bengaluru,Medium,Bengaluru APMC,4200,3800,4000,Karnataka,Dappa,2026,5,2,6600.0,5650.0,5214.285714285715,-0.3939393939393939,Summer,0
2026-05-07,Rice,3,Bengaluru,Medium,Bengaluru APMC,6000,5300,5650,Karnataka,Medium,2026,5,3,4000.0,5650.0,5214.285714285715,0.4125000000000001,Summer,0
2026-05-07,Rice,3,Bengaluru,Medium,Bengaluru APMC,7700,5500,6600,Karnataka,Fine,2026,5,3,5650.0,4000.0,5585.714285714285,0.168141592920354,Summer,0
2026-05-08,Rice,3,Bengaluru,Medium,Bengaluru APMC,4200,3800,4000,Karnataka,Dappa,2026,5,4,6600.0,4000.0,5585.714285714285,-0.3939393939393939,Summer,0
2026-05-08,Rice,3,Bengaluru,Medium,Bengaluru APMC,6000,5300,5650,Karnataka,Medium,2026,5,4,4000.0,6600.0,5450.0,0.4125000000000001,Summer,0
2026-05-09,Rice,3,Bengaluru,Medium,Bengaluru APMC,7700,5500,6600,Karnataka,Fine,2026,5,5,5650.0,5650.0,5585.714285714285,0.168141592920354,Summer,0
2026-05-11,Rice,3,Bengaluru,Medium,Bengaluru APMC,4200,3800,4000,Karnataka,Dappa,2026,5,0,6600.0,6600.0,5214.285714285715,-0.3939393939393939,Summer,0
2026-05-11,Rice,3,Bengaluru,Medium,Bengaluru APMC,6000,5300,5650,Karnataka,Medium,2026,5,0,4000.0,4000.0,5450.0,0.4125000000000001,Summer,0
2026-05-12,Rice,3,Bengaluru,Medium,Bengaluru APMC,6600,6000,6300,Karnataka,Fine,2026,5,1,5650.0,5650.0,5542.857142857143,0.1150442477876105,Summer,0
2026-05-12,Rice,3,Bengaluru,Medium,Bengaluru APMC,4300,3800,4050,Karnataka,Dappa,2026,5,1,6300.0,6600.0,5178.571428571428,-0.3571428571428571,Summer,0
2026-05-12,Rice,3,Bengaluru,Medium,Bengaluru APMC,6000,5300,5650,Karnataka,Medium,2026,5,1,4050.0,4000.0,5414.285714285715,0.3950617283950617,Summer,0
2026-05-13,Rice,3,Bengaluru,Medium,Bengaluru APMC,4300,3800,4050,Karnataka,Dappa,2026,5,2,5650.0,5650.0,5185.714285714285,-0.2831858407079646,Summer,0
2026-05-13,Rice,3,Bengaluru,Medium,Bengaluru APMC,6600,6000,6300,Karnataka,Fine,2026,5,2,4050.0,6600.0,5142.857142857143,0.5555555555555556,Summer,0
2026-05-14,Rice,3,Bengaluru,Medium,Bengaluru APMC,6000,5300,5650,Karnataka,Medium,2026,5,3,6300.0,4000.0,5378.571428571428,-0.1031746031746031,Summer,0
2026-05-14,Rice,3,Bengaluru,Medium,Bengaluru APMC,6600,6000,6300,Karnataka,Fine,2026,5,3,5650.0,5650.0,5471.428571428572,0.1150442477876105,Summer,0
2026-05-15,Rice,3,Bengaluru,Medium,Bengaluru APMC,4300,3800,4050,Karnataka,Dappa,2026,5,4,6300.0,6300.0,5150.0,-0.3571428571428571,Summer,0
2026-05-15,Rice,3,Bengaluru,Medium,Bengaluru APMC,6000,5300,5650,Karnataka,Medium,2026,5,4,4050.0,4050.0,5378.571428571428,0.3950617283950617,Summer,0
2026-05-15,Rice,3,Bengaluru,Medium,Bengaluru APMC,6600,6000,6300,Karnataka,Fine,2026,5,4,5650.0,5650.0,5471.428571428572,0.1150442477876105,Summer,0
2026-05-16,Rice,3,Bengaluru,Medium,Bengaluru APMC,6000,5300,5650,Karnataka,Medium,2026,5,5,6300.0,4050.0,5700.0,-0.1031746031746031,Summer,0
2026-05-18,Rice,3,Bengaluru,Medium,Bengaluru APMC,4300,3800,4050,Karnataka,Dappa,2026,5,0,5650.0,6300.0,5378.571428571428,-0.2831858407079646,Summer,0
2026-05-18,Rice,3,Bengaluru,Medium,Bengaluru APMC,6000,5300,5650,Karnataka,Medium,2026,5,0,4050.0,5650.0,5378.571428571428,0.3950617283950617,Summer,0
2026-05-19,Rice,3,Bengaluru,Medium,Bengaluru APMC,6000,5300,5650,Karnataka,Medium,2026,5,1,5650.0,6300.0,5285.714285714285,0.0,Summer,0
2026-05-19,Rice,3,Bengaluru,Medium,Bengaluru APMC,4300,3800,4050,Karnataka,Dappa,2026,5,1,5650.0,4050.0,5285.714285714285,-0.2831858407079646,Summer,0
2026-05-19,Rice,3,Bengaluru,Medium,Bengaluru APMC,6600,6000,6300,Karnataka,Fine,2026,5,1,4050.0,5650.0,5378.571428571428,0.5555555555555556,Summer,0
2026-05-20,Rice,3,Bengaluru,Medium,Bengaluru APMC,6000,5300,5650,Karnataka,Medium,2026,5,2,6300.0,6300.0,5285.714285714285,-0.1031746031746031,Summer,0
2026-05-20,Rice,3,Bengaluru,Medium,Bengaluru APMC,4300,3800,4050,Karnataka,Dappa,2026,5,2,5650.0,5650.0,5057.142857142857,-0.2831858407079646,Summer,0
2026-05-21,Rice,3,Bengaluru,Medium,Bengaluru APMC,4300,3800,4050,Karnataka,Dappa,2026,5,3,4050.0,4050.0,5057.142857142857,0.0,Summer,0
2026-05-23,Rice,3,Bengaluru,Medium,Bengaluru APMC,4300,3800,4050,Karnataka,Dappa,2026,5,5,4050.0,5650.0,4828.571428571428,0.0,Summer,0
2026-05-23,Rice,3,Bengaluru,Medium,Bengaluru APMC,6600,6000,6300,Karnataka,Fine,2026,5,5,4050.0,5650.0,4921.428571428572,0.5555555555555556,Summer,0
2026-05-23,Rice,3,Bengaluru,Medium,Bengaluru APMC,6000,5300,5650,Karnataka,Medium,2026,5,5,6300.0,4050.0,5150.0,-0.1031746031746031,Summer,0
2026-05-25,Rice,3,Bengaluru,Medium,Bengaluru APMC,6600,6000,6300,Karnataka,Fine,2026,5,0,5650.0,6300.0,5150.0,0.1150442477876105,Summer,0
2026-05-25,Rice,3,Bengaluru,Medium,Bengaluru APMC,4300,3800,4050,Karnataka,Dappa,2026,5,0,6300.0,5650.0,4921.428571428572,-0.3571428571428571,Summer,0
2026-05-25,Rice,3,Bengaluru,Medium,Bengaluru APMC,6000,5300,5650,Karnataka,Medium,2026,5,0,4050.0,4050.0,5150.0,0.3950617283950617,Summer,0
2026-05-26,Rice,3,Bengaluru,Medium,Bengaluru APMC,4300,3800,4050,Karnataka,Dappa,2026,5,1,5650.0,4050.0,5150.0,-0.2831858407079646,Summer,0
2026-05-26,Rice,3,Bengaluru,Medium,Bengaluru APMC,6000,5300,5650,Karnataka,Medium,2026,5,1,4050.0,4050.0,5378.571428571428,0.3950617283950617,Summer,0
2026-05-26,Rice,3,Bengaluru,Medium,Bengaluru APMC,6600,6000,6300,Karnataka,Fine,2026,5,1,5650.0,6300.0,5378.571428571428,0.1150442477876105,Summer,0
2026-05-27,Rice,3,Bengaluru,Medium,Bengaluru APMC,4300,3800,4050,Karnataka,Dappa,2026,5,2,6300.0,5650.0,5150.0,-0.3571428571428571,Summer,0
2026-05-27,Rice,3,Bengaluru,Medium,Bengaluru APMC,6000,5300,5650,Karnataka,Medium,2026,5,2,4050.0,6300.0,5057.142857142857,0.3950617283950617,Summer,0
2026-05-27,Rice,3,Bengaluru,Medium,Bengaluru APMC,6600,6000,6300,Karnataka,Fine,2026,5,2,5650.0,4050.0,5378.571428571428,0.1150442477876105,Summer,0
2026-05-28,Rice,3,Bengaluru,Medium,Bengaluru APMC,6000,5300,5650,Karnataka,Medium,2026,5,3,6300.0,5650.0,5378.571428571428,-0.1031746031746031,Summer,0
2026-05-29,Rice,3,Bengaluru,Medium,Bengaluru APMC,4300,3800,4050,Karnataka,Dappa,2026,5,4,5650.0,4050.0,5378.571428571428,-0.2831858407079646,Summer,0
2026-05-30,Rice,3,Bengaluru,Medium,Bengaluru APMC,6600,6000,6300,Karnataka,Fine,2026,5,5,4050.0,5650.0,5471.428571428572,0.5555555555555556,Summer,0
2026-06-01,Rice,3,Bengaluru,Medium,Bengaluru APMC,6000,5300,5650,Karnataka,Medium,2026,6,0,6300.0,6300.0,5378.571428571428,-0.1031746031746031,Monsoon,0
2026-06-02,Rice,3,Bengaluru,Medium,Bengaluru APMC,6000,5300,5650,Karnataka,Medium,2026,6,1,5650.0,4050.0,5607.142857142857,0.0,Monsoon,0
2026-06-03,Rice,3,Bengaluru,Medium,Bengaluru APMC,4300,3800,4050,Karnataka,Dappa,2026,6,2,5650.0,5650.0,5378.571428571428,-0.2831858407079646,Monsoon,0
2026-06-03,Rice,3,Bengaluru,Medium,Bengaluru APMC,6600,6000,6300,Karnataka,Fine,2026,6,2,4050.0,6300.0,5378.571428571428,0.5555555555555556,Monsoon,0
2026-06-04,Rice,3,Bengaluru,Medium,Bengaluru APMC,4300,3800,4050,Karnataka,Dappa,2026,6,3,6300.0,5650.0,5150.0,-0.3571428571428571,Monsoon,0
2026-06-04,Rice,3,Bengaluru,Medium,Bengaluru APMC,6600,6000,6300,Karnataka,Fine,2026,6,3,4050.0,4050.0,5471.428571428572,0.5555555555555556,Monsoon,0
2026-06-04,Rice,3,Bengaluru,Medium,Bengaluru APMC,6000,5300,5650,Karnataka,Medium,2026,6,3,6300.0,6300.0,5378.571428571428,-0.1031746031746031,Monsoon,0
2026-06-05,Rice,3,Bengaluru,Medium,Bengaluru APMC,6000,5300,5650,Karnataka,Medium,2026,6,4,5650.0,5650.0,5378.571428571428,0.0,Monsoon,0
2026-06-05,Rice,3,Bengaluru,Medium,Bengaluru APMC,4300,3800,4050,Karnataka,Dappa,2026,6,4,5650.0,5650.0,5150.0,-0.2831858407079646,Monsoon,0
2026-06-05,Rice,3,Bengaluru,Medium,Bengaluru APMC,6600,6000,6300,Karnataka,Fine,2026,6,4,4050.0,4050.0,5471.428571428572,0.5555555555555556,Monsoon,0
2026-06-06,Rice,3,Bengaluru,Medium,Bengaluru APMC,4300,3800,4050,Karnataka,Dappa,2026,6,5,6300.0,6300.0,5150.0,-0.3571428571428571,Monsoon,0
2026-06-06,Rice,3,Bengaluru,Medium,Bengaluru APMC,6600,6000,6300,Karnataka,Fine,2026,6,5,4050.0,4050.0,5471.428571428572,0.5555555555555556,Monsoon,0
2026-06-06,Rice,3,Bengaluru,Medium,Bengaluru APMC,6000,5300,5650,Karnataka,Medium,2026,6,5,6300.0,6300.0,5378.571428571428,-0.1031746031746031,Monsoon,0
2026-06-09,Rice,3,Bengaluru,Medium,Bengaluru APMC,3300,3100,3200,Karnataka,Dappa,2026,6,1,5650.0,5650.0,5028.571428571428,-0.4336283185840708,Monsoon,0
2026-06-09,Rice,3,Bengaluru,Medium,Bengaluru APMC,5000,4800,4900,Karnataka,Medium,2026,6,1,3200.0,5650.0,4921.428571428572,0.53125,Monsoon,0
2026-06-09,Rice,3,Bengaluru,Medium,Bengaluru APMC,6000,5200,5600,Karnataka,Fine,2026,6,1,4900.0,4050.0,5142.857142857143,0.1428571428571428,Monsoon,0
2026-06-10,Rice,3,Bengaluru,Medium,Bengaluru APMC,6000,5200,5600,Karnataka,Fine,2026,6,2,5600.0,6300.0,5042.857142857143,0.0,Monsoon,0
2026-06-10,Rice,3,Bengaluru,Medium,Bengaluru APMC,3300,3100,3200,Karnataka,Dappa,2026,6,2,5600.0,4050.0,4921.428571428572,-0.4285714285714286,Monsoon,0
2026-06-11,Rice,3,Bengaluru,Medium,Bengaluru APMC,3300,3100,3200,Karnataka,Dappa,2026,6,3,3200.0,6300.0,4478.571428571428,0.0,Monsoon,0
2026-06-11,Rice,3,Bengaluru,Medium,Bengaluru APMC,5000,4800,4900,Karnataka,Medium,2026,6,3,3200.0,5650.0,4371.428571428572,0.53125,Monsoon,0
2026-06-12,Rice,3,Bengaluru,Medium,Bengaluru APMC,3300,3100,3200,Karnataka,Dappa,2026,6,4,4900.0,3200.0,4371.428571428572,-0.3469387755102041,Monsoon,0
2026-06-12,Rice,3,Bengaluru,Medium,Bengaluru APMC,5000,4800,4900,Karnataka,Medium,2026,6,4,3200.0,4900.0,4371.428571428572,0.53125,Monsoon,0
2026-06-12,Rice,3,Bengaluru,Medium,Bengaluru APMC,6000,5200,5600,Karnataka,Fine,2026,6,4,4900.0,5600.0,4371.428571428572,0.1428571428571428,Monsoon,0
2026-06-13,Rice,3,Bengaluru,Medium,Bengaluru APMC,5000,4800,4900,Karnataka,Medium,2026,6,5,5600.0,5600.0,4271.428571428572,-0.125,Monsoon,0
2026-06-15,Rice,3,Bengaluru,Medium,Bengaluru APMC,3300,3100,3200,Karnataka,Dappa,2026,6,0,4900.0,3200.0,4271.428571428572,-0.3469387755102041,Monsoon,0
2026-06-15,Rice,3,Bengaluru,Medium,Bengaluru APMC,6000,5200,5600,Karnataka,Fine,2026,6,0,3200.0,3200.0,4614.285714285715,0.75,Monsoon,0
2026-06-15,Rice,3,Bengaluru,Medium,Bengaluru APMC,5000,4800,4900,Karnataka,Medium,2026,6,0,5600.0,4900.0,4614.285714285715,-0.125,Monsoon,0
2026-06-16,Rice,3,Bengaluru,Medium,Bengaluru APMC,6000,5200,5600,Karnataka,Fine,2026,6,1,4900.0,3200.0,4957.142857142857,0.1428571428571428,Monsoon,0
2026-06-16,Rice,3,Bengaluru,Medium,Bengaluru APMC,5000,4800,4900,Karnataka,Medium,2026,6,1,5600.0,4900.0,4957.142857142857,-0.125,Monsoon,0
2026-06-17,Rice,3,Bengaluru,Medium,Bengaluru APMC,3300,3100,3200,Karnataka,Dappa,2026,6,2,4900.0,5600.0,4614.285714285715,-0.3469387755102041,Monsoon,0
2026-06-17,Rice,3,Bengaluru,Medium,Bengaluru APMC,5000,4800,4900,Karnataka,Medium,2026,6,2,3200.0,4900.0,4614.285714285715,0.53125,Monsoon,0
2026-06-18,Rice,3,Bengaluru,Medium,Bengaluru APMC,3300,3100,3200,Karnataka,Dappa,2026,6,3,4900.0,3200.0,4614.285714285715,-0.3469387755102041,Monsoon,0
2026-06-18,Rice,3,Bengaluru,Medium,Bengaluru APMC,6000,5200,5600,Karnataka,Fine,2026,6,3,3200.0,5600.0,4614.285714285715,0.75,Monsoon,0
2026-06-19,Rice,3,Bengaluru,Medium,Bengaluru APMC,5000,4800,4900,Karnataka,Medium,2026,6,4,5600.0,4900.0,4614.285714285715,-0.125,Monsoon,0
2026-06-19,Rice,3,Bengaluru,Medium,Bengaluru APMC,3300,3100,3200,Karnataka,Dappa,2026,6,4,4900.0,5600.0,4271.428571428572,-0.3469387755102041,Monsoon,0
2026-06-19,Rice,3,Bengaluru,Medium,Bengaluru APMC,6000,5200,5600,Karnataka,Fine,2026,6,4,3200.0,4900.0,4371.428571428572,0.75,Monsoon,0
2026-06-20,Rice,3,Bengaluru,Medium,Bengaluru APMC,3300,3100,3200,Karnataka,Dappa,2026,6,5,5600.0,3200.0,4371.428571428572,-0.4285714285714286,Monsoon,0
2026-06-22,Rice,3,Bengaluru,Medium,Bengaluru APMC,6000,5200,5600,Karnataka,Fine,2026,6,0,3200.0,4900.0,4471.428571428572,0.75,Monsoon,0
2026-06-22,Rice,3,Bengaluru,Medium,Bengaluru APMC,3300,3100,3200,Karnataka,Dappa,2026,6,0,5600.0,3200.0,4471.428571428572,-0.4285714285714286,Monsoon,0
2026-06-23,Rice,3,Bengaluru,Medium,Bengaluru APMC,3300,3100,3200,Karnataka,Dappa,2026,6,1,3200.0,5600.0,4128.571428571428,0.0,Monsoon,0
2026-06-23,Rice,3,Bengaluru,Medium,Bengaluru APMC,5000,4800,4900,Karnataka,Medium,2026,6,1,3200.0,4900.0,4128.571428571428,0.53125,Monsoon,0
2026-06-23,Rice,3,Bengaluru,Medium,Bengaluru APMC,6000,5200,5600,Karnataka,Fine,2026,6,1,4900.0,3200.0,4471.428571428572,0.1428571428571428,Monsoon,0
2026-06-24,Rice,3,Bengaluru,Medium,Bengaluru APMC,3300,3100,3200,Karnataka,Dappa,2026,6,2,5600.0,5600.0,4128.571428571428,-0.4285714285714286,Monsoon,0
2026-06-24,Rice,3,Bengaluru,Medium,Bengaluru APMC,6000,5200,5600,Karnataka,Fine,2026,6,2,3200.0,3200.0,4471.428571428572,0.75,Monsoon,0
2026-06-27,Rice,3,Bengaluru,Medium,Bengaluru APMC,5000,4800,4900,Karnataka,Medium,2026,6,5,5600.0,5600.0,4371.428571428572,-0.125,Monsoon,0
2026-06-29,Rice,3,Bengaluru,Medium,Bengaluru APMC,6000,5200,5600,Karnataka,Fine,2026,6,0,4900.0,3200.0,4714.285714285715,0.1428571428571428,Monsoon,0
2026-06-29,Rice,3,Bengaluru,Medium,Bengaluru APMC,3300,3100,3200,Karnataka,Dappa,2026,6,0,5600.0,3200.0,4714.285714285715,-0.4285714285714286,Monsoon,0
2026-06-29,Rice,3,Bengaluru,Medium,Bengaluru APMC,5000,4800,4900,Karnataka,Medium,2026,6,0,3200.0,4900.0,4714.285714285715,0.53125,Monsoon,0
2026-06-30,Rice,3,Bengaluru,Medium,Bengaluru APMC,3300,3100,3200,Karnataka,Dappa,2026,6,1,4900.0,5600.0,4371.428571428572,-0.3469387755102041,Monsoon,0
2026-06-30,Rice,3,Bengaluru,Medium,Bengaluru APMC,5000,4800,4900,Karnataka,Medium,2026,6,1,3200.0,3200.0,4614.285714285715,0.53125,Monsoon,0
2026-07-01,Rice,3,Bengaluru,Medium,Bengaluru APMC,6000,5200,5600,Karnataka,Fine,2026,7,2,4900.0,5600.0,4614.285714285715,0.1428571428571428,Monsoon,0
2026-07-01,Rice,3,Bengaluru,Medium,Bengaluru APMC,5000,4800,4900,Karnataka,Medium,2026,7,2,5600.0,4900.0,4614.285714285715,-0.125,Monsoon,0
2026-07-02,Rice,3,Bengaluru,Medium,Bengaluru APMC,3300,3100,3200,Karnataka,Dappa,2026,7,3,4900.0,5600.0,4271.428571428572,-0.3469387755102041,Monsoon,0
2026-07-02,Rice,3,Bengaluru,Medium,Bengaluru APMC,6000,5200,5600,Karnataka,Fine,2026,7,3,3200.0,3200.0,4614.285714285715,0.75,Monsoon,0
2026-07-03,Rice,3,Bengaluru,Medium,Bengaluru APMC,3300,3100,3200,Karnataka,Dappa,2026,7,4,5600.0,4900.0,4371.428571428572,-0.4285714285714286,Monsoon,0
2026-07-03,Rice,3,Bengaluru,Medium,Bengaluru APMC,6000,5200,5600,Karnataka,Fine,2026,7,4,3200.0,3200.0,4714.285714285715,0.75,Monsoon,0
2026-07-03,Rice,3,Bengaluru,Medium,Bengaluru APMC,5000,4800,4900,Karnataka,Medium,2026,7,4,5600.0,4900.0,4714.285714285715,-0.125,Monsoon,0
2026-07-04,Rice,3,Bengaluru,Medium,Bengaluru APMC,6000,5200,5600,Karnataka,Fine,2026,7,5,4900.0,5600.0,4714.285714285715,0.1428571428571428,Monsoon,0
2026-07-06,Rice,3,Bengaluru,Medium,Bengaluru APMC,6200,5800,6000,Karnataka,Fine,2026,7,0,5600.0,4900.0,4871.428571428572,0.0714285714285714,Monsoon,0
2026-07-08,Rice,3,Bengaluru,Medium,Bengaluru APMC,4300,3800,4050,Karnataka,Dappa,2026,7,2,6000.0,3200.0,4992.857142857143,-0.3249999999999999,Monsoon,0
2026-07-08,Rice,3,Bengaluru,Medium,Bengaluru APMC,6200,5800,6000,Karnataka,Fine,2026,7,2,4050.0,5600.0,5050.0,0.4814814814814814,Monsoon,0
2026-07-08,Rice,3,Bengaluru,Medium,Bengaluru APMC,6300,6000,6150,Karnataka,Medium,2026,7,2,6000.0,3200.0,5471.428571428572,0.0249999999999999,Monsoon,0
2026-07-09,Rice,3,Bengaluru,Medium,Bengaluru APMC,6300,6000,6150,Karnataka,Medium,2026,7,3,6150.0,5600.0,5550.0,0.0,Monsoon,0
2026-07-10,Rice,3,Bengaluru,Medium,Bengaluru APMC,4300,3800,4050,Karnataka,Dappa,2026,7,4,6150.0,4900.0,5428.571428571428,-0.3414634146341463,Monsoon,0
2026-07-10,Rice,3,Bengaluru,Medium,Bengaluru APMC,6200,5800,6000,Karnataka,Fine,2026,7,4,4050.0,5600.0,5485.714285714285,0.4814814814814814,Monsoon,0
2026-07-10,Rice,3,Bengaluru,Medium,Bengaluru APMC,6300,6000,6150,Karnataka,Medium,2026,7,4,6000.0,6000.0,5507.142857142857,0.0249999999999999,Monsoon,0
2026-07-11,Rice,3,Bengaluru,Medium,Bengaluru APMC,4300,3800,4050,Karnataka,Dappa,2026,7,5,6150.0,4050.0,5507.142857142857,-0.3414634146341463,Monsoon,0
2026-07-11,Rice,3,Bengaluru,Medium,Bengaluru APMC,6200,5800,6000,Karnataka,Fine,2026,7,5,4050.0,6000.0,5507.142857142857,0.4814814814814814,Monsoon,0
2026-07-11,Rice,3,Bengaluru,Medium,Bengaluru APMC,6300,6000,6150,Karnataka,Medium,2026,7,5,6000.0,6150.0,5507.142857142857,0.0249999999999999,Monsoon,0
2026-07-13,Rice,3,Bengaluru,Medium,Bengaluru APMC,6200,5800,6000,Karnataka,Fine,2026,7,0,6150.0,6150.0,5485.714285714285,-0.024390243902439,Monsoon,0
2026-07-13,Rice,3,Bengaluru,Medium,Bengaluru APMC,6300,6000,6150,Karnataka,Medium,2026,7,0,6000.0,4050.0,5785.714285714285,0.0249999999999999,Monsoon,0
2026-07-14,Rice,3,Bengaluru,Medium,Bengaluru APMC,4300,3800,4050,Karnataka,Dappa,2026,7,1,6150.0,6000.0,5507.142857142857,-0.3414634146341463,Monsoon,0
2026-07-15,Rice,3,Bengaluru,Medium,Bengaluru APMC,4300,3800,4050,Karnataka,Dappa,2026,7,2,4050.0,6150.0,5207.142857142857,0.0,Monsoon,0
2026-07-15,Rice,3,Bengaluru,Medium,Bengaluru APMC,6300,6000,6150,Karnataka,Medium,2026,7,2,4050.0,4050.0,5507.142857142857,0.5185185185185186,Monsoon,0
2026-07-16,Rice,3,Bengaluru,Medium,Bengaluru APMC,4300,3800,4050,Karnataka,Dappa,2026,7,3,6150.0,6000.0,5228.571428571428,-0.3414634146341463,Monsoon,0
2026-07-16,Rice,3,Bengaluru,Medium,Bengaluru APMC,6200,5800,6000,Karnataka,Fine,2026,7,3,4050.0,6150.0,5207.142857142857,0.4814814814814814,Monsoon,0
2026-07-16,Rice,3,Bengaluru,Medium,Bengaluru APMC,6300,6000,6150,Karnataka,Medium,2026,7,3,6000.0,6000.0,5228.571428571428,0.0249999999999999,Monsoon,0
2026-07-17,Rice,3,Bengaluru,Medium,Bengaluru APMC,6200,5800,6000,Karnataka,Fine,2026,7,4,6150.0,6150.0,5207.142857142857,-0.024390243902439,Monsoon,0
2026-07-18,Rice,3,Bengaluru,Medium,Bengaluru APMC,6200,5800,6000,Karnataka,Fine,2026,7,5,6000.0,4050.0,5485.714285714285,0.0,Monsoon,0
2026-07-18,Rice,3,Bengaluru,Medium,Bengaluru APMC,6300,6000,6150,Karnataka,Medium,2026,7,5,6000.0,4050.0,5785.714285714285,0.0249999999999999,Monsoon,0
2026-07-20,Rice,3,Bengaluru,Medium,Bengaluru APMC,4300,3800,4050,Karnataka,Dappa,2026,7,0,6150.0,6150.0,5485.714285714285,-0.3414634146341463,Monsoon,0
2026-07-20,Rice,3,Bengaluru,Medium,Bengaluru APMC,6300,6000,6150,Karnataka,Medium,2026,7,0,4050.0,4050.0,5785.714285714285,0.5185185185185186,Monsoon,0
2026-07-21,Rice,3,Bengaluru,Medium,Bengaluru APMC,3300,3100,3200,Karnataka,Dappa,2026,7,1,6150.0,6000.0,5385.714285714285,-0.4796747967479674,Monsoon,0
2026-07-21,Rice,3,Bengaluru,Medium,Bengaluru APMC,6500,5800,6150,Karnataka,Fine,2026,7,1,3200.0,6150.0,5385.714285714285,0.921875,Monsoon,0
2026-07-21,Rice,3,Bengaluru,Medium,Bengaluru APMC,5600,5400,5500,Karnataka,Medium,2026,7,1,6150.0,6000.0,5314.285714285715,-0.1056910569105691,Monsoon,0
2026-07-22,Rice,3,Bengaluru,Medium,Bengaluru APMC,3300,3100,3200,Karnataka,Dappa,2026,7,2,5500.0,6000.0,4914.285714285715,-0.4181818181818182,Monsoon,0
2026-07-22,Rice,3,Bengaluru,Medium,Bengaluru APMC,6500,5800,6150,Karnataka,Fine,2026,7,2,3200.0,6150.0,4914.285714285715,0.921875,Monsoon,0
2026-07-23,Rice,3,Bengaluru,Medium,Bengaluru APMC,5600,5400,5500,Karnataka,Medium,2026,7,3,6150.0,4050.0,5121.428571428572,-0.1056910569105691,Monsoon,0
2026-07-23,Rice,3,Bengaluru,Medium,Bengaluru APMC,3300,3100,3200,Karnataka,Dappa,2026,7,3,5500.0,6150.0,4700.0,-0.4181818181818182,Monsoon,0
2026-07-24,Rice,3,Bengaluru,Medium,Bengaluru APMC,3300,3100,3200,Karnataka,Dappa,2026,7,4,3200.0,3200.0,4700.0,0.0,Monsoon,0
2026-07-24,Rice,3,Bengaluru,Medium,Bengaluru APMC,6500,5800,6150,Karnataka,Fine,2026,7,4,3200.0,6150.0,4700.0,0.921875,Monsoon,0
2026-07-27,Rice,3,Bengaluru,Medium,Bengaluru APMC,5600,5400,5500,Karnataka,Medium,2026,7,0,6150.0,5500.0,4700.0,-0.1056910569105691,Monsoon,0
2026-07-27,Rice,3,Bengaluru,Medium,Bengaluru APMC,3300,3100,3200,Karnataka,Dappa,2026,7,0,5500.0,3200.0,4700.0,-0.4181818181818182,Monsoon,0
2026-07-27,Rice,3,Bengaluru,Medium,Bengaluru APMC,6500,5800,6150,Karnataka,Fine,2026,7,0,3200.0,6150.0,4700.0,0.921875,Monsoon,0
2026-07-28,Rice,3,Bengaluru,Medium,Bengaluru APMC,3300,3100,3200,Karnataka,Dappa,2026,7,1,6150.0,5500.0,4371.428571428572,-0.4796747967479674,Monsoon,0
2026-07-28,Rice,3,Bengaluru,Medium,Bengaluru APMC,6500,5800,6150,Karnataka,Fine,2026,7,1,3200.0,3200.0,4792.857142857143,0.921875,Monsoon,0
2026-07-29,Rice,3,Bengaluru,Medium,Bengaluru APMC,5600,5400,5500,Karnataka,Medium,2026,7,2,6150.0,3200.0,5121.428571428572,-0.1056910569105691,Monsoon,0
2026-07-29,Rice,3,Bengaluru,Medium,Bengaluru APMC,6500,5800,6150,Karnataka,Fine,2026,7,2,5500.0,6150.0,5121.428571428572,0.1181818181818181,Monsoon,0
2026-07-30,Rice,3,Bengaluru,Medium,Bengaluru APMC,3300,3100,3200,Karnataka,Dappa,2026,7,3,6150.0,5500.0,4792.857142857143,-0.4796747967479674,Monsoon,0
2026-07-30,Rice,3,Bengaluru,Medium,Bengaluru APMC,6500,5800,6150,Karnataka,Fine,2026,7,3,3200.0,3200.0,5214.285714285715,0.921875,Monsoon,0
2026-07-30,Rice,3,Bengaluru,Medium,Bengaluru APMC,5600,5400,5500,Karnataka,Medium,2026,7,3,6150.0,6150.0,5121.428571428572,-0.1056910569105691,Monsoon,0
2026-07-31,Rice,3,Bengaluru,Medium,Bengaluru APMC,3300,3100,3200,Karnataka,Dappa,2026,7,4,5500.0,3200.0,5121.428571428572,-0.4181818181818182,Monsoon,0
2026-07-31,Rice,3,Bengaluru,Medium,Bengaluru APMC,6500,5800,6150,Karnataka,Fine,2026,7,4,3200.0,6150.0,5121.428571428572,0.921875,Monsoon,0
2026-07-31,Rice,3,Bengaluru,Medium,Bengaluru APMC,5600,5400,5500,Karnataka,Medium,2026,7,4,6150.0,5500.0,5121.428571428572,-0.1056910569105691,Monsoon,0
2026-08-01,Rice,3,Bengaluru,Medium,Bengaluru APMC,5600,5400,5500,Karnataka,Medium,2026,8,5,5500.0,6150.0,5028.571428571428,0.0,Monsoon,0
2026-08-01,Rice,3,Bengaluru,Medium,Bengaluru APMC,3300,3100,3200,Karnataka,Dappa,2026,8,5,5500.0,3200.0,5028.571428571428,-0.4181818181818182,Monsoon,0
2026-08-03,Rice,3,Bengaluru,Medium,Bengaluru APMC,5600,5400,5500,Karnataka,Medium,2026,8,0,3200.0,6150.0,4935.714285714285,0.71875,Monsoon,0
2026-08-03,Rice,3,Bengaluru,Medium,Bengaluru APMC,3300,3100,3200,Karnataka,Dappa,2026,8,0,5500.0,5500.0,4607.142857142857,-0.4181818181818182,Monsoon,0
2026-08-03,Rice,3,Bengaluru,Medium,Bengaluru APMC,6500,5800,6150,Karnataka,Fine,2026,8,0,3200.0,3200.0,5028.571428571428,0.921875,Monsoon,0
2026-08-04,Rice,3,Bengaluru,Medium,Bengaluru APMC,3100,3000,3050,Karnataka,Dappa,2026,8,1,6150.0,6150.0,4585.714285714285,-0.5040650406504066,Monsoon,0
2026-08-04,Rice,3,Bengaluru,Medium,Bengaluru APMC,6000,5000,5500,Karnataka,Medium,2026,8,1,3050.0,5500.0,4585.714285714285,0.8032786885245902,Monsoon,0
2026-08-05,Rice,3,Bengaluru,Medium,Bengaluru APMC,6000,5000,5500,Karnataka,Medium,2026,8,2,5500.0,5500.0,4585.714285714285,0.0,Monsoon,0
2026-08-05,Rice,3,Bengaluru,Medium,Bengaluru APMC,3100,3000,3050,Karnataka,Dappa,2026,8,2,5500.0,3200.0,4564.285714285715,-0.4454545454545454,Monsoon,0
2026-08-06,Rice,3,Bengaluru,Medium,Bengaluru APMC,6000,5000,5500,Karnataka,Medium,2026,8,3,3050.0,5500.0,4564.285714285715,0.8032786885245902,Monsoon,0
2026-08-07,Rice,3,Bengaluru,Medium,Bengaluru APMC,6000,5000,5500,Karnataka,Medium,2026,8,4,5500.0,3200.0,4892.857142857143,0.0,Monsoon,0
2026-08-07,Rice,3,Bengaluru,Medium,Bengaluru APMC,3100,3000,3050,Karnataka,Dappa,2026,8,4,5500.0,6150.0,4450.0,-0.4454545454545454,Monsoon,0
2026-04-27,Rice,3,Belagavi,Local,Gokak APMC,6125,5358,5685,Karnataka,Sona,2026,4,0,5600.0,,5642.5,0.0151785714285714,Summer,0
2026-05-04,Rice,3,Belagavi,Local,Gokak APMC,5470,5470,5470,Karnataka,Sona,2026,5,0,5685.0,,5585.0,-0.0378188214599823,Summer,0
2026-05-14,Rice,3,Belagavi,Local,Gokak APMC,5740,5740,5740,Karnataka,Sona,2026,5,3,5470.0,,5623.75,0.0493601462522852,Summer,0
2026-05-25,Rice,3,Belagavi,Local,Gokak APMC,5580,3950,5425,Karnataka,Sona Mansoori Non Basmati,2026,5,0,5740.0,,5584.0,-0.0548780487804878,Summer,0
2026-06-06,Rice,3,Belagavi,Local,Gokak APMC,5815,5500,5500,Karnataka,Sona Mansoori Non Basmati,2026,6,5,5425.0,,5570.0,0.0138248847926267,Monsoon,0
2026-06-16,Rice,3,Belagavi,Local,Gokak APMC,5865,5865,5865,Karnataka,Sona,2026,6,1,5500.0,,5612.142857142857,0.0663636363636364,Monsoon,0
2026-06-30,Rice,3,Belagavi,Local,Gokak APMC,7600,6200,6200,Karnataka,Sona,2026,6,1,5865.0,5600.0,5697.857142857143,0.0571184995737426,Monsoon,0
2026-07-08,Rice,3,Belagavi,Local,Gokak APMC,6390,6370,6370,Karnataka,Sona,2026,7,2,6200.0,5685.0,5795.714285714285,0.0274193548387096,Monsoon,0
2026-08-05,Rice,3,Belagavi,Local,Gokak APMC,5000,3835,3835,Karnataka,Sona Mansoori Non Basmati,2026,8,2,6370.0,5470.0,5562.142857142857,-0.3979591836734694,Monsoon,0
2026-05-05,Rice,3,Mysuru,Medium,Hunsur APMC,2200,2200,2200,Karnataka,Broken Rice,2026,5,1,1900.0,,2050.0,0.1578947368421053,Summer,0
2026-06-06,Rice,3,Mysuru,Medium,Hunsur APMC,2200,2200,2200,Karnataka,Broken Rice,2026,6,5,2200.0,,2100.0,0.0,Monsoon,0
2026-06-18,Rice,3,Mysuru,Medium,Hunsur APMC,2080,2080,2080,Karnataka,Broken Rice,2026,6,3,2200.0,,2095.0,-0.0545454545454545,Monsoon,0
2026-07-01,Rice,3,Mysuru,Medium,Hunsur APMC,2200,2200,2200,Karnataka,Broken Rice,2026,7,2,2080.0,,2116.0,0.0576923076923077,Monsoon,0
2026-04-03,Rice,3,Mysuru,Grade Range-1,Mysuru APMC,3430,3430,3430,Karnataka,Fine,2026,4,4,2400.0,,2915.0,0.4291666666666667,Summer,0
2026-04-04,Rice,3,Mysuru,Grade Range-1,Mysuru APMC,2400,2400,2400,Karnataka,Fine,2026,4,5,3430.0,,2743.333333333333,-0.3002915451895044,Summer,0
2026-04-04,Rice,3,Mysuru,Grade Range-1,Mysuru APMC,9464,9464,9464,Karnataka,Basmati,2026,4,5,2400.0,,4423.5,2.9433333333333334,Summer,1
2026-04-05,Rice,3,Mysuru,Grade Range-1,Mysuru APMC,6850,6850,6850,Karnataka,Fine,2026,4,6,9464.0,,4908.8,-0.2762045646661031,Summer,0
2026-04-07,Rice,3,Mysuru,Grade Range-1,Mysuru APMC,3600,3600,3600,Karnataka,Fine,2026,4,1,6850.0,,4690.666666666667,-0.4744525547445255,Summer,0
2026-04-08,Rice,3,Mysuru,Grade Range-1,Mysuru APMC,7290,3600,6352,Karnataka,Fine,2026,4,2,3600.0,,4928.0,0.7644444444444445,Summer,0
2026-04-09,Rice,3,Mysuru,Grade Range-1,Mysuru APMC,7185,2100,2400,Karnataka,Fine,2026,4,3,6352.0,2400.0,4928.0,-0.6221662468513853,Summer,0
2026-04-09,Rice,3,Mysuru,Grade Range-1,Mysuru APMC,10824,10824,10824,Karnataka,Basmati,2026,4,3,2400.0,3430.0,5984.285714285715,3.51,Summer,1
2026-04-10,Rice,3,Mysuru,Grade Range-1,Mysuru APMC,2100,2100,2100,Karnataka,Fine,2026,4,4,10824.0,2400.0,5941.428571428572,-0.8059866962305987,Summer,0
2026-04-13,Rice,3,Mysuru,Grade Range-1,Mysuru APMC,7160,7160,7160,Karnataka,Fine,2026,4,0,2100.0,9464.0,5612.285714285715,2.4095238095238094,Summer,0
2026-04-15,Rice,3,Mysuru,Grade Range-1,Mysuru APMC,15298,11659,11659,Karnataka,Basmati,2026,4,2,7160.0,6850.0,6299.285714285715,0.6283519553072625,Summer,1
2026-04-15,Rice,3,Mysuru,Grade Range-1,Mysuru APMC,7380,3550,3686,Karnataka,Fine,2026,4,2,11659.0,3600.0,6311.571428571428,-0.6838493867398576,Summer,0
2026-04-16,Rice,3,Mysuru,Grade Range-1,Mysuru APMC,3900,2400,2400,Karnataka,Fine,2026,4,3,3686.0,6352.0,5747.0,-0.3488876831253391,Summer,0
2026-04-17,Rice,3,Mysuru,Grade Range-1,Mysuru APMC,7696,7696,7696,Karnataka,Fine,2026,4,4,2400.0,2400.0,6503.571428571428,2.2066666666666666,Summer,0
2026-04-17,Rice,3,Mysuru,Grade Range-1,Mysuru APMC,15295,15295,15295,Karnataka,Basmati,2026,4,4,7696.0,10824.0,7142.285714285715,0.98739604989605,Summer,1
2026-04-18,Rice,3,Mysuru,Grade Range-1,Mysuru APMC,1990,1990,1990,Karnataka,Fine,2026,4,5,15295.0,2100.0,7126.571428571428,-0.8698921216083687,Summer,0
2026-04-20,Rice,3,Mysuru,Grade Range-1,Mysuru APMC,2400,2400,2400,Karnataka,Fine,2026,4,0,1990.0,7160.0,6446.571428571428,0.2060301507537687,Summer,0
2026-04-21,Rice,3,Mysuru,Grade Range-1,Mysuru APMC,7390,1990,2400,Karnataka,Fine,2026,4,1,2400.0,11659.0,5123.857142857143,0.0,Summer,0
2026-04-22,Rice,3,Mysuru,Grade Range-1,Mysuru APMC,7540,2400,2400,Karnataka,Fine,2026,4,2,2400.0,3686.0,4940.142857142857,0.0,Summer,0
2026-04-22,Rice,3,Mysuru,Grade Range-1,Mysuru APMC,9966,9960,9966,Karnataka,Basmati,2026,4,2,2400.0,2400.0,6021.0,3.1525,Summer,1
2026-04-24,Rice,3,Mysuru,Grade Range-1,Mysuru APMC,2400,2400,2400,Karnataka,Fine,2026,4,4,9966.0,7696.0,5264.428571428572,-0.7591812161348586,Summer,0
2026-04-25,Rice,3,Mysuru,Grade Range-1,Mysuru APMC,2400,2400,2400,Karnataka,Fine,2026,4,5,2400.0,15295.0,3422.285714285714,0.0,Summer,0
2026-04-26,Rice,3,Mysuru,Grade Range-1,Mysuru APMC,6700,1990,1990,Karnataka,Fine,2026,4,6,2400.0,1990.0,3422.285714285714,-0.1708333333333332,Summer,0
2026-04-27,Rice,3,Mysuru,Grade Range-1,Mysuru APMC,2400,1990,1990,Karnataka,Fine,2026,4,0,1990.0,2400.0,3363.714285714286,0.0,Summer,0
2026-04-27,Rice,3,Mysuru,Grade Range-1,Mysuru APMC,2500,2500,2500,Karnataka,Broken Rice,2026,4,0,1990.0,2400.0,3378.0,0.256281407035176,Summer,0
2026-04-28,Rice,3,Mysuru,Grade Range-1,Mysuru APMC,1990,1990,1990,Karnataka,Fine,2026,4,1,2500.0,2400.0,3319.428571428572,-0.2039999999999999,Summer,0
2026-04-29,Rice,3,Mysuru,Grade Range-1,Mysuru APMC,1990,1990,1990,Karnataka,Fine,2026,4,2,1990.0,9966.0,2180.0,0.0,Summer,0
2026-04-30,Rice,3,Mysuru,Grade Range-1,Mysuru APMC,2400,1990,1990,Karnataka,Fine,2026,4,3,1990.0,2400.0,2121.428571428572,0.0,Summer,0
2026-05-02,Rice,3,Mysuru,Grade Range-1,Mysuru APMC,2400,1990,1990,Karnataka,Fine,2026,5,5,1990.0,2400.0,2062.8571428571427,0.0,Summer,0
2026-05-04,Rice,3,Mysuru,Grade Range-1,Mysuru APMC,2400,2400,2400,Karnataka,Fine,2026,5,0,1990.0,1990.0,2121.428571428572,0.2060301507537687,Summer,0
2026-05-07,Rice,3,Mysuru,Local,Mysuru APMC,6000,6000,6000,Karnataka,Fine,2026,5,3,2400.0,1990.0,2694.285714285714,1.5,Summer,0
2026-05-14,Rice,3,Mysuru,Local,Mysuru APMC,4900,4900,4900,Karnataka,Fine,2026,5,3,6000.0,2500.0,3037.1428571428573,-0.1833333333333333,Summer,0
2026-05-19,Rice,3,Mysuru,Local,Mysuru APMC,2470,2470,2470,Karnataka,Broken Rice,2026,5,1,4900.0,1990.0,3105.714285714286,-0.4959183673469387,Summer,0
2026-05-19,Rice,3,Mysuru,Local,Mysuru APMC,6900,2400,2400,Karnataka,Fine,2026,5,1,2470.0,1990.0,3164.285714285714,-0.0283400809716599,Summer,0
2026-05-20,Rice,3,Mysuru,Local,Mysuru APMC,7750,7750,7750,Karnataka,Fine,2026,5,2,2400.0,1990.0,3987.142857142857,2.2291666666666665,Summer,0
2026-05-23,Rice,3,Mysuru,Local,Mysuru APMC,2400,2400,2400,Karnataka,Fine,2026,5,5,7750.0,1990.0,4045.714285714286,-0.6903225806451613,Summer,0
2026-05-26,Rice,3,Mysuru,Local,Mysuru APMC,2400,2400,2400,Karnataka,Fine,2026,5,1,2400.0,2400.0,4045.714285714286,0.0,Summer,0
2026-05-27,Rice,3,Mysuru,Local,Mysuru APMC,7290,3600,7290,Karnataka,Fine,2026,5,2,2400.0,6000.0,4230.0,2.0375,Summer,0
2026-05-29,Rice,3,Mysuru,Local,Mysuru APMC,2300,2300,2300,Karnataka,Fine,2026,5,4,7290.0,4900.0,3858.571428571429,-0.6844993141289437,Summer,0
2026-05-30,Rice,3,Mysuru,Local,Mysuru APMC,7750,2320,2400,Karnataka,Fine,2026,5,5,2300.0,2470.0,3848.571428571429,0.0434782608695651,Summer,0
2026-05-30,Rice,3,Mysuru,Local,Mysuru APMC,8000,2320,5500,Karnataka,Fine,2026,5,5,2400.0,2400.0,4291.428571428572,1.2916666666666663,Summer,0
2026-05-31,Rice,3,Mysuru,Local,Mysuru APMC,7000,7000,7000,Karnataka,Fine,2026,5,6,5500.0,7750.0,4184.285714285715,0.2727272727272727,Summer,0
2026-06-01,Rice,3,Mysuru,Local,Mysuru APMC,2400,2400,2400,Karnataka,Broken Rice,2026,6,0,7000.0,2400.0,4184.285714285715,-0.6571428571428571,Monsoon,0
2026-06-02,Rice,3,Mysuru,Local,Mysuru APMC,7750,3650,3700,Karnataka,Fine,2026,6,1,2400.0,2400.0,4370.0,0.5416666666666667,Monsoon,0
2026-06-02,Rice,3,Mysuru,Local,Mysuru APMC,12414,12414,12414,Karnataka,Basmati,2026,6,1,3700.0,7290.0,5102.0,2.3551351351351357,Monsoon,1
2026-06-04,Rice,3,Mysuru,Local,Mysuru APMC,3831,3831,3831,Karnataka,Fine,2026,6,3,12414.0,2300.0,5320.714285714285,-0.6913968100531658,Monsoon,0
2026-06-08,Rice,3,Mysuru,Local,Mysuru APMC,2595,2530,2530,Karnataka,Broken Rice,2026,6,0,3831.0,2400.0,5339.285714285715,-0.339598016183764,Monsoon,0
2026-06-08,Rice,3,Mysuru,Local,Mysuru APMC,15449,15449,15449,Karnataka,Basmati,2026,6,0,2530.0,5500.0,6760.571428571428,5.106324110671936,Monsoon,1
2026-06-10,Rice,3,Mysuru,Local,Mysuru APMC,15448,15448,15448,Karnataka,Basmati,2026,6,2,15449.0,7000.0,7967.428571428572,-6.472910868016157e-05,Monsoon,1
2026-06-10,Rice,3,Mysuru,Local,Mysuru APMC,7470,3600,6638,Karnataka,Fine,2026,6,2,15448.0,2400.0,8572.857142857143,-0.5703003625064733,Monsoon,0
2026-06-11,Rice,3,Mysuru,Local,Mysuru APMC,2400,2400,2400,Karnataka,Fine,2026,6,3,6638.0,3700.0,8387.142857142857,-0.6384453148538716,Monsoon,0
2026-06-12,Rice,3,Mysuru,Local,Mysuru APMC,2400,2400,2400,Karnataka,Fine,2026,6,4,2400.0,12414.0,6956.571428571428,0.0,Monsoon,0
2026-06-14,Rice,3,Mysuru,Local,Mysuru APMC,7200,7200,7200,Karnataka,Fine,2026,6,6,2400.0,3831.0,7437.857142857143,2.0,Monsoon,0
2026-06-15,Rice,3,Mysuru,Local,Mysuru APMC,2595,2510,2510,Karnataka,Broken Rice,2026,6,0,7200.0,2530.0,7435.0,-0.6513888888888889,Monsoon,0
2026-06-15,Rice,3,Mysuru,Local,Mysuru APMC,5000,5000,5000,Karnataka,Fine,2026,6,0,2510.0,15449.0,5942.285714285715,0.9920318725099602,Monsoon,0
2026-06-16,Rice,3,Mysuru,Local,Mysuru APMC,7660,4075,7500,Karnataka,Fine,2026,6,1,5000.0,15448.0,4806.857142857143,0.5,Monsoon,0
2026-06-17,Rice,3,Mysuru,Local,Mysuru APMC,7690,2400,2400,Karnataka,Fine,2026,6,2,7500.0,6638.0,4201.428571428572,-0.6799999999999999,Monsoon,0
2026-06-18,Rice,3,Mysuru,Local,Mysuru APMC,2400,1990,2400,Karnataka,Fine,2026,6,3,2400.0,2400.0,4201.428571428572,0.0,Monsoon,0
2026-06-18,Rice,3,Mysuru,Local,Mysuru APMC,2600,2600,2600,Karnataka,Broken Rice,2026,6,3,2400.0,2400.0,4230.0,0.0833333333333332,Monsoon,0
2026-06-19,Rice,3,Mysuru,Local,Mysuru APMC,3430,3430,3430,Karnataka,Fine,2026,6,4,2600.0,7200.0,3691.428571428572,0.3192307692307692,Monsoon,0
2026-06-22,Rice,3,Mysuru,Local,Mysuru APMC,2400,2400,2400,Karnataka,Fine,2026,6,0,3430.0,2510.0,3675.714285714286,-0.3002915451895044,Monsoon,0
2026-06-23,Rice,3,Mysuru,Local,Mysuru APMC,9326,9326,9326,Karnataka,Basmati,2026,6,1,2400.0,5000.0,4293.714285714285,2.8858333333333333,Monsoon,1
2026-06-23,Rice,3,Mysuru,Local,Mysuru APMC,7575,2400,3350,Karnataka,Fine,2026,6,1,9326.0,7500.0,3700.857142857143,-0.6407891915076132,Monsoon,0
2026-06-24,Rice,3,Mysuru,Local,Mysuru APMC,8120,3700,3700,Karnataka,Fine,2026,6,2,3350.0,2400.0,3886.571428571429,0.1044776119402985,Monsoon,0
2026-06-25,Rice,3,Mysuru,Local,Mysuru APMC,7250,1990,4671,Karnataka,Fine,2026,6,3,3700.0,2400.0,4211.0,0.2624324324324325,Monsoon,0
2026-06-26,Rice,3,Mysuru,Local,Mysuru APMC,3430,3430,3430,Karnataka,Fine,2026,6,4,4671.0,2600.0,4329.571428571428,-0.2656818668379361,Monsoon,0
2026-06-29,Rice,3,Mysuru,Local,Mysuru APMC,2400,2300,2300,Karnataka,Fine,2026,6,0,3430.0,3430.0,4168.142857142857,-0.3294460641399417,Monsoon,0
2026-06-29,Rice,3,Mysuru,Local,Mysuru APMC,2555,2555,2555,Karnataka,Broken Rice,2026,6,0,2300.0,2400.0,4190.285714285715,0.1108695652173912,Monsoon,0
2026-07-01,Rice,3,Mysuru,Local,Mysuru APMC,13338,11020,13114,Karnataka,Basmati,2026,7,2,2555.0,9326.0,4731.428571428572,4.132681017612525,Monsoon,1
2026-07-01,Rice,3,Mysuru,Local,Mysuru APMC,7600,3831,3831,Karnataka,Fine,2026,7,2,13114.0,3350.0,4800.142857142857,-0.7078694524935184,Monsoon,0
2026-07-02,Rice,3,Mysuru,Local,Mysuru APMC,2540,2510,2510,Karnataka,Broken Rice,2026,7,3,3831.0,3700.0,4630.142857142857,-0.3448185852257895,Monsoon,0
2026-07-03,Rice,3,Mysuru,Local,Mysuru APMC,7815,3200,4950,Karnataka,Fine,2026,7,4,2510.0,4671.0,4670.0,0.9721115537848606,Monsoon,0
2026-07-04,Rice,3,Mysuru,Local,Mysuru APMC,3430,3430,3430,Karnataka,Fine,2026,7,5,4950.0,3430.0,4670.0,-0.307070707070707,Monsoon,0
2026-07-06,Rice,3,Mysuru,Local,Mysuru APMC,8065,2400,2400,Karnataka,Fine,2026,7,0,3430.0,2300.0,4684.285714285715,-0.3002915451895044,Monsoon,0
2026-07-07,Rice,3,Mysuru,Local,Mysuru APMC,11022,11022,11022,Karnataka,Basmati,2026,7,1,2400.0,2555.0,5893.857142857143,3.5925,Monsoon,1
2026-07-07,Rice,3,Mysuru,Local,Mysuru APMC,8223,2400,2400,Karnataka,Fine,2026,7,1,11022.0,13114.0,4363.285714285715,-0.7822536744692433,Monsoon,0
2026-07-08,Rice,3,Mysuru,Local,Mysuru APMC,8340,3831,4138,Karnataka,Fine,2026,7,2,2400.0,3831.0,4407.142857142857,0.7241666666666666,Monsoon,0
2026-07-10,Rice,3,Mysuru,Local,Mysuru APMC,4075,4075,4075,Karnataka,Fine,2026,7,4,4138.0,2510.0,4630.714285714285,-0.015224746254229,Monsoon,0
2026-07-10,Rice,3,Mysuru,Local,Mysuru APMC,11198,11198,11198,Karnataka,Basmati,2026,7,4,4075.0,4950.0,5523.285714285715,1.747975460122699,Monsoon,1
2026-07-12,Rice,3,Mysuru,Local,Mysuru APMC,7100,2400,2400,Karnataka,Fine,2026,7,6,11198.0,3430.0,5376.142857142857,-0.7856760135738525,Monsoon,0
2026-07-13,Rice,3,Mysuru,Local,Mysuru APMC,15474,15474,15474,Karnataka,Basmati,2026,7,0,2400.0,2400.0,7243.857142857143,5.4475,Monsoon,1
2026-07-13,Rice,3,Mysuru,Local,Mysuru APMC,8440,3400,3400,Karnataka,Fine,2026,7,0,15474.0,11022.0,6155.0,-0.7802765929947008,Monsoon,0
2026-07-14,Rice,3,Mysuru,Local,Mysuru APMC,8120,2400,2400,Karnataka,Fine,2026,7,1,3400.0,2400.0,6155.0,-0.2941176470588235,Monsoon,0
2026-07-14,Rice,3,Mysuru,Local,Mysuru APMC,11327,11327,11327,Karnataka,Basmati,2026,7,1,2400.0,4138.0,7182.0,3.7195833333333335,Monsoon,1
2026-07-15,Rice,3,Mysuru,Local,Mysuru APMC,15471,15471,15471,Karnataka,Basmati,2026,7,2,11327.0,4075.0,8810.0,0.3658515052529354,Monsoon,1
2026-07-15,Rice,3,Mysuru,Local,Mysuru APMC,8440,2400,7450,Karnataka,Fine,2026,7,2,15471.0,11198.0,8274.57142857143,-0.5184538814556267,Monsoon,0
2026-07-16,Rice,3,Mysuru,Local,Mysuru APMC,4075,2400,2400,Karnataka,Fine,2026,7,3,7450.0,2400.0,8274.57142857143,-0.6778523489932886,Monsoon,0
2026-07-17,Rice,3,Mysuru,Local,Mysuru APMC,4950,4950,4950,Karnataka,Fine,2026,7,4,2400.0,15474.0,6771.142857142857,1.0625,Monsoon,0
2026-07-20,Rice,3,Mysuru,Local,Mysuru APMC,2690,2690,2690,Karnataka,Broken Rice,2026,7,0,4950.0,3400.0,6669.714285714285,-0.4565656565656566,Monsoon,0
2026-07-21,Rice,3,Mysuru,Local,Mysuru APMC,8180,2400,2400,Karnataka,Fine,2026,7,1,2690.0,2400.0,6669.714285714285,-0.1078066914498141,Monsoon,0
2026-07-21,Rice,3,Mysuru,Local,Mysuru APMC,2690,2670,2690,Karnataka,Broken Rice,2026,7,1,2400.0,11327.0,5435.857142857143,0.1208333333333333,Monsoon,0
2026-07-22,Rice,3,Mysuru,Local,Mysuru APMC,8743,3800,3831,Karnataka,Fine,2026,7,2,2690.0,15471.0,3773.0,0.4241635687732341,Monsoon,0
2026-07-22,Rice,3,Mysuru,Local,Mysuru APMC,9600,9600,9600,Karnataka,Basmati,2026,7,2,3831.0,7450.0,4080.142857142857,1.505873140172279,Monsoon,1
2026-07-23,Rice,3,Mysuru,Local,Mysuru APMC,2985,2985,2985,Karnataka,Broken Rice,2026,7,3,9600.0,2400.0,4163.714285714285,-0.6890625,Monsoon,0
2026-07-23,Rice,3,Mysuru,Local,Mysuru APMC,8065,8065,8065,Karnataka,Fine,2026,7,3,2985.0,4950.0,4608.714285714285,1.7018425460636517,Monsoon,1
2026-07-24,Rice,3,Mysuru,Local,Mysuru APMC,8040,6550,6550,Karnataka,Fine,2026,7,4,8065.0,2690.0,5160.142857142857,-0.1878487290762553,Monsoon,0
2026-07-24,Rice,3,Mysuru,Local,Mysuru APMC,9400,9400,9400,Karnataka,Basmati,2026,7,4,6550.0,2400.0,6160.142857142857,0.4351145038167938,Monsoon,1
2026-07-25,Rice,3,Mysuru,Local,Mysuru APMC,2650,2650,2650,Karnataka,Broken Rice,2026,7,5,9400.0,2690.0,6154.428571428572,-0.7180851063829787,Monsoon,0
2026-07-26,Rice,3,Mysuru,Local,Mysuru APMC,2300,2300,2300,Karnataka,Broken Rice,2026,7,6,2650.0,3831.0,5935.714285714285,-0.1320754716981131,Monsoon,0
2026-07-27,Rice,3,Mysuru,Local,Mysuru APMC,8414,8065,8065,Karnataka,Fine,2026,7,0,2300.0,9600.0,5716.428571428572,2.506521739130435,Monsoon,1
2026-07-28,Rice,3,Mysuru,Local,Mysuru APMC,8000,2400,2400,Karnataka,Fine,2026,7,1,8065.0,2985.0,5632.857142857143,-0.7024178549287043,Monsoon,0
2026-07-28,Rice,3,Mysuru,Local,Mysuru APMC,2690,2690,2690,Karnataka,Broken Rice,2026,7,1,2400.0,8065.0,4865.0,0.1208333333333333,Monsoon,0
2026-07-31,Rice,3,Mysuru,Local,Mysuru APMC,2500,2500,2500,Karnataka,Fine,2026,7,4,2690.0,6550.0,4286.428571428572,-0.070631970260223,Monsoon,0
2026-08-01,Rice,3,Mysuru,Local,Mysuru APMC,2700,2695,2695,Karnataka,Broken Rice,2026,8,5,2500.0,9400.0,3328.5714285714284,0.078,Monsoon,0
2026-08-03,Rice,3,Mysuru,Local,Mysuru APMC,8230,2500,2500,Karnataka,Fine,2026,8,0,2695.0,2650.0,3307.1428571428573,-0.0723562152133581,Monsoon,0
2026-08-04,Rice,3,Mysuru,Local,Mysuru APMC,8180,3831,6965,Karnataka,Fine,2026,8,1,2500.0,2300.0,3973.571428571429,1.786,Monsoon,0
2026-08-05,Rice,3,Mysuru,Local,Mysuru APMC,10500,10500,10500,Karnataka,Basmati,2026,8,2,6965.0,8065.0,4321.428571428572,0.5075376884422111,Monsoon,1
2026-08-06,Rice,3,Mysuru,Local,Mysuru APMC,2920,2920,2920,Karnataka,Broken Rice,2026,8,3,10500.0,2400.0,4395.714285714285,-0.7219047619047618,Monsoon,0
2026-08-06,Rice,3,Mysuru,Local,Mysuru APMC,8365,2300,2400,Karnataka,Fine,2026,8,3,2920.0,2690.0,4354.285714285715,-0.1780821917808219,Monsoon,0
2026-06-12,Rice,3,Mysuru,FAQ,Nanjangud APMC,2650,2650,2650,Karnataka,Medium,2026,6,4,2380.0,,2515.0,0.1134453781512605,Monsoon,0
2026-07-17,Rice,3,Belagavi,Medium,Nippani APMC,2320,2320,2320,Karnataka,Medium,2026,7,4,2320.0,,2320.0,0.0,Monsoon,0
2026-04-09,Rice,3,Belagavi,Local,Sankeshwar APMC,2400,2400,2400,Karnataka,Other,2026,4,3,2350.0,,2375.0,0.0212765957446807,Summer,0
2026-04-16,Rice,3,Belagavi,Local,Sankeshwar APMC,2520,2520,2520,Karnataka,Other,2026,4,3,2400.0,,2423.333333333333,0.05,Summer,0
2026-04-18,Rice,3,Belagavi,Local,Sankeshwar APMC,2550,2540,2550,Karnataka,Other,2026,4,5,2520.0,,2455.0,0.0119047619047618,Summer,0
2026-05-04,Rice,3,Belagavi,Local,Sankeshwar APMC,2480,2450,2480,Karnataka,Other,2026,5,0,2550.0,,2460.0,-0.0274509803921568,Summer,0
2026-05-12,Rice,3,Belagavi,Local,Sankeshwar APMC,2460,2450,2460,Karnataka,Other,2026,5,1,2480.0,,2460.0,-0.0080645161290322,Summer,0
2026-05-26,Rice,3,Belagavi,Local,Sankeshwar APMC,2400,2380,2400,Karnataka,Other,2026,5,1,2460.0,,2451.428571428572,-0.024390243902439,Summer,0
2026-06-20,Rice,3,Belagavi,Local,Sankeshwar APMC,2550,2525,2550,Karnataka,Other,2026,6,5,2400.0,2350.0,2480.0,0.0625,Monsoon,0
2026-06-29,Rice,3,Belagavi,Local,Sankeshwar APMC,2550,2540,2550,Karnataka,Other,2026,6,0,2550.0,2400.0,2501.428571428572,0.0,Monsoon,0
2026-04-30,Rice,3,Mysuru,Small,Santhesargur APMC,2350,2350,2350,Karnataka,Broken Rice,2026,4,3,2440.0,,2395.0,-0.0368852459016393,Summer,0
2026-06-30,Rice,3,Mysuru,Small,Santhesargur APMC,2720,2580,2620,Karnataka,IR 20,2026,6,1,2350.0,,2470.0,0.1148936170212766,Monsoon,0
2026-06-30,Rice,3,Mysuru,Small,Santhesargur APMC,2630,2380,2630,Karnataka,Broken Rice,2026,6,1,2620.0,,2510.0,0.0038167938931297,Monsoon,0
2026-07-21,Rice,3,Mysuru,Small,Santhesargur APMC,2880,2650,2650,Karnataka,IR 20,2026,7,1,2630.0,,2538.0,0.0076045627376426,Monsoon,0
2026-07-21,Rice,3,Mysuru,Small,Santhesargur APMC,2800,2600,2600,Karnataka,Broken Rice,2026,7,1,2650.0,,2548.333333333333,-0.0188679245283018,Monsoon,0
2026-07-28,Rice,3,Mysuru,Small,Santhesargur APMC,3100,2940,2940,Karnataka,IR 20,2026,7,1,2600.0,,2604.285714285714,0.1307692307692307,Monsoon,0
2026-07-28,Rice,3,Mysuru,Small,Santhesargur APMC,2600,2600,2600,Karnataka,Broken Rice,2026,7,1,2940.0,2440.0,2627.1428571428573,-0.1156462585034013,Monsoon,0
2026-07-30,Rice,3,Mysuru,Small,Santhesargur APMC,2930,2920,2920,Karnataka,IR 20,2026,7,3,2600.0,2350.0,2708.5714285714284,0.123076923076923,Monsoon,0
2026-07-31,Rice,3,Mysuru,Grade Range-1,Santhesargur APMC,2600,2600,2600,Karnataka,Broken Rice,2026,7,4,2920.0,2620.0,2705.714285714286,-0.1095890410958904,Monsoon,0
2026-07-31,Rice,3,Mysuru,Grade Range-1,Santhesargur APMC,2920,2920,2920,Karnataka,Coarse,2026,7,4,2600.0,2630.0,2747.1428571428573,0.123076923076923,Monsoon,0
2026-08-03,Rice,3,Mysuru,Small,Santhesargur APMC,2950,2950,2950,Karnataka,Coarse,2026,8,0,2920.0,2650.0,2790.0,0.0102739726027396,Monsoon,0
2026-08-05,Rice,3,Mysuru,Small,Santhesargur APMC,2920,2920,2920,Karnataka,IR 20,2026,8,2,2950.0,2600.0,2835.714285714286,-0.0101694915254236,Monsoon,0
2026-04-28,Rice,3,Belagavi,Small,Soundati APMC,2450,2450,2450,Karnataka,Other,2026,4,1,2450.0,,2450.0,0.0,Summer,0
2026-04-30,Rice,3,Belagavi,Small,Soundati APMC,2450,2450,2450,Karnataka,Other,2026,4,3,2450.0,,2450.0,0.0,Summer,0
2026-05-01,Rice,3,Belagavi,Small,Soundati APMC,2430,2430,2430,Karnataka,Other,2026,5,4,2450.0,,2445.0,-0.0081632653061224,Summer,0
2026-05-03,Rice,3,Belagavi,Small,Soundati APMC,2430,2430,2430,Karnataka,Other,2026,5,6,2430.0,,2442.0,0.0,Summer,0
2026-05-06,Rice,3,Belagavi,Small,Soundati APMC,2430,2430,2430,Karnataka,Other,2026,5,2,2430.0,,2440.0,0.0,Summer,0
2026-05-09,Rice,3,Belagavi,Small,Soundati APMC,2430,2430,2430,Karnataka,Other,2026,5,5,2430.0,,2438.5714285714284,0.0,Summer,0
2026-05-14,Rice,3,Belagavi,Small,Soundati APMC,2400,2400,2400,Karnataka,Other,2026,5,3,2430.0,2450.0,2431.428571428572,-0.0123456790123457,Summer,0
2026-05-16,Rice,3,Belagavi,Small,Soundati APMC,2450,2450,2450,Karnataka,Other,2026,5,5,2400.0,2450.0,2431.428571428572,0.0208333333333332,Summer,0
2026-05-17,Rice,3,Belagavi,Small,Soundati APMC,2450,2450,2450,Karnataka,Other,2026,5,6,2450.0,2450.0,2431.428571428572,0.0,Summer,0
2026-05-20,Rice,3,Belagavi,Small,Soundati APMC,2450,2450,2450,Karnataka,Other,2026,5,2,2450.0,2430.0,2434.285714285714,0.0,Summer,0
2026-05-22,Rice,3,Belagavi,Small,Soundati APMC,2450,2450,2450,Karnataka,Other,2026,5,4,2450.0,2430.0,2437.1428571428573,0.0,Summer,0
2026-05-24,Rice,3,Belagavi,Small,Soundati APMC,2430,2430,2430,Karnataka,Other,2026,5,6,2450.0,2430.0,2437.1428571428573,-0.0081632653061224,Summer,0
2026-05-26,Rice,3,Belagavi,Small,Soundati APMC,2430,2430,2430,Karnataka,Other,2026,5,1,2430.0,2430.0,2437.1428571428573,0.0,Summer,0
2026-05-28,Rice,3,Belagavi,Small,Soundati APMC,2430,2430,2430,Karnataka,Other,2026,5,3,2430.0,2400.0,2441.428571428572,0.0,Summer,0
2026-05-31,Rice,3,Belagavi,Small,Soundati APMC,2430,2430,2430,Karnataka,Other,2026,5,6,2430.0,2450.0,2438.5714285714284,0.0,Summer,0
2026-06-06,Rice,3,Belagavi,Small,Soundati APMC,2430,2430,2430,Karnataka,Other,2026,6,5,2430.0,2450.0,2435.714285714286,0.0,Monsoon,0
2026-06-14,Rice,3,Belagavi,Small,Soundati APMC,2500,2500,2500,Karnataka,Other,2026,6,6,2430.0,2450.0,2442.8571428571427,0.0288065843621398,Monsoon,0
2026-06-16,Rice,3,Belagavi,Small,Soundati APMC,2500,2500,2500,Karnataka,Other,2026,6,1,2500.0,2450.0,2450.0,0.0,Monsoon,0
2026-06-18,Rice,3,Belagavi,Small,Soundati APMC,2525,2525,2525,Karnataka,Other,2026,6,3,2500.0,2430.0,2463.5714285714284,0.01,Monsoon,0
2026-06-22,Rice,3,Belagavi,Small,Soundati APMC,2550,2550,2550,Karnataka,Other,2026,6,0,2525.0,2430.0,2480.714285714286,0.0099009900990099,Monsoon,0
2026-06-24,Rice,3,Belagavi,Small,Soundati APMC,2550,2550,2550,Karnataka,Other,2026,6,2,2550.0,2430.0,2497.8571428571427,0.0,Monsoon,0
2026-06-30,Rice,3,Belagavi,Small,Soundati APMC,2550,2550,2550,Karnataka,Other,2026,6,1,2550.0,2430.0,2515.0,0.0,Monsoon,0
2026-07-01,Rice,3,Belagavi,Small,Soundati APMC,2570,2570,2570,Karnataka,Other,2026,7,2,2550.0,2430.0,2535.0,0.0078431372549019,Monsoon,0
2026-07-04,Rice,3,Belagavi,Small,Soundati APMC,2570,2570,2570,Karnataka,Other,2026,7,5,2570.0,2500.0,2545.0,0.0,Monsoon,0
2026-07-06,Rice,3,Belagavi,Small,Soundati APMC,2590,2590,2590,Karnataka,Other,2026,7,0,2570.0,2500.0,2557.8571428571427,0.0077821011673151,Monsoon,0
2026-07-08,Rice,3,Belagavi,Small,Soundati APMC,2600,2600,2600,Karnataka,Other,2026,7,2,2590.0,2525.0,2568.5714285714284,0.0038610038610038,Monsoon,0
2026-07-13,Rice,3,Belagavi,Small,Soundati APMC,2625,2625,2625,Karnataka,Other,2026,7,0,2600.0,2550.0,2579.285714285714,0.0096153846153845,Monsoon,0
2026-07-15,Rice,3,Belagavi,Small,Soundati APMC,2650,2650,2650,Karnataka,Other,2026,7,2,2625.0,2550.0,2593.5714285714284,0.0095238095238094,Monsoon,0
2026-07-17,Rice,3,Belagavi,Small,Soundati APMC,2700,2700,2700,Karnataka,Other,2026,7,4,2650.0,2550.0,2615.0,0.0188679245283018,Monsoon,0
2026-07-20,Rice,3,Belagavi,Small,Soundati APMC,2700,2700,2700,Karnataka,Other,2026,7,0,2700.0,2570.0,2633.5714285714284,0.0,Monsoon,0
2026-07-24,Rice,3,Belagavi,Small,Soundati APMC,2770,2770,2770,Karnataka,Other,2026,7,4,2700.0,2570.0,2662.1428571428573,0.0259259259259259,Monsoon,0
2026-07-26,Rice,3,Belagavi,Small,Soundati APMC,2770,2770,2770,Karnataka,Other,2026,7,6,2770.0,2590.0,2687.8571428571427,0.0,Monsoon,0
2026-07-29,Rice,3,Belagavi,Small,Soundati APMC,2700,2700,2700,Karnataka,Other,2026,7,2,2770.0,2600.0,2702.1428571428573,-0.0252707581227437,Monsoon,0
2026-08-03,Rice,3,Belagavi,Small,Soundati APMC,2700,2700,2700,Karnataka,Other,2026,8,0,2700.0,2625.0,2712.8571428571427,0.0,Monsoon,0
2026-08-05,Rice,3,Belagavi,Small,Soundati APMC,2725,2725,2725,Karnataka,Other,2026,8,2,2700.0,2650.0,2723.5714285714284,0.0092592592592593,Monsoon,0
2026-04-29,Rice,3,Mysuru,Small,T. Narasipura APMC,2100,2100,2100,Karnataka,Broken Rice,2026,4,2,2300.0,,2200.0,-0.0869565217391304,Summer,0
2026-05-10,Rice,3,Mysuru,Small,T. Narasipura APMC,5619,5619,5619,Karnataka,Other,2026,5,6,2100.0,,3339.6666666666665,1.6757142857142855,Summer,0
2026-05-11,Rice,3,Mysuru,Small,T. Narasipura APMC,2400,2200,2400,Karnataka,Broken Rice,2026,5,0,5619.0,,3104.75,-0.5728777362520021,Summer,0
2026-05-12,Rice,3,Mysuru,Small,T. Narasipura APMC,2200,2200,2200,Karnataka,Broken Rice,2026,5,1,2400.0,,2923.8,-0.0833333333333333,Summer,0
2026-05-14,Rice,3,Mysuru,Small,T. Narasipura APMC,2500,2500,2500,Karnataka,Other,2026,5,3,2200.0,,2853.1666666666665,0.1363636363636364,Summer,0
2026-05-14,Rice,3,Mysuru,Small,T. Narasipura APMC,2300,2300,2300,Karnataka,Broken Rice,2026,5,3,2500.0,,2774.1428571428573,-0.0799999999999999,Summer,0
2026-05-23,Rice,3,Mysuru,Small,T. Narasipura APMC,2300,2100,2300,Karnataka,Broken Rice,2026,5,5,2300.0,2300.0,2774.1428571428573,0.0,Summer,0
2026-05-25,Rice,3,Mysuru,Small,T. Narasipura APMC,2200,2200,2200,Karnataka,Broken Rice,2026,5,0,2300.0,2100.0,2788.428571428572,-0.0434782608695651,Summer,0
2026-05-27,Rice,3,Mysuru,Small,T. Narasipura APMC,7900,5549,5549,Karnataka,Other,2026,5,2,2200.0,5619.0,2778.428571428572,1.5222727272727274,Summer,0
2026-05-30,Rice,3,Mysuru,Small,T. Narasipura APMC,2100,2100,2100,Karnataka,Broken Rice,2026,5,5,5549.0,2400.0,2735.5714285714284,-0.6215534330510002,Summer,0
2026-06-06,Rice,3,Mysuru,Small,T. Narasipura APMC,2300,2200,2200,Karnataka,Broken Rice,2026,6,5,2100.0,2200.0,2735.5714285714284,0.0476190476190476,Monsoon,0
2026-06-08,Rice,3,Mysuru,Small,T. Narasipura APMC,2100,2100,2100,Karnataka,Broken Rice,2026,6,0,2200.0,2500.0,2678.428571428572,-0.0454545454545454,Monsoon,0
2026-06-08,Rice,3,Mysuru,Small,T. Narasipura APMC,2500,2500,2500,Karnataka,Other,2026,6,0,2100.0,2300.0,2707.0,0.1904761904761904,Monsoon,0
2026-06-12,Rice,3,Mysuru,Small,T. Narasipura APMC,2300,2200,2300,Karnataka,Broken Rice,2026,6,4,2500.0,2300.0,2707.0,-0.0799999999999999,Monsoon,0
2026-06-15,Rice,3,Mysuru,Small,T. Narasipura APMC,2200,2200,2200,Karnataka,Broken Rice,2026,6,0,2300.0,2200.0,2707.0,-0.0434782608695651,Monsoon,0
2026-06-22,Rice,3,Mysuru,Small,T. Narasipura APMC,2500,2500,2500,Karnataka,Other,2026,6,0,2200.0,5549.0,2271.428571428572,0.1363636363636364,Monsoon,0
2026-07-02,Rice,3,Mysuru,Small,T. Narasipura APMC,2300,2300,2300,Karnataka,Broken Rice,2026,7,3,2500.0,2100.0,2300.0,-0.0799999999999999,Monsoon,0
2026-07-04,Rice,3,Mysuru,Small,T. Narasipura APMC,2500,2500,2500,Karnataka,Broken Rice,2026,7,5,2300.0,2200.0,2342.8571428571427,0.0869565217391303,Monsoon,0
2026-07-04,Rice,3,Mysuru,Small,T. Narasipura APMC,2600,2600,2600,Karnataka,Other,2026,7,5,2500.0,2100.0,2414.285714285714,0.04,Monsoon,0
2026-07-13,Rice,3,Mysuru,Small,T. Narasipura APMC,2400,2400,2400,Karnataka,Broken Rice,2026,7,0,2600.0,2500.0,2400.0,-0.0769230769230768,Monsoon,0
2026-07-14,Rice,3,Mysuru,Small,T. Narasipura APMC,2500,2500,2500,Karnataka,Other,2026,7,1,2400.0,2300.0,2428.5714285714284,0.0416666666666667,Monsoon,0
2026-07-15,Rice,3,Mysuru,Small,T. Narasipura APMC,2600,2550,2600,Karnataka,Other,2026,7,2,2500.0,2200.0,2485.714285714286,0.04,Monsoon,0
2026-07-16,Rice,3,Mysuru,Small,T. Narasipura APMC,2600,2600,2600,Karnataka,Other,2026,7,3,2600.0,2500.0,2500.0,0.0,Monsoon,0
2026-07-17,Rice,3,Mysuru,Small,T. Narasipura APMC,2500,2500,2500,Karnataka,Other,2026,7,4,2600.0,2300.0,2528.5714285714284,-0.0384615384615384,Monsoon,0
2026-07-18,Rice,3,Mysuru,Small,T. Narasipura APMC,2400,2300,2400,Karnataka,Broken Rice,2026,7,5,2500.0,2500.0,2514.285714285714,-0.04,Monsoon,0
2026-07-19,Rice,3,Mysuru,Small,T. Narasipura APMC,2400,2400,2400,Karnataka,Broken Rice,2026,7,6,2400.0,2600.0,2485.714285714286,0.0,Monsoon,0
2026-07-22,Rice,3,Mysuru,Small,T. Narasipura APMC,3530,2500,2500,Karnataka,Other,2026,7,2,2400.0,2400.0,2500.0,0.0416666666666667,Monsoon,0
2026-07-24,Rice,3,Mysuru,Small,T. Narasipura APMC,2500,2500,2500,Karnataka,Other,2026,7,4,2500.0,2500.0,2500.0,0.0,Monsoon,0
2026-07-25,Rice,3,Mysuru,Small,T. Narasipura APMC,2200,1800,1800,Karnataka,Broken Rice,2026,7,5,2500.0,2600.0,2385.714285714286,-0.28,Monsoon,1
2026-07-27,Rice,3,Mysuru,Small,T. Narasipura APMC,2400,2400,2400,Karnataka,Broken Rice,2026,7,0,1800.0,2600.0,2357.1428571428573,0.3333333333333332,Monsoon,0
2026-07-29,Rice,3,Mysuru,Small,T. Narasipura APMC,2200,2200,2200,Karnataka,Broken Rice,2026,7,2,2400.0,2500.0,2314.285714285714,-0.0833333333333333,Monsoon,0
2026-07-29,Rice,3,Mysuru,Small,T. Narasipura APMC,3650,2500,2500,Karnataka,Other,2026,7,2,2200.0,2400.0,2328.5714285714284,0.1363636363636364,Monsoon,0
2026-07-30,Rice,3,Mysuru,Small,T. Narasipura APMC,2500,2500,2500,Karnataka,Other,2026,7,3,2500.0,2400.0,2342.8571428571427,0.0,Monsoon,0
2026-08-01,Rice,3,Mysuru,Small,T. Narasipura APMC,2500,2400,2500,Karnataka,Other,2026,8,5,2500.0,2500.0,2342.8571428571427,0.0,Monsoon,0
2026-08-01,Rice,3,Mysuru,Small,T. Narasipura APMC,2400,2400,2400,Karnataka,Broken Rice,2026,8,5,2500.0,2500.0,2328.5714285714284,-0.04,Monsoon,0
2026-08-02,Rice,3,Mysuru,Small,T. Narasipura APMC,2500,2500,2500,Karnataka,Other,2026,8,6,2400.0,1800.0,2428.5714285714284,0.0416666666666667,Monsoon,0
2026-08-02,Rice,3,Mysuru,Small,T. Narasipura APMC,2400,2400,2400,Karnataka,Broken Rice,2026,8,6,2500.0,2400.0,2428.5714285714284,-0.04,Monsoon,0
2026-08-04,Rice,3,Mysuru,Small,T. Narasipura APMC,2400,2400,2400,Karnataka,Broken Rice,2026,8,1,2400.0,2200.0,2457.1428571428573,0.0,Monsoon,0
2026-04-15,Tomato,78,Belagavi,Large,Belgaum APMC,1250,750,1100,Karnataka,Tomato,2026,4,2,1000.0,,1050.0,0.1,Summer,0
2026-04-17,Tomato,78,Belagavi,Large,Belgaum APMC,1500,1200,1350,Karnataka,Tomato,2026,4,4,1100.0,,1150.0,0.2272727272727273,Summer,0
2026-04-04,Tomato,78,Bengaluru,Local,"Binny Mill (F&V), Bengaluru APMC",1500,1300,1400,Karnataka,Tomato,2026,4,5,1400.0,,1400.0,0.0,Summer,0
2026-04-06,Tomato,78,Bengaluru,Local,"Binny Mill (F&V), Bengaluru APMC",1500,1300,1400,Karnataka,Tomato,2026,4,0,1400.0,,1400.0,0.0,Summer,0
2026-04-07,Tomato,78,Bengaluru,Local,"Binny Mill (F&V), Bengaluru APMC",1600,1400,1500,Karnataka,Tomato,2026,4,1,1400.0,,1425.0,0.0714285714285714,Summer,0
2026-04-08,Tomato,78,Bengaluru,Local,"Binny Mill (F&V), Bengaluru APMC",1600,1400,1500,Karnataka,Tomato,2026,4,2,1500.0,,1440.0,0.0,Summer,0
2026-04-09,Tomato,78,Bengaluru,Local,"Binny Mill (F&V), Bengaluru APMC",1600,1400,1500,Karnataka,Tomato,2026,4,3,1500.0,,1450.0,0.0,Summer,0
2026-04-10,Tomato,78,Bengaluru,Local,"Binny Mill (F&V), Bengaluru APMC",1500,1200,1300,Karnataka,Tomato,2026,4,4,1500.0,,1428.571428571429,-0.1333333333333333,Summer,0
2026-04-13,Tomato,78,Bengaluru,Local,"Binny Mill (F&V), Bengaluru APMC",1600,1300,1400,Karnataka,Tomato,2026,4,0,1300.0,1400.0,1428.571428571429,0.0769230769230768,Summer,0
2026-04-15,Tomato,78,Bengaluru,Local,"Binny Mill (F&V), Bengaluru APMC",2100,1700,1900,Karnataka,Tomato,2026,4,2,1400.0,1400.0,1500.0,0.3571428571428572,Summer,0
2026-04-16,Tomato,78,Bengaluru,Local,"Binny Mill (F&V), Bengaluru APMC",2100,1700,1900,Karnataka,Tomato,2026,4,3,1900.0,1400.0,1571.428571428571,0.0,Summer,0
2026-04-17,Tomato,78,Bengaluru,Local,"Binny Mill (F&V), Bengaluru APMC",2200,1800,2000,Karnataka,Tomato,2026,4,4,1900.0,1500.0,1642.857142857143,0.0526315789473683,Summer,0
2026-04-18,Tomato,78,Bengaluru,Local,"Binny Mill (F&V), Bengaluru APMC",2300,1900,2100,Karnataka,Tomato,2026,4,5,2000.0,1500.0,1728.571428571429,0.05,Summer,0
2026-04-21,Tomato,78,Bengaluru,Local,"Binny Mill (F&V), Bengaluru APMC",2200,1800,2000,Karnataka,Tomato,2026,4,1,2100.0,1500.0,1800.0,-0.0476190476190476,Summer,0
2026-04-22,Tomato,78,Bengaluru,Local,"Binny Mill (F&V), Bengaluru APMC",2000,1700,1900,Karnataka,Tomato,2026,4,2,2000.0,1300.0,1885.7142857142856,-0.05,Summer,0
2026-04-23,Tomato,78,Bengaluru,Local,"Binny Mill (F&V), Bengaluru APMC",4000,3500,3700,Karnataka,Tomato,2026,4,3,1900.0,1400.0,2214.285714285714,0.9473684210526316,Summer,0
2026-04-24,Tomato,78,Bengaluru,Local,"Binny Mill (F&V), Bengaluru APMC",2200,1800,2000,Karnataka,Tomato,2026,4,4,3700.0,1900.0,2228.5714285714284,-0.4594594594594594,Summer,0
2026-04-27,Tomato,78,Bengaluru,Local,"Binny Mill (F&V), Bengaluru APMC",2600,2000,2400,Karnataka,Tomato,2026,4,0,2000.0,1900.0,2300.0,0.1999999999999999,Summer,0
2026-04-28,Tomato,78,Bengaluru,Local,"Binny Mill (F&V), Bengaluru APMC",2600,2000,2400,Karnataka,Tomato,2026,4,1,2400.0,2000.0,2357.1428571428573,0.0,Summer,0
2026-04-29,Tomato,78,Bengaluru,Local,"Binny Mill (F&V), Bengaluru APMC",3000,2700,2800,Karnataka,Tomato,2026,4,2,2400.0,2100.0,2457.1428571428573,0.1666666666666667,Summer,0
2026-04-30,Tomato,78,Bengaluru,Local,"Binny Mill (F&V), Bengaluru APMC",2600,2000,2400,Karnataka,Tomato,2026,4,3,2800.0,2000.0,2514.285714285714,-0.1428571428571429,Summer,0
2026-05-02,Tomato,78,Bengaluru,Local,"Binny Mill (F&V), Bengaluru APMC",3200,2900,3000,Karnataka,Tomato,2026,5,5,2400.0,1900.0,2671.428571428572,0.25,Summer,0
2026-05-04,Tomato,78,Bengaluru,Local,"Binny Mill (F&V), Bengaluru APMC",3200,2900,3000,Karnataka,Tomato,2026,5,0,3000.0,3700.0,2571.428571428572,0.0,Summer,0
2026-05-05,Tomato,78,Bengaluru,Local,"Binny Mill (F&V), Bengaluru APMC",3500,3000,3300,Karnataka,Tomato,2026,5,1,3000.0,2000.0,2757.1428571428573,0.1,Summer,0
2026-05-08,Tomato,78,Bengaluru,Local,"Binny Mill (F&V), Bengaluru APMC",3500,3300,3400,Karnataka,Tomato,2026,5,4,3300.0,2400.0,2900.0,0.0303030303030302,Summer,0
2026-05-11,Tomato,78,Bengaluru,Local,"Binny Mill (F&V), Bengaluru APMC",3600,3400,3500,Karnataka,Tomato,2026,5,0,3400.0,2400.0,3057.1428571428573,0.0294117647058822,Summer,0
2026-05-12,Tomato,78,Bengaluru,Local,"Binny Mill (F&V), Bengaluru APMC",3700,3500,3600,Karnataka,Tomato,2026,5,1,3500.0,2800.0,3171.428571428572,0.0285714285714284,Summer,0
2026-05-14,Tomato,78,Bengaluru,Local,"Binny Mill (F&V), Bengaluru APMC",3600,3200,3400,Karnataka,Tomato,2026,5,3,3600.0,2400.0,3314.285714285714,-0.0555555555555555,Summer,0
2026-05-15,Tomato,78,Bengaluru,Local,"Binny Mill (F&V), Bengaluru APMC",3400,3100,3300,Karnataka,Tomato,2026,5,4,3400.0,3000.0,3357.1428571428573,-0.0294117647058823,Summer,0
2026-05-20,Tomato,78,Bengaluru,Local,"Binny Mill (F&V), Bengaluru APMC",3300,3000,3200,Karnataka,Tomato,2026,5,2,3300.0,3000.0,3385.714285714286,-0.0303030303030302,Summer,0
2026-05-21,Tomato,78,Bengaluru,Local,"Binny Mill (F&V), Bengaluru APMC",3400,3200,3300,Karnataka,Tomato,2026,5,3,3200.0,3300.0,3385.714285714286,0.03125,Summer,0
2026-05-30,Tomato,78,Bengaluru,Local,"Binny Mill (F&V), Bengaluru APMC",3800,3500,3700,Karnataka,Tomato,2026,5,5,3300.0,3400.0,3428.5714285714284,0.1212121212121211,Summer,0
2026-06-01,Tomato,78,Bengaluru,Local,"Binny Mill (F&V), Bengaluru APMC",3800,3600,3700,Karnataka,Tomato,2026,6,0,3700.0,3500.0,3457.1428571428573,0.0,Monsoon,0
2026-06-02,Tomato,78,Bengaluru,Local,"Binny Mill (F&V), Bengaluru APMC",3600,3000,3400,Karnataka,Tomato,2026,6,1,3700.0,3600.0,3428.5714285714284,-0.081081081081081,Monsoon,0
2026-06-03,Tomato,78,Bengaluru,Local,"Binny Mill (F&V), Bengaluru APMC",3500,3200,3400,Karnataka,Tomato,2026,6,2,3400.0,3400.0,3428.5714285714284,0.0,Monsoon,0
2026-06-04,Tomato,78,Bengaluru,Local,"Binny Mill (F&V), Bengaluru APMC",3500,3200,3400,Karnataka,Tomato,2026,6,3,3400.0,3300.0,3442.8571428571427,0.0,Monsoon,0
2026-06-05,Tomato,78,Bengaluru,Local,"Binny Mill (F&V), Bengaluru APMC",3700,3000,3500,Karnataka,Tomato,2026,6,4,3400.0,3200.0,3485.714285714286,0.0294117647058822,Monsoon,0
2026-06-06,Tomato,78,Bengaluru,Local,"Binny Mill (F&V), Bengaluru APMC",3500,3200,3400,Karnataka,Tomato,2026,6,5,3500.0,3300.0,3500.0,-0.0285714285714285,Monsoon,0
2026-06-08,Tomato,78,Bengaluru,Local,"Binny Mill (F&V), Bengaluru APMC",3500,3200,3400,Karnataka,Tomato,2026,6,0,3400.0,3700.0,3457.1428571428573,0.0,Monsoon,0
2026-06-09,Tomato,78,Bengaluru,Local,"Binny Mill (F&V), Bengaluru APMC",3500,3000,3300,Karnataka,Tomato,2026,6,1,3400.0,3700.0,3400.0,-0.0294117647058823,Monsoon,0
2026-06-10,Tomato,78,Bengaluru,Local,"Binny Mill (F&V), Bengaluru APMC",3500,3000,3300,Karnataka,Tomato,2026,6,2,3300.0,3400.0,3385.714285714286,0.0,Monsoon,0
2026-06-11,Tomato,78,Bengaluru,Local,"Binny Mill (F&V), Bengaluru APMC",3500,3200,3400,Karnataka,Tomato,2026,6,3,3300.0,3400.0,3385.714285714286,0.0303030303030302,Monsoon,0
2026-06-12,Tomato,78,Bengaluru,Local,"Binny Mill (F&V), Bengaluru APMC",3500,3200,3400,Karnataka,Tomato,2026,6,4,3400.0,3400.0,3385.714285714286,0.0,Monsoon,0
2026-06-15,Tomato,78,Bengaluru,Local,"Binny Mill (F&V), Bengaluru APMC",3900,3500,3700,Karnataka,Tomato,2026,6,0,3400.0,3500.0,3414.285714285714,0.0882352941176469,Monsoon,0
2026-06-16,Tomato,78,Bengaluru,Local,"Binny Mill (F&V), Bengaluru APMC",3700,3300,3500,Karnataka,Tomato,2026,6,1,3700.0,3400.0,3428.5714285714284,-0.054054054054054,Monsoon,0
2026-06-17,Tomato,78,Bengaluru,Local,"Binny Mill (F&V), Bengaluru APMC",4000,3600,3800,Karnataka,Tomato,2026,6,2,3500.0,3400.0,3485.714285714286,0.0857142857142856,Monsoon,0
2026-06-18,Tomato,78,Bengaluru,Local,"Binny Mill (F&V), Bengaluru APMC",3500,3200,3400,Karnataka,Tomato,2026,6,3,3800.0,3300.0,3500.0,-0.1052631578947368,Monsoon,0
2026-06-19,Tomato,78,Bengaluru,Local,"Binny Mill (F&V), Bengaluru APMC",3600,3400,3500,Karnataka,Tomato,2026,6,4,3400.0,3300.0,3528.5714285714284,0.0294117647058822,Monsoon,0
2026-06-20,Tomato,78,Bengaluru,Local,"Binny Mill (F&V), Bengaluru APMC",3600,3400,3500,Karnataka,Tomato,2026,6,5,3500.0,3400.0,3542.8571428571427,0.0,Monsoon,0
2026-06-22,Tomato,78,Bengaluru,Local,"Binny Mill (F&V), Bengaluru APMC",2500,2200,2400,Karnataka,Tomato,2026,6,0,3500.0,3400.0,3400.0,-0.3142857142857143,Monsoon,0
2026-06-23,Tomato,78,Bengaluru,Local,"Binny Mill (F&V), Bengaluru APMC",2600,2300,2500,Karnataka,Tomato,2026,6,1,2400.0,3700.0,3228.5714285714284,0.0416666666666667,Monsoon,0
2026-06-24,Tomato,78,Bengaluru,Local,"Binny Mill (F&V), Bengaluru APMC",2800,2500,2700,Karnataka,Tomato,2026,6,2,2500.0,3500.0,3114.285714285714,0.08,Monsoon,0
2026-06-25,Tomato,78,Bengaluru,Local,"Binny Mill (F&V), Bengaluru APMC",2800,2500,2700,Karnataka,Tomato,2026,6,3,2700.0,3800.0,2957.1428571428573,0.0,Monsoon,0
2026-06-29,Tomato,78,Bengaluru,Local,"Binny Mill (F&V), Bengaluru APMC",2700,2400,2600,Karnataka,Tomato,2026,6,0,2700.0,3400.0,2842.8571428571427,-0.037037037037037,Monsoon,0
2026-06-30,Tomato,78,Bengaluru,Local,"Binny Mill (F&V), Bengaluru APMC",2600,2200,2400,Karnataka,Tomato,2026,6,1,2600.0,3500.0,2685.714285714286,-0.0769230769230768,Monsoon,0
2026-07-01,Tomato,78,Bengaluru,Local,"Binny Mill (F&V), Bengaluru APMC",2400,2000,2200,Karnataka,Tomato,2026,7,2,2400.0,3500.0,2500.0,-0.0833333333333333,Monsoon,0
2026-07-02,Tomato,78,Bengaluru,Local,"Binny Mill (F&V), Bengaluru APMC",2400,2000,2200,Karnataka,Tomato,2026,7,3,2200.0,2400.0,2471.428571428572,0.0,Monsoon,0
2026-07-03,Tomato,78,Bengaluru,Local,"Binny Mill (F&V), Bengaluru APMC",2400,2000,2300,Karnataka,Tomato,2026,7,4,2200.0,2500.0,2442.8571428571427,0.0454545454545454,Monsoon,0
2026-07-04,Tomato,78,Bengaluru,Local,"Binny Mill (F&V), Bengaluru APMC",2400,2000,2200,Karnataka,Tomato,2026,7,5,2300.0,2700.0,2371.428571428572,-0.0434782608695651,Monsoon,0
2026-07-06,Tomato,78,Bengaluru,Local,"Binny Mill (F&V), Bengaluru APMC",2200,2000,2100,Karnataka,Tomato,2026,7,0,2200.0,2700.0,2285.714285714286,-0.0454545454545454,Monsoon,0
2026-07-07,Tomato,78,Bengaluru,Local,"Binny Mill (F&V), Bengaluru APMC",2000,1500,1800,Karnataka,Tomato,2026,7,1,2100.0,2600.0,2171.428571428572,-0.1428571428571429,Monsoon,0
2026-07-08,Tomato,78,Bengaluru,Local,"Binny Mill (F&V), Bengaluru APMC",2100,1600,1900,Karnataka,Tomato,2026,7,2,1800.0,2400.0,2100.0,0.0555555555555555,Monsoon,0
2026-07-09,Tomato,78,Bengaluru,Local,"Binny Mill (F&V), Bengaluru APMC",1800,1500,1700,Karnataka,Tomato,2026,7,3,1900.0,2200.0,2028.571428571429,-0.1052631578947368,Monsoon,0
2026-07-10,Tomato,78,Bengaluru,Local,"Binny Mill (F&V), Bengaluru APMC",1800,1500,1700,Karnataka,Tomato,2026,7,4,1700.0,2200.0,1957.142857142857,0.0,Monsoon,0
2026-07-13,Tomato,78,Bengaluru,Local,"Binny Mill (F&V), Bengaluru APMC",2000,1700,1900,Karnataka,Tomato,2026,7,0,1700.0,2300.0,1900.0,0.1176470588235294,Monsoon,0
2026-07-14,Tomato,78,Bengaluru,Local,"Binny Mill (F&V), Bengaluru APMC",2000,1500,1800,Karnataka,Tomato,2026,7,1,1900.0,2200.0,1842.857142857143,-0.0526315789473684,Monsoon,0
2026-07-15,Tomato,78,Bengaluru,Local,"Binny Mill (F&V), Bengaluru APMC",1600,1400,1500,Karnataka,Tomato,2026,7,2,1800.0,2100.0,1757.142857142857,-0.1666666666666666,Monsoon,0
2026-07-16,Tomato,78,Bengaluru,Local,"Binny Mill (F&V), Bengaluru APMC",1700,1500,1600,Karnataka,Tomato,2026,7,3,1500.0,1800.0,1728.571428571429,0.0666666666666666,Monsoon,0
2026-07-17,Tomato,78,Bengaluru,Local,"Binny Mill (F&V), Bengaluru APMC",1800,1600,1700,Karnataka,Tomato,2026,7,4,1600.0,1900.0,1700.0,0.0625,Monsoon,0
2026-07-18,Tomato,78,Bengaluru,Local,"Binny Mill (F&V), Bengaluru APMC",1700,1400,1600,Karnataka,Tomato,2026,7,5,1700.0,1700.0,1685.7142857142858,-0.0588235294117647,Monsoon,0
2026-07-20,Tomato,78,Bengaluru,Local,"Binny Mill (F&V), Bengaluru APMC",1700,1500,1600,Karnataka,Tomato,2026,7,0,1600.0,1700.0,1671.428571428571,0.0,Monsoon,0
2026-07-21,Tomato,78,Bengaluru,Local,"Binny Mill (F&V), Bengaluru APMC",1700,1500,1600,Karnataka,Tomato,2026,7,1,1600.0,1900.0,1628.571428571429,0.0,Monsoon,0
2026-06-02,Tomato,78,Bengaluru,Local,Binny Mill (FF&V) Bengaluru APMC,3600,3000,3400,Karnataka,Tomato,2026,6,1,3700.0,,3550.0,-0.081081081081081,Monsoon,0
2026-06-03,Tomato,78,Bengaluru,Local,Binny Mill (FF&V) Bengaluru APMC,3500,3200,3400,Karnataka,Tomato,2026,6,2,3400.0,,3500.0,0.0,Monsoon,0
2026-06-04,Tomato,78,Bengaluru,Local,Binny Mill (FF&V) Bengaluru APMC,3500,3200,3400,Karnataka,Tomato,2026,6,3,3400.0,,3475.0,0.0,Monsoon,0
2026-06-05,Tomato,78,Bengaluru,Local,Binny Mill (FF&V) Bengaluru APMC,3700,3000,3500,Karnataka,Tomato,2026,6,4,3400.0,,3480.0,0.0294117647058822,Monsoon,0
2026-06-06,Tomato,78,Bengaluru,Local,Binny Mill (FF&V) Bengaluru APMC,3500,3200,3400,Karnataka,Tomato,2026,6,5,3500.0,,3466.6666666666665,-0.0285714285714285,Monsoon,0
2026-06-10,Tomato,78,Bengaluru,Local,Binny Mill (FF&V) Bengaluru APMC,3500,3000,3300,Karnataka,Tomato,2026,6,2,3400.0,,3442.8571428571427,-0.0294117647058823,Monsoon,0
2026-06-11,Tomato,78,Bengaluru,Local,Binny Mill (FF&V) Bengaluru APMC,3500,3200,3400,Karnataka,Tomato,2026,6,3,3300.0,3700.0,3400.0,0.0303030303030302,Monsoon,0
2026-06-12,Tomato,78,Bengaluru,Local,Binny Mill (FF&V) Bengaluru APMC,3500,3200,3400,Karnataka,Tomato,2026,6,4,3400.0,3400.0,3400.0,0.0,Monsoon,0
2026-06-17,Tomato,78,Bengaluru,Local,Binny Mill (FF&V) Bengaluru APMC,4000,3600,3800,Karnataka,Tomato,2026,6,2,3400.0,3400.0,3457.1428571428573,0.1176470588235294,Monsoon,0
2026-06-18,Tomato,78,Bengaluru,Local,Binny Mill (FF&V) Bengaluru APMC,3500,3200,3400,Karnataka,Tomato,2026,6,3,3800.0,3400.0,3457.1428571428573,-0.1052631578947368,Monsoon,0
2026-06-19,Tomato,78,Bengaluru,Local,Binny Mill (FF&V) Bengaluru APMC,3600,3400,3500,Karnataka,Tomato,2026,6,4,3400.0,3500.0,3457.1428571428573,0.0294117647058822,Monsoon,0
2026-06-20,Tomato,78,Bengaluru,Local,Binny Mill (FF&V) Bengaluru APMC,3600,3400,3500,Karnataka,Tomato,2026,6,5,3500.0,3400.0,3471.428571428572,0.0,Monsoon,0
2026-06-22,Tomato,78,Bengaluru,Local,Binny Mill (FF&V) Bengaluru APMC,2500,2200,2400,Karnataka,Tomato,2026,6,0,3500.0,3300.0,3342.8571428571427,-0.3142857142857143,Monsoon,0
2026-06-24,Tomato,78,Bengaluru,Local,Binny Mill (FF&V) Bengaluru APMC,2800,2500,2700,Karnataka,Tomato,2026,6,2,2400.0,3400.0,3242.8571428571427,0.125,Monsoon,0
2026-06-25,Tomato,78,Bengaluru,Local,Binny Mill (FF&V) Bengaluru APMC,2800,2500,2700,Karnataka,Tomato,2026,6,3,2700.0,3400.0,3142.8571428571427,0.0,Monsoon,0
2026-06-29,Tomato,78,Bengaluru,Local,Binny Mill (FF&V) Bengaluru APMC,2700,2400,2600,Karnataka,Tomato,2026,6,0,2700.0,3800.0,2971.428571428572,-0.037037037037037,Monsoon,0
2026-06-30,Tomato,78,Bengaluru,Local,Binny Mill (FF&V) Bengaluru APMC,2600,2200,2400,Karnataka,Tomato,2026,6,1,2600.0,3400.0,2828.5714285714284,-0.0769230769230768,Monsoon,0
2026-07-02,Tomato,78,Bengaluru,Local,Binny Mill (FF&V) Bengaluru APMC,2400,2000,2200,Karnataka,Tomato,2026,7,3,2400.0,3500.0,2642.8571428571427,-0.0833333333333333,Monsoon,0
2026-07-04,Tomato,78,Bengaluru,Local,Binny Mill (FF&V) Bengaluru APMC,2400,2000,2200,Karnataka,Tomato,2026,7,5,2200.0,3500.0,2457.1428571428573,0.0,Monsoon,0
2026-07-06,Tomato,78,Bengaluru,Local,Binny Mill (FF&V) Bengaluru APMC,2200,2000,2100,Karnataka,Tomato,2026,7,0,2200.0,2400.0,2414.285714285714,-0.0454545454545454,Monsoon,0
2026-07-09,Tomato,78,Bengaluru,Local,Binny Mill (FF&V) Bengaluru APMC,1800,1500,1700,Karnataka,Tomato,2026,7,3,2100.0,2700.0,2271.428571428572,-0.1904761904761904,Monsoon,0
2026-07-10,Tomato,78,Bengaluru,Local,Binny Mill (FF&V) Bengaluru APMC,1800,1500,1700,Karnataka,Tomato,2026,7,4,1700.0,2700.0,2128.5714285714284,0.0,Monsoon,0
2026-07-13,Tomato,78,Bengaluru,Local,Binny Mill (FF&V) Bengaluru APMC,2000,1700,1900,Karnataka,Tomato,2026,7,0,1700.0,2600.0,2028.571428571429,0.1176470588235294,Monsoon,0
2026-07-15,Tomato,78,Bengaluru,Local,Binny Mill (FF&V) Bengaluru APMC,1600,1400,1500,Karnataka,Tomato,2026,7,2,1900.0,2400.0,1900.0,-0.2105263157894736,Monsoon,0
2026-07-16,Tomato,78,Bengaluru,Local,Binny Mill (FF&V) Bengaluru APMC,1700,1500,1600,Karnataka,Tomato,2026,7,3,1500.0,2200.0,1814.2857142857144,0.0666666666666666,Monsoon,0
2026-07-18,Tomato,78,Bengaluru,Local,Binny Mill (FF&V) Bengaluru APMC,1700,1400,1600,Karnataka,Tomato,2026,7,5,1600.0,2200.0,1728.571428571429,0.0,Monsoon,0
2026-07-20,Tomato,78,Bengaluru,Local,Binny Mill (FF&V) Bengaluru APMC,1700,1500,1600,Karnataka,Tomato,2026,7,0,1600.0,2100.0,1657.142857142857,0.0,Monsoon,0
2026-07-21,Tomato,78,Bengaluru,Local,Binny Mill (FF&V) Bengaluru APMC,1700,1500,1600,Karnataka,Tomato,2026,7,1,1600.0,1700.0,1642.857142857143,0.0,Monsoon,0
2026-07-23,Tomato,78,Bengaluru,Local,Binny Mill (FF&V) Bengaluru APMC,1800,1600,1700,Karnataka,Tomato,2026,7,3,1600.0,1700.0,1642.857142857143,0.0625,Monsoon,0
2026-08-01,Tomato,78,Bengaluru,Local,Binny Mill (FF&V) Bengaluru APMC,2100,1900,2000,Karnataka,Tomato,2026,8,5,1700.0,1900.0,1657.142857142857,0.1764705882352941,Monsoon,0
2026-08-03,Tomato,78,Bengaluru,Local,Binny Mill (FF&V) Bengaluru APMC,2100,1900,2000,Karnataka,Tomato,2026,8,0,2000.0,1500.0,1728.571428571429,0.0,Monsoon,0
2026-08-05,Tomato,78,Bengaluru,Local,Binny Mill (FF&V) Bengaluru APMC,2200,2000,2100,Karnataka,Tomato,2026,8,2,2000.0,1600.0,1800.0,0.05,Monsoon,0
2026-08-07,Tomato,78,Bengaluru,Local,Binny Mill (FF&V) Bengaluru APMC,2000,1800,1900,Karnataka,Tomato,2026,8,4,2100.0,1600.0,1842.857142857143,-0.0952380952380952,Monsoon,0
2024-10-21,Tomato,78,Warangal,FAQ,Hanmarkonda(Rythu Bazar),5000,4800,5000,Telangana,Deshi,2024,10,0,5600.0,,5300.0,-0.1071428571428571,PostMonsoon,1
2024-10-24,Tomato,78,Warangal,FAQ,Hanmarkonda(Rythu Bazar),5600,5200,5600,Telangana,Deshi,2024,10,3,5000.0,,5400.0,0.1200000000000001,PostMonsoon,1
2024-11-01,Tomato,78,Warangal,FAQ,Hanmarkonda(Rythu Bazar),4400,4000,4000,Telangana,Deshi,2024,11,4,5600.0,,5050.0,-0.2857142857142857,PostMonsoon,0
2024-11-03,Tomato,78,Warangal,FAQ,Hanmarkonda(Rythu Bazar),4400,3600,4000,Telangana,Deshi,2024,11,6,4000.0,,4840.0,0.0,PostMonsoon,0
2024-11-07,Tomato,78,Warangal,FAQ,Hanmarkonda(Rythu Bazar),4000,3600,4000,Telangana,Deshi,2024,11,3,4000.0,,4700.0,0.0,PostMonsoon,0
2024-11-21,Tomato,78,Warangal,FAQ,Hanmarkonda(Rythu Bazar),4400,3600,4000,Telangana,Deshi,2024,11,3,4000.0,,4600.0,0.0,PostMonsoon,0
2024-11-22,Tomato,78,Warangal,FAQ,Hanmarkonda(Rythu Bazar),4400,4000,4400,Telangana,Deshi,2024,11,4,4000.0,5600.0,4428.571428571428,0.1,PostMonsoon,1
2026-07-22,Tomato,78,Mysuru,Medium,Hunsur APMC,2000,2000,2000,Karnataka,Tomato,2026,7,2,2000.0,,2000.0,0.0,Monsoon,0
2026-07-27,Tomato,78,Mysuru,Local,Hunsur APMC,2000,2000,2000,Karnataka,Tomato,2026,7,0,2000.0,,2000.0,0.0,Monsoon,0
2026-07-29,Tomato,78,Mysuru,Medium,Hunsur APMC,3000,3000,3000,Karnataka,Tomato,2026,7,2,2000.0,,2250.0,0.5,Monsoon,0
2026-07-30,Tomato,78,Mysuru,Medium,Hunsur APMC,3000,3000,3000,Karnataka,Tomato,2026,7,3,3000.0,,2400.0,0.0,Monsoon,0
2022-08-24,Tomato,78,Karimnagar,FAQ,Karimnagar,1750,1250,1500,Telangana,Hybrid,2022,8,2,2625.0,,2062.5,-0.4285714285714286,Monsoon,0
2022-08-25,Tomato,78,Karimnagar,FAQ,Karimnagar,1500,1250,1375,Telangana,Hybrid,2022,8,3,1500.0,,1833.3333333333333,-0.0833333333333333,Monsoon,0
2022-09-04,Tomato,78,Karimnagar,FAQ,Karimnagar,3500,2750,3125,Telangana,Hybrid,2022,9,6,1375.0,,2156.25,1.272727272727273,Monsoon,0
2022-09-15,Tomato,78,Karimnagar,FAQ,Karimnagar,3500,3000,3250,Telangana,Hybrid,2022,9,3,3125.0,,2375.0,0.04,Monsoon,0
2022-09-28,Tomato,78,Karimnagar,FAQ,Karimnagar,3000,2750,2875,Telangana,Hybrid,2022,9,2,3250.0,,2458.333333333333,-0.1153846153846154,Monsoon,0
2022-09-29,Tomato,78,Karimnagar,FAQ,Karimnagar,3250,3000,3125,Telangana,Hybrid,2022,9,3,2875.0,,2553.5714285714284,0.0869565217391303,Monsoon,0
2022-10-04,Tomato,78,Karimnagar,FAQ,Karimnagar,3000,2000,2750,Telangana,Hybrid,2022,10,1,3125.0,2625.0,2571.428571428572,-0.12,PostMonsoon,0
2022-10-05,Tomato,78,Karimnagar,FAQ,Karimnagar,3100,2750,2925,Telangana,Hybrid,2022,10,2,2750.0,1500.0,2775.0,0.0636363636363637,PostMonsoon,0
2022-10-08,Tomato,78,Karimnagar,FAQ,Karimnagar,3500,3000,3250,Telangana,Hybrid,2022,10,5,2925.0,1375.0,3042.8571428571427,0.1111111111111111,PostMonsoon,0
2022-10-12,Tomato,78,Karimnagar,FAQ,Karimnagar,3250,3000,3125,Telangana,Hybrid,2022,10,2,3250.0,3125.0,3042.8571428571427,-0.0384615384615384,PostMonsoon,0
2022-10-29,Tomato,78,Karimnagar,FAQ,Karimnagar,2000,1750,1875,Telangana,Hybrid,2022,10,5,3125.0,3250.0,2846.428571428572,-0.4,PostMonsoon,0
2022-11-02,Tomato,78,Karimnagar,FAQ,Karimnagar,1750,1250,1500,Telangana,Hybrid,2022,11,2,1875.0,2875.0,2650.0,-0.1999999999999999,PostMonsoon,0
2022-11-04,Tomato,78,Karimnagar,FAQ,Karimnagar,1750,1500,1625,Telangana,Hybrid,2022,11,4,1500.0,3125.0,2435.714285714286,0.0833333333333332,PostMonsoon,0
2022-11-05,Tomato,78,Karimnagar,FAQ,Karimnagar,1750,1500,1625,Telangana,Hybrid,2022,11,5,1625.0,2750.0,2275.0,0.0,PostMonsoon,0
2022-11-09,Tomato,78,Karimnagar,FAQ,Karimnagar,1500,1500,1500,Telangana,Hybrid,2022,11,2,1625.0,2925.0,2071.428571428572,-0.0769230769230768,PostMonsoon,0
2022-11-15,Tomato,78,Karimnagar,FAQ,Karimnagar,1500,1125,1250,Telangana,Hybrid,2022,11,1,1500.0,3250.0,1785.7142857142858,-0.1666666666666666,PostMonsoon,0
2022-11-20,Tomato,78,Karimnagar,FAQ,Karimnagar,1500,1250,1375,Telangana,Hybrid,2022,11,6,1250.0,3125.0,1535.7142857142858,0.1,PostMonsoon,0
2022-11-23,Tomato,78,Karimnagar,FAQ,Karimnagar,1250,1000,1125,Telangana,Hybrid,2022,11,2,1375.0,1875.0,1428.571428571429,-0.1818181818181817,PostMonsoon,0
2022-11-30,Tomato,78,Karimnagar,FAQ,Karimnagar,900,750,825,Telangana,Hybrid,2022,11,2,1125.0,1500.0,1332.142857142857,-0.2666666666666667,PostMonsoon,1
2022-12-03,Tomato,78,Karimnagar,FAQ,Karimnagar,1250,1000,1125,Telangana,Hybrid,2022,12,5,825.0,1625.0,1260.7142857142858,0.3636363636363635,Winter,0
2022-12-12,Tomato,78,Karimnagar,FAQ,Karimnagar,750,650,700,Telangana,Hybrid,2022,12,0,1125.0,1625.0,1128.571428571429,-0.3777777777777777,Winter,0
2022-12-28,Tomato,78,Karimnagar,FAQ,Karimnagar,500,500,500,Telangana,Hybrid,2022,12,2,700.0,1500.0,985.7142857142856,-0.2857142857142857,Winter,1
2022-01-11,Tomato,78,Karimnagar,FAQ,Karimnagar(Rythu Bazar),3000,2500,2500,Telangana,Deshi,2022,1,1,2500.0,,2500.0,0.0,Winter,0
2022-02-05,Tomato,78,Karimnagar,FAQ,Karimnagar(Rythu Bazar),2500,2000,2000,Telangana,Deshi,2022,2,5,2500.0,,2333.333333333333,-0.1999999999999999,Winter,0
2022-03-11,Tomato,78,Karimnagar,FAQ,Karimnagar(Rythu Bazar),2000,1200,1500,Telangana,Deshi,2022,3,4,2000.0,,2125.0,-0.25,Summer,0
2022-04-12,Tomato,78,Karimnagar,FAQ,Karimnagar(Rythu Bazar),1500,800,1000,Telangana,Deshi,2022,4,1,1500.0,,1900.0,-0.3333333333333333,Summer,0
2022-04-13,Tomato,78,Karimnagar,FAQ,Karimnagar(Rythu Bazar),1500,1000,1200,Telangana,Deshi,2022,4,2,1000.0,,1783.3333333333333,0.1999999999999999,Summer,0
2022-04-16,Tomato,78,Karimnagar,FAQ,Karimnagar(Rythu Bazar),1500,1000,1200,Telangana,Deshi,2022,4,5,1200.0,,1700.0,0.0,Summer,0
2022-06-20,Tomato,78,Karimnagar,FAQ,Karimnagar(Rythu Bazar),5000,4500,4800,Telangana,Deshi,2022,6,0,1200.0,2500.0,2028.571428571429,3.0,Monsoon,1
2022-06-21,Tomato,78,Karimnagar,FAQ,Karimnagar(Rythu Bazar),5000,4200,4500,Telangana,Deshi,2022,6,1,4800.0,2500.0,2314.285714285714,-0.0625,Monsoon,1
2022-06-22,Tomato,78,Karimnagar,FAQ,Karimnagar(Rythu Bazar),4500,4400,4500,Telangana,Deshi,2022,6,2,4500.0,2000.0,2671.428571428572,0.0,Monsoon,1
2022-06-26,Tomato,78,Karimnagar,FAQ,Karimnagar(Rythu Bazar),4500,3800,4000,Telangana,Deshi,2022,6,6,4500.0,1500.0,3028.5714285714284,-0.1111111111111111,Monsoon,0
2022-07-13,Tomato,78,Karimnagar,FAQ,Karimnagar(Rythu Bazar),3500,2500,3000,Telangana,Deshi,2022,7,2,4000.0,1000.0,3314.285714285714,-0.25,Monsoon,0
2022-07-15,Tomato,78,Karimnagar,FAQ,Karimnagar(Rythu Bazar),3500,2500,3000,Telangana,Deshi,2022,7,4,3000.0,1200.0,3571.428571428572,0.0,Monsoon,0
2022-07-26,Tomato,78,Karimnagar,FAQ,Karimnagar(Rythu Bazar),3000,2000,2500,Telangana,Deshi,2022,7,1,3000.0,1200.0,3757.142857142857,-0.1666666666666666,Monsoon,0
2022-07-27,Tomato,78,Karimnagar,FAQ,Karimnagar(Rythu Bazar),3000,2000,2500,Telangana,Deshi,2022,7,2,2500.0,4800.0,3428.5714285714284,0.0,Monsoon,0
2022-07-29,Tomato,78,Karimnagar,FAQ,Karimnagar(Rythu Bazar),3000,2000,2500,Telangana,Deshi,2022,7,4,2500.0,4500.0,3142.8571428571427,0.0,Monsoon,0
2022-08-03,Tomato,78,Karimnagar,FAQ,Karimnagar(Rythu Bazar),3000,2000,2500,Telangana,Deshi,2022,8,2,2500.0,4500.0,2857.1428571428573,0.0,Monsoon,0
2022-08-04,Tomato,78,Karimnagar,FAQ,Karimnagar(Rythu Bazar),2500,2000,2500,Telangana,Deshi,2022,8,3,2500.0,4000.0,2642.8571428571427,0.0,Monsoon,0
2022-09-22,Tomato,78,Karimnagar,FAQ,Karimnagar(Rythu Bazar),3000,2000,2500,Telangana,Deshi,2022,9,3,2500.0,3000.0,2571.428571428572,0.0,Monsoon,0
2022-10-13,Tomato,78,Karimnagar,FAQ,Karimnagar(Rythu Bazar),4000,3000,3500,Telangana,Deshi,2022,10,3,2500.0,3000.0,2642.8571428571427,0.3999999999999999,PostMonsoon,0
2022-12-18,Tomato,78,Karimnagar,FAQ,Karimnagar(Rythu Bazar),1200,1000,1000,Telangana,Deshi,2022,12,6,3500.0,2500.0,2428.5714285714284,-0.7142857142857143,Winter,0
2022-01-10,Tomato,78,Nalgonda,FAQ,Miryalguda(Rythu Bazar),3000,2500,2700,Telangana,Deshi,2022,1,0,2600.0,,2650.0,0.0384615384615385,Winter,0
2022-01-11,Tomato,78,Nalgonda,FAQ,Miryalguda(Rythu Bazar),2900,2500,2700,Telangana,Deshi,2022,1,1,2700.0,,2666.6666666666665,0.0,Winter,0
2022-01-17,Tomato,78,Nalgonda,FAQ,Miryalguda(Rythu Bazar),2400,2000,2200,Telangana,Deshi,2022,1,0,2700.0,,2550.0,-0.1851851851851852,Winter,0
2022-01-29,Tomato,78,Nalgonda,FAQ,Miryalguda(Rythu Bazar),1600,1400,1500,Telangana,Deshi,2022,1,5,2200.0,,2340.0,-0.3181818181818182,Winter,0
2022-02-02,Tomato,78,Nalgonda,FAQ,Miryalguda(Rythu Bazar),1600,1400,1500,Telangana,Deshi,2022,2,2,1500.0,,2200.0,0.0,Winter,0
2022-02-03,Tomato,78,Nalgonda,FAQ,Miryalguda(Rythu Bazar),1600,1400,1500,Telangana,Deshi,2022,2,3,1500.0,,2100.0,0.0,Winter,0
2022-02-08,Tomato,78,Nalgonda,FAQ,Miryalguda(Rythu Bazar),1400,1200,1300,Telangana,Deshi,2022,2,1,1500.0,2600.0,1914.2857142857144,-0.1333333333333333,Winter,0
2022-03-02,Tomato,78,Nalgonda,FAQ,Miryalguda(Rythu Bazar),800,600,700,Telangana,Deshi,2022,3,2,1300.0,2700.0,1628.571428571429,-0.4615384615384615,Summer,0
2022-03-12,Tomato,78,Nalgonda,FAQ,Miryalguda(Rythu Bazar),1000,800,900,Telangana,Deshi,2022,3,5,700.0,2700.0,1371.428571428571,0.2857142857142858,Summer,0
2022-03-14,Tomato,78,Nalgonda,FAQ,Miryalguda(Rythu Bazar),1000,800,900,Telangana,Deshi,2022,3,0,900.0,2200.0,1185.7142857142858,0.0,Summer,0
2022-03-16,Tomato,78,Nalgonda,FAQ,Miryalguda(Rythu Bazar),1000,800,900,Telangana,Deshi,2022,3,2,900.0,1500.0,1100.0,0.0,Summer,0
2022-03-17,Tomato,78,Nalgonda,FAQ,Miryalguda(Rythu Bazar),1000,800,900,Telangana,Deshi,2022,3,3,900.0,1500.0,1014.2857142857144,0.0,Summer,0
2022-03-26,Tomato,78,Nalgonda,FAQ,Miryalguda(Rythu Bazar),900,700,800,Telangana,Deshi,2022,3,5,900.0,1500.0,914.2857142857144,-0.1111111111111111,Summer,1
2022-04-20,Tomato,78,Nalgonda,FAQ,Miryalguda(Rythu Bazar),1500,1200,1400,Telangana,Deshi,2022,4,2,800.0,1300.0,928.5714285714286,0.75,Summer,0
2022-04-22,Tomato,78,Nalgonda,FAQ,Miryalguda(Rythu Bazar),2000,1500,1700,Telangana,Deshi,2022,4,4,1400.0,700.0,1071.428571428571,0.2142857142857142,Summer,0
2022-04-23,Tomato,78,Nalgonda,FAQ,Miryalguda(Rythu Bazar),2200,1800,2000,Telangana,Deshi,2022,4,5,1700.0,900.0,1228.571428571429,0.1764705882352941,Summer,0
2022-06-03,Tomato,78,Nalgonda,FAQ,Miryalguda(Rythu Bazar),6500,6000,6300,Telangana,Deshi,2022,6,4,2000.0,900.0,2000.0,2.15,Monsoon,1
2022-06-19,Tomato,78,Nalgonda,FAQ,Miryalguda(Rythu Bazar),6000,5600,5800,Telangana,Deshi,2022,6,6,6300.0,900.0,2700.0,-0.0793650793650794,Monsoon,1
2022-06-20,Tomato,78,Nalgonda,FAQ,Miryalguda(Rythu Bazar),6000,5600,5800,Telangana,Deshi,2022,6,0,5800.0,900.0,3400.0,0.0,Monsoon,1
2022-07-11,Tomato,78,Nalgonda,FAQ,Miryalguda(Rythu Bazar),1600,1400,1500,Telangana,Deshi,2022,7,0,5800.0,800.0,3500.0,-0.7413793103448276,Monsoon,0
2022-07-23,Tomato,78,Nalgonda,FAQ,Miryalguda(Rythu Bazar),2000,1800,1900,Telangana,Deshi,2022,7,5,1500.0,1400.0,3571.428571428572,0.2666666666666666,Monsoon,0
2022-07-24,Tomato,78,Nalgonda,FAQ,Miryalguda(Rythu Bazar),2000,1600,1800,Telangana,Deshi,2022,7,6,1900.0,1700.0,3585.714285714286,-0.0526315789473684,Monsoon,0
2022-08-04,Tomato,78,Nalgonda,FAQ,Miryalguda(Rythu Bazar),1600,1200,1400,Telangana,Deshi,2022,8,3,1800.0,2000.0,3500.0,-0.2222222222222222,Monsoon,0
2022-08-05,Tomato,78,Nalgonda,FAQ,Miryalguda(Rythu Bazar),1400,1200,1400,Telangana,Deshi,2022,8,4,1400.0,6300.0,2800.0,0.0,Monsoon,0
2022-09-13,Tomato,78,Nalgonda,FAQ,Miryalguda(Rythu Bazar),4000,3600,3800,Telangana,Deshi,2022,9,1,1400.0,5800.0,2514.285714285714,1.7142857142857144,Monsoon,0
2022-09-16,Tomato,78,Nalgonda,FAQ,Miryalguda(Rythu Bazar),4000,3600,3800,Telangana,Deshi,2022,9,4,3800.0,5800.0,2228.5714285714284,0.0,Monsoon,0
2022-09-24,Tomato,78,Nalgonda,FAQ,Miryalguda(Rythu Bazar),2400,2400,2400,Telangana,Deshi,2022,9,5,3800.0,1500.0,2357.1428571428573,-0.368421052631579,Monsoon,0
2022-09-27,Tomato,78,Nalgonda,FAQ,Miryalguda(Rythu Bazar),3800,3600,3800,Telangana,Deshi,2022,9,1,2400.0,1900.0,2628.5714285714284,0.5833333333333333,Monsoon,0
2022-10-04,Tomato,78,Nalgonda,FAQ,Miryalguda(Rythu Bazar),4800,4600,4800,Telangana,Deshi,2022,10,1,3800.0,1800.0,3057.1428571428573,0.263157894736842,PostMonsoon,1
2022-10-07,Tomato,78,Nalgonda,FAQ,Miryalguda(Rythu Bazar),4000,3600,3800,Telangana,Deshi,2022,10,4,4800.0,1400.0,3400.0,-0.2083333333333333,PostMonsoon,0
2022-10-08,Tomato,78,Nalgonda,FAQ,Miryalguda(Rythu Bazar),3600,3400,3600,Telangana,Deshi,2022,10,5,3800.0,1400.0,3714.285714285714,-0.0526315789473684,PostMonsoon,0
2022-10-12,Tomato,78,Nalgonda,FAQ,Miryalguda(Rythu Bazar),4000,3800,3900,Telangana,Deshi,2022,10,2,3600.0,3800.0,3728.571428571429,0.0833333333333332,PostMonsoon,0
2022-10-14,Tomato,78,Nalgonda,FAQ,Miryalguda(Rythu Bazar),4000,4000,4000,Telangana,Deshi,2022,10,4,3900.0,3800.0,3757.142857142857,0.0256410256410255,PostMonsoon,0
2022-10-20,Tomato,78,Nalgonda,FAQ,Miryalguda(Rythu Bazar),4000,3800,4000,Telangana,Deshi,2022,10,3,4000.0,2400.0,3985.714285714286,0.0,PostMonsoon,0
2022-10-26,Tomato,78,Nalgonda,FAQ,Miryalguda(Rythu Bazar),3000,2800,3000,Telangana,Deshi,2022,10,2,4000.0,3800.0,3871.428571428572,-0.25,PostMonsoon,0
2022-11-06,Tomato,78,Nalgonda,FAQ,Miryalguda(Rythu Bazar),2000,2000,2000,Telangana,Deshi,2022,11,6,3000.0,4800.0,3471.428571428572,-0.3333333333333333,PostMonsoon,0
2022-11-08,Tomato,78,Nalgonda,FAQ,Miryalguda(Rythu Bazar),2000,2000,2000,Telangana,Deshi,2022,11,1,2000.0,3800.0,3214.285714285714,0.0,PostMonsoon,0
2022-11-11,Tomato,78,Nalgonda,FAQ,Miryalguda(Rythu Bazar),2000,2000,2000,Telangana,Deshi,2022,11,4,2000.0,3600.0,2985.714285714286,0.0,PostMonsoon,0
2022-11-18,Tomato,78,Nalgonda,FAQ,Miryalguda(Rythu Bazar),2000,1800,2000,Telangana,Deshi,2022,11,4,2000.0,3900.0,2714.285714285714,0.0,PostMonsoon,0
2022-11-19,Tomato,78,Nalgonda,FAQ,Miryalguda(Rythu Bazar),2000,2000,2000,Telangana,Deshi,2022,11,5,2000.0,4000.0,2428.5714285714284,0.0,PostMonsoon,0
2022-11-21,Tomato,78,Nalgonda,FAQ,Miryalguda(Rythu Bazar),2000,2000,2000,Telangana,Deshi,2022,11,0,2000.0,4000.0,2142.8571428571427,0.0,PostMonsoon,0
2022-11-23,Tomato,78,Nalgonda,FAQ,Miryalguda(Rythu Bazar),2000,2000,2000,Telangana,Deshi,2022,11,2,2000.0,3000.0,2000.0,0.0,PostMonsoon,0
2022-11-25,Tomato,78,Nalgonda,FAQ,Miryalguda(Rythu Bazar),2000,2000,2000,Telangana,Deshi,2022,11,4,2000.0,2000.0,2000.0,0.0,PostMonsoon,0
2022-11-27,Tomato,78,Nalgonda,FAQ,Miryalguda(Rythu Bazar),2000,1600,1800,Telangana,Deshi,2022,11,6,2000.0,2000.0,1971.4285714285716,-0.0999999999999999,PostMonsoon,0
2022-12-01,Tomato,78,Nalgonda,FAQ,Miryalguda(Rythu Bazar),1400,1400,1400,Telangana,Deshi,2022,12,3,1800.0,2000.0,1885.7142857142856,-0.2222222222222222,Winter,0
2022-12-08,Tomato,78,Nalgonda,FAQ,Miryalguda(Rythu Bazar),1400,1200,1300,Telangana,Deshi,2022,12,3,1400.0,2000.0,1785.7142857142858,-0.0714285714285714,Winter,0
2022-12-10,Tomato,78,Nalgonda,FAQ,Miryalguda(Rythu Bazar),1200,1200,1200,Telangana,Deshi,2022,12,5,1300.0,2000.0,1671.428571428571,-0.0769230769230768,Winter,0
2022-12-16,Tomato,78,Nalgonda,FAQ,Miryalguda(Rythu Bazar),1400,1200,1300,Telangana,Deshi,2022,12,4,1200.0,2000.0,1571.428571428571,0.0833333333333332,Winter,0
2022-12-17,Tomato,78,Nalgonda,FAQ,Miryalguda(Rythu Bazar),1400,1200,1300,Telangana,Deshi,2022,12,5,1300.0,2000.0,1471.428571428571,0.0,Winter,0
2022-12-22,Tomato,78,Nalgonda,FAQ,Miryalguda(Rythu Bazar),1400,1400,1400,Telangana,Deshi,2022,12,3,1300.0,2000.0,1385.7142857142858,0.0769230769230768,Winter,0
2022-12-23,Tomato,78,Nalgonda,FAQ,Miryalguda(Rythu Bazar),1400,1200,1300,Telangana,Deshi,2022,12,4,1400.0,1800.0,1314.2857142857142,-0.0714285714285714,Winter,0
2022-12-24,Tomato,78,Nalgonda,FAQ,Miryalguda(Rythu Bazar),1400,1400,1400,Telangana,Deshi,2022,12,5,1300.0,1400.0,1314.2857142857142,0.0769230769230768,Winter,0
2022-12-25,Tomato,78,Nalgonda,FAQ,Miryalguda(Rythu Bazar),1400,1400,1400,Telangana,Deshi,2022,12,6,1400.0,1300.0,1328.571428571429,0.0,Winter,0
2022-12-26,Tomato,78,Nalgonda,FAQ,Miryalguda(Rythu Bazar),1400,1200,1300,Telangana,Deshi,2022,12,0,1400.0,1200.0,1342.857142857143,-0.0714285714285714,Winter,0
2022-12-28,Tomato,78,Nalgonda,FAQ,Miryalguda(Rythu Bazar),1200,1200,1200,Telangana,Deshi,2022,12,2,1300.0,1300.0,1328.571428571429,-0.0769230769230768,Winter,0
2022-12-29,Tomato,78,Nalgonda,FAQ,Miryalguda(Rythu Bazar),1000,1000,1000,Telangana,Deshi,2022,12,3,1200.0,1300.0,1285.7142857142858,-0.1666666666666666,Winter,0
2026-04-03,Tomato,78,Mysuru,Grade Range-1,Mysuru APMC,1000,800,900,Karnataka,Tomato,2026,4,4,1100.0,,1000.0,-0.1818181818181817,Summer,0
2026-04-05,Tomato,78,Mysuru,Grade Range-1,Mysuru APMC,1400,1200,1300,Karnataka,Tomato,2026,4,6,900.0,,1100.0,0.4444444444444444,Summer,0
2026-04-06,Tomato,78,Mysuru,Grade Range-1,Mysuru APMC,1400,1200,1300,Karnataka,Tomato,2026,4,0,1300.0,,1150.0,0.0,Summer,0
2026-04-07,Tomato,78,Mysuru,Grade Range-1,Mysuru APMC,1400,1200,1300,Karnataka,Tomato,2026,4,1,1300.0,,1180.0,0.0,Summer,0
2026-04-08,Tomato,78,Mysuru,Grade Range-1,Mysuru APMC,1400,1200,1300,Karnataka,Tomato,2026,4,2,1300.0,,1200.0,0.0,Summer,0
2026-04-09,Tomato,78,Mysuru,Grade Range-1,Mysuru APMC,1400,1200,1300,Karnataka,Tomato,2026,4,3,1300.0,,1214.2857142857142,0.0,Summer,0
2026-04-10,Tomato,78,Mysuru,Grade Range-1,Mysuru APMC,1600,1400,1500,Karnataka,Tomato,2026,4,4,1300.0,1100.0,1271.428571428571,0.1538461538461537,Summer,0
2026-04-12,Tomato,78,Mysuru,Grade Range-1,Mysuru APMC,2600,2400,2500,Karnataka,Tomato,2026,4,6,1500.0,900.0,1500.0,0.6666666666666667,Summer,0
2026-04-13,Tomato,78,Mysuru,Grade Range-1,Mysuru APMC,2200,2000,2100,Karnataka,Tomato,2026,4,0,2500.0,1300.0,1614.2857142857142,-0.16,Summer,0
2026-04-14,Tomato,78,Mysuru,Grade Range-1,Mysuru APMC,1500,1300,1400,Karnataka,Tomato,2026,4,1,2100.0,1300.0,1628.571428571429,-0.3333333333333333,Summer,0
2026-04-15,Tomato,78,Mysuru,Grade Range-1,Mysuru APMC,1800,1600,1700,Karnataka,Tomato,2026,4,2,1400.0,1300.0,1685.7142857142858,0.2142857142857142,Summer,0
2026-04-16,Tomato,78,Mysuru,Grade Range-1,Mysuru APMC,1800,1600,1700,Karnataka,Tomato,2026,4,3,1700.0,1300.0,1742.857142857143,0.0,Summer,0
2026-04-17,Tomato,78,Mysuru,Grade Range-1,Mysuru APMC,1900,1700,1800,Karnataka,Tomato,2026,4,4,1700.0,1300.0,1814.2857142857144,0.0588235294117647,Summer,0
2026-04-19,Tomato,78,Mysuru,Grade Range-1,Mysuru APMC,1900,1700,1800,Karnataka,Tomato,2026,4,6,1800.0,1500.0,1857.142857142857,0.0,Summer,0
2026-04-20,Tomato,78,Mysuru,Grade Range-1,Mysuru APMC,2000,1800,1900,Karnataka,Tomato,2026,4,0,1800.0,2500.0,1771.428571428571,0.0555555555555555,Summer,0
2026-04-21,Tomato,78,Mysuru,Grade Range-1,Mysuru APMC,3200,3000,3100,Karnataka,Tomato,2026,4,1,1900.0,2100.0,1914.2857142857144,0.631578947368421,Summer,0
2026-04-22,Tomato,78,Mysuru,Grade Range-1,Mysuru APMC,3200,3000,3100,Karnataka,Tomato,2026,4,2,3100.0,1400.0,2157.1428571428573,0.0,Summer,0
2026-04-23,Tomato,78,Mysuru,Grade Range-1,Mysuru APMC,3000,2800,2900,Karnataka,Tomato,2026,4,3,3100.0,1700.0,2328.5714285714284,-0.0645161290322581,Summer,0
2026-04-24,Tomato,78,Mysuru,Grade Range-1,Mysuru APMC,3300,3100,3200,Karnataka,Tomato,2026,4,4,2900.0,1700.0,2542.8571428571427,0.1034482758620689,Summer,0
2026-04-26,Tomato,78,Mysuru,Grade Range-1,Mysuru APMC,3500,3300,3400,Karnataka,Tomato,2026,4,6,3200.0,1800.0,2771.428571428572,0.0625,Summer,0
2026-04-27,Tomato,78,Mysuru,Grade Range-1,Mysuru APMC,3500,3300,3400,Karnataka,Tomato,2026,4,0,3400.0,1800.0,3000.0,0.0,Summer,0
2026-04-28,Tomato,78,Mysuru,Grade Range-1,Mysuru APMC,3500,3300,3400,Karnataka,Tomato,2026,4,1,3400.0,1900.0,3214.285714285714,0.0,Summer,0
2026-04-29,Tomato,78,Mysuru,Grade Range-1,Mysuru APMC,3500,3300,3400,Karnataka,Tomato,2026,4,2,3400.0,3100.0,3257.1428571428573,0.0,Summer,0
2026-04-30,Tomato,78,Mysuru,Grade Range-1,Mysuru APMC,3600,3400,3500,Karnataka,Tomato,2026,4,3,3400.0,3100.0,3314.285714285714,0.0294117647058822,Summer,0
2026-05-01,Tomato,78,Mysuru,Grade Range-1,Mysuru APMC,3300,3100,3200,Karnataka,Tomato,2026,5,4,3500.0,2900.0,3357.1428571428573,-0.0857142857142857,Summer,0
2026-05-04,Tomato,78,Mysuru,Grade Range-1,Mysuru APMC,3500,3300,3400,Karnataka,Tomato,2026,5,0,3200.0,3200.0,3385.714285714286,0.0625,Summer,0
2026-05-05,Tomato,78,Mysuru,Grade Range-1,Mysuru APMC,3700,3500,3600,Karnataka,Tomato,2026,5,1,3400.0,3400.0,3414.285714285714,0.0588235294117647,Summer,0
2026-05-06,Tomato,78,Mysuru,Grade Range-1,Mysuru APMC,3700,3500,3600,Karnataka,Tomato,2026,5,2,3600.0,3400.0,3442.8571428571427,0.0,Summer,0
2026-05-07,Tomato,78,Mysuru,Grade Range-1,Mysuru APMC,3800,3600,3700,Karnataka,Tomato,2026,5,3,3600.0,3400.0,3485.714285714286,0.0277777777777776,Summer,0
2026-05-08,Tomato,78,Mysuru,Medium,Mysuru APMC,3600,3400,3500,Karnataka,Tomato,2026,5,4,3700.0,3400.0,3500.0,-0.054054054054054,Summer,0
2026-05-10,Tomato,78,Mysuru,Medium,Mysuru APMC,3200,3000,3100,Karnataka,Tomato,2026,5,6,3500.0,3500.0,3442.8571428571427,-0.1142857142857143,Summer,0
2026-05-11,Tomato,78,Mysuru,Medium,Mysuru APMC,2800,2600,2700,Karnataka,Tomato,2026,5,0,3100.0,3200.0,3371.428571428572,-0.1290322580645161,Summer,0
2026-05-12,Tomato,78,Mysuru,Medium,Mysuru APMC,2800,2600,2700,Karnataka,Tomato,2026,5,1,2700.0,3400.0,3271.428571428572,0.0,Summer,0
2026-05-13,Tomato,78,Mysuru,Medium,Mysuru APMC,2800,2600,2700,Karnataka,Tomato,2026,5,2,2700.0,3600.0,3142.8571428571427,0.0,Summer,0
2026-05-14,Tomato,78,Mysuru,Medium,Mysuru APMC,3000,2800,2900,Karnataka,Tomato,2026,5,3,2700.0,3600.0,3042.8571428571427,0.0740740740740741,Summer,0
2026-05-15,Tomato,78,Mysuru,Medium,Mysuru APMC,3000,2800,2900,Karnataka,Tomato,2026,5,4,2900.0,3700.0,2928.5714285714284,0.0,Summer,0
2026-05-18,Tomato,78,Mysuru,Medium,Mysuru APMC,3500,3300,3400,Karnataka,Tomato,2026,5,0,2900.0,3500.0,2914.285714285714,0.1724137931034481,Summer,0
2026-05-19,Tomato,78,Mysuru,Medium,Mysuru APMC,3300,3100,3200,Karnataka,Tomato,2026,5,1,3400.0,3100.0,2928.5714285714284,-0.0588235294117647,Summer,0
2026-05-20,Tomato,78,Mysuru,Medium,Mysuru APMC,3300,3100,3200,Karnataka,Tomato,2026,5,2,3200.0,2700.0,3000.0,0.0,Summer,0
2026-05-21,Tomato,78,Mysuru,Medium,Mysuru APMC,3300,3100,3200,Karnataka,Tomato,2026,5,3,3200.0,2700.0,3071.428571428572,0.0,Summer,0
2026-05-22,Tomato,78,Mysuru,Medium,Mysuru APMC,3300,3100,3200,Karnataka,Tomato,2026,5,4,3200.0,2700.0,3142.8571428571427,0.0,Summer,0
2026-05-24,Tomato,78,Mysuru,Medium,Mysuru APMC,3500,3300,3400,Karnataka,Tomato,2026,5,6,3200.0,2900.0,3214.285714285714,0.0625,Summer,0
2026-05-25,Tomato,78,Mysuru,Medium,Mysuru APMC,3500,3300,3400,Karnataka,Tomato,2026,5,0,3400.0,2900.0,3285.714285714286,0.0,Summer,0
2026-05-26,Tomato,78,Mysuru,Medium,Mysuru APMC,3200,3000,3100,Karnataka,Tomato,2026,5,1,3400.0,3400.0,3242.8571428571427,-0.088235294117647,Summer,0
2026-05-27,Tomato,78,Mysuru,Medium,Mysuru APMC,3200,3000,3100,Karnataka,Tomato,2026,5,2,3100.0,3200.0,3228.5714285714284,0.0,Summer,0
2026-05-27,Tomato,78,Mysuru,Grade Range-1,Mysuru APMC,3200,3000,3100,Karnataka,Tomato,2026,5,2,3100.0,3200.0,3214.285714285714,0.0,Summer,0
2026-05-28,Tomato,78,Mysuru,Medium,Mysuru APMC,3200,3000,3100,Karnataka,Tomato,2026,5,3,3100.0,3200.0,3200.0,0.0,Summer,0
2026-05-29,Tomato,78,Mysuru,Medium,Mysuru APMC,3400,3200,3300,Karnataka,Tomato,2026,5,4,3100.0,3200.0,3214.285714285714,0.064516129032258,Summer,0
2026-05-31,Tomato,78,Mysuru,Medium,Mysuru APMC,3000,2800,2900,Karnataka,Tomato,2026,5,6,3300.0,3400.0,3142.8571428571427,-0.1212121212121212,Summer,0
2026-06-01,Tomato,78,Mysuru,Medium,Mysuru APMC,3200,3000,3100,Karnataka,Tomato,2026,6,0,2900.0,3400.0,3100.0,0.0689655172413792,Monsoon,0
2026-06-02,Tomato,78,Mysuru,Medium,Mysuru APMC,3300,3100,3200,Karnataka,Tomato,2026,6,1,3100.0,3100.0,3114.285714285714,0.032258064516129,Monsoon,0
2026-06-03,Tomato,78,Mysuru,Medium,Mysuru APMC,3300,3100,3200,Karnataka,Tomato,2026,6,2,3200.0,3100.0,3128.5714285714284,0.0,Monsoon,0
2026-06-04,Tomato,78,Mysuru,Medium,Mysuru APMC,3500,3300,3400,Karnataka,Tomato,2026,6,3,3200.0,3100.0,3171.428571428572,0.0625,Monsoon,0
2026-06-05,Tomato,78,Mysuru,Medium,Mysuru APMC,3200,3000,3100,Karnataka,Tomato,2026,6,4,3400.0,3100.0,3171.428571428572,-0.088235294117647,Monsoon,0
2026-06-07,Tomato,78,Mysuru,Medium,Mysuru APMC,3200,3000,3100,Karnataka,Tomato,2026,6,6,3100.0,3300.0,3142.8571428571427,0.0,Monsoon,0
2026-06-08,Tomato,78,Mysuru,Medium,Mysuru APMC,3200,3000,3100,Karnataka,Tomato,2026,6,0,3100.0,2900.0,3171.428571428572,0.0,Monsoon,0
2026-06-10,Tomato,78,Mysuru,Medium,Mysuru APMC,3500,3300,3400,Karnataka,Tomato,2026,6,2,3100.0,3100.0,3214.285714285714,0.096774193548387,Monsoon,0
2026-06-11,Tomato,78,Mysuru,Medium,Mysuru APMC,3500,3300,3400,Karnataka,Tomato,2026,6,3,3400.0,3200.0,3242.8571428571427,0.0,Monsoon,0
2026-06-12,Tomato,78,Mysuru,Medium,Mysuru APMC,3500,3300,3400,Karnataka,Tomato,2026,6,4,3400.0,3200.0,3271.428571428572,0.0,Monsoon,0
2026-06-14,Tomato,78,Mysuru,Medium,Mysuru APMC,3200,3000,3100,Karnataka,Tomato,2026,6,6,3400.0,3400.0,3228.5714285714284,-0.088235294117647,Monsoon,0
2026-06-16,Tomato,78,Mysuru,Medium,Mysuru APMC,3000,2800,2900,Karnataka,Tomato,2026,6,1,3100.0,3100.0,3200.0,-0.0645161290322581,Monsoon,0
2026-06-18,Tomato,78,Mysuru,Medium,Mysuru APMC,2700,2500,2600,Karnataka,Tomato,2026,6,3,2900.0,3100.0,3128.5714285714284,-0.1034482758620689,Monsoon,0
2026-06-21,Tomato,78,Mysuru,Medium,Mysuru APMC,2000,1800,1900,Karnataka,Tomato,2026,6,6,2600.0,3100.0,2957.1428571428573,-0.2692307692307693,Monsoon,0
2026-06-23,Tomato,78,Mysuru,Medium,Mysuru APMC,1700,1500,1600,Karnataka,Tomato,2026,6,1,1900.0,3400.0,2700.0,-0.1578947368421053,Monsoon,0
2026-06-24,Tomato,78,Mysuru,Medium,Mysuru APMC,1800,1600,1700,Karnataka,Tomato,2026,6,2,1600.0,3400.0,2457.1428571428573,0.0625,Monsoon,0
2026-06-25,Tomato,78,Mysuru,Medium,Mysuru APMC,1700,1500,1600,Karnataka,Tomato,2026,6,3,1700.0,3400.0,2200.0,-0.0588235294117647,Monsoon,0
2026-06-26,Tomato,78,Mysuru,Medium,Mysuru APMC,1700,1500,1600,Karnataka,Tomato,2026,6,4,1600.0,3100.0,1985.7142857142856,0.0,Monsoon,0
2026-06-29,Tomato,78,Mysuru,Medium,Mysuru APMC,1600,1400,1500,Karnataka,Tomato,2026,6,0,1600.0,2900.0,1785.7142857142858,-0.0625,Monsoon,0
2026-06-30,Tomato,78,Mysuru,Medium,Mysuru APMC,1600,1400,1500,Karnataka,Tomato,2026,6,1,1500.0,2600.0,1628.571428571429,0.0,Monsoon,0
2026-07-05,Tomato,78,Mysuru,Medium,Mysuru APMC,1600,1400,1500,Karnataka,Tomato,2026,7,6,1500.0,1900.0,1571.428571428571,0.0,Monsoon,0
2026-07-06,Tomato,78,Mysuru,Medium,Mysuru APMC,1500,1300,1400,Karnataka,Tomato,2026,7,0,1500.0,1600.0,1542.857142857143,-0.0666666666666666,Monsoon,0
2026-07-08,Tomato,78,Mysuru,Medium,Mysuru APMC,1300,1100,1200,Karnataka,Tomato,2026,7,2,1400.0,1700.0,1471.428571428571,-0.1428571428571429,Monsoon,0
2026-07-09,Tomato,78,Mysuru,Medium,Mysuru APMC,1100,900,1000,Karnataka,Tomato,2026,7,3,1200.0,1600.0,1385.7142857142858,-0.1666666666666666,Monsoon,0
2026-07-10,Tomato,78,Mysuru,Medium,Mysuru APMC,1100,900,1000,Karnataka,Tomato,2026,7,4,1000.0,1600.0,1300.0,0.0,Monsoon,0
2026-07-12,Tomato,78,Mysuru,Medium,Mysuru APMC,1300,1100,1200,Karnataka,Tomato,2026,7,6,1000.0,1500.0,1257.142857142857,0.1999999999999999,Monsoon,0
2026-07-14,Tomato,78,Mysuru,Medium,Mysuru APMC,1400,1200,1300,Karnataka,Tomato,2026,7,1,1200.0,1500.0,1228.571428571429,0.0833333333333332,Monsoon,0
2026-07-15,Tomato,78,Mysuru,Medium,Mysuru APMC,1500,1300,1400,Karnataka,Tomato,2026,7,2,1300.0,1500.0,1214.2857142857142,0.0769230769230768,Monsoon,0
2026-07-16,Tomato,78,Mysuru,Medium,Mysuru APMC,1500,1300,1400,Karnataka,Tomato,2026,7,3,1400.0,1400.0,1214.2857142857142,0.0,Monsoon,0
2026-07-17,Tomato,78,Mysuru,Medium,Mysuru APMC,1500,1300,1400,Karnataka,Tomato,2026,7,4,1400.0,1200.0,1242.857142857143,0.0,Monsoon,0
2026-07-19,Tomato,78,Mysuru,Medium,Mysuru APMC,1400,1200,1300,Karnataka,Tomato,2026,7,6,1400.0,1000.0,1285.7142857142858,-0.0714285714285714,Monsoon,0
2026-07-20,Tomato,78,Mysuru,Medium,Mysuru APMC,1000,800,900,Karnataka,Tomato,2026,7,0,1300.0,1000.0,1271.428571428571,-0.3076923076923077,Monsoon,0
2026-07-22,Tomato,78,Mysuru,Medium,Mysuru APMC,1000,800,900,Karnataka,Tomato,2026,7,2,900.0,1200.0,1228.571428571429,0.0,Monsoon,0
2026-07-24,Tomato,78,Mysuru,Medium,Mysuru APMC,700,500,600,Karnataka,Tomato,2026,7,4,900.0,1300.0,1128.571428571429,-0.3333333333333333,Monsoon,0
2026-07-26,Tomato,78,Mysuru,Medium,Mysuru APMC,1000,800,900,Karnataka,Tomato,2026,7,6,600.0,1400.0,1057.142857142857,0.5,Monsoon,0
2026-07-28,Tomato,78,Mysuru,Medium,Mysuru APMC,1000,800,900,Karnataka,Tomato,2026,7,1,900.0,1400.0,985.7142857142856,0.0,Monsoon,0
2026-07-29,Tomato,78,Mysuru,Medium,Mysuru APMC,800,600,700,Karnataka,Tomato,2026,7,2,900.0,1400.0,885.7142857142857,-0.2222222222222222,Monsoon,0
2026-07-30,Tomato,78,Mysuru,Medium,Mysuru APMC,800,600,700,Karnataka,Tomato,2026,7,3,700.0,1300.0,800.0,0.0,Monsoon,0
2026-07-31,Tomato,78,Mysuru,Medium,Mysuru APMC,800,600,700,Karnataka,Tomato,2026,7,4,700.0,900.0,771.4285714285714,0.0,Monsoon,0
2026-08-02,Tomato,78,Mysuru,Medium,Mysuru APMC,600,400,500,Karnataka,Tomato,2026,8,6,700.0,900.0,714.2857142857143,-0.2857142857142857,Monsoon,1
2026-08-03,Tomato,78,Mysuru,Medium,Mysuru APMC,600,400,500,Karnataka,Tomato,2026,8,0,500.0,600.0,700.0,0.0,Monsoon,1
2026-08-05,Tomato,78,Mysuru,Medium,Mysuru APMC,1000,800,900,Karnataka,Tomato,2026,8,2,500.0,900.0,700.0,0.8,Monsoon,0
2026-08-06,Tomato,78,Mysuru,Medium,Mysuru APMC,1000,800,900,Karnataka,Tomato,2026,8,3,900.0,900.0,700.0,0.0,Monsoon,0
2026-08-07,Tomato,78,Mysuru,Medium,Mysuru APMC,800,600,700,Karnataka,Tomato,2026,8,4,900.0,700.0,700.0,-0.2222222222222222,Monsoon,0
2026-04-02,Tomato,78,Mysuru,Local,Nanjangud APMC,2083,1515,1851,Karnataka,Hybrid,2026,4,3,1851.0,,1851.0,0.0,Summer,0
2026-04-04,Tomato,78,Mysuru,Local,Nanjangud APMC,2222,1111,1851,Karnataka,Tomato,2026,4,5,1851.0,,1851.0,0.0,Summer,0
2026-04-06,Tomato,78,Mysuru,Local,Nanjangud APMC,2083,1515,1851,Karnataka,Hybrid,2026,4,0,1851.0,,1851.0,0.0,Summer,0
2026-04-07,Tomato,78,Mysuru,Local,Nanjangud APMC,1515,1111,1200,Karnataka,Tomato,2026,4,1,1851.0,,1720.8,-0.3517017828200972,Summer,0
2026-04-08,Tomato,78,Mysuru,Local,Nanjangud APMC,1515,1111,1200,Karnataka,Tomato,2026,4,2,1200.0,,1634.0,0.0,Summer,0
2026-04-09,Tomato,78,Mysuru,Local,Nanjangud APMC,2083,1560,1851,Karnataka,Tomato,2026,4,3,1200.0,,1665.0,0.5425,Summer,0
2026-04-10,Tomato,78,Mysuru,Local,Nanjangud APMC,2777,2380,2564,Karnataka,Tomato,2026,4,4,1851.0,1851.0,1766.857142857143,0.3851971907077256,Summer,0
2026-04-13,Tomato,78,Mysuru,Local,Nanjangud APMC,2777,2380,2564,Karnataka,Tomato,2026,4,0,2564.0,1851.0,1868.7142857142856,0.0,Summer,0
2026-04-15,Tomato,78,Mysuru,Local,Nanjangud APMC,2777,2380,2564,Karnataka,Tomato,2026,4,2,2564.0,1851.0,1970.571428571429,0.0,Summer,0
2026-04-16,Tomato,78,Mysuru,Local,Nanjangud APMC,3333,2777,3030,Karnataka,Tomato,2026,4,3,2564.0,1851.0,2139.0,0.1817472698907956,Summer,0
2026-04-17,Tomato,78,Mysuru,Local,Nanjangud APMC,3333,2083,2777,Karnataka,Tomato,2026,4,4,3030.0,1200.0,2364.285714285714,-0.0834983498349835,Summer,0
2026-04-18,Tomato,78,Mysuru,Local,Nanjangud APMC,2777,2380,2564,Karnataka,Tomato,2026,4,5,2777.0,1200.0,2559.1428571428573,-0.0767014764133957,Summer,0
2026-04-21,Tomato,78,Mysuru,Local,Nanjangud APMC,5555,3700,3703,Karnataka,Tomato,2026,4,1,2564.0,1851.0,2823.714285714286,0.4442277691107643,Summer,0
2026-04-22,Tomato,78,Mysuru,Local,Nanjangud APMC,3333,3030,3030,Karnataka,Tomato,2026,4,2,3703.0,2564.0,2890.285714285714,-0.1817445314609775,Summer,0
2026-04-23,Tomato,78,Mysuru,Local,Nanjangud APMC,6666,3030,3703,Karnataka,Tomato,2026,4,3,3030.0,2564.0,3053.0,0.222112211221122,Summer,0
2026-04-24,Tomato,78,Mysuru,Local,Nanjangud APMC,6666,3030,3333,Karnataka,Tomato,2026,4,4,3703.0,2564.0,3162.8571428571427,-0.0999189846070753,Summer,0
2026-04-27,Tomato,78,Mysuru,Local,Nanjangud APMC,4166,3333,3700,Karnataka,Hybrid,2026,4,0,3333.0,3030.0,3258.5714285714284,0.1101110111011101,Summer,0
2026-04-28,Tomato,78,Mysuru,Local,Nanjangud APMC,6666,3700,3703,Karnataka,Tomato,2026,4,1,3700.0,2777.0,3390.8571428571427,0.0008108108108109,Summer,0
2026-04-29,Tomato,78,Mysuru,Local,Nanjangud APMC,6666,3700,3703,Karnataka,Tomato,2026,4,2,3703.0,2564.0,3553.5714285714284,0.0,Summer,0
2026-04-30,Tomato,78,Mysuru,Local,Nanjangud APMC,3333,2083,3030,Karnataka,Hybrid,2026,4,3,3703.0,3703.0,3457.428571428572,-0.1817445314609775,Summer,0
2026-05-02,Tomato,78,Mysuru,Local,Nanjangud APMC,5555,2564,4166,Karnataka,Tomato,2026,5,5,3030.0,3030.0,3619.714285714286,0.3749174917491749,Summer,0
2026-05-04,Tomato,78,Mysuru,Local,Nanjangud APMC,4166,2700,3703,Karnataka,Tomato,2026,5,0,4166.0,3703.0,3619.714285714286,-0.1111377820451272,Summer,0
2026-05-05,Tomato,78,Mysuru,Local,Nanjangud APMC,5555,3333,4166,Karnataka,Tomato,2026,5,1,3703.0,3333.0,3738.714285714286,0.1250337564137185,Summer,0
2026-05-06,Tomato,78,Mysuru,Local,Nanjangud APMC,4166,3333,3700,Karnataka,Tomato,2026,5,2,4166.0,3700.0,3738.714285714286,-0.1118578972635622,Summer,0
2026-05-07,Tomato,78,Mysuru,Local,Nanjangud APMC,3333,2777,3030,Karnataka,Hybrid,2026,5,3,3700.0,3703.0,3642.571428571429,-0.1810810810810811,Summer,0
2026-05-08,Tomato,78,Mysuru,Local,Nanjangud APMC,6666,3030,3703,Karnataka,Tomato,2026,5,4,3030.0,3703.0,3642.571428571429,0.222112211221122,Summer,0
2026-05-11,Tomato,78,Mysuru,Local,Nanjangud APMC,6666,3700,3703,Karnataka,Tomato,2026,5,0,3703.0,3030.0,3738.714285714286,0.0,Summer,0
2026-05-12,Tomato,78,Mysuru,Local,Nanjangud APMC,5555,3030,3703,Karnataka,Tomato,2026,5,1,3703.0,4166.0,3672.571428571429,0.0,Summer,0
2026-05-15,Tomato,78,Mysuru,Local,Nanjangud APMC,6666,3030,4166,Karnataka,Tomato,2026,5,4,3703.0,3703.0,3738.714285714286,0.1250337564137185,Summer,0
2026-05-16,Tomato,78,Mysuru,Local,Nanjangud APMC,6066,3700,4166,Karnataka,Hybrid,2026,5,5,4166.0,4166.0,3738.714285714286,0.0,Summer,0
2026-05-18,Tomato,78,Mysuru,Local,Nanjangud APMC,4666,3030,3703,Karnataka,Tomato,2026,5,0,4166.0,3700.0,3739.142857142857,-0.1111377820451272,Summer,0
2026-05-19,Tomato,78,Mysuru,Local,Nanjangud APMC,5555,3030,4166,Karnataka,Tomato,2026,5,1,3703.0,3030.0,3901.428571428572,0.1250337564137185,Summer,0
2026-05-21,Tomato,78,Mysuru,Local,Nanjangud APMC,6666,3030,4166,Karnataka,Tomato,2026,5,3,4166.0,3703.0,3967.571428571429,0.0,Summer,0
2026-05-22,Tomato,78,Mysuru,Local,Nanjangud APMC,6666,3700,4166,Karnataka,Tomato,2026,5,4,4166.0,3703.0,4033.714285714286,0.0,Summer,0
2026-05-25,Tomato,78,Mysuru,Local,Nanjangud APMC,6066,3333,4166,Karnataka,Hybrid,2026,5,0,4166.0,3703.0,4099.857142857143,0.0,Summer,0
2026-05-27,Tomato,78,Mysuru,Local,Nanjangud APMC,3706,3030,3333,Karnataka,Tomato,2026,5,2,4166.0,4166.0,3980.857142857143,-0.199951992318771,Summer,0
2026-05-30,Tomato,78,Mysuru,Local,Nanjangud APMC,4666,2380,3703,Karnataka,Tomato,2026,5,5,3333.0,4166.0,3914.714285714286,0.1110111011101109,Summer,0
2026-06-02,Tomato,78,Mysuru,Local,Nanjangud APMC,3333,2380,3030,Karnataka,Tomato,2026,6,1,3703.0,3703.0,3818.571428571429,-0.1817445314609775,Monsoon,0
2026-06-03,Tomato,78,Mysuru,Local,Nanjangud APMC,4666,2380,3030,Karnataka,Tomato,2026,6,2,3030.0,4166.0,3656.285714285714,0.0,Monsoon,0
2026-06-04,Tomato,78,Mysuru,Local,Nanjangud APMC,5555,3030,3703,Karnataka,Tomato,2026,6,3,3030.0,4166.0,3590.1428571428573,0.222112211221122,Monsoon,0
2026-06-05,Tomato,78,Mysuru,Local,Nanjangud APMC,4666,3030,3333,Karnataka,Tomato,2026,6,4,3703.0,4166.0,3471.1428571428573,-0.0999189846070753,Monsoon,0
2026-06-06,Tomato,78,Mysuru,Local,Nanjangud APMC,4666,3030,3333,Karnataka,Tomato,2026,6,5,3333.0,4166.0,3352.1428571428573,0.0,Monsoon,0
2026-06-11,Tomato,78,Mysuru,Local,Nanjangud APMC,4666,3030,3333,Karnataka,Tomato,2026,6,3,3333.0,3333.0,3352.1428571428573,0.0,Monsoon,0
2026-06-15,Tomato,78,Mysuru,Local,Nanjangud APMC,5555,3030,3703,Karnataka,Tomato,2026,6,0,3333.0,3703.0,3352.1428571428573,0.1110111011101109,Monsoon,0
2026-06-17,Tomato,78,Mysuru,Local,Nanjangud APMC,4666,3030,3333,Karnataka,Tomato,2026,6,2,3703.0,3030.0,3395.428571428572,-0.0999189846070753,Monsoon,0
2026-06-19,Tomato,78,Mysuru,Local,Nanjangud APMC,2777,2380,2564,Karnataka,Tomato,2026,6,4,3333.0,3030.0,3328.8571428571427,-0.2307230723072307,Monsoon,0
2026-06-20,Tomato,78,Mysuru,Local,Nanjangud APMC,5555,3030,4166,Karnataka,Tomato,2026,6,5,2564.0,3703.0,3395.0,0.6248049921996879,Monsoon,0
2026-06-22,Tomato,78,Mysuru,Local,Nanjangud APMC,6666,3700,4166,Karnataka,Tomato,2026,6,0,4166.0,3333.0,3514.0,0.0,Monsoon,0
2026-06-23,Tomato,78,Mysuru,Local,Nanjangud APMC,4666,3030,3333,Karnataka,Tomato,2026,6,1,4166.0,3333.0,3514.0,-0.199951992318771,Monsoon,0
2026-06-24,Tomato,78,Mysuru,Local,Nanjangud APMC,4666,3700,4166,Karnataka,Tomato,2026,6,2,3333.0,3333.0,3633.0,0.2499249924992499,Monsoon,0
2026-06-25,Tomato,78,Mysuru,Local,Nanjangud APMC,6666,3700,4166,Karnataka,Tomato,2026,6,3,4166.0,3703.0,3699.142857142857,0.0,Monsoon,0
2026-07-01,Tomato,78,Mysuru,Local,Nanjangud APMC,4666,3700,4166,Karnataka,Tomato,2026,7,2,4166.0,3333.0,3818.142857142857,0.0,Monsoon,0
2026-07-02,Tomato,78,Mysuru,Local,Nanjangud APMC,5555,3030,4166,Karnataka,Tomato,2026,7,3,4166.0,2564.0,4047.0,0.0,Monsoon,0
2026-07-03,Tomato,78,Mysuru,Local,Nanjangud APMC,6666,3700,4166,Karnataka,Tomato,2026,7,4,4166.0,4166.0,4047.0,0.0,Monsoon,0
2026-07-06,Tomato,78,Mysuru,Local,Nanjangud APMC,5555,3030,4166,Karnataka,Tomato,2026,7,0,4166.0,4166.0,4047.0,0.0,Monsoon,0
2026-07-07,Tomato,78,Mysuru,Local,Nanjangud APMC,6666,3700,4166,Karnataka,Tomato,2026,7,1,4166.0,3333.0,4166.0,0.0,Monsoon,0
2026-07-08,Tomato,78,Mysuru,Local,Nanjangud APMC,4666,3700,4166,Karnataka,Tomato,2026,7,2,4166.0,4166.0,4166.0,0.0,Monsoon,0
2026-07-09,Tomato,78,Mysuru,Local,Nanjangud APMC,4666,3030,3333,Karnataka,Tomato,2026,7,3,4166.0,4166.0,4047.0,-0.199951992318771,Monsoon,0
2026-07-10,Tomato,78,Mysuru,Local,Nanjangud APMC,4666,3700,4166,Karnataka,Tomato,2026,7,4,3333.0,4166.0,4047.0,0.2499249924992499,Monsoon,0
2026-07-13,Tomato,78,Mysuru,Local,Nanjangud APMC,4666,3700,4166,Karnataka,Tomato,2026,7,0,4166.0,4166.0,4047.0,0.0,Monsoon,0
2026-07-14,Tomato,78,Mysuru,Local,Nanjangud APMC,5555,3030,4166,Karnataka,Tomato,2026,7,1,4166.0,4166.0,4047.0,0.0,Monsoon,0
2026-07-15,Tomato,78,Mysuru,Local,Nanjangud APMC,6666,3700,4166,Karnataka,Tomato,2026,7,2,4166.0,4166.0,4047.0,0.0,Monsoon,0
2026-07-17,Tomato,78,Mysuru,Local,Nanjangud APMC,6666,3700,4166,Karnataka,Tomato,2026,7,4,4166.0,4166.0,4047.0,0.0,Monsoon,0
2026-07-18,Tomato,78,Mysuru,Local,Nanjangud APMC,4666,3700,4166,Karnataka,Tomato,2026,7,5,4166.0,4166.0,4047.0,0.0,Monsoon,0
2026-07-21,Tomato,78,Mysuru,Local,Nanjangud APMC,6666,3030,4166,Karnataka,Tomato,2026,7,1,4166.0,3333.0,4166.0,0.0,Monsoon,0
2026-07-23,Tomato,78,Mysuru,Local,Nanjangud APMC,5555,3030,4166,Karnataka,Tomato,2026,7,3,4166.0,4166.0,4166.0,0.0,Monsoon,0
2026-07-24,Tomato,78,Mysuru,Local,Nanjangud APMC,5555,3030,4166,Karnataka,Tomato,2026,7,4,4166.0,4166.0,4166.0,0.0,Monsoon,0
2026-07-27,Tomato,78,Mysuru,Local,Nanjangud APMC,6666,3700,4166,Karnataka,Tomato,2026,7,0,4166.0,4166.0,4166.0,0.0,Monsoon,0
2026-07-28,Tomato,78,Mysuru,Local,Nanjangud APMC,5555,3030,4166,Karnataka,Tomato,2026,7,1,4166.0,4166.0,4166.0,0.0,Monsoon,0
2026-07-29,Tomato,78,Mysuru,Local,Nanjangud APMC,6666,3030,4166,Karnataka,Tomato,2026,7,2,4166.0,4166.0,4166.0,0.0,Monsoon,0
2026-07-30,Tomato,78,Mysuru,Local,Nanjangud APMC,4666,3700,4166,Karnataka,Tomato,2026,7,3,4166.0,4166.0,4166.0,0.0,Monsoon,0
2026-07-31,Tomato,78,Mysuru,Local,Nanjangud APMC,6666,3700,4166,Karnataka,Tomato,2026,7,4,4166.0,4166.0,4166.0,0.0,Monsoon,0
2026-08-01,Tomato,78,Mysuru,Local,Nanjangud APMC,6666,3030,4166,Karnataka,Tomato,2026,8,5,4166.0,4166.0,4166.0,0.0,Monsoon,0
2026-08-03,Tomato,78,Mysuru,Local,Nanjangud APMC,6666,3700,4166,Karnataka,Tomato,2026,8,0,4166.0,4166.0,4166.0,0.0,Monsoon,0
2026-08-05,Tomato,78,Mysuru,Local,Nanjangud APMC,4166,3030,3703,Karnataka,Tomato,2026,8,2,4166.0,4166.0,4099.857142857143,-0.1111377820451272,Monsoon,0
2026-08-06,Tomato,78,Mysuru,Local,Nanjangud APMC,4666,3030,3703,Karnataka,Tomato,2026,8,3,3703.0,4166.0,4033.714285714286,0.0,Monsoon,0
2026-04-08,Tomato,78,Mysuru,Small,T. Narasipura APMC,2000,1000,2000,Karnataka,Hybrid,2026,4,2,2000.0,,2000.0,0.0,Summer,0
2026-04-13,Tomato,78,Mysuru,Small,T. Narasipura APMC,2000,1500,1500,Karnataka,Hybrid,2026,4,0,2000.0,,1833.3333333333333,-0.25,Summer,0
2026-04-16,Tomato,78,Mysuru,Small,T. Narasipura APMC,2000,1500,2000,Karnataka,Hybrid,2026,4,3,1500.0,,1875.0,0.3333333333333332,Summer,0
2022-03-15,Tomato,78,Nalgonda,FAQ,Venkateswarnagar,600,600,600,Telangana,Local,2022,3,1,600.0,,600.0,0.0,Summer,0
2022-03-16,Tomato,78,Nalgonda,FAQ,Venkateswarnagar,600,600,600,Telangana,Local,2022,3,2,600.0,,600.0,0.0,Summer,0
2022-03-20,Tomato,78,Nalgonda,FAQ,Venkateswarnagar,600,600,600,Telangana,Local,2022,3,6,600.0,,600.0,0.0,Summer,0
2022-03-24,Tomato,78,Nalgonda,FAQ,Venkateswarnagar,600,600,600,Telangana,Local,2022,3,3,600.0,,600.0,0.0,Summer,0
2022-03-27,Tomato,78,Nalgonda,FAQ,Venkateswarnagar,600,600,600,Telangana,Local,2022,3,6,600.0,,600.0,0.0,Summer,0
2022-03-29,Tomato,78,Nalgonda,FAQ,Venkateswarnagar,600,600,600,Telangana,Local,2022,3,1,600.0,,600.0,0.0,Summer,0
2022-04-05,Tomato,78,Nalgonda,FAQ,Venkateswarnagar,600,600,600,Telangana,Local,2022,4,1,600.0,600.0,600.0,0.0,Summer,0
2022-04-21,Tomato,78,Nalgonda,FAQ,Venkateswarnagar,400,400,400,Telangana,Local,2022,4,3,600.0,600.0,571.4285714285714,-0.3333333333333333,Summer,1
2022-05-03,Tomato,78,Nalgonda,FAQ,Venkateswarnagar,2500,2500,2500,Telangana,Local,2022,5,1,400.0,600.0,842.8571428571429,5.25,Summer,0
2022-05-07,Tomato,78,Nalgonda,FAQ,Venkateswarnagar,3000,3000,3000,Telangana,Local,2022,5,5,2500.0,600.0,1185.7142857142858,0.1999999999999999,Summer,0
2022-05-11,Tomato,78,Nalgonda,FAQ,Venkateswarnagar,2500,2500,2500,Telangana,Local,2022,5,2,3000.0,600.0,1457.142857142857,-0.1666666666666666,Summer,0
2022-06-08,Tomato,78,Nalgonda,FAQ,Venkateswarnagar,4000,4000,4000,Telangana,Local,2022,6,2,2500.0,600.0,1942.857142857143,0.6000000000000001,Monsoon,0
2022-06-09,Tomato,78,Nalgonda,FAQ,Venkateswarnagar,4000,4000,4000,Telangana,Local,2022,6,3,4000.0,600.0,2428.5714285714284,0.0,Monsoon,0
2022-06-10,Tomato,78,Nalgonda,FAQ,Venkateswarnagar,4000,4000,4000,Telangana,Local,2022,6,4,4000.0,600.0,2914.285714285714,0.0,Monsoon,0
2022-06-11,Tomato,78,Nalgonda,FAQ,Venkateswarnagar,4000,4000,4000,Telangana,Local,2022,6,5,4000.0,400.0,3428.5714285714284,0.0,Monsoon,0
2022-06-23,Tomato,78,Nalgonda,FAQ,Venkateswarnagar,3000,3000,3000,Telangana,Local,2022,6,3,4000.0,2500.0,3500.0,-0.25,Monsoon,0
2022-06-28,Tomato,78,Nalgonda,FAQ,Venkateswarnagar,2000,2000,2000,Telangana,Local,2022,6,1,3000.0,3000.0,3357.1428571428573,-0.3333333333333333,Monsoon,0
2022-07-01,Tomato,78,Nalgonda,FAQ,Venkateswarnagar,2000,2000,2000,Telangana,Local,2022,7,4,2000.0,2500.0,3285.714285714286,0.0,Monsoon,0
2022-07-09,Tomato,78,Nalgonda,FAQ,Venkateswarnagar,1500,1500,1500,Telangana,Local,2022,7,5,2000.0,4000.0,2928.5714285714284,-0.25,Monsoon,0
2022-07-12,Tomato,78,Nalgonda,FAQ,Venkateswarnagar,1500,1500,1500,Telangana,Local,2022,7,1,1500.0,4000.0,2571.428571428572,0.0,Monsoon,0
2022-07-20,Tomato,78,Nalgonda,FAQ,Venkateswarnagar,1500,1500,1500,Telangana,Local,2022,7,2,1500.0,4000.0,2214.285714285714,0.0,Monsoon,0
2022-08-25,Tomato,78,Nalgonda,FAQ,Venkateswarnagar,800,800,800,Telangana,Local,2022,8,3,1500.0,4000.0,1757.142857142857,-0.4666666666666667,Monsoon,1
2022-08-28,Tomato,78,Nalgonda,FAQ,Venkateswarnagar,1500,1500,1500,Telangana,Local,2022,8,6,800.0,3000.0,1542.857142857143,0.875,Monsoon,0
2022-09-03,Tomato,78,Nalgonda,FAQ,Venkateswarnagar,1500,1500,1500,Telangana,Local,2022,9,5,1500.0,2000.0,1471.428571428571,0.0,Monsoon,0
2022-09-13,Tomato,78,Nalgonda,FAQ,Venkateswarnagar,3000,3000,3000,Telangana,Local,2022,9,1,1500.0,2000.0,1614.2857142857142,1.0,Monsoon,0
2022-09-15,Tomato,78,Nalgonda,FAQ,Venkateswarnagar,2500,2500,2500,Telangana,Local,2022,9,3,3000.0,1500.0,1757.142857142857,-0.1666666666666666,Monsoon,0
2022-09-17,Tomato,78,Nalgonda,FAQ,Venkateswarnagar,2000,2000,2000,Telangana,Local,2022,9,5,2500.0,1500.0,1828.571428571429,-0.1999999999999999,Monsoon,0
2022-09-20,Tomato,78,Nalgonda,FAQ,Venkateswarnagar,1500,1500,1500,Telangana,Local,2022,9,1,2000.0,1500.0,1828.571428571429,-0.25,Monsoon,0
2022-09-24,Tomato,78,Nalgonda,FAQ,Venkateswarnagar,1200,1200,1200,Telangana,Local,2022,9,5,1500.0,800.0,1885.7142857142856,-0.1999999999999999,Monsoon,0
2022-10-14,Tomato,78,Nalgonda,FAQ,Venkateswarnagar,2000,2000,2000,Telangana,Local,2022,10,4,1200.0,1500.0,1957.142857142857,0.6666666666666667,PostMonsoon,0
2022-10-20,Tomato,78,Nalgonda,FAQ,Venkateswarnagar,2000,2000,2000,Telangana,Local,2022,10,3,2000.0,1500.0,2028.571428571429,0.0,PostMonsoon,0
2022-10-21,Tomato,78,Nalgonda,FAQ,Venkateswarnagar,2000,2000,2000,Telangana,Local,2022,10,4,2000.0,3000.0,1885.7142857142856,0.0,PostMonsoon,0
2022-10-30,Tomato,78,Nalgonda,FAQ,Venkateswarnagar,1500,1500,1500,Telangana,Local,2022,10,6,2000.0,2500.0,1742.857142857143,-0.25,PostMonsoon,0
2022-11-03,Tomato,78,Nalgonda,FAQ,Venkateswarnagar,1200,1200,1200,Telangana,Local,2022,11,3,1500.0,2000.0,1628.571428571429,-0.1999999999999999,PostMonsoon,0
2022-11-09,Tomato,78,Nalgonda,FAQ,Venkateswarnagar,1000,1000,1000,Telangana,Local,2022,11,2,1200.0,1500.0,1557.142857142857,-0.1666666666666666,PostMonsoon,0
2022-11-16,Tomato,78,Nalgonda,FAQ,Venkateswarnagar,600,600,600,Telangana,Local,2022,11,2,1000.0,1200.0,1471.428571428571,-0.4,PostMonsoon,0
2022-11-25,Tomato,78,Nalgonda,FAQ,Venkateswarnagar,1500,1500,1500,Telangana,Local,2022,11,4,600.0,2000.0,1400.0,1.5,PostMonsoon,0
2022-11-29,Tomato,78,Nalgonda,FAQ,Venkateswarnagar,500,500,500,Telangana,Local,2022,11,1,1500.0,2000.0,1185.7142857142858,-0.6666666666666667,PostMonsoon,1
2022-11-30,Tomato,78,Nalgonda,FAQ,Venkateswarnagar,600,600,600,Telangana,Local,2022,11,2,500.0,2000.0,985.7142857142856,0.1999999999999999,PostMonsoon,0
2022-12-01,Tomato,78,Nalgonda,FAQ,Venkateswarnagar,600,600,600,Telangana,Local,2022,12,3,600.0,1500.0,857.1428571428571,0.0,Winter,0
2022-12-02,Tomato,78,Nalgonda,FAQ,Venkateswarnagar,600,600,600,Telangana,Local,2022,12,4,600.0,1200.0,771.4285714285714,0.0,Winter,0
2022-12-04,Tomato,78,Nalgonda,FAQ,Venkateswarnagar,600,600,600,Telangana,Local,2022,12,6,600.0,1000.0,714.2857142857143,0.0,Winter,0
2022-12-14,Tomato,78,Nalgonda,FAQ,Venkateswarnagar,400,400,400,Telangana,Local,2022,12,2,600.0,600.0,685.7142857142857,-0.3333333333333333,Winter,1
2022-12-20,Tomato,78,Nalgonda,FAQ,Venkateswarnagar,400,400,400,Telangana,Local,2022,12,1,400.0,1500.0,528.5714285714286,0.0,Winter,1
2022-12-23,Tomato,78,Nalgonda,FAQ,Venkateswarnagar,600,600,600,Telangana,Local,2022,12,4,400.0,500.0,542.8571428571429,0.5,Winter,0
2024-10-10,Tomato,78,Warangal,FAQ,Warangal,4000,3500,3750,Telangana,Tomato,2024,10,3,4750.0,,4250.0,-0.2105263157894736,PostMonsoon,0
2024-10-27,Tomato,78,Warangal,FAQ,Warangal,3000,2500,2750,Telangana,Tomato,2024,10,6,3750.0,,3750.0,-0.2666666666666667,PostMonsoon,0
2024-10-31,Tomato,78,Warangal,FAQ,Warangal,3000,2500,2750,Telangana,Tomato,2024,10,3,2750.0,,3500.0,0.0,PostMonsoon,0
2024-11-03,Tomato,78,Warangal,FAQ,Warangal,3000,2500,2750,Telangana,Tomato,2024,11,6,2750.0,,3350.0,0.0,PostMonsoon,0
2024-11-11,Tomato,78,Warangal,FAQ,Warangal,2500,2000,2250,Telangana,Tomato,2024,11,0,2750.0,,3166.6666666666665,-0.1818181818181817,PostMonsoon,0
2024-11-12,Tomato,78,Warangal,FAQ,Warangal,3000,2500,2750,Telangana,Tomato,2024,11,1,2250.0,,3107.1428571428573,0.2222222222222223,PostMonsoon,0
2024-11-19,Tomato,78,Warangal,FAQ,Warangal,4000,3600,3800,Telangana,Tomato,2024,11,1,2750.0,4750.0,2971.428571428572,0.3818181818181818,PostMonsoon,0
2024-11-20,Tomato,78,Warangal,FAQ,Warangal,3000,2500,2750,Telangana,Tomato,2024,11,2,3800.0,3750.0,2828.5714285714284,-0.2763157894736842,PostMonsoon,0
2024-11-24,Tomato,78,Warangal,FAQ,Warangal,3500,3000,3250,Telangana,Tomato,2024,11,6,2750.0,2750.0,2900.0,0.1818181818181818,PostMonsoon,0
2024-11-25,Tomato,78,Warangal,FAQ,Warangal,3000,2500,2750,Telangana,Tomato,2024,11,0,3250.0,2750.0,2900.0,-0.1538461538461538,PostMonsoon,0
2024-12-17,Tomato,78,Warangal,FAQ,Warangal,1600,1200,1400,Telangana,Tomato,2024,12,1,2750.0,2750.0,2707.1428571428573,-0.4909090909090909,Winter,0
2024-12-19,Tomato,78,Warangal,FAQ,Warangal,2000,1600,1800,Telangana,Tomato,2024,12,3,1400.0,2250.0,2642.8571428571427,0.2857142857142858,Winter,0
2024-12-27,Tomato,78,Warangal,FAQ,Warangal,1400,1000,1200,Telangana,Tomato,2024,12,4,1800.0,2750.0,2421.428571428572,-0.3333333333333333,Winter,0
2024-12-31,Tomato,78,Warangal,FAQ,Warangal,1200,1000,1100,Telangana,Tomato,2024,12,1,1200.0,3800.0,2035.7142857142856,-0.0833333333333333,Winter,0
